  0
SECTION
  2
HEADER
  9
$ACADVER
  1
AC1021
  9
$ACADMAINTVER
 70
    50
  9
$DWGCODEPAGE
  3
ANSI_936
  9
$LASTSAVEDBY
  1
win10
  9
$INSBASE
 10
0.0
 20
0.0
 30
0.0
  9
$EXTMIN
 10
-3.083330976318947
 20
-68.55251785135624
 30
0.0
  9
$EXTMAX
 10
243.0101934157901
 20
119.8244141966261
 30
0.0
  9
$LIMMIN
 10
0.0
 20
0.0
  9
$LIMMAX
 10
420.0
 20
297.0
  9
$ORTHOMODE
 70
     0
  9
$REGENMODE
 70
     1
  9
$FILLMODE
 70
     1
  9
$QTEXTMODE
 70
     0
  9
$MIRRTEXT
 70
     0
  9
$LTSCALE
 40
1.0
  9
$ATTMODE
 70
     1
  9
$TEXTSIZE
 40
2.5
  9
$TRACEWID
 40
1.0
  9
$TEXTSTYLE
  7
Standard
  9
$CLAYER
  8
0
  9
$CELTYPE
  6
ByLayer
  9
$CECOLOR
 62
   256
  9
$CELTSCALE
 40
1.0
  9
$DISPSILH
 70
     0
  9
$DIMSCALE
 40
1.0
  9
$DIMASZ
 40
2.5
  9
$DIMEXO
 40
0.625
  9
$DIMDLI
 40
3.75
  9
$DIMRND
 40
0.0
  9
$DIMDLE
 40
0.0
  9
$DIMEXE
 40
1.25
  9
$DIMTP
 40
0.0
  9
$DIMTM
 40
0.0
  9
$DIMTXT
 40
2.5
  9
$DIMCEN
 40
2.5
  9
$DIMTSZ
 40
0.0
  9
$DIMTOL
 70
     0
  9
$DIMLIM
 70
     0
  9
$DIMTIH
 70
     0
  9
$DIMTOH
 70
     0
  9
$DIMSE1
 70
     0
  9
$DIMSE2
 70
     0
  9
$DIMTAD
 70
     1
  9
$DIMZIN
 70
     8
  9
$DIMBLK
  1

  9
$DIMASO
 70
     1
  9
$DIMSHO
 70
     1
  9
$DIMPOST
  1

  9
$DIMAPOST
  1

  9
$DIMALT
 70
     0
  9
$DIMALTD
 70
     3
  9
$DIMALTF
 40
0.03937007874016
  9
$DIMLFAC
 40
1.0
  9
$DIMTOFL
 70
     1
  9
$DIMTVP
 40
0.0
  9
$DIMTIX
 70
     0
  9
$DIMSOXD
 70
     0
  9
$DIMSAH
 70
     0
  9
$DIMBLK1
  1

  9
$DIMBLK2
  1

  9
$DIMSTYLE
  2
ISO-25
  9
$DIMCLRD
 70
     0
  9
$DIMCLRE
 70
     0
  9
$DIMCLRT
 70
     0
  9
$DIMTFAC
 40
1.0
  9
$DIMGAP
 40
0.625
  9
$DIMJUST
 70
     0
  9
$DIMSD1
 70
     0
  9
$DIMSD2
 70
     0
  9
$DIMTOLJ
 70
     0
  9
$DIMTZIN
 70
     8
  9
$DIMALTZ
 70
     0
  9
$DIMALTTZ
 70
     0
  9
$DIMUPT
 70
     0
  9
$DIMDEC
 70
     2
  9
$DIMTDEC
 70
     2
  9
$DIMALTU
 70
     2
  9
$DIMALTTD
 70
     3
  9
$DIMTXSTY
  7
Standard
  9
$DIMAUNIT
 70
     0
  9
$DIMADEC
 70
     0
  9
$DIMALTRND
 40
0.0
  9
$DIMAZIN
 70
     0
  9
$DIMDSEP
 70
    44
  9
$DIMATFIT
 70
     3
  9
$DIMFRAC
 70
     0
  9
$DIMLDRBLK
  1

  9
$DIMLUNIT
 70
     2
  9
$DIMLWD
 70
    -2
  9
$DIMLWE
 70
    -2
  9
$DIMTMOVE
 70
     0
  9
$DIMFXL
 40
1.0
  9
$DIMFXLON
 70
     0
  9
$DIMJOGANG
 40
0.7853981633974483
  9
$DIMTFILL
 70
     0
  9
$DIMTFILLCLR
 70
     0
  9
$DIMARCSYM
 70
     0
  9
$DIMLTYPE
  6

  9
$DIMLTEX1
  6

  9
$DIMLTEX2
  6

  9
$LUNITS
 70
     2
  9
$LUPREC
 70
     4
  9
$SKETCHINC
 40
1.0
  9
$FILLETRAD
 40
0.0
  9
$AUNITS
 70
     0
  9
$AUPREC
 70
     0
  9
$MENU
  1
.
  9
$ELEVATION
 40
0.0
  9
$PELEVATION
 40
0.0
  9
$THICKNESS
 40
0.0
  9
$LIMCHECK
 70
     0
  9
$CHAMFERA
 40
0.0
  9
$CHAMFERB
 40
0.0
  9
$CHAMFERC
 40
0.0
  9
$CHAMFERD
 40
0.0
  9
$SKPOLY
 70
     0
  9
$TDCREATE
 40
2458590.383113426
  9
$TDUCREATE
 40
2458590.049780092
  9
$TDUPDATE
 40
2458590.384224537
  9
$TDUUPDATE
 40
2458590.050891204
  9
$TDINDWG
 40
0.0011111111
  9
$TDUSRTIMER
 40
0.0011111111
  9
$USRTIMER
 70
     1
  9
$ANGBASE
 50
0.0
  9
$ANGDIR
 70
     0
  9
$PDMODE
 70
     0
  9
$PDSIZE
 40
0.0
  9
$PLINEWID
 40
0.0
  9
$SPLFRAME
 70
     0
  9
$SPLINETYPE
 70
     6
  9
$SPLINESEGS
 70
     8
  9
$HANDSEED
  5
2B8
  9
$SURFTAB1
 70
     6
  9
$SURFTAB2
 70
     6
  9
$SURFTYPE
 70
     6
  9
$SURFU
 70
     6
  9
$SURFV
 70
     6
  9
$UCSBASE
  2

  9
$UCSNAME
  2

  9
$UCSORG
 10
0.0
 20
0.0
 30
0.0
  9
$UCSXDIR
 10
1.0
 20
0.0
 30
0.0
  9
$UCSYDIR
 10
0.0
 20
1.0
 30
0.0
  9
$UCSORTHOREF
  2

  9
$UCSORTHOVIEW
 70
     0
  9
$UCSORGTOP
 10
0.0
 20
0.0
 30
0.0
  9
$UCSORGBOTTOM
 10
0.0
 20
0.0
 30
0.0
  9
$UCSORGLEFT
 10
0.0
 20
0.0
 30
0.0
  9
$UCSORGRIGHT
 10
0.0
 20
0.0
 30
0.0
  9
$UCSORGFRONT
 10
0.0
 20
0.0
 30
0.0
  9
$UCSORGBACK
 10
0.0
 20
0.0
 30
0.0
  9
$PUCSBASE
  2

  9
$PUCSNAME
  2

  9
$PUCSORG
 10
0.0
 20
0.0
 30
0.0
  9
$PUCSXDIR
 10
1.0
 20
0.0
 30
0.0
  9
$PUCSYDIR
 10
0.0
 20
1.0
 30
0.0
  9
$PUCSORTHOREF
  2

  9
$PUCSORTHOVIEW
 70
     0
  9
$PUCSORGTOP
 10
0.0
 20
0.0
 30
0.0
  9
$PUCSORGBOTTOM
 10
0.0
 20
0.0
 30
0.0
  9
$PUCSORGLEFT
 10
0.0
 20
0.0
 30
0.0
  9
$PUCSORGRIGHT
 10
0.0
 20
0.0
 30
0.0
  9
$PUCSORGFRONT
 10
0.0
 20
0.0
 30
0.0
  9
$PUCSORGBACK
 10
0.0
 20
0.0
 30
0.0
  9
$USERI1
 70
     0
  9
$USERI2
 70
     0
  9
$USERI3
 70
     0
  9
$USERI4
 70
     0
  9
$USERI5
 70
     0
  9
$USERR1
 40
0.0
  9
$USERR2
 40
0.0
  9
$USERR3
 40
0.0
  9
$USERR4
 40
0.0
  9
$USERR5
 40
0.0
  9
$WORLDVIEW
 70
     1
  9
$SHADEDGE
 70
     3
  9
$SHADEDIF
 70
    70
  9
$TILEMODE
 70
     1
  9
$MAXACTVP
 70
    64
  9
$PINSBASE
 10
0.0
 20
0.0
 30
0.0
  9
$PLIMCHECK
 70
     0
  9
$PEXTMIN
 10
0.0
 20
0.0
 30
0.0
  9
$PEXTMAX
 10
0.0
 20
0.0
 30
0.0
  9
$PLIMMIN
 10
0.0
 20
0.0
  9
$PLIMMAX
 10
12.0
 20
9.0
  9
$UNITMODE
 70
     0
  9
$VISRETAIN
 70
     1
  9
$PLINEGEN
 70
     0
  9
$PSLTSCALE
 70
     1
  9
$TREEDEPTH
 70
  3020
  9
$CMLSTYLE
  2
Standard
  9
$CMLJUST
 70
     0
  9
$CMLSCALE
 40
20.0
  9
$PROXYGRAPHICS
 70
     1
  9
$MEASUREMENT
 70
     1
  9
$CELWEIGHT
370
    -1
  9
$ENDCAPS
280
     0
  9
$JOINSTYLE
280
     0
  9
$LWDISPLAY
290
     0
  9
$INSUNITS
 70
     4
  9
$HYPERLINKBASE
  1

  9
$STYLESHEET
  1

  9
$XEDIT
290
     1
  9
$CEPSNTYPE
380
     0
  9
$PSTYLEMODE
290
     1
  9
$FINGERPRINTGUID
  2
{96A53CC7-ACDD-234C-B0F9-88300B14E85D}
  9
$VERSIONGUID
  2
{FDA5A254-6150-FA48-A4B8-168CBCE559AD}
  9
$EXTNAMES
290
     1
  9
$PSVPSCALE
 40
0.0
  9
$OLESTARTUP
290
     0
  9
$SORTENTS
280
   127
  9
$INDEXCTL
280
     0
  9
$HIDETEXT
280
     1
  9
$XCLIPFRAME
290
     0
  9
$HALOGAP
280
     0
  9
$OBSCOLOR
 70
   257
  9
$OBSLTYPE
280
     0
  9
$INTERSECTIONDISPLAY
280
     0
  9
$INTERSECTIONCOLOR
 70
   257
  9
$DIMASSOC
280
     2
  9
$PROJECTNAME
  1

  9
$CAMERADISPLAY
290
     0
  9
$LENSLENGTH
 40
50.0
  9
$CAMERAHEIGHT
 40
0.0
  9
$STEPSPERSEC
 40
2.0
  9
$STEPSIZE
 40
6.0
  9
$3DDWFPREC
 40
2.0
  9
$PSOLWIDTH
 40
5.0
  9
$PSOLHEIGHT
 40
80.0
  9
$LOFTANG1
 40
1.570796326794896
  9
$LOFTANG2
 40
1.570796326794896
  9
$LOFTMAG1
 40
0.0
  9
$LOFTMAG2
 40
0.0
  9
$LOFTPARAM
 70
     7
  9
$LOFTNORMALS
280
     1
  9
$LATITUDE
 40
37.795
  9
$LONGITUDE
 40
-122.394
  9
$NORTHDIRECTION
 40
0.0
  9
$TIMEZONE
 70
 -8000
  9
$LIGHTGLYPHDISPLAY
280
     1
  9
$TILEMODELIGHTSYNCH
280
     1
  9
$CMATERIAL
347
EC
  9
$SOLIDHIST
280
     0
  9
$SHOWHIST
280
     1
  9
$DWFFRAME
280
     2
  9
$DGNFRAME
280
     0
  9
$REALWORLDSCALE
290
     1
  9
$INTERFERECOLOR
 62
     1
  9
$INTERFEREOBJVS
345
F9
  9
$INTERFEREVPVS
346
F6
  9
$CSHADOW
280
     0
  9
$SHADOWPLANELOCATION
 40
0.0
  0
ENDSEC
  0
SECTION
  2
CLASSES
  0
CLASS
  1
ACDBDICTIONARYWDFLT
  2
AcDbDictionaryWithDefault
  3
ObjectDBX Classes
 90
        0
 91
        1
280
     0
281
     0
  0
CLASS
  1
DICTIONARYVAR
  2
AcDbDictionaryVar
  3
ObjectDBX Classes
 90
        0
 91
       12
280
     0
281
     0
  0
CLASS
  1
TABLESTYLE
  2
AcDbTableStyle
  3
ObjectDBX Classes
 90
     4095
 91
        1
280
     0
281
     0
  0
CLASS
  1
MATERIAL
  2
AcDbMaterial
  3
ObjectDBX Classes
 90
     1153
 91
        3
280
     0
281
     0
  0
CLASS
  1
VISUALSTYLE
  2
AcDbVisualStyle
  3
ObjectDBX Classes
 90
     4095
 91
       24
280
     0
281
     0
  0
CLASS
  1
SCALE
  2
AcDbScale
  3
ObjectDBX Classes
 90
     1153
 91
       17
280
     0
281
     0
  0
CLASS
  1
MLEADERSTYLE
  2
AcDbMLeaderStyle
  3
ACDB_MLEADERSTYLE_CLASS
 90
     4095
 91
        2
280
     0
281
     0
  0
CLASS
  1
CELLSTYLEMAP
  2
AcDbCellStyleMap
  3
ObjectDBX Classes
 90
     1152
 91
        1
280
     0
281
     0
  0
CLASS
  1
EXACXREFPANELOBJECT
  2
ExAcXREFPanelObject
  3
EXAC_ESW
 90
     1025
 91
        0
280
     0
281
     0
  0
CLASS
  1
NPOCOLLECTION
  2
AcDbImpNonPersistentObjectsCollection
  3
ObjectDBX Classes
 90
     1153
 91
        0
280
     0
281
     0
  0
CLASS
  1
LAYER_INDEX
  2
AcDbLayerIndex
  3
ObjectDBX Classes
 90
        0
 91
        0
280
     0
281
     0
  0
CLASS
  1
SPATIAL_INDEX
  2
AcDbSpatialIndex
  3
ObjectDBX Classes
 90
        0
 91
        0
280
     0
281
     0
  0
CLASS
  1
IDBUFFER
  2
AcDbIdBuffer
  3
ObjectDBX Classes
 90
        0
 91
        0
280
     0
281
     0
  0
CLASS
  1
ACDBSECTIONVIEWSTYLE
  2
AcDbSectionViewStyle
  3
ObjectDBX Classes
 90
     1025
 91
        1
280
     0
281
     0
  0
CLASS
  1
ACDBDETAILVIEWSTYLE
  2
AcDbDetailViewStyle
  3
ObjectDBX Classes
 90
     1025
 91
        1
280
     0
281
     0
  0
ENDSEC
  0
SECTION
  2
TABLES
  0
TABLE
  2
VPORT
  5
8
330
0
100
AcDbSymbolTable
 70
     1
  0
VPORT
  5
EA
330
8
100
AcDbSymbolTableRecord
100
AcDbViewportTableRecord
  2
*Active
 70
     0
 10
0.0
 20
0.0
 11
1.0
 21
1.0
 12
26.13531116233776
 22
8.376287332784158
 13
0.0
 23
0.0
 14
10.0
 24
10.0
 15
10.0
 25
10.0
 16
0.0
 26
0.0
 36
1.0
 17
0.0
 27
0.0
 37
0.0
 40
393.0272442228397
 41
2.104271356783919
 42
50.0
 43
0.0
 44
0.0
 50
0.0
 51
0.0
 71
     0
 72
  1000
 73
     1
 74
     3
 75
     0
 76
     1
 77
     0
 78
     0
281
     0
 65
     1
110
0.0
120
0.0
130
0.0
111
1.0
121
0.0
131
0.0
112
0.0
122
1.0
132
0.0
 79
     0
146
0.0
348
F5
 60
     3
 61
     5
292
     1
282
     1
141
0.0
142
0.0
 63
   250
421
  3355443
1001
ACAD_NAV_VCDISPLAY
1070
     3
  0
ENDTAB
  0
TABLE
  2
LTYPE
  5
5
330
0
100
AcDbSymbolTable
 70
     2
  0
LTYPE
  5
14
330
5
100
AcDbSymbolTableRecord
100
AcDbLinetypeTableRecord
  2
ByBlock
 70
     0
  3

 72
    65
 73
     0
 40
0.0
  0
LTYPE
  5
15
330
5
100
AcDbSymbolTableRecord
100
AcDbLinetypeTableRecord
  2
ByLayer
 70
     0
  3

 72
    65
 73
     0
 40
0.0
  0
LTYPE
  5
16
330
5
100
AcDbSymbolTableRecord
100
AcDbLinetypeTableRecord
  2
Continuous
 70
     0
  3
Solid line
 72
    65
 73
     0
 40
0.0
  0
ENDTAB
  0
TABLE
  2
LAYER
  5
2
102
{ACAD_XDICTIONARY
360
1FF
102
}
330
0
100
AcDbSymbolTable
 70
     1
0
LAYER
5
c0a
100
AcDbSymbolTableRecord
100
AcDbLayerTableRecord
2
TopLayer
70
0
420
16711680
6
Continuous
370
-3
390
F
347
21
0
LAYER
5
c0b
100
AcDbSymbolTableRecord
100
AcDbLayerTableRecord
2
BottomLayer
70
0
420
255
6
Continuous
370
-3
390
F
347
21
0
LAYER
5
c0c
100
AcDbSymbolTableRecord
100
AcDbLayerTableRecord
2
TopSilkLayer
70
0
420
16776960
6
Continuous
370
-3
390
F
347
21
0
LAYER
5
c0d
100
AcDbSymbolTableRecord
100
AcDbLayerTableRecord
2
TopPasteMaskLayer
70
0
420
8421504
6
Continuous
370
-3
390
F
347
21
0
LAYER
5
c0e
100
AcDbSymbolTableRecord
100
AcDbLayerTableRecord
2
TopSolderMaskLayer
70
0
420
8388736
6
Continuous
370
-3
390
F
347
21
0
LAYER
5
c0f
100
AcDbSymbolTableRecord
100
AcDbLayerTableRecord
2
BottomSolderMaskLayer
70
0
420
11141375
6
Continuous
370
-3
390
F
347
21
0
LAYER
5
c10
100
AcDbSymbolTableRecord
100
AcDbLayerTableRecord
2
BoardOutline
70
0
420
16711935
6
Continuous
370
-3
390
F
347
21
0
LAYER
5
c11
100
AcDbSymbolTableRecord
100
AcDbLayerTableRecord
2
Multi-Layer
70
0
420
12632256
6
Continuous
370
-3
390
F
347
21
0
LAYER
5
c12
100
AcDbSymbolTableRecord
100
AcDbLayerTableRecord
2
Document
70
0
420
16777215
6
Continuous
370
-3
390
F
347
21
0
LAYER
5
c13
100
AcDbSymbolTableRecord
100
AcDbLayerTableRecord
2
Hole
70
0
420
2236962
6
Continuous
370
-3
390
F
347
21
  0
LAYER
  5
10
102
{ACAD_XDICTIONARY
360
13C
102
}
330
2
100
AcDbSymbolTableRecord
100
AcDbLayerTableRecord
  2
0
 70
     0
 62
     7
  6
Continuous
370
    -3
390
F
347
EE
  0
ENDTAB
  0
TABLE
  2
STYLE
  5
3
330
0
100
AcDbSymbolTable
 70
     2
  0
STYLE
  5
11
330
3
100
AcDbSymbolTableRecord
100
AcDbTextStyleTableRecord
  2
Standard
 70
     0
 40
0.0
 41
1.0
 50
0.0
 71
     0
 42
2.5
  3
arial.ttf
  4

1001
ACAD
1000
Arial
1071
       34
  0
STYLE
  5
132
330
3
100
AcDbSymbolTableRecord
100
AcDbTextStyleTableRecord
  2
Annotative
 70
     0
 40
0.0
 41
1.0
 50
0.0
 71
     0
 42
2.5
  3
arial.ttf
  4

1001
AcadAnnotative
1000
AnnotativeData
1002
{
1070
     1
1070
     1
1002
}
1001
ACAD
1000
Arial
1071
       34
  0
ENDTAB
  0
TABLE
  2
VIEW
  5
6
330
0
100
AcDbSymbolTable
 70
     0
  0
ENDTAB
  0
TABLE
  2
UCS
  5
7
330
0
100
AcDbSymbolTable
 70
     0
  0
ENDTAB
  0
TABLE
  2
APPID
  5
9
330
0
100
AcDbSymbolTable
 70
     9
  0
APPID
  5
12
330
9
100
AcDbSymbolTableRecord
100
AcDbRegAppTableRecord
  2
ACAD
 70
     0
  0
APPID
  5
9E
330
9
100
AcDbSymbolTableRecord
100
AcDbRegAppTableRecord
  2
ACAD_PSEXT
 70
     0
  0
APPID
  5
133
330
9
100
AcDbSymbolTableRecord
100
AcDbRegAppTableRecord
  2
AcadAnnoPO
 70
     0
  0
APPID
  5
134
330
9
100
AcDbSymbolTableRecord
100
AcDbRegAppTableRecord
  2
AcadAnnotative
 70
     0
  0
APPID
  5
135
330
9
100
AcDbSymbolTableRecord
100
AcDbRegAppTableRecord
  2
ACAD_DSTYLE_DIMJAG
 70
     0
  0
APPID
  5
136
330
9
100
AcDbSymbolTableRecord
100
AcDbRegAppTableRecord
  2
ACAD_DSTYLE_DIMTALN
 70
     0
  0
APPID
  5
165
330
9
100
AcDbSymbolTableRecord
100
AcDbRegAppTableRecord
  2
ACAD_MLEADERVER
 70
     0
  0
APPID
  5
217
330
9
100
AcDbSymbolTableRecord
100
AcDbRegAppTableRecord
  2
ACAD_NAV_VCDISPLAY
 70
     0
  0
APPID
  5
26E
330
9
100
AcDbSymbolTableRecord
100
AcDbRegAppTableRecord
  2
ACAD_EXEMPT_FROM_CAD_STANDARDS
 70
     0
  0
ENDTAB
  0
TABLE
  2
DIMSTYLE
  5
A
330
0
100
AcDbSymbolTable
 70
     4
100
AcDbDimStyleTable
 71
     2
340
27
340
137
  0
DIMSTYLE
105
1B0
330
A
100
AcDbSymbolTableRecord
100
AcDbDimStyleTableRecord
  2
Standard
 70
     0
340
11
  0
DIMSTYLE
105
137
330
A
100
AcDbSymbolTableRecord
100
AcDbDimStyleTableRecord
  2
Annotative
 70
     0
 40
0.0
 41
2.5
 42
0.625
 43
3.75
 44
1.25
 73
     0
 74
     0
 77
     1
 78
     8
140
2.5
141
2.5
143
0.03937007874016
147
0.625
171
     3
172
     1
271
     2
272
     2
274
     3
278
    44
283
     0
284
     8
340
11
1001
AcadAnnotative
1000
AnnotativeData
1002
{
1070
     1
1070
     1
1002
}
1001
ACAD_DSTYLE_DIMJAG
1070
   388
1040
1.5
1001
ACAD_DSTYLE_DIMTALN
1070
   392
1070
     0
  0
DIMSTYLE
105
27
330
A
100
AcDbSymbolTableRecord
100
AcDbDimStyleTableRecord
  2
ISO-25
 70
     0
 41
2.5
 42
0.625
 43
3.75
 44
1.25
 73
     0
 74
     0
 77
     1
 78
     8
140
2.5
141
2.5
143
0.03937007874016
147
0.625
171
     3
172
     1
271
     2
272
     2
274
     3
278
    44
283
     0
284
     8
340
11
  0
ENDTAB
  0
TABLE
  2
BLOCK_RECORD
  5
1
330
0
100
AcDbSymbolTable
 70
     2
  0
BLOCK_RECORD
  5
1F
102
{ACAD_XDICTIONARY
360
1CE
102
}
330
1
100
AcDbSymbolTableRecord
100
AcDbBlockTableRecord
  2
*Model_Space
340
22
 70
     0
280
     1
281
     0
  0
BLOCK_RECORD
  5
D2
330
1
100
AcDbSymbolTableRecord
100
AcDbBlockTableRecord
  2
*Paper_Space
340
D3
 70
     0
280
     1
281
     0
  0
BLOCK_RECORD
  5
D6
330
1
100
AcDbSymbolTableRecord
100
AcDbBlockTableRecord
  2
*Paper_Space0
340
D7
 70
     0
280
     1
281
     0
  0
ENDTAB
  0
ENDSEC
  0
SECTION
  2
BLOCKS
  0
BLOCK
  5
20
330
1F
100
AcDbEntity
  8
0
100
AcDbBlockBegin
  2
*Model_Space
 70
     0
 10
0.0
 20
0.0
 30
0.0
  3
*Model_Space
  1

  0
ENDBLK
  5
21
330
1F
100
AcDbEntity
  8
0
100
AcDbBlockEnd
  0
BLOCK
  5
D4
330
D2
100
AcDbEntity
 67
     1
  8
0
100
AcDbBlockBegin
  2
*Paper_Space
 70
     0
 10
0.0
 20
0.0
 30
0.0
  3
*Paper_Space
  1

  0
ENDBLK
  5
D5
330
D2
100
AcDbEntity
 67
     1
  8
0
100
AcDbBlockEnd
  0
BLOCK
  5
D8
330
D6
100
AcDbEntity
 67
     1
  8
0
100
AcDbBlockBegin
  2
*Paper_Space0
 70
     0
 10
0.0
 20
0.0
 30
0.0
  3
*Paper_Space0
  1

  0
ENDBLK
  5
D9
330
D6
100
AcDbEntity
 67
     1
  8
0
100
AcDbBlockEnd
  0
ENDSEC
  0
SECTION
  2
ENTITIES
  0
LWPOLYLINE
  5
3e8
330
1F
100
AcDbEntity
  8
BottomLayer
100
AcDbPolyline
 90
2
 70
 0
 43
0.25400050800101603 
 10
90.67818135636273
 20
79.95935991871985
 10
94.08356616713235
 20
76.55397510795022
 10
96.95097790195582
 20
76.55397510795022
  0
LWPOLYLINE
  5
3e9
330
1F
100
AcDbEntity
  8
BottomLayer
100
AcDbPolyline
 90
2
 70
 0
 43
0.25400050800101603 
 10
83.05816611633225
 20
79.95935991871985
 10
86.83261366522734
 20
76.18491236982474
 10
91.18516637033275
 20
76.18491236982474
  0
LWPOLYLINE
  5
3ea
330
1F
100
AcDbEntity
  8
BottomLayer
100
AcDbPolyline
 90
1
 70
 0
 43
0.25400050800101603 
 10
67.81813563627128
 20
79.95935991871985
 10
67.81813563627128
 20
81.08432816865634
  0
LWPOLYLINE
  5
3eb
330
1F
100
AcDbEntity
  8
BottomLayer
100
AcDbPolyline
 90
5
 70
 0
 43
0.25400050800101603 
 10
67.81813563627128
 20
81.08432816865634
 10
68.09931419862842
 20
81.08432816865634
 10
94.48818897637797
 20
107.4732029464059
 10
94.48818897637797
 20
108.13538227076455
 10
99.1231902463805
 20
112.77038354076709
 10
101.04165608331218
 20
112.77038354076709
  0
LWPOLYLINE
  5
3ec
330
1F
100
AcDbEntity
  8
BottomLayer
100
AcDbPolyline
 90
1
 70
 0
 43
0.25400050800101603 
 10
90.57658115316232
 20
137.8206756413513
 10
90.57658115316232
 20
136.46456692913387
  0
LWPOLYLINE
  5
3ed
330
1F
100
AcDbEntity
  8
BottomLayer
100
AcDbPolyline
 90
2
 70
 0
 43
0.25400050800101603 
 10
102.61645923291847
 20
136.23291846583697
 10
90.80822961645924
 20
136.23291846583697
 10
90.57658115316232
 20
136.46456692913387
  0
LWPOLYLINE
  5
3ee
330
1F
100
AcDbEntity
  8
BottomLayer
100
AcDbPolyline
 90
1
 70
 0
 43
0.25400050800101603 
 10
90.57658115316232
 20
136.46456692913387
 10
74.57454914909832
 20
136.46456692913387
  0
LWPOLYLINE
  5
3ef
330
1F
100
AcDbEntity
  8
BottomLayer
100
AcDbPolyline
 90
4
 70
 0
 43
0.25400050800101603 
 10
70.35814071628144
 20
79.95935991871985
 10
97.02819405638813
 20
106.62941325882653
 10
97.02819405638813
 20
108.17526035052072
 10
100.82575565151132
 20
111.9728219456439
 10
103.58140716281434
 20
111.9728219456439
  0
LWPOLYLINE
  5
3f0
330
1F
100
AcDbEntity
  8
BottomLayer
100
AcDbPolyline
 90
2
 70
 0
 43
0.25400050800101603 
 10
77.97815595631192
 20
107.747015494031
 10
102.38354076708154
 20
132.15240030480064
 10
120.3962407924816
 20
132.15240030480064
  0
LWPOLYLINE
  5
3f1
330
1F
100
AcDbEntity
  8
BottomLayer
100
AcDbPolyline
 90
1
 70
 0
 43
0.25400050800101603 
 10
67.81813563627128
 20
107.747015494031
 10
67.81813563627128
 20
106.6220472440945
  0
LWPOLYLINE
  5
3f2
330
1F
100
AcDbEntity
  8
BottomLayer
100
AcDbPolyline
 90
1
 70
 0
 43
0.25400050800101603 
 10
67.81813563627128
 20
106.6220472440945
 10
76.3261366522733
 20
106.6220472440945
  0
LWPOLYLINE
  5
3f3
330
1F
100
AcDbEntity
  8
BottomLayer
100
AcDbPolyline
 90
3
 70
 0
 43
0.25400050800101603 
 10
72.8981457962916
 20
79.95935991871985
 10
74.11607823215648
 20
81.17729235458472
 10
88.6202692405385
 20
81.17729235458472
 10
89.40817881635765
 20
80.38938277876557
  0
LWPOLYLINE
  5
3f4
330
1F
100
AcDbEntity
  8
BottomLayer
100
AcDbPolyline
 90
2
 70
 0
 43
0.25400050800101603 
 10
89.40817881635765
 20
80.38938277876557
 10
90.05892811785625
 20
81.04013208026417
 10
95.05003810007621
 20
81.04013208026417
  0
LWPOLYLINE
  5
3f5
330
1F
100
AcDbEntity
  8
BottomLayer
100
AcDbPolyline
 90
2
 70
 0
 43
0.41998983997968 
 10
93.11658623317248
 20
137.8206756413513
 10
101.996443992888
 20
137.8206756413513
 10
106.1216662433325
 20
133.6954533909068
  0
LWPOLYLINE
  5
3f6
330
1F
100
AcDbEntity
  8
BottomLayer
100
AcDbPolyline
 90
2
 70
 0
 43
0.41998983997968 
 10
118.77673355346712
 20
133.85877571755145
 10
106.28498856997716
 20
133.85877571755145
 10
106.1216662433325
 20
133.6954533909068
  0
LWPOLYLINE
  5
3f7
330
1F
100
AcDbEntity
  8
BottomLayer
100
AcDbPolyline
 90
3
 70
 0
 43
0.25400050800101603 
 10
80.51816103632208
 20
79.95935991871985
 10
84.9204978409957
 20
75.55702311404625
 10
105.49047498094997
 20
75.55702311404625
 10
105.81737363474728
 20
75.88392176784355
  0
LWPOLYLINE
  5
3f8
330
1F
100
AcDbEntity
  8
BottomLayer
100
AcDbPolyline
 90
2
 70
 0
 43
0.25400050800101603 
 10
77.97815595631192
 20
79.95935991871985
 10
83.5740411480823
 20
74.36347472694946
 10
103.69494538989079
 20
74.36347472694946
  0
LWPOLYLINE
  5
3f9
330
1F
100
AcDbEntity
  8
BottomLayer
100
AcDbPolyline
 90
2
 70
 0
 43
0.25400050800101603 
 10
103.69494538989079
 20
74.36347472694946
 10
107.2197104394209
 20
70.83870967741936
 10
110.54076708153418
 20
70.83870967741936
  0
LWPOLYLINE
  5
3fa
330
1F
100
AcDbEntity
  8
BottomLayer
100
AcDbPolyline
 90
2
 70
 0
 43
0.25400050800101603 
 10
118.02641605283212
 20
72.89636779273559
 10
102.3759207518415
 20
88.54686309372619
 10
79.82169164338329
 20
88.54686309372619
  0
LWPOLYLINE
  5
3fb
330
1F
100
AcDbEntity
  8
BottomLayer
100
AcDbPolyline
 90
2
 70
 0
 43
0.25400050800101603 
 10
71.88214376428753
 20
56.43891287782576
 10
61.16332232664466
 20
67.15773431546863
 10
60.248920497841
 20
67.15773431546863
  0
LWPOLYLINE
  5
3fc
330
1F
100
AcDbEntity
  8
BottomLayer
100
AcDbPolyline
 90
2
 70
 0
 43
0.25400050800101603 
 10
62.83972567945137
 20
137.8206756413513
 10
62.83972567945137
 20
139.0906781813564
 10
59.94411988823978
 20
141.98628397256797
  0
LWPOLYLINE
  5
3fd
330
1F
100
AcDbEntity
  8
BottomLayer
100
AcDbPolyline
 90
1
 70
 0
 43
0.25400050800101603 
 10
85.496570993142
 20
137.8206756413513
 10
62.83972567945137
 20
137.8206756413513
  0
LWPOLYLINE
  5
3fe
330
1F
100
AcDbEntity
  8
BottomLayer
100
AcDbPolyline
 90
1
 70
 0
 43
0.25400050800101603 
 10
62.83972567945137
 20
137.8206756413513
 10
60.75692151384303
 20
135.73787147574296
  0
LWPOLYLINE
  5
3ff
330
1F
100
AcDbEntity
  8
BottomLayer
100
AcDbPolyline
 90
2
 70
 0
 43
0.25400050800101603 
 10
75.43815087630176
 20
107.747015494031
 10
100.43611887223776
 20
132.74498348996698
 10
122.93649987299976
 20
132.74498348996698
  0
LWPOLYLINE
  5
400
330
1F
100
AcDbEntity
  8
BoardOutline
100
AcDbPolyline
 90
6
 70
 0
 43
0.25400050800101603 
 10
57.65811531623064
 20
144.32308864617733
 10
59.994919989839985
 20
144.3738887477775
 10
61.925323850647715
 20
144.42468884937773
 10
136.75387350774702
 20
144.2214884429769
 10
137.05867411734826
 20
54.20294640589282
 10
57.86106172212345
 20
54.20294640589282
 10
57.70891541783084
 20
144.42468884937773
  0
LWPOLYLINE
  5
401
330
1F
100
AcDbEntity
  8
TopLayer
100
AcDbPolyline
 90
2
 70
 0
 43
0.41998983997968 
 10
116.56489712979428
 20
69.66217932435866
 10
116.56489712979428
 20
67.13589027178055
 10
117.75412750825504
 20
65.94665989331979
  0
LWPOLYLINE
  5
402
330
1F
100
AcDbEntity
  8
TopLayer
100
AcDbPolyline
 90
1
 70
 0
 43
0.41998983997968 
 10
119.02463804927612
 20
65.94665989331979
 10
117.75412750825504
 20
65.94665989331979
  0
LWPOLYLINE
  5
403
330
1F
100
AcDbEntity
  8
TopLayer
100
AcDbPolyline
 90
2
 70
 0
 43
0.41998983997968 
 10
119.40081280162562
 20
69.46812293624588
 10
119.40081280162562
 20
67.64338328676658
 10
119.02463804927612
 20
67.26720853441708
  0
LWPOLYLINE
  5
404
330
1F
100
AcDbEntity
  8
TopLayer
100
AcDbPolyline
 90
1
 70
 0
 43
0.41998983997968 
 10
120.09144018288039
 20
69.46812293624588
 10
119.40081280162562
 20
69.46812293624588
  0
LWPOLYLINE
  5
405
330
1F
100
AcDbEntity
  8
TopLayer
100
AcDbPolyline
 90
1
 70
 0
 43
0.41998983997968 
 10
119.02463804927612
 20
65.94665989331979
 10
119.02463804927612
 20
67.26720853441708
  0
LWPOLYLINE
  5
406
330
1F
100
AcDbEntity
  8
TopLayer
100
AcDbPolyline
 90
2
 70
 0
 43
0.41998983997968 
 10
113.96037592075184
 20
76.38811277622557
 10
116.60477520955043
 20
76.38811277622557
 10
116.9451358902718
 20
76.0477520955042
  0
LWPOLYLINE
  5
407
330
1F
100
AcDbEntity
  8
TopLayer
100
AcDbPolyline
 90
1
 70
 0
 43
0.41998983997968 
 10
117.76581153162309
 20
76.0477520955042
 10
117.35560071120143
 20
76.0477520955042
  0
LWPOLYLINE
  5
408
330
1F
100
AcDbEntity
  8
TopLayer
100
AcDbPolyline
 90
1
 70
 0
 43
0.41998983997968 
 10
117.35560071120143
 20
76.0477520955042
 10
116.9451358902718
 20
76.0477520955042
  0
LWPOLYLINE
  5
409
330
1F
100
AcDbEntity
  8
TopLayer
100
AcDbPolyline
 90
2
 70
 0
 43
0.41998983997968 
 10
117.35560071120143
 20
76.0477520955042
 10
117.6957073914148
 20
75.70764541529084
 10
117.6957073914148
 20
74.16332232664466
  0
LWPOLYLINE
  5
40a
330
1F
100
AcDbEntity
  8
TopLayer
100
AcDbPolyline
 90
1
 70
 0
 43
0.41998983997968 
 10
115.66624333248667
 20
69.66217932435866
 10
116.56489712979428
 20
69.66217932435866
  0
LWPOLYLINE
  5
40b
330
1F
100
AcDbEntity
  8
TopLayer
100
AcDbPolyline
 90
1
 70
 0
 43
0.41998983997968 
 10
115.66624333248667
 20
69.66217932435866
 10
115.54483108966218
 20
69.66217932435866
  0
LWPOLYLINE
  5
40c
330
1F
100
AcDbEntity
  8
TopLayer
100
AcDbPolyline
 90
2
 70
 0
 43
0.41998983997968 
 10
114.52476504953012
 20
69.66217932435866
 10
113.00482600965202
 20
71.18211836423674
 10
113.00482600965202
 20
76.38811277622557
  0
LWPOLYLINE
  5
40d
330
1F
100
AcDbEntity
  8
TopLayer
100
AcDbPolyline
 90
1
 70
 0
 43
0.41998983997968 
 10
115.54483108966218
 20
69.66217932435866
 10
114.52476504953012
 20
69.66217932435866
  0
LWPOLYLINE
  5
40e
330
1F
100
AcDbEntity
  8
TopLayer
100
AcDbPolyline
 90
1
 70
 0
 43
0.41998983997968 
 10
113.96037592075184
 20
76.38811277622557
 10
113.00482600965202
 20
76.38811277622557
  0
LWPOLYLINE
  5
40f
330
1F
100
AcDbEntity
  8
TopLayer
100
AcDbPolyline
 90
2
 70
 0
 43
0.41998983997968 
 10
123.31623063246127
 20
64.61772923545848
 10
123.31623063246127
 20
61.513081026162055
 10
123.27914655829314
 20
61.47599695199391
  0
LWPOLYLINE
  5
410
330
1F
100
AcDbEntity
  8
TopLayer
100
AcDbPolyline
 90
1
 70
 0
 43
0.41998983997968 
 10
123.27914655829314
 20
60.655321310642634
 10
123.27914655829314
 20
61.47599695199391
  0
LWPOLYLINE
  5
411
330
1F
100
AcDbEntity
  8
TopLayer
100
AcDbPolyline
 90
2
 70
 0
 43
0.25400050800101603 
 10
92.28524257048515
 20
69.58902717805437
 10
92.28524257048515
 20
78.35229870459742
 10
90.67818135636273
 20
79.95935991871985
  0
LWPOLYLINE
  5
412
330
1F
100
AcDbEntity
  8
TopLayer
100
AcDbPolyline
 90
1
 70
 0
 43
0.25400050800101603 
 10
96.95097790195582
 20
75.79375158750318
 10
96.95097790195582
 20
76.4013208026416
  0
LWPOLYLINE
  5
413
330
1F
100
AcDbEntity
  8
TopLayer
100
AcDbPolyline
 90
1
 70
 0
 43
0.25400050800101603 
 10
96.95097790195582
 20
76.4013208026416
 10
96.95097790195582
 20
76.55397510795022
  0
LWPOLYLINE
  5
414
330
1F
100
AcDbEntity
  8
TopLayer
100
AcDbPolyline
 90
1
 70
 0
 43
0.25400050800101603 
 10
91.18516637033275
 20
69.58902717805437
 10
91.18516637033275
 20
76.18491236982474
  0
LWPOLYLINE
  5
415
330
1F
100
AcDbEntity
  8
TopLayer
100
AcDbPolyline
 90
1
 70
 0
 43
0.41998983997968 
 10
105.46075692151386
 20
61.037084074168156
 10
105.46075692151386
 20
57.61645923291848
  0
LWPOLYLINE
  5
416
330
1F
100
AcDbEntity
  8
TopLayer
100
AcDbPolyline
 90
5
 70
 0
 43
0.41998983997968 
 10
105.46075692151386
 20
57.61645923291848
 10
113.91567183134367
 20
57.61645923291848
 10
114.0949961899924
 20
57.795783591567194
 10
114.0949961899924
 20
58.5478790957582
 10
117.10871221742445
 20
61.56159512319025
 10
119.02463804927612
 20
61.56159512319025
  0
LWPOLYLINE
  5
417
330
1F
100
AcDbEntity
  8
TopLayer
100
AcDbPolyline
 90
2
 70
 0
 43
0.41998983997968 
 10
120.2954025908052
 20
61.56159512319025
 10
120.2954025908052
 20
61.11658623317248
 10
120.75666751333503
 20
60.655321310642634
  0
LWPOLYLINE
  5
418
330
1F
100
AcDbEntity
  8
TopLayer
100
AcDbPolyline
 90
1
 70
 0
 43
0.41998983997968 
 10
121.57734315468632
 20
60.655321310642634
 10
120.75666751333503
 20
60.655321310642634
  0
LWPOLYLINE
  5
419
330
1F
100
AcDbEntity
  8
TopLayer
100
AcDbPolyline
 90
1
 70
 0
 43
0.41998983997968 
 10
119.02463804927612
 20
61.56159512319025
 10
120.2954025908052
 20
61.56159512319025
  0
LWPOLYLINE
  5
41a
330
1F
100
AcDbEntity
  8
TopLayer
100
AcDbPolyline
 90
2
 70
 0
 43
0.25400050800101603 
 10
116.6957073914148
 20
73.56337312674627
 10
116.6957073914148
 20
71.11506223012448
 10
117.19862839725681
 20
70.61214122428245
  0
LWPOLYLINE
  5
41b
330
1F
100
AcDbEntity
  8
TopLayer
100
AcDbPolyline
 90
1
 70
 0
 43
0.25400050800101603 
 10
117.66725933451868
 20
70.61214122428245
 10
117.19862839725681
 20
70.61214122428245
  0
LWPOLYLINE
  5
41c
330
1F
100
AcDbEntity
  8
TopLayer
100
AcDbPolyline
 90
1
 70
 0
 43
0.25400050800101603 
 10
117.66725933451868
 20
70.61214122428245
 10
118.13563627127256
 20
70.61214122428245
  0
LWPOLYLINE
  5
41d
330
1F
100
AcDbEntity
  8
TopLayer
100
AcDbPolyline
 90
2
 70
 0
 43
0.25400050800101603 
 10
118.13563627127256
 20
70.61214122428245
 10
119.20548641097284
 20
70.61214122428245
 10
119.48387096774195
 20
70.33375666751334
  0
LWPOLYLINE
  5
41e
330
1F
100
AcDbEntity
  8
TopLayer
100
AcDbPolyline
 90
1
 70
 0
 43
0.25400050800101603 
 10
120.09144018288039
 20
70.33375666751334
 10
119.48387096774195
 20
70.33375666751334
  0
LWPOLYLINE
  5
41f
330
1F
100
AcDbEntity
  8
TopLayer
100
AcDbPolyline
 90
2
 70
 0
 43
0.25400050800101603 
 10
114.60782321564645
 20
71.56210312420626
 10
114.57886715773432
 20
71.59105918211837
 10
114.1478282956566
 20
71.59105918211837
  0
LWPOLYLINE
  5
420
330
1F
100
AcDbEntity
  8
TopLayer
100
AcDbPolyline
 90
1
 70
 0
 43
0.25400050800101603 
 10
115.54483108966218
 20
71.56210312420626
 10
114.60782321564645
 20
71.56210312420626
  0
LWPOLYLINE
  5
421
330
1F
100
AcDbEntity
  8
TopLayer
100
AcDbPolyline
 90
1
 70
 0
 43
0.25400050800101603 
 10
114.1478282956566
 20
72.21132842265685
 10
114.1478282956566
 20
71.59105918211837
  0
LWPOLYLINE
  5
422
330
1F
100
AcDbEntity
  8
TopLayer
100
AcDbPolyline
 90
4
 70
 0
 43
0.25400050800101603 
 10
93.21818643637289
 20
107.747015494031
 10
81.9258318516637
 20
96.45466090932183
 10
81.9258318516637
 20
79.35763271526544
 10
84.58521717043435
 20
76.6982473964948
 10
84.58521717043435
 20
69.58902717805437
  0
LWPOLYLINE
  5
423
330
1F
100
AcDbEntity
  8
TopLayer
100
AcDbPolyline
 90
2
 70
 0
 43
0.25400050800101603 
 10
124.23063246126495
 20
71.42494284988571
 10
124.23063246126495
 20
70.31369062738126
 10
124.39192278384559
 20
70.15240030480062
  0
LWPOLYLINE
  5
424
330
1F
100
AcDbEntity
  8
TopLayer
100
AcDbPolyline
 90
1
 70
 0
 43
0.25400050800101603 
 10
124.39192278384559
 20
69.18973837947676
 10
124.39192278384559
 20
70.15240030480062
  0
LWPOLYLINE
  5
425
330
1F
100
AcDbEntity
  8
TopLayer
100
AcDbPolyline
 90
2
 70
 0
 43
0.25400050800101603 
 10
88.13817627635257
 20
79.95935991871985
 10
88.98526797053594
 20
79.11226822453645
 10
88.98526797053594
 20
69.58902717805437
  0
LWPOLYLINE
  5
426
330
1F
100
AcDbEntity
  8
TopLayer
100
AcDbPolyline
 90
2
 70
 0
 43
0.41998983997968 
 10
96.749809499619
 20
110.23622047244096
 10
96.749809499619
 20
113.45110490220982
 10
96.75666751333503
 20
113.45796291592585
  0
LWPOLYLINE
  5
427
330
1F
100
AcDbEntity
  8
TopLayer
100
AcDbPolyline
 90
1
 70
 0
 43
0.41998983997968 
 10
96.75666751333503
 20
114.50342900685803
 10
96.75666751333503
 20
113.45796291592585
  0
LWPOLYLINE
  5
428
330
1F
100
AcDbEntity
  8
TopLayer
100
AcDbPolyline
 90
2
 70
 0
 43
0.25400050800101603 
 10
100.83820167640337
 20
79.95935991871985
 10
100.83820167640337
 20
100.5963931927864
 10
115.50139700279402
 20
115.25958851917704
  0
LWPOLYLINE
  5
429
330
1F
100
AcDbEntity
  8
TopLayer
100
AcDbPolyline
 90
1
 70
 0
 43
0.25400050800101603 
 10
115.50139700279402
 20
116.3469646939294
 10
115.50139700279402
 20
115.25958851917704
  0
LWPOLYLINE
  5
42a
330
1F
100
AcDbEntity
  8
TopLayer
100
AcDbPolyline
 90
2
 70
 0
 43
0.25400050800101603 
 10
90.67818135636273
 20
107.747015494031
 10
93.16738633477269
 20
110.23622047244096
 10
95.88417576835154
 20
110.23622047244096
  0
LWPOLYLINE
  5
42b
330
1F
100
AcDbEntity
  8
TopLayer
100
AcDbPolyline
 90
2
 70
 0
 43
0.41998983997968 
 10
114.1478282956566
 20
73.78054356108713
 10
113.96037592075184
 20
73.96799593599188
 10
113.96037592075184
 20
74.48818897637796
  0
LWPOLYLINE
  5
42c
330
1F
100
AcDbEntity
  8
TopLayer
100
AcDbPolyline
 90
1
 70
 0
 43
0.41998983997968 
 10
114.1478282956566
 20
73.07696215392431
 10
114.1478282956566
 20
73.78054356108713
  0
LWPOLYLINE
  5
42d
330
1F
100
AcDbEntity
  8
TopLayer
100
AcDbPolyline
 90
5
 70
 0
 43
0.25400050800101603 
 10
95.75819151638305
 20
107.747015494031
 10
97.4495808991618
 20
106.05562611125224
 10
103.4737109474219
 20
106.05562611125224
 10
112.87782575565151
 20
115.45974091948186
 10
112.87782575565151
 20
116.42265684531371
 10
117.55168910337822
 20
121.0965201930404
  0
LWPOLYLINE
  5
42e
330
1F
100
AcDbEntity
  8
TopLayer
100
AcDbPolyline
 90
1
 70
 0
 43
0.25400050800101603 
 10
117.55168910337822
 20
124.43408686817375
 10
117.55168910337822
 20
121.0965201930404
  0
LWPOLYLINE
  5
42f
330
1F
100
AcDbEntity
  8
TopLayer
100
AcDbPolyline
 90
1
 70
 0
 43
0.25400050800101603 
 10
106.42646685293371
 20
137.7945135890272
 10
106.42646685293371
 20
141.13208026416052
  0
LWPOLYLINE
  5
430
330
1F
100
AcDbEntity
  8
TopLayer
100
AcDbPolyline
 90
2
 70
 0
 43
0.25400050800101603 
 10
77.11430022860047
 20
143.4704089408179
 10
82.38684277368556
 20
143.4704089408179
 10
88.03657607315216
 20
137.8206756413513
  0
LWPOLYLINE
  5
431
330
1F
100
AcDbEntity
  8
TopLayer
100
AcDbPolyline
 90
1
 70
 0
 43
0.25400050800101603 
 10
77.11430022860047
 20
140.13284226568453
 10
77.11430022860047
 20
143.4704089408179
  0
LWPOLYLINE
  5
432
330
1F
100
AcDbEntity
  8
TopLayer
100
AcDbPolyline
 90
1
 70
 0
 43
0.25400050800101603 
 10
106.42646685293371
 20
141.13208026416052
 10
97.80416560833123
 20
141.13208026416052
  0
LWPOLYLINE
  5
433
330
1F
100
AcDbEntity
  8
TopLayer
100
AcDbPolyline
 90
4
 70
 0
 43
0.25400050800101603 
 10
88.03657607315216
 20
137.8206756413513
 10
92.8981457962916
 20
142.68224536449074
 10
96.64185928371857
 20
142.68224536449074
 10
97.80416560833123
 20
141.5199390398781
 10
97.80416560833123
 20
141.13208026416052
  0
LWPOLYLINE
  5
434
330
1F
100
AcDbEntity
  8
TopLayer
100
AcDbPolyline
 90
4
 70
 0
 43
0.25400050800101603 
 10
97.80416560833123
 20
141.13208026416052
 10
97.80416560833123
 20
130.7995935991872
 10
99.43230886461774
 20
129.1714503429007
 10
99.43230886461774
 20
108.88112776225555
 10
98.29819659639321
 20
107.747015494031
  0
LWPOLYLINE
  5
435
330
1F
100
AcDbEntity
  8
TopLayer
100
AcDbPolyline
 90
3
 70
 0
 43
0.25400050800101603 
 10
98.80619761239524
 20
134.45694691389383
 10
100.62915925831854
 20
132.63398526797053
 10
100.62915925831854
 20
128.18415036830075
 10
101.04165608331218
 20
127.7716535433071
  0
LWPOLYLINE
  5
436
330
1F
100
AcDbEntity
  8
TopLayer
100
AcDbPolyline
 90
1
 70
 0
 43
0.25400050800101603 
 10
98.80619761239524
 20
137.7945135890272
 10
98.80619761239524
 20
134.45694691389383
  0
LWPOLYLINE
  5
437
330
1F
100
AcDbEntity
  8
TopLayer
100
AcDbPolyline
 90
1
 70
 0
 43
0.25400050800101603 
 10
101.04165608331218
 20
126.10287020574043
 10
101.04165608331218
 20
127.7716535433071
  0
LWPOLYLINE
  5
438
330
1F
100
AcDbEntity
  8
TopLayer
100
AcDbPolyline
 90
1
 70
 0
 43
0.25400050800101603 
 10
101.04165608331218
 20
126.10287020574043
 10
101.04165608331218
 20
124.43408686817375
  0
LWPOLYLINE
  5
439
330
1F
100
AcDbEntity
  8
TopLayer
100
AcDbPolyline
 90
1
 70
 0
 43
0.25400050800101603 
 10
101.04165608331218
 20
124.43408686817375
 10
101.04165608331218
 20
112.77038354076709
  0
LWPOLYLINE
  5
43a
330
1F
100
AcDbEntity
  8
TopLayer
100
AcDbPolyline
 90
1
 70
 0
 43
0.25400050800101603 
 10
96.95097790195582
 20
74.62534925069852
 10
96.95097790195582
 20
75.23291846583695
  0
LWPOLYLINE
  5
43b
330
1F
100
AcDbEntity
  8
TopLayer
100
AcDbPolyline
 90
1
 70
 0
 43
0.25400050800101603 
 10
85.5981711963424
 20
79.95935991871985
 10
86.05359410718823
 20
79.50393700787403
  0
LWPOLYLINE
  5
43c
330
1F
100
AcDbEntity
  8
TopLayer
100
AcDbPolyline
 90
2
 70
 0
 43
0.25400050800101603 
 10
86.05359410718823
 20
79.50393700787403
 10
86.78511557023116
 20
78.7724155448311
 10
86.78511557023116
 20
69.58902717805437
  0
LWPOLYLINE
  5
43d
330
1F
100
AcDbEntity
  8
TopLayer
100
AcDbPolyline
 90
6
 70
 0
 43
0.25400050800101603 
 10
86.05359410718823
 20
79.50393700787403
 10
87.67640335280672
 20
81.12674625349253
 10
93.61112522225046
 20
81.12674625349253
 10
94.48818897637797
 20
80.24968249936501
 10
94.48818897637797
 20
77.20853441706885
 10
96.46380492760987
 20
75.23291846583695
 10
96.95097790195582
 20
75.23291846583695
  0
LWPOLYLINE
  5
43e
330
1F
100
AcDbEntity
  8
TopLayer
100
AcDbPolyline
 90
1
 70
 0
 43
0.25400050800101603 
 10
103.88620777241556
 20
137.7945135890272
 10
103.88620777241556
 20
134.45694691389383
  0
LWPOLYLINE
  5
43f
330
1F
100
AcDbEntity
  8
TopLayer
100
AcDbPolyline
 90
3
 70
 0
 43
0.25400050800101603 
 10
103.88620777241556
 20
134.45694691389383
 10
103.1717043434087
 20
134.45694691389383
 10
102.61645923291847
 20
135.01219202438406
 10
102.61645923291847
 20
136.23291846583697
  0
LWPOLYLINE
  5
440
330
1F
100
AcDbEntity
  8
TopLayer
100
AcDbPolyline
 90
3
 70
 0
 43
0.25400050800101603 
 10
100.83820167640337
 20
107.747015494031
 10
104.51231902463806
 20
111.4211328422657
 10
104.51231902463806
 20
133.83083566167136
 10
103.88620777241556
 20
134.45694691389383
  0
LWPOLYLINE
  5
441
330
1F
100
AcDbEntity
  8
TopLayer
100
AcDbPolyline
 90
1
 70
 0
 43
0.25400050800101603 
 10
74.57454914909832
 20
140.13284226568453
 10
74.57454914909832
 20
136.7952755905512
  0
LWPOLYLINE
  5
442
330
1F
100
AcDbEntity
  8
TopLayer
100
AcDbPolyline
 90
1
 70
 0
 43
0.25400050800101603 
 10
74.57454914909832
 20
136.7952755905512
 10
74.57454914909832
 20
136.46456692913387
  0
LWPOLYLINE
  5
443
330
1F
100
AcDbEntity
  8
TopLayer
100
AcDbPolyline
 90
2
 70
 0
 43
0.25400050800101603 
 10
101.34645669291339
 20
137.7945135890272
 10
101.34645669291339
 20
130.00660401320803
 10
103.58140716281434
 20
127.7716535433071
  0
LWPOLYLINE
  5
444
330
1F
100
AcDbEntity
  8
TopLayer
100
AcDbPolyline
 90
1
 70
 0
 43
0.25400050800101603 
 10
103.58140716281434
 20
124.43408686817375
 10
103.58140716281434
 20
127.7716535433071
  0
LWPOLYLINE
  5
445
330
1F
100
AcDbEntity
  8
TopLayer
100
AcDbPolyline
 90
1
 70
 0
 43
0.25400050800101603 
 10
103.58140716281434
 20
124.43408686817375
 10
103.58140716281434
 20
111.9728219456439
  0
LWPOLYLINE
  5
446
330
1F
100
AcDbEntity
  8
TopLayer
100
AcDbPolyline
 90
2
 70
 0
 43
0.25400050800101603 
 10
77.97815595631192
 20
107.747015494031
 10
77.97815595631192
 20
102.99415798831599
 10
77.95377190754382
 20
102.96977393954789
  0
LWPOLYLINE
  5
447
330
1F
100
AcDbEntity
  8
TopLayer
100
AcDbPolyline
 90
1
 70
 0
 43
0.25400050800101603 
 10
77.95377190754382
 20
102.36220472440947
 10
77.95377190754382
 20
102.96977393954789
  0
LWPOLYLINE
  5
448
330
1F
100
AcDbEntity
  8
TopLayer
100
AcDbPolyline
 90
1
 70
 0
 43
0.25400050800101603 
 10
120.3962407924816
 20
137.8453136906274
 10
120.3962407924816
 20
132.15240030480064
  0
LWPOLYLINE
  5
449
330
1F
100
AcDbEntity
  8
TopLayer
100
AcDbPolyline
 90
2
 70
 0
 43
0.25400050800101603 
 10
103.52501905003811
 20
69.67818135636271
 10
103.95529591059183
 20
69.24790449580901
 10
103.95529591059183
 20
68.52933705867413
  0
LWPOLYLINE
  5
44a
330
1F
100
AcDbEntity
  8
TopLayer
100
AcDbPolyline
 90
1
 70
 0
 43
0.25400050800101603 
 10
104.8966217932436
 20
68.52933705867413
 10
103.95529591059183
 20
68.52933705867413
  0
LWPOLYLINE
  5
44b
330
1F
100
AcDbEntity
  8
TopLayer
100
AcDbPolyline
 90
1
 70
 0
 43
0.25400050800101603 
 10
103.52501905003811
 20
70.86614173228347
 10
103.52501905003811
 20
70.2722885445771
  0
LWPOLYLINE
  5
44c
330
1F
100
AcDbEntity
  8
TopLayer
100
AcDbPolyline
 90
1
 70
 0
 43
0.25400050800101603 
 10
103.52501905003811
 20
70.2722885445771
 10
103.52501905003811
 20
69.67818135636271
  0
LWPOLYLINE
  5
44d
330
1F
100
AcDbEntity
  8
TopLayer
100
AcDbPolyline
 90
2
 70
 0
 43
0.25400050800101603 
 10
97.90297180594362
 20
73.93980187960376
 10
97.89458978917959
 20
73.93980187960376
 10
97.81661163322327
 20
74.01778003556008
  0
LWPOLYLINE
  5
44e
330
1F
100
AcDbEntity
  8
TopLayer
100
AcDbPolyline
 90
1
 70
 0
 43
0.25400050800101603 
 10
97.81661163322327
 20
74.62534925069852
 10
97.81661163322327
 20
74.01778003556008
  0
LWPOLYLINE
  5
44f
330
1F
100
AcDbEntity
  8
TopLayer
100
AcDbPolyline
 90
1
 70
 0
 43
0.25400050800101603 
 10
97.90297180594362
 20
73.54610109220219
 10
97.90297180594362
 20
73.93980187960376
  0
LWPOLYLINE
  5
450
330
1F
100
AcDbEntity
  8
TopLayer
100
AcDbPolyline
 90
1
 70
 0
 43
0.25400050800101603 
 10
97.90297180594362
 20
73.54610109220219
 10
97.90297180594362
 20
73.15214630429261
  0
LWPOLYLINE
  5
451
330
1F
100
AcDbEntity
  8
TopLayer
100
AcDbPolyline
 90
2
 70
 0
 43
0.25400050800101603 
 10
72.8981457962916
 20
79.95935991871985
 10
72.8981457962916
 20
101.54203708407418
 10
67.81813563627128
 20
106.6220472440945
  0
LWPOLYLINE
  5
452
330
1F
100
AcDbEntity
  8
TopLayer
100
AcDbPolyline
 90
1
 70
 0
 43
0.25400050800101603 
 10
67.81813563627128
 20
107.747015494031
 10
67.81813563627128
 20
106.6220472440945
  0
LWPOLYLINE
  5
453
330
1F
100
AcDbEntity
  8
TopLayer
100
AcDbPolyline
 90
3
 70
 0
 43
0.25400050800101603 
 10
103.52501905003811
 20
70.2722885445771
 10
103.03911607823217
 20
70.75819151638304
 10
103.03911607823217
 20
77.26492252984507
 10
103.40817881635765
 20
77.63398526797054
  0
LWPOLYLINE
  5
454
330
1F
100
AcDbEntity
  8
TopLayer
100
AcDbPolyline
 90
1
 70
 0
 43
0.25400050800101603 
 10
103.40817881635765
 20
77.63398526797054
 10
103.69494538989079
 20
77.63398526797054
  0
LWPOLYLINE
  5
455
330
1F
100
AcDbEntity
  8
TopLayer
100
AcDbPolyline
 90
1
 70
 0
 43
0.25400050800101603 
 10
97.81661163322327
 20
74.62534925069852
 10
97.81661163322327
 20
75.79375158750318
  0
LWPOLYLINE
  5
456
330
1F
100
AcDbEntity
  8
TopLayer
100
AcDbPolyline
 90
5
 70
 0
 43
0.25400050800101603 
 10
120.09144018288039
 20
124.43408686817375
 10
120.09144018288039
 20
116.16687833375669
 10
117.77495554991111
 20
113.85039370078741
 10
117.77495554991111
 20
97.57988315976634
 10
102.24993649987302
 20
82.05486410972823
 10
102.24993649987302
 20
78.79222758445518
  0
LWPOLYLINE
  5
457
330
1F
100
AcDbEntity
  8
TopLayer
100
AcDbPolyline
 90
1
 70
 0
 43
0.25400050800101603 
 10
102.24993649987302
 20
78.79222758445518
 10
103.40817881635765
 20
77.63398526797054
  0
LWPOLYLINE
  5
458
330
1F
100
AcDbEntity
  8
TopLayer
100
AcDbPolyline
 90
1
 70
 0
 43
0.25400050800101603 
 10
97.81661163322327
 20
75.79375158750318
 10
97.81661163322327
 20
76.4013208026416
  0
LWPOLYLINE
  5
459
330
1F
100
AcDbEntity
  8
TopLayer
100
AcDbPolyline
 90
2
 70
 0
 43
0.25400050800101603 
 10
104.80060960121922
 20
74.73456946913895
 10
104.23876047752096
 20
75.2964185928372
 10
104.1950723901448
 20
75.2964185928372
  0
LWPOLYLINE
  5
45a
330
1F
100
AcDbEntity
  8
TopLayer
100
AcDbPolyline
 90
1
 70
 0
 43
0.25400050800101603 
 10
104.80060960121922
 20
74.00203200406402
 10
104.80060960121922
 20
74.73456946913895
  0
LWPOLYLINE
  5
45b
330
1F
100
AcDbEntity
  8
TopLayer
100
AcDbPolyline
 90
1
 70
 0
 43
0.25400050800101603 
 10
104.1950723901448
 20
75.59029718059436
 10
104.1950723901448
 20
75.2964185928372
  0
LWPOLYLINE
  5
45c
330
1F
100
AcDbEntity
  8
TopLayer
100
AcDbPolyline
 90
1
 70
 0
 43
0.25400050800101603 
 10
104.1950723901448
 20
75.59029718059436
 10
104.1950723901448
 20
75.88392176784355
  0
LWPOLYLINE
  5
45d
330
1F
100
AcDbEntity
  8
TopLayer
100
AcDbPolyline
 90
1
 70
 0
 43
0.25400050800101603 
 10
104.1950723901448
 20
75.88392176784355
 10
104.1950723901448
 20
77.63398526797054
  0
LWPOLYLINE
  5
45e
330
1F
100
AcDbEntity
  8
TopLayer
100
AcDbPolyline
 90
1
 70
 0
 43
0.25400050800101603 
 10
104.1950723901448
 20
78.2214884429769
 10
103.69494538989079
 20
78.2214884429769
  0
LWPOLYLINE
  5
45f
330
1F
100
AcDbEntity
  8
TopLayer
100
AcDbPolyline
 90
1
 70
 0
 43
0.25400050800101603 
 10
104.1950723901448
 20
77.63398526797054
 10
104.1950723901448
 20
78.2214884429769
  0
LWPOLYLINE
  5
460
330
1F
100
AcDbEntity
  8
TopLayer
100
AcDbPolyline
 90
1
 70
 0
 43
0.25400050800101603 
 10
103.69494538989079
 20
77.63398526797054
 10
103.69494538989079
 20
78.2214884429769
  0
LWPOLYLINE
  5
461
330
1F
100
AcDbEntity
  8
TopLayer
100
AcDbPolyline
 90
1
 70
 0
 43
0.25400050800101603 
 10
97.90297180594362
 20
73.15214630429261
 10
97.90297180594362
 20
71.42494284988571
  0
LWPOLYLINE
  5
462
330
1F
100
AcDbEntity
  8
TopLayer
100
AcDbPolyline
 90
1
 70
 0
 43
0.25400050800101603 
 10
90.08534417068836
 20
69.58902717805437
 10
90.08534417068836
 20
70.57658115316232
  0
LWPOLYLINE
  5
463
330
1F
100
AcDbEntity
  8
TopLayer
100
AcDbPolyline
 90
1
 70
 0
 43
0.25400050800101603 
 10
77.08813817627636
 20
102.36220472440947
 10
76.46786893573787
 20
102.36220472440947
  0
LWPOLYLINE
  5
464
330
1F
100
AcDbEntity
  8
TopLayer
100
AcDbPolyline
 90
3
 70
 0
 43
0.25400050800101603 
 10
117.85648971297944
 20
137.8453136906274
 10
117.85648971297944
 20
132.46888493776987
 10
120.09144018288039
 20
130.23393446786895
 10
120.09144018288039
 20
124.43408686817375
  0
LWPOLYLINE
  5
465
330
1F
100
AcDbEntity
  8
TopLayer
100
AcDbPolyline
 90
2
 70
 0
 43
0.25400050800101603 
 10
89.40817881635765
 20
80.38938277876557
 10
89.40817881635765
 20
71.25374650749302
 10
90.08534417068836
 20
70.57658115316232
  0
LWPOLYLINE
  5
466
330
1F
100
AcDbEntity
  8
TopLayer
100
AcDbPolyline
 90
2
 70
 0
 43
0.25400050800101603 
 10
76.46786893573787
 20
102.36220472440947
 10
76.3261366522733
 20
102.50393700787403
 10
76.3261366522733
 20
106.6220472440945
  0
LWPOLYLINE
  5
467
330
1F
100
AcDbEntity
  8
TopLayer
100
AcDbPolyline
 90
4
 70
 0
 43
0.25400050800101603 
 10
98.75615951231903
 20
77.79959359918722
 10
97.21412242824488
 20
79.34163068326137
 10
97.21412242824488
 20
80.17627635255272
 10
96.35026670053342
 20
81.04013208026417
 10
95.05003810007621
 20
81.04013208026417
  0
LWPOLYLINE
  5
468
330
1F
100
AcDbEntity
  8
TopLayer
100
AcDbPolyline
 90
2
 70
 0
 43
0.25400050800101603 
 10
102.24993649987302
 20
78.79222758445518
 10
99.74879349758702
 20
78.79222758445518
 10
98.75615951231903
 20
77.79959359918722
  0
LWPOLYLINE
  5
469
330
1F
100
AcDbEntity
  8
TopLayer
100
AcDbPolyline
 90
2
 70
 0
 43
0.25400050800101603 
 10
98.75615951231903
 20
77.79959359918722
 10
97.81661163322327
 20
76.86004572009145
 10
97.81661163322327
 20
76.4013208026416
  0
LWPOLYLINE
  5
46a
330
1F
100
AcDbEntity
  8
TopLayer
100
AcDbPolyline
 90
2
 70
 0
 43
0.41998983997968 
 10
103.37820675641352
 20
79.95935991871985
 10
106.01371602743207
 20
79.95935991871985
 10
110.53492506985015
 20
75.43815087630176
  0
LWPOLYLINE
  5
46b
330
1F
100
AcDbEntity
  8
TopLayer
100
AcDbPolyline
 90
2
 70
 0
 43
0.41998983997968 
 10
94.65659131318264
 20
117.98679197358396
 10
95.246634493269
 20
117.98679197358396
 10
95.31216662433327
 20
118.05232410464822
  0
LWPOLYLINE
  5
46c
330
1F
100
AcDbEntity
  8
TopLayer
100
AcDbPolyline
 90
1
 70
 0
 43
0.41998983997968 
 10
94.65659131318264
 20
116.89103378206758
 10
94.65659131318264
 20
117.98679197358396
  0
LWPOLYLINE
  5
46d
330
1F
100
AcDbEntity
  8
TopLayer
100
AcDbPolyline
 90
1
 70
 0
 43
0.41998983997968 
 10
95.31216662433327
 20
118.48768097536197
 10
95.31216662433327
 20
118.05232410464822
  0
LWPOLYLINE
  5
46e
330
1F
100
AcDbEntity
  8
TopLayer
100
AcDbPolyline
 90
1
 70
 0
 43
0.41998983997968 
 10
95.31216662433327
 20
118.48768097536197
 10
95.31216662433327
 20
118.9230378460757
  0
LWPOLYLINE
  5
46f
330
1F
100
AcDbEntity
  8
TopLayer
100
AcDbPolyline
 90
5
 70
 0
 43
0.41998983997968 
 10
94.49149098298197
 20
118.9230378460757
 10
94.13919227838456
 20
119.27533655067312
 10
94.13919227838456
 20
129.40970281940565
 10
94.3208026416053
 20
129.59131318262638
 10
94.3208026416053
 20
136.6164592329185
 10
93.11658623317248
 20
137.8206756413513
  0
LWPOLYLINE
  5
470
330
1F
100
AcDbEntity
  8
TopLayer
100
AcDbPolyline
 90
1
 70
 0
 43
0.41998983997968 
 10
95.31216662433327
 20
118.9230378460757
 10
94.49149098298197
 20
118.9230378460757
  0
LWPOLYLINE
  5
471
330
1F
100
AcDbEntity
  8
TopLayer
100
AcDbPolyline
 90
3
 70
 0
 43
0.41998983997968 
 10
72.03429006858015
 20
136.71221742443487
 10
73.62052324104648
 20
135.1259842519685
 10
90.4218948437897
 20
135.1259842519685
 10
93.11658623317248
 20
137.8206756413513
  0
LWPOLYLINE
  5
472
330
1F
100
AcDbEntity
  8
TopLayer
100
AcDbPolyline
 90
1
 70
 0
 43
0.41998983997968 
 10
72.03429006858015
 20
140.13284226568453
 10
72.03429006858015
 20
136.71221742443487
  0
LWPOLYLINE
  5
473
330
1F
100
AcDbEntity
  8
TopLayer
100
AcDbPolyline
 90
1
 70
 0
 43
0.41998983997968 
 10
111.49047498094997
 20
75.43815087630176
 10
111.01270002540006
 20
75.43815087630176
  0
LWPOLYLINE
  5
474
330
1F
100
AcDbEntity
  8
TopLayer
100
AcDbPolyline
 90
1
 70
 0
 43
0.41998983997968 
 10
111.01270002540006
 20
75.43815087630176
 10
110.53492506985015
 20
75.43815087630176
  0
LWPOLYLINE
  5
475
330
1F
100
AcDbEntity
  8
TopLayer
100
AcDbPolyline
 90
1
 70
 0
 43
0.41998983997968 
 10
125.09626619253241
 20
71.42494284988571
 10
125.09626619253241
 20
72.11557023114047
  0
LWPOLYLINE
  5
476
330
1F
100
AcDbEntity
  8
TopLayer
100
AcDbPolyline
 90
3
 70
 0
 43
0.41998983997968 
 10
120.05918211836425
 20
77.15265430530862
 10
124.8981457962916
 20
81.99161798323597
 10
124.8981457962916
 20
118.747015494031
 10
122.63169926339854
 20
121.01346202692407
  0
LWPOLYLINE
  5
477
330
1F
100
AcDbEntity
  8
TopLayer
100
AcDbPolyline
 90
2
 70
 0
 43
0.41998983997968 
 10
111.01270002540006
 20
75.43815087630176
 10
112.72720345440693
 20
77.15265430530862
 10
120.05918211836425
 20
77.15265430530862
  0
LWPOLYLINE
  5
478
330
1F
100
AcDbEntity
  8
TopLayer
100
AcDbPolyline
 90
1
 70
 0
 43
0.41998983997968 
 10
120.05918211836425
 20
77.15265430530862
 10
125.09626619253241
 20
72.11557023114047
  0
LWPOLYLINE
  5
479
330
1F
100
AcDbEntity
  8
TopLayer
100
AcDbPolyline
 90
1
 70
 0
 43
0.41998983997968 
 10
106.1216662433325
 20
133.6954533909068
 10
106.1216662433325
 20
124.43408686817375
  0
LWPOLYLINE
  5
47a
330
1F
100
AcDbEntity
  8
TopLayer
100
AcDbPolyline
 90
1
 70
 0
 43
0.41998983997968 
 10
122.63169926339854
 20
122.7239014478029
 10
122.63169926339854
 20
121.01346202692407
  0
LWPOLYLINE
  5
47b
330
1F
100
AcDbEntity
  8
TopLayer
100
AcDbPolyline
 90
1
 70
 0
 43
0.41998983997968 
 10
122.63169926339854
 20
122.7239014478029
 10
122.63169926339854
 20
124.43408686817375
  0
LWPOLYLINE
  5
47c
330
1F
100
AcDbEntity
  8
TopLayer
100
AcDbPolyline
 90
3
 70
 0
 43
0.41998983997968 
 10
122.63169926339854
 20
124.43408686817375
 10
122.63169926339854
 20
128.3929387858776
 10
118.77673355346712
 20
132.247904495809
 10
118.77673355346712
 20
133.85877571755145
  0
LWPOLYLINE
  5
47d
330
1F
100
AcDbEntity
  8
TopLayer
100
AcDbPolyline
 90
1
 70
 0
 43
0.25400050800101603 
 10
105.1950723901448
 20
75.88392176784355
 10
105.81737363474728
 20
75.88392176784355
  0
LWPOLYLINE
  5
47e
330
1F
100
AcDbEntity
  8
TopLayer
100
AcDbPolyline
 90
2
 70
 0
 43
0.25400050800101603 
 10
105.81737363474728
 20
75.88392176784355
 10
107.85420370840744
 20
73.84709169418339
 10
107.85420370840744
 20
68.52933705867413
  0
LWPOLYLINE
  5
47f
330
1F
100
AcDbEntity
  8
TopLayer
100
AcDbPolyline
 90
2
 70
 0
 43
0.25400050800101603 
 10
107.85420370840744
 20
68.52933705867413
 10
107.85420370840744
 20
64.52146304292609
 10
108.00101600203202
 20
64.37465074930151
  0
LWPOLYLINE
  5
480
330
1F
100
AcDbEntity
  8
TopLayer
100
AcDbPolyline
 90
1
 70
 0
 43
0.25400050800101603 
 10
108.00101600203202
 20
61.037084074168156
 10
108.00101600203202
 20
64.37465074930151
  0
LWPOLYLINE
  5
481
330
1F
100
AcDbEntity
  8
TopLayer
100
AcDbPolyline
 90
1
 70
 0
 43
0.25400050800101603 
 10
106.48260096520194
 20
70.86614173228347
 10
105.54127508255019
 20
70.86614173228347
  0
LWPOLYLINE
  5
482
330
1F
100
AcDbEntity
  8
TopLayer
100
AcDbPolyline
 90
2
 70
 0
 43
0.25400050800101603 
 10
105.54127508255019
 20
70.86614173228347
 10
103.69494538989079
 20
72.71247142494286
 10
103.69494538989079
 20
74.36347472694946
  0
LWPOLYLINE
  5
483
330
1F
100
AcDbEntity
  8
TopLayer
100
AcDbPolyline
 90
1
 70
 0
 43
0.25400050800101603 
 10
103.69494538989079
 20
74.36347472694946
 10
103.69494538989079
 20
75.88392176784355
  0
LWPOLYLINE
  5
484
330
1F
100
AcDbEntity
  8
TopLayer
100
AcDbPolyline
 90
1
 70
 0
 43
0.25400050800101603 
 10
110.54076708153418
 20
70.83870967741936
 10
110.54076708153418
 20
61.037084074168156
  0
LWPOLYLINE
  5
485
330
1F
100
AcDbEntity
  8
TopLayer
100
AcDbPolyline
 90
2
 70
 0
 43
0.25400050800101603 
 10
72.8981457962916
 20
107.747015494031
 10
75.51536703073407
 20
105.12979425958854
 10
75.51536703073407
 20
101.2954025908052
  0
LWPOLYLINE
  5
486
330
1F
100
AcDbEntity
  8
TopLayer
100
AcDbPolyline
 90
1
 70
 0
 43
0.25400050800101603 
 10
117.6957073914148
 20
73.56337312674627
 10
117.6957073914148
 20
73.05080010160022
  0
LWPOLYLINE
  5
487
330
1F
100
AcDbEntity
  8
TopLayer
100
AcDbPolyline
 90
2
 70
 0
 43
0.25400050800101603 
 10
118.02641605283212
 20
72.89636779273559
 10
117.8719837439675
 20
73.05080010160022
 10
117.6957073914148
 20
73.05080010160022
  0
LWPOLYLINE
  5
488
330
1F
100
AcDbEntity
  8
TopLayer
100
AcDbPolyline
 90
2
 70
 0
 43
0.25400050800101603 
 10
75.51536703073407
 20
101.2954025908052
 10
75.51536703073407
 20
92.85318770637542
 10
79.82169164338329
 20
88.54686309372619
  0
LWPOLYLINE
  5
489
330
1F
100
AcDbEntity
  8
TopLayer
100
AcDbPolyline
 90
1
 70
 0
 43
0.25400050800101603 
 10
98.16535433070867
 20
68.73863347726697
 10
98.16535433070867
 20
68.21996443992889
  0
LWPOLYLINE
  5
48a
330
1F
100
AcDbEntity
  8
TopLayer
100
AcDbPolyline
 90
1
 70
 0
 43
0.25400050800101603 
 10
98.16535433070867
 20
68.21996443992889
 10
98.16535433070867
 20
67.70129540259082
  0
LWPOLYLINE
  5
48b
330
1F
100
AcDbEntity
  8
TopLayer
100
AcDbPolyline
 90
2
 70
 0
 43
0.25400050800101603 
 10
98.16535433070867
 20
68.21996443992889
 10
99.30302260604523
 20
69.35763271526544
 10
99.30302260604523
 20
71.42494284988571
  0
LWPOLYLINE
  5
48c
330
1F
100
AcDbEntity
  8
TopLayer
100
AcDbPolyline
 90
1
 70
 0
 43
0.25400050800101603 
 10
87.88519177038356
 20
69.58902717805437
 10
87.88519177038356
 20
68.60147320294641
  0
LWPOLYLINE
  5
48d
330
1F
100
AcDbEntity
  8
TopLayer
100
AcDbPolyline
 90
2
 70
 0
 43
0.25400050800101603 
 10
83.3246126492253
 20
60.3743967487935
 10
83.48514097028195
 20
60.534925069850146
 10
83.48514097028195
 20
68.60147320294641
  0
LWPOLYLINE
  5
48e
330
1F
100
AcDbEntity
  8
TopLayer
100
AcDbPolyline
 90
1
 70
 0
 43
0.25400050800101603 
 10
83.48514097028195
 20
68.60147320294641
 10
83.48514097028195
 20
68.73863347726697
  0
LWPOLYLINE
  5
48f
330
1F
100
AcDbEntity
  8
TopLayer
100
AcDbPolyline
 90
2
 70
 0
 43
0.25400050800101603 
 10
82.5476250952502
 20
68.73863347726697
 10
82.5476250952502
 20
72.8498856997714
 10
75.43815087630176
 20
79.95935991871985
  0
LWPOLYLINE
  5
490
330
1F
100
AcDbEntity
  8
TopLayer
100
AcDbPolyline
 90
1
 70
 0
 43
0.25400050800101603 
 10
83.48514097028195
 20
68.73863347726697
 10
82.5476250952502
 20
68.73863347726697
  0
LWPOLYLINE
  5
491
330
1F
100
AcDbEntity
  8
TopLayer
100
AcDbPolyline
 90
1
 70
 0
 43
0.25400050800101603 
 10
99.30302260604523
 20
73.15214630429261
 10
99.30302260604523
 20
71.42494284988571
  0
LWPOLYLINE
  5
492
330
1F
100
AcDbEntity
  8
TopLayer
100
AcDbPolyline
 90
1
 70
 0
 43
0.25400050800101603 
 10
83.48514097028195
 20
68.60147320294641
 10
87.88519177038356
 20
68.60147320294641
  0
LWPOLYLINE
  5
493
330
1F
100
AcDbEntity
  8
TopLayer
100
AcDbPolyline
 90
2
 70
 0
 43
0.25400050800101603 
 10
87.88519177038356
 20
68.60147320294641
 10
97.78384556769116
 20
68.60147320294641
 10
98.16535433070867
 20
68.21996443992889
  0
LWPOLYLINE
  5
494
330
1F
100
AcDbEntity
  8
TopLayer
100
AcDbPolyline
 90
1
 70
 0
 43
0.25400050800101603 
 10
116.6957073914148
 20
74.16332232664466
 10
117.15849631699264
 20
74.16332232664466
  0
LWPOLYLINE
  5
495
330
1F
100
AcDbEntity
  8
TopLayer
100
AcDbPolyline
 90
1
 70
 0
 43
0.25400050800101603 
 10
117.1955803911608
 20
74.16332232664466
 10
117.15849631699264
 20
74.16332232664466
  0
LWPOLYLINE
  5
496
330
1F
100
AcDbEntity
  8
TopLayer
100
AcDbPolyline
 90
1
 70
 0
 43
0.25400050800101603 
 10
117.1955803911608
 20
74.16332232664466
 10
117.1955803911608
 20
73.56337312674627
  0
LWPOLYLINE
  5
497
330
1F
100
AcDbEntity
  8
TopLayer
100
AcDbPolyline
 90
2
 70
 0
 43
0.25400050800101603 
 10
117.1955803911608
 20
73.56337312674627
 10
117.1955803911608
 20
71.56515113030227
 10
117.19862839725681
 20
71.56210312420626
  0
LWPOLYLINE
  5
498
330
1F
100
AcDbEntity
  8
TopLayer
100
AcDbPolyline
 90
2
 70
 0
 43
0.25400050800101603 
 10
70.35814071628144
 20
107.747015494031
 10
74.64973329946662
 20
103.45542291084583
 10
74.64973329946662
 20
101.2954025908052
  0
LWPOLYLINE
  5
499
330
1F
100
AcDbEntity
  8
TopLayer
100
AcDbPolyline
 90
2
 70
 0
 43
0.25400050800101603 
 10
74.64973329946662
 20
101.2954025908052
 10
74.64973329946662
 20
80.747777495555
 10
75.43815087630176
 20
79.95935991871985
  0
LWPOLYLINE
  5
49a
330
1F
100
AcDbEntity
  8
TopLayer
100
AcDbPolyline
 90
1
 70
 0
 43
0.25400050800101603 
 10
117.66725933451868
 20
71.56210312420626
 10
117.19862839725681
 20
71.56210312420626
  0
LWPOLYLINE
  5
49b
330
1F
100
AcDbEntity
  8
TopLayer
100
AcDbPolyline
 90
1
 70
 0
 43
0.25400050800101603 
 10
117.66725933451868
 20
71.56210312420626
 10
118.13563627127256
 20
71.56210312420626
  0
LWPOLYLINE
  5
49c
330
1F
100
AcDbEntity
  8
TopLayer
100
AcDbPolyline
 90
1
 70
 0
 43
0.25400050800101603 
 10
119.16586233172468
 20
76.0477520955042
 10
119.16586233172468
 20
71.56210312420626
  0
LWPOLYLINE
  5
49d
330
1F
100
AcDbEntity
  8
TopLayer
100
AcDbPolyline
 90
1
 70
 0
 43
0.25400050800101603 
 10
118.13563627127256
 20
71.56210312420626
 10
119.16586233172468
 20
71.56210312420626
  0
LWPOLYLINE
  5
49e
330
1F
100
AcDbEntity
  8
TopLayer
100
AcDbPolyline
 90
3
 70
 0
 43
0.25400050800101603 
 10
119.16586233172468
 20
71.56210312420626
 10
119.81940563881129
 20
71.56210312420626
 10
121.35407670815344
 20
70.02743205486411
 10
121.35407670815344
 20
69.18973837947676
  0
LWPOLYLINE
  5
49f
330
1F
100
AcDbEntity
  8
TopLayer
100
AcDbPolyline
 90
2
 70
 0
 43
0.25400050800101603 
 10
96.65659131318263
 20
117.90373380746763
 10
96.71221742443485
 20
117.95935991871985
 10
96.71221742443485
 20
118.9230378460757
  0
LWPOLYLINE
  5
4a0
330
1F
100
AcDbEntity
  8
TopLayer
100
AcDbPolyline
 90
3
 70
 0
 43
0.25400050800101603 
 10
96.65659131318263
 20
115.87858775717552
 10
96.47523495046991
 20
115.87858775717552
 10
95.39395478790958
 20
114.7973075946152
 10
95.39395478790958
 20
114.50342900685803
  0
LWPOLYLINE
  5
4a1
330
1F
100
AcDbEntity
  8
TopLayer
100
AcDbPolyline
 90
1
 70
 0
 43
0.25400050800101603 
 10
94.55651511303024
 20
114.50342900685803
 10
95.39395478790958
 20
114.50342900685803
  0
LWPOLYLINE
  5
4a2
330
1F
100
AcDbEntity
  8
TopLayer
100
AcDbPolyline
 90
3
 70
 0
 43
0.25400050800101603 
 10
113.08102616205234
 20
64.37465074930151
 10
119.64160528321058
 20
64.37465074930151
 10
121.35407670815344
 20
66.08712217424436
 10
121.35407670815344
 20
69.18973837947676
  0
LWPOLYLINE
  5
4a3
330
1F
100
AcDbEntity
  8
TopLayer
100
AcDbPolyline
 90
1
 70
 0
 43
0.25400050800101603 
 10
113.08102616205234
 20
61.037084074168156
 10
113.08102616205234
 20
64.37465074930151
  0
LWPOLYLINE
  5
4a4
330
1F
100
AcDbEntity
  8
TopLayer
100
AcDbPolyline
 90
7
 70
 0
 43
0.25400050800101603 
 10
79.65455930911864
 20
136.7952755905512
 10
80.39522479044959
 20
136.7952755905512
 10
80.64211328422658
 20
137.0421640843282
 10
80.64211328422658
 20
137.59055118110237
 10
81.88392176784355
 20
138.83235966471935
 10
83.75336550673103
 20
138.83235966471935
 10
84.25908051816106
 20
138.32664465328932
 10
84.25908051816106
 20
137.8206756413513
  0
LWPOLYLINE
  5
4a5
330
1F
100
AcDbEntity
  8
TopLayer
100
AcDbPolyline
 90
1
 70
 0
 43
0.25400050800101603 
 10
79.65455930911864
 20
140.13284226568453
 10
79.65455930911864
 20
136.7952755905512
  0
LWPOLYLINE
  5
4a6
330
1F
100
AcDbEntity
  8
TopLayer
100
AcDbPolyline
 90
2
 70
 0
 43
0.25400050800101603 
 10
115.01143002286007
 20
124.43408686817375
 10
115.01143002286007
 20
121.04445008890019
 10
106.90144780289562
 20
112.93446786893576
  0
LWPOLYLINE
  5
4a7
330
1F
100
AcDbEntity
  8
TopLayer
100
AcDbPolyline
 90
1
 70
 0
 43
0.25400050800101603 
 10
106.90144780289562
 20
111.8468376936754
 10
106.90144780289562
 20
112.93446786893576
  0
LWPOLYLINE
  5
4a8
330
1F
100
AcDbEntity
  8
TopLayer
100
AcDbPolyline
 90
1
 70
 0
 43
0.25400050800101603 
 10
122.1236982473965
 20
69.18973837947676
 10
121.35407670815344
 20
69.18973837947676
  0
LWPOLYLINE
  5
4a9
330
1F
100
AcDbEntity
  8
TopLayer
100
AcDbPolyline
 90
1
 70
 0
 43
0.25400050800101603 
 10
122.1236982473965
 20
69.18973837947676
 10
122.19177038354078
 20
69.18973837947676
  0
LWPOLYLINE
  5
4aa
330
1F
100
AcDbEntity
  8
TopLayer
100
AcDbPolyline
 90
1
 70
 0
 43
0.25400050800101603 
 10
122.19177038354078
 20
69.18973837947676
 10
123.02921005842013
 20
69.18973837947676
  0
LWPOLYLINE
  5
4ab
330
1F
100
AcDbEntity
  8
TopLayer
100
AcDbPolyline
 90
1
 70
 0
 43
0.25400050800101603 
 10
96.65659131318263
 20
116.38481076962155
 10
96.65659131318263
 20
115.87858775717552
  0
LWPOLYLINE
  5
4ac
330
1F
100
AcDbEntity
  8
TopLayer
100
AcDbPolyline
 90
1
 70
 0
 43
0.25400050800101603 
 10
96.65659131318263
 20
116.38481076962155
 10
96.65659131318263
 20
116.89103378206758
  0
LWPOLYLINE
  5
4ad
330
1F
100
AcDbEntity
  8
TopLayer
100
AcDbPolyline
 90
1
 70
 0
 43
0.25400050800101603 
 10
96.65659131318263
 20
116.89103378206758
 10
96.65659131318263
 20
117.90373380746763
  0
LWPOLYLINE
  5
4ae
330
1F
100
AcDbEntity
  8
TopLayer
100
AcDbPolyline
 90
1
 70
 0
 43
0.25400050800101603 
 10
98.50139700279402
 20
121.0965201930404
 10
97.85928371856745
 20
121.0965201930404
  0
LWPOLYLINE
  5
4af
330
1F
100
AcDbEntity
  8
TopLayer
100
AcDbPolyline
 90
5
 70
 0
 43
0.25400050800101603 
 10
96.65659131318263
 20
117.90373380746763
 10
96.65659131318263
 20
121.56819913639828
 10
97.80695961391923
 20
122.71856743713488
 10
97.80721361442724
 20
122.71856743713488
 10
97.85928371856745
 20
122.66649733299468
 10
97.85928371856745
 20
121.0965201930404
  0
LWPOLYLINE
  5
4b0
330
1F
100
AcDbEntity
  8
TopLayer
100
AcDbPolyline
 90
1
 70
 0
 43
0.25400050800101603 
 10
83.3246126492253
 20
59.036830073660155
 10
83.3246126492253
 20
59.705613411226835
  0
LWPOLYLINE
  5
4b1
330
1F
100
AcDbEntity
  8
TopLayer
100
AcDbPolyline
 90
1
 70
 0
 43
0.25400050800101603 
 10
83.3246126492253
 20
59.705613411226835
 10
83.3246126492253
 20
60.3743967487935
  0
LWPOLYLINE
  5
4b2
330
1F
100
AcDbEntity
  8
TopLayer
100
AcDbPolyline
 90
2
 70
 0
 43
0.25400050800101603 
 10
83.3246126492253
 20
59.705613411226835
 10
75.1488442976886
 20
59.705613411226835
 10
71.88214376428753
 20
56.43891287782576
  0
LWPOLYLINE
  5
4b3
330
1F
100
AcDbEntity
  8
TopLayer
100
AcDbPolyline
 90
2
 70
 0
 43
0.25400050800101603 
 10
104.6949453898908
 20
76.4714249428499
 10
104.73228346456695
 20
76.50876301752604
 10
104.73228346456695
 20
76.50901701803404
  0
LWPOLYLINE
  5
4b4
330
1F
100
AcDbEntity
  8
TopLayer
100
AcDbPolyline
 90
1
 70
 0
 43
0.25400050800101603 
 10
104.6949453898908
 20
75.88392176784355
 10
104.6949453898908
 20
76.4714249428499
  0
LWPOLYLINE
  5
4b5
330
1F
100
AcDbEntity
  8
TopLayer
100
AcDbPolyline
 90
1
 70
 0
 43
0.25400050800101603 
 10
105.32004064008129
 20
76.50901701803404
 10
105.02616205232412
 20
76.50901701803404
  0
LWPOLYLINE
  5
4b6
330
1F
100
AcDbEntity
  8
TopLayer
100
AcDbPolyline
 90
1
 70
 0
 43
0.25400050800101603 
 10
105.02616205232412
 20
76.50901701803404
 10
104.73228346456695
 20
76.50901701803404
  0
LWPOLYLINE
  5
4b7
330
1F
100
AcDbEntity
  8
TopLayer
100
AcDbPolyline
 90
2
 70
 0
 43
0.25400050800101603 
 10
105.02616205232412
 20
76.50901701803404
 10
104.73228346456695
 20
76.80289560579122
 10
104.73228346456695
 20
77.00889001778005
  0
LWPOLYLINE
  5
4b8
330
1F
100
AcDbEntity
  8
TopLayer
100
AcDbPolyline
 90
2
 70
 0
 43
0.25400050800101603 
 10
105.02616205232412
 20
77.00889001778005
 10
105.06375412750828
 20
77.0464820929642
 10
105.1950723901448
 20
77.0464820929642
  0
LWPOLYLINE
  5
4b9
330
1F
100
AcDbEntity
  8
TopLayer
100
AcDbPolyline
 90
1
 70
 0
 43
0.25400050800101603 
 10
105.1950723901448
 20
77.63398526797054
 10
105.1950723901448
 20
77.0464820929642
  0
LWPOLYLINE
  5
4ba
330
1F
100
AcDbEntity
  8
TopLayer
100
AcDbPolyline
 90
1
 70
 0
 43
0.25400050800101603 
 10
105.02616205232412
 20
77.00889001778005
 10
104.87934975869953
 20
77.00889001778005
  0
LWPOLYLINE
  5
4bb
330
1F
100
AcDbEntity
  8
TopLayer
100
AcDbPolyline
 90
1
 70
 0
 43
0.25400050800101603 
 10
104.87934975869953
 20
77.00889001778005
 10
104.73228346456695
 20
77.00889001778005
  0
LWPOLYLINE
  5
4bc
330
1F
100
AcDbEntity
  8
TopLayer
100
AcDbPolyline
 90
2
 70
 0
 43
0.25400050800101603 
 10
104.87934975869953
 20
77.00889001778005
 10
104.84175768351538
 20
77.0464820929642
 10
104.6949453898908
 20
77.0464820929642
  0
LWPOLYLINE
  5
4bd
330
1F
100
AcDbEntity
  8
TopLayer
100
AcDbPolyline
 90
1
 70
 0
 43
0.25400050800101603 
 10
104.6949453898908
 20
77.63398526797054
 10
104.6949453898908
 20
77.0464820929642
  0
LWPOLYLINE
  5
4be
330
1F
100
AcDbEntity
  8
TopLayer
100
AcDbPolyline
 90
1
 70
 0
 43
0.25400050800101603 
 10
105.27762255524513
 20
77.00889001778005
 10
105.02616205232412
 20
77.00889001778005
  0
LWPOLYLINE
  5
4bf
330
1F
100
AcDbEntity
  8
TopLayer
100
AcDbPolyline
 90
1
 70
 0
 43
0.25400050800101603 
 10
105.27762255524513
 20
77.00889001778005
 10
105.32004064008129
 20
77.00889001778005
  0
LWPOLYLINE
  5
4c0
330
1F
100
AcDbEntity
  8
TopLayer
100
AcDbPolyline
 90
2
 70
 0
 43
0.25400050800101603 
 10
105.90754381508765
 20
77.00889001778005
 10
113.08102616205234
 20
69.83540767081536
 10
113.08102616205234
 20
64.37465074930151
  0
LWPOLYLINE
  5
4c1
330
1F
100
AcDbEntity
  8
TopLayer
100
AcDbPolyline
 90
1
 70
 0
 43
0.25400050800101603 
 10
105.32004064008129
 20
77.00889001778005
 10
105.90754381508765
 20
77.00889001778005
  0
LWPOLYLINE
  5
4c2
330
1F
100
AcDbEntity
  8
TopLayer
100
AcDbPolyline
 90
2
 70
 0
 43
0.25400050800101603 
 10
124.18186436372875
 20
64.61772923545848
 10
124.18186436372875
 20
58.4465328930658
 10
122.22504445008892
 20
56.48971297942597
  0
LWPOLYLINE
  5
4c3
330
1F
100
AcDbEntity
  8
TopLayer
100
AcDbPolyline
 90
2
 70
 0
 43
0.25400050800101603 
 10
115.31623063246128
 20
137.8453136906274
 10
115.31623063246128
 20
128.07645415290833
 10
115.01143002286007
 20
127.7716535433071
  0
LWPOLYLINE
  5
4c4
330
1F
100
AcDbEntity
  8
TopLayer
100
AcDbPolyline
 90
1
 70
 0
 43
0.25400050800101603 
 10
115.31623063246128
 20
137.8453136906274
 10
115.31623063246128
 20
141.18288036576075
  0
LWPOLYLINE
  5
4c5
330
1F
100
AcDbEntity
  8
TopLayer
100
AcDbPolyline
 90
1
 70
 0
 43
0.25400050800101603 
 10
115.01143002286007
 20
124.43408686817375
 10
115.01143002286007
 20
127.7716535433071
  0
LWPOLYLINE
  5
4c6
330
1F
100
AcDbEntity
  8
TopLayer
100
AcDbPolyline
 90
2
 70
 0
 43
0.25400050800101603 
 10
134.11226822453648
 20
135.58547117094236
 10
134.46786893573787
 20
135.9410718821438
 10
134.46786893573787
 20
141.83388366776734
  0
LWPOLYLINE
  5
4c7
330
1F
100
AcDbEntity
  8
TopLayer
100
AcDbPolyline
 90
3
 70
 0
 43
0.25400050800101603 
 10
134.46786893573787
 20
141.83388366776734
 10
133.5753111506223
 20
142.7264414528829
 10
116.85979171958346
 20
142.7264414528829
 10
115.31623063246128
 20
141.18288036576075
  0
LWPOLYLINE
  5
4c8
330
1F
100
AcDbEntity
  8
TopLayer
100
AcDbPolyline
 90
1
 70
 0
 43
0.25400050800101603 
 10
134.6202692405385
 20
67.15773431546863
 10
124.18186436372875
 20
67.15773431546863
  0
LWPOLYLINE
  5
4c9
330
1F
100
AcDbEntity
  8
TopLayer
100
AcDbPolyline
 90
2
 70
 0
 43
0.25400050800101603 
 10
123.02921005842013
 20
69.18973837947676
 10
123.02921005842013
 20
68.31038862077725
 10
124.18186436372875
 20
67.15773431546863
  0
LWPOLYLINE
  5
4ca
330
1F
100
AcDbEntity
  8
TopLayer
100
AcDbPolyline
 90
1
 70
 0
 43
0.25400050800101603 
 10
124.18186436372875
 20
67.15773431546863
 10
124.18186436372875
 20
64.61772923545848
  0
LWPOLYLINE
  5
4cb
330
1F
100
AcDbEntity
  8
TopLayer
100
AcDbPolyline
 90
1
 70
 0
 43
0.25400050800101603 
 10
98.8445516891034
 20
59.036830073660155
 10
98.8445516891034
 20
67.0220980441961
  0
LWPOLYLINE
  5
4cc
330
1F
100
AcDbEntity
  8
TopLayer
100
AcDbPolyline
 90
1
 70
 0
 43
0.25400050800101603 
 10
98.8445516891034
 20
67.0220980441961
 10
98.16535433070867
 20
67.70129540259082
  0
LWPOLYLINE
  5
4cd
330
1F
100
AcDbEntity
  8
TopLayer
100
AcDbPolyline
 90
3
 70
 0
 43
0.25400050800101603 
 10
105.39395478790958
 20
73.38277876555755
 10
105.39395478790958
 20
74.71831343662689
 10
104.6949453898908
 20
75.41732283464567
 10
104.6949453898908
 20
75.88392176784355
  0
LWPOLYLINE
  5
4ce
330
1F
100
AcDbEntity
  8
TopLayer
100
AcDbPolyline
 90
2
 70
 0
 43
0.25400050800101603 
 10
104.80060960121922
 20
72.91186182372365
 10
105.2715265430531
 20
73.38277876555755
 10
105.39395478790958
 20
73.38277876555755
  0
LWPOLYLINE
  5
4cf
330
1F
100
AcDbEntity
  8
TopLayer
100
AcDbPolyline
 90
7
 70
 0
 43
0.25400050800101603 
 10
105.39395478790958
 20
73.38277876555755
 10
105.9215138430277
 20
73.38277876555755
 10
107.36728473456948
 20
71.93700787401576
 10
107.36728473456948
 20
69.8968757937516
 10
106.9695199390399
 20
69.49911099822201
 10
106.9695199390399
 20
68.71094742189484
 10
105.28067056134114
 20
67.0220980441961
 10
98.8445516891034
 20
67.0220980441961
  0
LWPOLYLINE
  5
4d0
330
1F
100
AcDbEntity
  8
TopLayer
100
AcDbPolyline
 90
1
 70
 0
 43
0.25400050800101603 
 10
85.496570993142
 20
137.8206756413513
 10
84.87782575565151
 20
137.8206756413513
  0
LWPOLYLINE
  5
4d1
330
1F
100
AcDbEntity
  8
TopLayer
100
AcDbPolyline
 90
1
 70
 0
 43
0.25400050800101603 
 10
84.87782575565151
 20
137.8206756413513
 10
84.25908051816106
 20
137.8206756413513
  0
LWPOLYLINE
  5
4d2
330
1F
100
AcDbEntity
  8
TopLayer
100
AcDbPolyline
 90
9
 70
 0
 43
0.25400050800101603 
 10
84.87782575565151
 20
137.8206756413513
 10
86.05867411734825
 20
136.63982727965458
 10
88.55727711455424
 20
136.63982727965458
 10
89.30657861315724
 20
137.38912877825757
 10
89.30657861315724
 20
138.23241046482096
 10
90.14351028702058
 20
139.06934213868428
 10
93.56311912623826
 20
139.06934213868428
 10
97.33477266954534
 20
135.29768859537722
 10
97.33477266954534
 20
125.22326644653292
 10
98.50139700279402
 20
124.05664211328424
  0
LWPOLYLINE
  5
4d3
330
1F
100
AcDbEntity
  8
TopLayer
100
AcDbPolyline
 90
1
 70
 0
 43
0.25400050800101603 
 10
98.50139700279402
 20
124.43408686817375
 10
98.50139700279402
 20
124.05664211328424
  0
LWPOLYLINE
  5
4d4
330
1F
100
AcDbEntity
  8
TopLayer
100
AcDbPolyline
 90
1
 70
 0
 43
0.25400050800101603 
 10
98.50139700279402
 20
124.05664211328424
 10
98.50139700279402
 20
121.0965201930404
  0
LWPOLYLINE
  5
4d5
330
1F
100
AcDbEntity
  8
TopLayer
100
AcDbPolyline
 90
6
 70
 0
 43
0.25400050800101603 
 10
97.85928371856745
 20
121.0965201930404
 10
97.85928371856745
 20
109.92710185420373
 10
97.18008636017274
 20
109.247904495809
 10
97.18008636017274
 20
107.1214122428245
 10
97.68859537719078
 20
106.61290322580646
 10
102.24409448818899
 20
106.61290322580646
 10
103.37820675641352
 20
107.747015494031
  0
LWPOLYLINE
  5
4d6
330
1F
100
AcDbEntity
  8
TopLayer
100
AcDbPolyline
 90
2
 70
 0
 43
0.25400050800101603 
 10
103.37820675641352
 20
107.747015494031
 10
106.39065278130558
 20
110.75946151892305
 10
106.90144780289562
 20
110.75946151892305
  0
LWPOLYLINE
  5
4d7
330
1F
100
AcDbEntity
  8
TopLayer
100
AcDbPolyline
 90
1
 70
 0
 43
0.25400050800101603 
 10
106.90144780289562
 20
111.8468376936754
 10
106.90144780289562
 20
110.75946151892305
  0
LWPOLYLINE
  5
4d8
330
1F
100
AcDbEntity
  8
TopLayer
100
AcDbPolyline
 90
2
 70
 0
 43
0.25400050800101603 
 10
60.75692151384303
 20
135.73787147574296
 10
60.75692151384303
 20
117.3482346964694
 10
70.35814071628144
 20
107.747015494031
  0
LWPOLYLINE
  5
4d9
330
1F
100
AcDbEntity
  8
TopLayer
100
AcDbPolyline
 90
1
 70
 0
 43
0.25400050800101603 
 10
122.93649987299976
 20
137.8453136906274
 10
122.93649987299976
 20
132.74498348996698
  0
LWPOLYLINE
  5
4da
330
1F
100
AcDbEntity
  8
TopSilkLayer
100
AcDbPolyline
 90
1
 70
 0
 43
0.15001270002540007 
 10
122.71826263652528
 20
61.406553213106434
 10
123.86827533655068
 20
61.406553213106434
  0
LWPOLYLINE
  5
4db
330
1F
100
AcDbEntity
  8
TopSilkLayer
100
AcDbPolyline
 90
1
 70
 0
 43
0.15001270002540007 
 10
123.86827533655068
 20
61.40645161290324
 10
123.86827533655068
 20
59.92651765303531
  0
LWPOLYLINE
  5
4dc
330
1F
100
AcDbEntity
  8
TopSilkLayer
100
AcDbPolyline
 90
1
 70
 0
 43
0.15001270002540007 
 10
122.71826263652528
 20
59.90642621285243
 10
123.86827533655068
 20
59.90642621285243
  0
LWPOLYLINE
  5
4dd
330
1F
100
AcDbEntity
  8
TopSilkLayer
100
AcDbPolyline
 90
1
 70
 0
 43
0.15001270002540007 
 10
122.33825247650496
 20
59.90411480822962
 10
121.28813817627636
 20
59.90411480822962
  0
LWPOLYLINE
  5
4de
330
1F
100
AcDbEntity
  8
TopSilkLayer
100
AcDbPolyline
 90
2
 70
 0
 43
0.15001270002540007 
 10
120.98818897637796
 20
60.30419100838202
 10
120.98818897637796
 20
60.20416560833122
 10
121.28813817627636
 20
59.90411480822962
  0
LWPOLYLINE
  5
4df
330
1F
100
AcDbEntity
  8
TopSilkLayer
100
AcDbPolyline
 90
1
 70
 0
 43
0.15001270002540007 
 10
120.98818897637796
 20
61.004140208280425
 10
120.98818897637796
 20
60.30419100838202
  0
LWPOLYLINE
  5
4e0
330
1F
100
AcDbEntity
  8
TopSilkLayer
100
AcDbPolyline
 90
2
 70
 0
 43
0.15001270002540007 
 10
120.98818897637796
 20
61.004140208280425
 10
120.98818897637796
 20
61.104292608585226
 10
121.28813817627636
 20
61.404241808483626
  0
LWPOLYLINE
  5
4e1
330
1F
100
AcDbEntity
  8
TopSilkLayer
100
AcDbPolyline
 90
1
 70
 0
 43
0.15001270002540007 
 10
122.33825247650496
 20
61.404241808483626
 10
121.28813817627636
 20
61.404241808483626
  0
LWPOLYLINE
  5
4e2
330
1F
100
AcDbEntity
  8
TopSilkLayer
100
AcDbPolyline
 90
1
 70
 0
 43
0.202997205994412 
 10
122.50444500889003
 20
60.248920497841
 10
122.50444500889003
 20
61.036322072644154
  0
LWPOLYLINE
  5
4e3
330
1F
100
AcDbEntity
  8
TopSilkLayer
100
AcDbPolyline
 90
1
 70
 0
 43
0.202997205994412 
 10
122.50444500889003
 20
60.6473710947422
 10
122.32908305816613
 20
60.6473710947422
  0
LWPOLYLINE
  5
4e4
330
1F
100
AcDbEntity
  8
TopSilkLayer
100
AcDbPolyline
 90
1
 70
 0
 43
0.15240030480060962 
 10
120.42585725171452
 20
64.95095250190502
 10
117.62341884683771
 20
64.95095250190502
  0
LWPOLYLINE
  5
4e5
330
1F
100
AcDbEntity
  8
TopSilkLayer
100
AcDbPolyline
 90
1
 70
 0
 43
0.15240030480060962 
 10
120.42585725171452
 20
66.48036576073153
 10
120.42585725171452
 20
61.02788925577852
  0
LWPOLYLINE
  5
4e6
330
1F
100
AcDbEntity
  8
TopSilkLayer
100
AcDbPolyline
 90
1
 70
 0
 43
0.15240030480060962 
 10
117.62341884683771
 20
66.48036576073153
 10
117.62341884683771
 20
61.02788925577852
  0
LWPOLYLINE
  5
4e7
330
1F
100
AcDbEntity
  8
TopSilkLayer
100
AcDbPolyline
 90
1
 70
 0
 43
0.15240030480060962 
 10
120.42585725171452
 20
61.02788925577852
 10
120.02433324866651
 20
61.02788925577852
  0
LWPOLYLINE
  5
4e8
330
1F
100
AcDbEntity
  8
TopSilkLayer
100
AcDbPolyline
 90
1
 70
 0
 43
0.15240030480060962 
 10
117.62341884683771
 20
61.02788925577852
 10
118.02494284988572
 20
61.02788925577852
  0
LWPOLYLINE
  5
4e9
330
1F
100
AcDbEntity
  8
TopSilkLayer
100
AcDbPolyline
 90
3
 70
 0
 43
0.15240030480060962 
 10
123.97526035052071
 20
65.11633223266448
 10
124.69329438658879
 20
65.11633223266448
 10
124.69329438658879
 20
64.11912623825249
 10
123.97526035052071
 20
64.11912623825249
  0
LWPOLYLINE
  5
4ea
330
1F
100
AcDbEntity
  8
TopSilkLayer
100
AcDbPolyline
 90
3
 70
 0
 43
0.15240030480060962 
 10
123.5228346456693
 20
65.11633223266448
 10
122.80480060960124
 20
65.11633223266448
 10
122.80480060960124
 20
64.11912623825249
 10
123.5228346456693
 20
64.11912623825249
  0
LWPOLYLINE
  5
4eb
330
1F
100
AcDbEntity
  8
TopSilkLayer
100
AcDbPolyline
 90
2
 70
 0
 43
0.1 
 10
103.17500635001271
 20
76.250952501905
 10
103.17500635001271
 20
75.61595123190247
 10
103.40088900177801
 20
75.61595123190247
  0
LWPOLYLINE
  5
4ec
330
1F
100
AcDbEntity
  8
TopSilkLayer
100
AcDbPolyline
 90
2
 70
 0
 43
0.1 
 10
103.42900685801372
 20
77.90195580391162
 10
103.17500635001271
 20
77.90195580391162
 10
103.17500635001271
 20
77.26695453390907
  0
LWPOLYLINE
  5
4ed
330
1F
100
AcDbEntity
  8
TopSilkLayer
100
AcDbPolyline
 90
2
 70
 0
 43
0.1 
 10
105.71501143002287
 20
76.250952501905
 10
105.71501143002287
 20
75.61595123190247
 10
105.46101092202186
 20
75.61595123190247
  0
LWPOLYLINE
  5
4ee
330
1F
100
AcDbEntity
  8
TopSilkLayer
100
AcDbPolyline
 90
2
 70
 0
 43
0.1 
 10
105.46101092202186
 20
77.90195580391162
 10
105.71501143002287
 20
77.90195580391162
 10
105.71501143002287
 20
77.26695453390907
  0
LWPOLYLINE
  5
4ef
330
1F
100
AcDbEntity
  8
TopSilkLayer
100
AcDbPolyline
 90
1
 70
 0
 43
0.15240030480060962 
 10
105.29921259842521
 20
72.44064008128018
 10
105.29921259842521
 20
73.23073406146813
  0
LWPOLYLINE
  5
4f0
330
1F
100
AcDbEntity
  8
TopSilkLayer
100
AcDbPolyline
 90
1
 70
 0
 43
0.15240030480060962 
 10
104.30200660401321
 20
73.23073406146813
 10
104.30200660401321
 20
72.44064008128018
  0
LWPOLYLINE
  5
4f1
330
1F
100
AcDbEntity
  8
TopSilkLayer
100
AcDbPolyline
 90
1
 70
 0
 43
0.15240030480060962 
 10
104.45440690881384
 20
72.28823977647956
 10
105.1468122936246
 20
72.28823977647956
  0
LWPOLYLINE
  5
4f2
330
1F
100
AcDbEntity
  8
TopSilkLayer
100
AcDbPolyline
 90
1
 70
 0
 43
0.15240030480060962 
 10
105.29921259842521
 20
74.4732537465075
 10
105.29921259842521
 20
73.68315976631953
  0
LWPOLYLINE
  5
4f3
330
1F
100
AcDbEntity
  8
TopSilkLayer
100
AcDbPolyline
 90
1
 70
 0
 43
0.15240030480060962 
 10
104.30200660401321
 20
73.68315976631953
 10
104.30200660401321
 20
74.4732537465075
  0
LWPOLYLINE
  5
4f4
330
1F
100
AcDbEntity
  8
TopSilkLayer
100
AcDbPolyline
 90
1
 70
 0
 43
0.15240030480060962 
 10
104.45440690881384
 20
74.62565405130812
 10
105.1468122936246
 20
74.62565405130812
  0
LWPOLYLINE
  5
4f5
330
1F
100
AcDbEntity
  8
TopSilkLayer
100
AcDbPolyline
 90
1
 70
 0
 43
0.25400050800101603 
 10
99.99301498602999
 20
71.82471424942851
 10
99.99301498602999
 20
71.0246888493777
  0
LWPOLYLINE
  5
4f6
330
1F
100
AcDbEntity
  8
TopSilkLayer
100
AcDbPolyline
 90
1
 70
 0
 43
0.25400050800101603 
 10
98.88326136652275
 20
72.13456946913895
 10
99.68323596647194
 20
72.13456946913895
  0
LWPOLYLINE
  5
4f7
330
1F
100
AcDbEntity
  8
TopSilkLayer
100
AcDbPolyline
 90
1
 70
 0
 43
0.25400050800101603 
 10
98.88326136652275
 20
70.71490982981967
 10
99.68323596647194
 20
70.71490982981967
  0
LWPOLYLINE
  5
4f8
330
1F
100
AcDbEntity
  8
TopSilkLayer
100
AcDbPolyline
 90
1
 70
 0
 43
0.25400050800101603 
 10
98.30736601473204
 20
72.14038608077217
 10
97.50736601473204
 20
72.14038608077217
  0
LWPOLYLINE
  5
4f9
330
1F
100
AcDbEntity
  8
TopSilkLayer
100
AcDbPolyline
 90
1
 70
 0
 43
0.25400050800101603 
 10
97.1975361950724
 20
71.83055626111253
 10
97.1975361950724
 20
71.03058166116334
  0
LWPOLYLINE
  5
4fa
330
1F
100
AcDbEntity
  8
TopSilkLayer
100
AcDbPolyline
 90
1
 70
 0
 43
0.25400050800101603 
 10
98.30736601473204
 20
70.7207772415545
 10
97.50736601473204
 20
70.7207772415545
  0
LWPOLYLINE
  5
4fb
330
1F
100
AcDbEntity
  8
TopSilkLayer
100
AcDbPolyline
 90
1
 70
 0
 43
0.25400050800101603 
 10
96.15651511303024
 20
115.45344170688344
 10
97.63660147320296
 20
115.46342392684787
  0
LWPOLYLINE
  5
4fc
330
1F
100
AcDbEntity
  8
TopSilkLayer
100
AcDbPolyline
 90
1
 70
 0
 43
0.25400050800101603 
 10
96.2965963931928
 20
113.56342392684786
 10
97.63660147320296
 20
113.56342392684786
  0
LWPOLYLINE
  5
4fd
330
1F
100
AcDbEntity
  8
TopSilkLayer
100
AcDbPolyline
 90
1
 70
 0
 43
0.25400050800101603 
 10
97.63660147320296
 20
115.46342392684787
 10
97.63660147320296
 20
113.56339852679707
  0
LWPOLYLINE
  5
4fe
330
1F
100
AcDbEntity
  8
TopSilkLayer
100
AcDbPolyline
 90
2
 70
 0
 43
0.25400050800101603 
 10
93.90647701295403
 20
113.55341630683263
 10
93.90647701295403
 20
113.55346710693424
 10
93.55654051308105
 20
113.90340360680723
  0
LWPOLYLINE
  5
4ff
330
1F
100
AcDbEntity
  8
TopSilkLayer
100
AcDbPolyline
 90
2
 70
 0
 43
0.25400050800101603 
 10
93.90647701295403
 20
115.45344170688344
 10
93.90647701295403
 20
115.45339090678183
 10
93.55654051308105
 20
115.10345440690884
  0
LWPOLYLINE
  5
500
330
1F
100
AcDbEntity
  8
TopSilkLayer
100
AcDbPolyline
 90
1
 70
 0
 43
0.25400050800101603 
 10
95.15651511303024
 20
115.45344170688344
 10
93.90647701295403
 20
115.45344170688344
  0
LWPOLYLINE
  5
501
330
1F
100
AcDbEntity
  8
TopSilkLayer
100
AcDbPolyline
 90
1
 70
 0
 43
0.25400050800101603 
 10
95.15651511303024
 20
113.55341630683263
 10
93.90647701295403
 20
113.55341630683263
  0
LWPOLYLINE
  5
502
330
1F
100
AcDbEntity
  8
TopSilkLayer
100
AcDbPolyline
 90
1
 70
 0
 43
0.25400050800101603 
 10
93.55654051308105
 20
115.10345440690884
 10
93.55654051308105
 20
113.90340360680723
  0
LWPOLYLINE
  5
503
330
1F
100
AcDbEntity
  8
TopSilkLayer
100
AcDbPolyline
 90
1
 70
 0
 43
0.25400050800101603 
 10
95.95659131318263
 20
115.00342900685803
 10
95.95659131318263
 20
114.00342900685803
  0
LWPOLYLINE
  5
504
330
1F
100
AcDbEntity
  8
TopSilkLayer
100
AcDbPolyline
 90
1
 70
 0
 43
0.25400050800101603 
 10
95.95659131318263
 20
114.49837439674882
 10
95.45659131318263
 20
114.49837439674882
  0
LWPOLYLINE
  5
505
330
1F
100
AcDbEntity
  8
TopSilkLayer
100
AcDbPolyline
 90
1
 70
 0
 43
0.25400050800101603 
 10
123.79177038354078
 20
70.13975107950216
 10
125.2718567437135
 20
70.14973329946662
  0
LWPOLYLINE
  5
506
330
1F
100
AcDbEntity
  8
TopSilkLayer
100
AcDbPolyline
 90
1
 70
 0
 43
0.25400050800101603 
 10
123.93185166370334
 20
68.24973329946661
 10
125.2718567437135
 20
68.24973329946661
  0
LWPOLYLINE
  5
507
330
1F
100
AcDbEntity
  8
TopSilkLayer
100
AcDbPolyline
 90
1
 70
 0
 43
0.25400050800101603 
 10
125.2718567437135
 20
70.14973329946662
 10
125.2718567437135
 20
68.24970789941581
  0
LWPOLYLINE
  5
508
330
1F
100
AcDbEntity
  8
TopSilkLayer
100
AcDbPolyline
 90
2
 70
 0
 43
0.25400050800101603 
 10
121.54173228346458
 20
68.23972567945137
 10
121.54173228346458
 20
68.23977647955297
 10
121.19179578359157
 20
68.58971297942595
  0
LWPOLYLINE
  5
509
330
1F
100
AcDbEntity
  8
TopSilkLayer
100
AcDbPolyline
 90
2
 70
 0
 43
0.25400050800101603 
 10
121.54173228346458
 20
70.13975107950216
 10
121.54173228346458
 20
70.13970027940056
 10
121.19179578359157
 20
69.78976377952756
  0
LWPOLYLINE
  5
50a
330
1F
100
AcDbEntity
  8
TopSilkLayer
100
AcDbPolyline
 90
1
 70
 0
 43
0.25400050800101603 
 10
122.79177038354078
 20
70.13975107950216
 10
121.54173228346458
 20
70.13975107950216
  0
LWPOLYLINE
  5
50b
330
1F
100
AcDbEntity
  8
TopSilkLayer
100
AcDbPolyline
 90
1
 70
 0
 43
0.25400050800101603 
 10
122.79177038354078
 20
68.23972567945137
 10
121.54173228346458
 20
68.23972567945137
  0
LWPOLYLINE
  5
50c
330
1F
100
AcDbEntity
  8
TopSilkLayer
100
AcDbPolyline
 90
1
 70
 0
 43
0.25400050800101603 
 10
121.19179578359157
 20
69.78976377952756
 10
121.19179578359157
 20
68.58971297942595
  0
LWPOLYLINE
  5
50d
330
1F
100
AcDbEntity
  8
TopSilkLayer
100
AcDbPolyline
 90
1
 70
 0
 43
0.25400050800101603 
 10
123.59184658369318
 20
69.68973837947676
 10
123.59184658369318
 20
68.68973837947678
  0
LWPOLYLINE
  5
50e
330
1F
100
AcDbEntity
  8
TopSilkLayer
100
AcDbPolyline
 90
1
 70
 0
 43
0.25400050800101603 
 10
123.59184658369318
 20
69.18468376936755
 10
123.09184658369318
 20
69.18468376936755
  0
LWPOLYLINE
  5
50f
330
1F
100
AcDbEntity
  8
TopSilkLayer
100
AcDbPolyline
 90
1
 70
 0
 43
0.25400050800101603 
 10
123.51272542545087
 20
123.93421386842775
 10
126.3215392430785
 20
123.93421386842775
  0
LWPOLYLINE
  5
510
330
1F
100
AcDbEntity
  8
TopSilkLayer
100
AcDbPolyline
 90
1
 70
 0
 43
0.25400050800101603 
 10
120.9725933451867
 20
123.93421386842775
 10
121.75044450088902
 20
123.93421386842775
  0
LWPOLYLINE
  5
511
330
1F
100
AcDbEntity
  8
TopSilkLayer
100
AcDbPolyline
 90
1
 70
 0
 43
0.25400050800101603 
 10
118.43274066548135
 20
123.93421386842775
 10
119.21031242062486
 20
123.93421386842775
  0
LWPOLYLINE
  5
512
330
1F
100
AcDbEntity
  8
TopSilkLayer
100
AcDbPolyline
 90
1
 70
 0
 43
0.25400050800101603 
 10
115.89260858521719
 20
123.93421386842775
 10
116.6704597409195
 20
123.93421386842775
  0
LWPOLYLINE
  5
513
330
1F
100
AcDbEntity
  8
TopSilkLayer
100
AcDbPolyline
 90
2
 70
 0
 43
0.25400050800101603 
 10
111.3215392430785
 20
125.80304800609603
 10
111.3215392430785
 20
123.93421386842775
 10
114.13032766065534
 20
123.93421386842775
  0
LWPOLYLINE
  5
514
330
1F
100
AcDbEntity
  8
TopSilkLayer
100
AcDbPolyline
 90
3
 70
 0
 43
0.25400050800101603 
 10
126.3215392430785
 20
129.2653289306579
 10
126.3215392430785
 20
129.93418846837696
 10
111.3215392430785
 20
129.93418846837696
 10
111.3215392430785
 20
129.2653289306579
  0
LWPOLYLINE
  5
515
330
1F
100
AcDbEntity
  8
TopSilkLayer
100
AcDbPolyline
 90
1
 70
 0
 43
0.25400050800101603 
 10
126.3215392430785
 20
123.93421386842775
 10
126.3215392430785
 20
125.80304800609603
  0
LWPOLYLINE
  5
516
330
1F
100
AcDbEntity
  8
TopSilkLayer
100
AcDbPolyline
 90
1
 70
 0
 43
0.25400050800101603 
 10
94.62659385318771
 20
140.96012192024386
 10
94.62659385318771
 20
134.68067056134115
  0
LWPOLYLINE
  5
517
330
1F
100
AcDbEntity
  8
TopSilkLayer
100
AcDbPolyline
 90
1
 70
 0
 43
0.25400050800101603 
 10
94.62659385318771
 20
140.96012192024386
 10
83.98656337312676
 20
140.96012192024386
  0
LWPOLYLINE
  5
518
330
1F
100
AcDbEntity
  8
TopSilkLayer
100
AcDbPolyline
 90
1
 70
 0
 43
0.25400050800101603 
 10
94.62659385318771
 20
136.37813055626114
 10
83.98656337312676
 20
136.37813055626114
  0
LWPOLYLINE
  5
519
330
1F
100
AcDbEntity
  8
TopSilkLayer
100
AcDbPolyline
 90
1
 70
 0
 43
0.25400050800101603 
 10
94.62659385318771
 20
139.21579883159768
 10
83.98656337312676
 20
139.21579883159768
  0
LWPOLYLINE
  5
51a
330
1F
100
AcDbEntity
  8
TopSilkLayer
100
AcDbPolyline
 90
1
 70
 0
 43
0.25400050800101603 
 10
83.98656337312676
 20
140.96012192024386
 10
83.98656337312676
 20
134.68067056134115
  0
LWPOLYLINE
  5
51b
330
1F
100
AcDbEntity
  8
TopSilkLayer
100
AcDbPolyline
 90
1
 70
 0
 43
0.25400050800101603 
 10
94.62659385318771
 20
134.68067056134115
 10
83.98656337312676
 20
134.68067056134115
  0
LWPOLYLINE
  5
51c
330
1F
100
AcDbEntity
  8
TopSilkLayer
100
AcDbPolyline
 90
4
 70
 1
 43
0.25400050800101603 
 10
84.92506985013972
 20
140.8686817373635
 10
86.13157226314455
 20
140.8686817373635
 10
86.13157226314455
 20
140.23368046736095
 10
84.92506985013972
 20
140.23368046736095
 10
84.92506985013972
 20
140.8686817373635
  0
LWPOLYLINE
  5
51d
330
1F
100
AcDbEntity
  8
TopSilkLayer
100
AcDbPolyline
 90
4
 70
 1
 43
0.25400050800101603 
 10
87.33807467614938
 20
140.8686817373635
 10
88.54457708915419
 20
140.8686817373635
 10
88.54457708915419
 20
140.23368046736095
 10
87.33807467614938
 20
140.23368046736095
 10
87.33807467614938
 20
140.8686817373635
  0
LWPOLYLINE
  5
51e
330
1F
100
AcDbEntity
  8
TopSilkLayer
100
AcDbPolyline
 90
4
 70
 1
 43
0.25400050800101603 
 10
89.87807975615954
 20
140.8686817373635
 10
91.08458216916435
 20
140.8686817373635
 10
91.08458216916435
 20
140.23368046736095
 10
89.87807975615954
 20
140.23368046736095
 10
89.87807975615954
 20
140.8686817373635
  0
LWPOLYLINE
  5
51f
330
1F
100
AcDbEntity
  8
TopSilkLayer
100
AcDbPolyline
 90
4
 70
 1
 43
0.25400050800101603 
 10
92.41808483616968
 20
140.8686817373635
 10
93.62458724917451
 20
140.8686817373635
 10
93.62458724917451
 20
140.23368046736095
 10
92.41808483616968
 20
140.23368046736095
 10
92.41808483616968
 20
140.8686817373635
  0
LWPOLYLINE
  5
520
330
1F
100
AcDbEntity
  8
TopSilkLayer
100
AcDbPolyline
 90
1
 70
 0
 43
0.25400050800101603 
 10
107.00269240538483
 20
123.93421386842775
 10
109.81150622301246
 20
123.93421386842775
  0
LWPOLYLINE
  5
521
330
1F
100
AcDbEntity
  8
TopSilkLayer
100
AcDbPolyline
 90
1
 70
 0
 43
0.25400050800101603 
 10
104.46256032512066
 20
123.93421386842775
 10
105.24041148082297
 20
123.93421386842775
  0
LWPOLYLINE
  5
522
330
1F
100
AcDbEntity
  8
TopSilkLayer
100
AcDbPolyline
 90
1
 70
 0
 43
0.25400050800101603 
 10
101.9227076454153
 20
123.93421386842775
 10
102.70027940055881
 20
123.93421386842775
  0
LWPOLYLINE
  5
523
330
1F
100
AcDbEntity
  8
TopSilkLayer
100
AcDbPolyline
 90
1
 70
 0
 43
0.25400050800101603 
 10
99.38257556515114
 20
123.93421386842775
 10
100.16042672085345
 20
123.93421386842775
  0
LWPOLYLINE
  5
524
330
1F
100
AcDbEntity
  8
TopSilkLayer
100
AcDbPolyline
 90
2
 70
 0
 43
0.25400050800101603 
 10
94.81150622301246
 20
125.80304800609603
 10
94.81150622301246
 20
123.93421386842775
 10
97.6202946405893
 20
123.93421386842775
  0
LWPOLYLINE
  5
525
330
1F
100
AcDbEntity
  8
TopSilkLayer
100
AcDbPolyline
 90
3
 70
 0
 43
0.25400050800101603 
 10
109.81150622301246
 20
129.2653289306579
 10
109.81150622301246
 20
129.93418846837696
 10
94.81150622301246
 20
129.93418846837696
 10
94.81150622301246
 20
129.2653289306579
  0
LWPOLYLINE
  5
526
330
1F
100
AcDbEntity
  8
TopSilkLayer
100
AcDbPolyline
 90
1
 70
 0
 43
0.25400050800101603 
 10
109.81150622301246
 20
123.93421386842775
 10
109.81150622301246
 20
125.80304800609603
  0
LWPOLYLINE
  5
527
330
1F
100
AcDbEntity
  8
TopSilkLayer
100
AcDbPolyline
 90
1
 70
 0
 43
0.25400050800101603 
 10
123.81752603505208
 20
137.34544069088142
 10
126.62633985267972
 20
137.34544069088142
  0
LWPOLYLINE
  5
528
330
1F
100
AcDbEntity
  8
TopSilkLayer
100
AcDbPolyline
 90
1
 70
 0
 43
0.25400050800101603 
 10
121.27739395478793
 20
137.34544069088142
 10
122.05524511049023
 20
137.34544069088142
  0
LWPOLYLINE
  5
529
330
1F
100
AcDbEntity
  8
TopSilkLayer
100
AcDbPolyline
 90
1
 70
 0
 43
0.25400050800101603 
 10
118.73754127508256
 20
137.34544069088142
 10
119.51511303022608
 20
137.34544069088142
  0
LWPOLYLINE
  5
52a
330
1F
100
AcDbEntity
  8
TopSilkLayer
100
AcDbPolyline
 90
1
 70
 0
 43
0.25400050800101603 
 10
116.1974091948184
 20
137.34544069088142
 10
116.97526035052073
 20
137.34544069088142
  0
LWPOLYLINE
  5
52b
330
1F
100
AcDbEntity
  8
TopSilkLayer
100
AcDbPolyline
 90
2
 70
 0
 43
0.25400050800101603 
 10
111.62633985267972
 20
139.21427482854966
 10
111.62633985267972
 20
137.34544069088142
 10
114.43512827025656
 20
137.34544069088142
  0
LWPOLYLINE
  5
52c
330
1F
100
AcDbEntity
  8
TopSilkLayer
100
AcDbPolyline
 90
3
 70
 0
 43
0.25400050800101603 
 10
126.62633985267972
 20
142.6765557531115
 10
126.62633985267972
 20
143.3454152908306
 10
111.62633985267972
 20
143.3454152908306
 10
111.62633985267972
 20
142.6765557531115
  0
LWPOLYLINE
  5
52d
330
1F
100
AcDbEntity
  8
TopSilkLayer
100
AcDbPolyline
 90
1
 70
 0
 43
0.25400050800101603 
 10
126.62633985267972
 20
137.34544069088142
 10
126.62633985267972
 20
139.21427482854966
  0
LWPOLYLINE
  5
52e
330
1F
100
AcDbEntity
  8
TopSilkLayer
100
AcDbPolyline
 90
1
 70
 0
 43
0.25400050800101603 
 10
71.15326390652783
 20
140.63271526543056
 10
68.34445008890017
 20
140.63271526543056
  0
LWPOLYLINE
  5
52f
330
1F
100
AcDbEntity
  8
TopSilkLayer
100
AcDbPolyline
 90
1
 70
 0
 43
0.25400050800101603 
 10
73.69339598679198
 20
140.63271526543056
 10
72.91554483108966
 20
140.63271526543056
  0
LWPOLYLINE
  5
530
330
1F
100
AcDbEntity
  8
TopSilkLayer
100
AcDbPolyline
 90
1
 70
 0
 43
0.25400050800101603 
 10
76.23324866649733
 20
140.63271526543056
 10
75.45567691135383
 20
140.63271526543056
  0
LWPOLYLINE
  5
531
330
1F
100
AcDbEntity
  8
TopSilkLayer
100
AcDbPolyline
 90
1
 70
 0
 43
0.25400050800101603 
 10
78.7733807467615
 20
140.63271526543056
 10
77.9955295910592
 20
140.63271526543056
  0
LWPOLYLINE
  5
532
330
1F
100
AcDbEntity
  8
TopSilkLayer
100
AcDbPolyline
 90
2
 70
 0
 43
0.25400050800101603 
 10
83.34445008890019
 20
138.76388112776226
 10
83.34445008890019
 20
140.63271526543056
 10
80.53566167132335
 20
140.63271526543056
  0
LWPOLYLINE
  5
533
330
1F
100
AcDbEntity
  8
TopSilkLayer
100
AcDbPolyline
 90
3
 70
 0
 43
0.25400050800101603 
 10
68.34445008890017
 20
135.30160020320042
 10
68.34445008890017
 20
134.63274066548135
 10
83.34445008890019
 20
134.63274066548135
 10
83.34445008890019
 20
135.30160020320042
  0
LWPOLYLINE
  5
534
330
1F
100
AcDbEntity
  8
TopSilkLayer
100
AcDbPolyline
 90
1
 70
 0
 43
0.25400050800101603 
 10
68.34445008890017
 20
140.63271526543056
 10
68.34445008890017
 20
138.76388112776226
  0
LWPOLYLINE
  5
535
330
1F
100
AcDbEntity
  8
TopSilkLayer
100
AcDbPolyline
 90
1
 70
 0
 43
0.25400050800101603 
 10
107.30749301498605
 20
137.2946405892812
 10
110.11630683261367
 20
137.2946405892812
  0
LWPOLYLINE
  5
536
330
1F
100
AcDbEntity
  8
TopSilkLayer
100
AcDbPolyline
 90
1
 70
 0
 43
0.25400050800101603 
 10
104.76736093472189
 20
137.2946405892812
 10
105.54521209042419
 20
137.2946405892812
  0
LWPOLYLINE
  5
537
330
1F
100
AcDbEntity
  8
TopSilkLayer
100
AcDbPolyline
 90
1
 70
 0
 43
0.25400050800101603 
 10
102.22750825501652
 20
137.2946405892812
 10
103.00508001016003
 20
137.2946405892812
  0
LWPOLYLINE
  5
538
330
1F
100
AcDbEntity
  8
TopSilkLayer
100
AcDbPolyline
 90
1
 70
 0
 43
0.25400050800101603 
 10
99.68737617475236
 20
137.2946405892812
 10
100.46522733045468
 20
137.2946405892812
  0
LWPOLYLINE
  5
539
330
1F
100
AcDbEntity
  8
TopSilkLayer
100
AcDbPolyline
 90
2
 70
 0
 43
0.25400050800101603 
 10
95.11630683261367
 20
139.1634747269495
 10
95.11630683261367
 20
137.2946405892812
 10
97.92509525019051
 20
137.2946405892812
  0
LWPOLYLINE
  5
53a
330
1F
100
AcDbEntity
  8
TopSilkLayer
100
AcDbPolyline
 90
3
 70
 0
 43
0.25400050800101603 
 10
110.11630683261367
 20
142.62575565151133
 10
110.11630683261367
 20
143.2946151892304
 10
95.11630683261367
 20
143.2946151892304
 10
95.11630683261367
 20
142.62575565151133
  0
LWPOLYLINE
  5
53b
330
1F
100
AcDbEntity
  8
TopSilkLayer
100
AcDbPolyline
 90
1
 70
 0
 43
0.25400050800101603 
 10
110.11630683261367
 20
137.2946405892812
 10
110.11630683261367
 20
139.1634747269495
  0
LWPOLYLINE
  5
53c
330
1F
100
AcDbEntity
  8
TopSilkLayer
100
AcDbPolyline
 90
1
 70
 0
 43
0.25400050800101603 
 10
104.57973075946153
 20
61.53695707391415
 10
101.7709169418339
 20
61.53695707391415
  0
LWPOLYLINE
  5
53d
330
1F
100
AcDbEntity
  8
TopSilkLayer
100
AcDbPolyline
 90
1
 70
 0
 43
0.25400050800101603 
 10
107.1198628397257
 20
61.53695707391415
 10
106.34201168402338
 20
61.53695707391415
  0
LWPOLYLINE
  5
53e
330
1F
100
AcDbEntity
  8
TopSilkLayer
100
AcDbPolyline
 90
1
 70
 0
 43
0.25400050800101603 
 10
109.65971551943105
 20
61.53695707391415
 10
108.88214376428753
 20
61.53695707391415
  0
LWPOLYLINE
  5
53f
330
1F
100
AcDbEntity
  8
TopSilkLayer
100
AcDbPolyline
 90
1
 70
 0
 43
0.25400050800101603 
 10
112.1998475996952
 20
61.53695707391415
 10
111.42199644399291
 20
61.53695707391415
  0
LWPOLYLINE
  5
540
330
1F
100
AcDbEntity
  8
TopSilkLayer
100
AcDbPolyline
 90
2
 70
 0
 43
0.25400050800101603 
 10
116.7709169418339
 20
59.66812293624588
 10
116.7709169418339
 20
61.53695707391415
 10
113.96212852425707
 20
61.53695707391415
  0
LWPOLYLINE
  5
541
330
1F
100
AcDbEntity
  8
TopSilkLayer
100
AcDbPolyline
 90
3
 70
 0
 43
0.25400050800101603 
 10
101.7709169418339
 20
56.20584201168403
 10
101.7709169418339
 20
55.536982473964954
 10
116.7709169418339
 20
55.536982473964954
 10
116.7709169418339
 20
56.20584201168403
  0
LWPOLYLINE
  5
542
330
1F
100
AcDbEntity
  8
TopSilkLayer
100
AcDbPolyline
 90
1
 70
 0
 43
0.25400050800101603 
 10
101.7709169418339
 20
61.53695707391415
 10
101.7709169418339
 20
59.66812293624588
  0
LWPOLYLINE
  5
543
330
1F
100
AcDbEntity
  8
TopSilkLayer
100
AcDbPolyline
 90
1
 70
 0
 43
0.25400050800101603 
 10
96.29237998475998
 20
119.63261366522735
 10
97.09235458470917
 20
119.63261366522735
  0
LWPOLYLINE
  5
544
330
1F
100
AcDbEntity
  8
TopSilkLayer
100
AcDbPolyline
 90
1
 70
 0
 43
0.25400050800101603 
 10
95.73192786385573
 20
119.63307086614175
 10
94.93195326390654
 20
119.63307086614175
  0
LWPOLYLINE
  5
545
330
1F
100
AcDbEntity
  8
TopSilkLayer
100
AcDbPolyline
 90
1
 70
 0
 43
0.25400050800101603 
 10
96.29237998475998
 20
118.21292862585726
 10
97.09235458470917
 20
118.21292862585726
  0
LWPOLYLINE
  5
546
330
1F
100
AcDbEntity
  8
TopSilkLayer
100
AcDbPolyline
 90
1
 70
 0
 43
0.25400050800101603 
 10
95.73192786385573
 20
118.21341122682247
 10
94.93195326390654
 20
118.21341122682247
  0
LWPOLYLINE
  5
547
330
1F
100
AcDbEntity
  8
TopSilkLayer
100
AcDbPolyline
 90
1
 70
 0
 43
0.25400050800101603 
 10
97.40210820421642
 20
119.3227838455677
 10
97.40210820421642
 20
118.52273304546611
  0
LWPOLYLINE
  5
548
330
1F
100
AcDbEntity
  8
TopSilkLayer
100
AcDbPolyline
 90
1
 70
 0
 43
0.25400050800101603 
 10
94.6221742443485
 20
118.52326644653292
 10
94.6221742443485
 20
119.32329184658371
  0
LWPOLYLINE
  5
549
330
1F
100
AcDbEntity
  8
TopSilkLayer
100
AcDbPolyline
 90
1
 70
 0
 43
0.15240030480060962 
 10
93.84538989077978
 20
115.98742697485396
 10
95.25539751079504
 20
115.98742697485396
  0
LWPOLYLINE
  5
54a
330
1F
100
AcDbEntity
  8
TopSilkLayer
100
AcDbPolyline
 90
1
 70
 0
 43
0.15240030480060962 
 10
95.25539751079504
 20
117.79464058928119
 10
93.84538989077978
 20
117.79464058928119
  0
LWPOLYLINE
  5
54b
330
1F
100
AcDbEntity
  8
TopSilkLayer
100
AcDbPolyline
 90
1
 70
 0
 43
0.15240030480060962 
 10
93.69298958597919
 20
117.6422402844806
 10
93.69298958597919
 20
116.13982727965458
  0
LWPOLYLINE
  5
54c
330
1F
100
AcDbEntity
  8
TopSilkLayer
100
AcDbPolyline
 90
1
 70
 0
 43
0.15240030480060962 
 10
97.46779273558549
 20
115.98742697485396
 10
96.05778511557025
 20
115.98742697485396
  0
LWPOLYLINE
  5
54d
330
1F
100
AcDbEntity
  8
TopSilkLayer
100
AcDbPolyline
 90
1
 70
 0
 43
0.15240030480060962 
 10
96.05778511557025
 20
117.79464058928119
 10
97.46779273558549
 20
117.79464058928119
  0
LWPOLYLINE
  5
54e
330
1F
100
AcDbEntity
  8
TopSilkLayer
100
AcDbPolyline
 90
1
 70
 0
 43
0.15240030480060962 
 10
97.62019304038608
 20
117.6422402844806
 10
97.62019304038608
 20
116.13982727965458
  0
LWPOLYLINE
  5
54f
330
1F
100
AcDbEntity
  8
TopSilkLayer
100
AcDbPolyline
 90
1
 70
 0
 43
0.25400050800101603 
 10
118.18564897129795
 20
75.33817627635257
 10
117.38567437134876
 20
75.33817627635257
  0
LWPOLYLINE
  5
550
330
1F
100
AcDbEntity
  8
TopSilkLayer
100
AcDbPolyline
 90
1
 70
 0
 43
0.25400050800101603 
 10
118.7461010922022
 20
75.33771907543816
 10
119.54607569215139
 20
75.33771907543816
  0
LWPOLYLINE
  5
551
330
1F
100
AcDbEntity
  8
TopSilkLayer
100
AcDbPolyline
 90
1
 70
 0
 43
0.25400050800101603 
 10
118.18564897129795
 20
76.75786131572264
 10
117.38567437134876
 20
76.75786131572264
  0
LWPOLYLINE
  5
552
330
1F
100
AcDbEntity
  8
TopSilkLayer
100
AcDbPolyline
 90
1
 70
 0
 43
0.25400050800101603 
 10
118.7461010922022
 20
76.75737871475744
 10
119.54607569215139
 20
76.75737871475744
  0
LWPOLYLINE
  5
553
330
1F
100
AcDbEntity
  8
TopSilkLayer
100
AcDbPolyline
 90
1
 70
 0
 43
0.25400050800101603 
 10
117.07592075184152
 20
75.6480060960122
 10
117.07592075184152
 20
76.4480568961138
  0
LWPOLYLINE
  5
554
330
1F
100
AcDbEntity
  8
TopSilkLayer
100
AcDbPolyline
 90
1
 70
 0
 43
0.25400050800101603 
 10
119.85585471170944
 20
76.44752349504701
 10
119.85585471170944
 20
75.64749809499621
  0
LWPOLYLINE
  5
555
330
1F
100
AcDbEntity
  8
TopSilkLayer
100
AcDbPolyline
 90
2
 70
 0
 43
0.15240030480060962 
 10
113.60149860299722
 20
76.9743459486919
 10
111.84909829819661
 20
76.9743459486919
 10
111.84909829819661
 20
75.93274066548135
  0
LWPOLYLINE
  5
556
330
1F
100
AcDbEntity
  8
TopSilkLayer
100
AcDbPolyline
 90
2
 70
 0
 43
0.15240030480060962 
 10
113.60149860299722
 20
73.90195580391162
 10
111.84909829819661
 20
73.90195580391162
 10
111.84909829819661
 20
74.94356108712218
  0
LWPOLYLINE
  5
557
330
1F
100
AcDbEntity
  8
TopSilkLayer
100
AcDbPolyline
 90
1
 70
 0
 43
0.15240030480060962 
 10
113.60149860299722
 20
75.89354838709677
 10
113.60149860299722
 20
74.98275336550675
  0
LWPOLYLINE
  5
558
330
1F
100
AcDbEntity
  8
TopSilkLayer
100
AcDbPolyline
 90
3
 70
 0
 43
0.15240030480060962 
 10
114.6464312928626
 20
72.41793243586488
 10
114.6464312928626
 20
71.69989839979682
 10
113.64922529845062
 20
71.69989839979682
 10
113.64922529845062
 20
72.41793243586488
  0
LWPOLYLINE
  5
559
330
1F
100
AcDbEntity
  8
TopSilkLayer
100
AcDbPolyline
 90
3
 70
 0
 43
0.15240030480060962 
 10
114.6464312928626
 20
72.87035814071629
 10
114.6464312928626
 20
73.58839217678435
 10
113.64922529845062
 20
73.58839217678435
 10
113.64922529845062
 20
72.87035814071629
  0
LWPOLYLINE
  5
55a
330
1F
100
AcDbEntity
  8
TopSilkLayer
100
AcDbPolyline
 90
3
 70
 0
 43
0.15240030480060962 
 10
119.59283718567438
 20
70.12715265430532
 10
119.59283718567438
 20
70.8451866903734
 10
120.59004318008637
 20
70.8451866903734
 10
120.59004318008637
 20
70.12715265430532
  0
LWPOLYLINE
  5
55b
330
1F
100
AcDbEntity
  8
TopSilkLayer
100
AcDbPolyline
 90
3
 70
 0
 43
0.15240030480060962 
 10
119.59283718567438
 20
69.6747269494539
 10
119.59283718567438
 20
68.95669291338584
 10
120.59004318008637
 20
68.95669291338584
 10
120.59004318008637
 20
69.6747269494539
  0
LWPOLYLINE
  5
55c
330
1F
100
AcDbEntity
  8
TopSilkLayer
100
AcDbPolyline
 90
1
 70
 0
 43
0.25400050800101603 
 10
116.02743205486412
 20
72.03454406908816
 10
117.65303530607062
 20
72.03454406908816
  0
LWPOLYLINE
  5
55d
330
1F
100
AcDbEntity
  8
TopSilkLayer
100
AcDbPolyline
 90
1
 70
 0
 43
0.25400050800101603 
 10
117.65303530607062
 20
69.18973837947676
 10
116.02743205486412
 20
69.18973837947676
  0
LWPOLYLINE
  5
55e
330
1F
100
AcDbEntity
  8
TopSilkLayer
100
AcDbPolyline
 90
1
 70
 0
 43
0.25400050800101603 
 10
116.02743205486412
 20
70.07874015748031
 10
116.02743205486412
 20
71.1455422910846
  0
LWPOLYLINE
  5
55f
330
1F
100
AcDbEntity
  8
TopSilkLayer
100
AcDbPolyline
 90
1
 70
 0
 43
0.25400050800101603 
 10
117.65303530607062
 20
70.18034036068073
 10
117.65303530607062
 20
70.07874015748031
  0
LWPOLYLINE
  5
560
330
1F
100
AcDbEntity
  8
TopSilkLayer
100
AcDbPolyline
 90
1
 70
 0
 43
0.25400050800101603 
 10
117.65303530607062
 20
71.1455422910846
 10
117.65303530607062
 20
71.04394208788418
  0
LWPOLYLINE
  5
561
330
1F
100
AcDbEntity
  8
TopSilkLayer
100
AcDbPolyline
 90
1
 70
 0
 43
0.25400050800101603 
 10
117.65303530607062
 20
69.29133858267717
 10
117.65303530607062
 20
69.18973837947676
  0
LWPOLYLINE
  5
562
330
1F
100
AcDbEntity
  8
TopSilkLayer
100
AcDbPolyline
 90
1
 70
 0
 43
0.25400050800101603 
 10
117.65303530607062
 20
72.03454406908816
 10
117.65303530607062
 20
71.93294386588774
  0
LWPOLYLINE
  5
563
330
1F
100
AcDbEntity
  8
TopSilkLayer
100
AcDbPolyline
 90
1
 70
 0
 43
0.25400050800101603 
 10
116.02743205486412
 20
71.93294386588774
 10
116.02743205486412
 20
72.03454406908816
  0
LWPOLYLINE
  5
564
330
1F
100
AcDbEntity
  8
TopSilkLayer
100
AcDbPolyline
 90
1
 70
 0
 43
0.25400050800101603 
 10
116.02743205486412
 20
69.18973837947676
 10
116.02743205486412
 20
69.29133858267717
  0
LWPOLYLINE
  5
565
330
1F
100
AcDbEntity
  8
TopSilkLayer
100
AcDbPolyline
 90
3
 70
 0
 43
0.15240030480060962 
 10
74.85633731267464
 20
100.7967995935992
 10
74.13830327660656
 20
100.7967995935992
 10
74.13830327660656
 20
101.79400558801119
 10
74.85633731267464
 20
101.79400558801119
  0
LWPOLYLINE
  5
566
330
1F
100
AcDbEntity
  8
TopSilkLayer
100
AcDbPolyline
 90
3
 70
 0
 43
0.15240030480060962 
 10
75.30876301752603
 20
100.7967995935992
 10
76.02679705359411
 20
100.7967995935992
 10
76.02679705359411
 20
101.79400558801119
 10
75.30876301752603
 20
101.79400558801119
  0
LWPOLYLINE
  5
567
330
1F
100
AcDbEntity
  8
TopSilkLayer
100
AcDbPolyline
 90
3
 70
 0
 43
0.15240030480060962 
 10
77.29474218948438
 20
101.86360172720346
 10
76.57670815341632
 20
101.86360172720346
 10
76.57670815341632
 20
102.86080772161546
 10
77.29474218948438
 20
102.86080772161546
  0
LWPOLYLINE
  5
568
330
1F
100
AcDbEntity
  8
TopSilkLayer
100
AcDbPolyline
 90
3
 70
 0
 43
0.15240030480060962 
 10
77.7471678943358
 20
101.86360172720346
 10
78.46520193040388
 20
101.86360172720346
 10
78.46520193040388
 20
102.86080772161546
 10
77.7471678943358
 20
102.86080772161546
  0
LWPOLYLINE
  5
569
330
1F
100
AcDbEntity
  8
TopSilkLayer
100
AcDbPolyline
 90
1
 70
 0
 43
0.2 
 10
118.08481076962155
 20
73.35537211074423
 10
118.08481076962155
 20
74.35537211074423
  0
LWPOLYLINE
  5
56a
330
1F
100
AcDbEntity
  8
TopSilkLayer
100
AcDbPolyline
 90
1
 70
 0
 43
0.2 
 10
116.30680721361445
 20
73.35537211074423
 10
116.30680721361445
 20
74.35537211074423
  0
LWPOLYLINE
  5
56b
330
1F
100
AcDbEntity
  8
TopSilkLayer
100
AcDbPolyline
 90
3
 70
 0
 43
0.15240030480060962 
 10
124.43723647447297
 20
70.92633985267972
 10
123.71920243840489
 20
70.92633985267972
 10
123.71920243840489
 20
71.9235458470917
 10
124.43723647447297
 20
71.9235458470917
  0
LWPOLYLINE
  5
56c
330
1F
100
AcDbEntity
  8
TopSilkLayer
100
AcDbPolyline
 90
3
 70
 0
 43
0.15240030480060962 
 10
124.88966217932438
 20
70.92633985267972
 10
125.60769621539244
 20
70.92633985267972
 10
125.60769621539244
 20
71.9235458470917
 10
124.88966217932438
 20
71.9235458470917
  0
LWPOLYLINE
  5
56d
330
1F
100
AcDbEntity
  8
TopSilkLayer
100
AcDbPolyline
 90
3
 70
 0
 43
0.15240030480060962 
 10
97.15758191516385
 20
74.12674625349251
 10
96.43954787909577
 20
74.12674625349251
 10
96.43954787909577
 20
75.1239522479045
 10
97.15758191516385
 20
75.1239522479045
  0
LWPOLYLINE
  5
56e
330
1F
100
AcDbEntity
  8
TopSilkLayer
100
AcDbPolyline
 90
3
 70
 0
 43
0.15240030480060962 
 10
97.61000762001525
 20
74.12674625349251
 10
98.32804165608333
 20
74.12674625349251
 10
98.32804165608333
 20
75.1239522479045
 10
97.61000762001525
 20
75.1239522479045
  0
LWPOLYLINE
  5
56f
330
1F
100
AcDbEntity
  8
TopSilkLayer
100
AcDbPolyline
 90
3
 70
 0
 43
0.15240030480060962 
 10
97.15758191516385
 20
75.29514859029719
 10
96.43954787909577
 20
75.29514859029719
 10
96.43954787909577
 20
76.29235458470917
 10
97.15758191516385
 20
76.29235458470917
  0
LWPOLYLINE
  5
570
330
1F
100
AcDbEntity
  8
TopSilkLayer
100
AcDbPolyline
 90
3
 70
 0
 43
0.15240030480060962 
 10
97.61000762001525
 20
75.29514859029719
 10
98.32804165608333
 20
75.29514859029719
 10
98.32804165608333
 20
76.29235458470917
 10
97.61000762001525
 20
76.29235458470917
  0
LWPOLYLINE
  5
571
330
1F
100
AcDbEntity
  8
TopSilkLayer
100
AcDbPolyline
 90
3
 70
 0
 43
0.15240030480060962 
 10
96.54320548641098
 20
110.73482346964695
 10
97.26123952247906
 20
110.73482346964695
 10
97.26123952247906
 20
109.73761747523496
 10
96.54320548641098
 20
109.73761747523496
  0
LWPOLYLINE
  5
572
330
1F
100
AcDbEntity
  8
TopSilkLayer
100
AcDbPolyline
 90
3
 70
 0
 43
0.15240030480060962 
 10
96.09077978155958
 20
110.73482346964695
 10
95.37274574549151
 20
110.73482346964695
 10
95.37274574549151
 20
109.73761747523496
 10
96.09077978155958
 20
109.73761747523496
  0
LWPOLYLINE
  5
573
330
1F
100
AcDbEntity
  8
TopSilkLayer
100
AcDbPolyline
 90
1
 70
 0
 43
0.25400050800101603 
 10
108.20142240284481
 20
117.097078994158
 10
114.20142240284481
 20
117.097078994158
  0
LWPOLYLINE
  5
574
330
1F
100
AcDbEntity
  8
TopSilkLayer
100
AcDbPolyline
 90
1
 70
 0
 43
0.25400050800101603 
 10
108.20142240284481
 20
111.09707899415801
 10
114.20142240284481
 20
111.09707899415801
  0
LWPOLYLINE
  5
575
330
1F
100
AcDbEntity
  8
TopSilkLayer
100
AcDbPolyline
 90
1
 70
 0
 43
0.25400050800101603 
 10
108.20142240284481
 20
117.097078994158
 10
108.20142240284481
 20
111.09707899415801
  0
LWPOLYLINE
  5
576
330
1F
100
AcDbEntity
  8
TopSilkLayer
100
AcDbPolyline
 90
1
 70
 0
 43
0.25400050800101603 
 10
114.20142240284481
 20
117.097078994158
 10
114.20142240284481
 20
111.09707899415801
  0
LWPOLYLINE
  5
577
330
1F
100
AcDbEntity
  8
TopSilkLayer
100
AcDbPolyline
 90
5
 70
 0
 43
0.20320040640081283 
 10
68.45313690627383
 20
81.22936245872494
 10
66.29413258826519
 20
81.22936245872494
 10
66.29413258826519
 20
78.68935737871477
 10
104.90220980441963
 20
78.68935737871477
 10
104.90220980441963
 20
81.22936245872494
 10
104.6482092964186
 20
81.22936245872494
  0
LWPOLYLINE
  5
578
330
1F
100
AcDbEntity
  8
TopSilkLayer
100
AcDbPolyline
 90
1
 70
 0
 43
0.20299974599949203 
 10
104.6482092964186
 20
81.22936245872494
 10
68.45313690627383
 20
81.22936245872494
  0
LWPOLYLINE
  5
579
330
1F
100
AcDbEntity
  8
TopSilkLayer
100
AcDbPolyline
 90
5
 70
 0
 43
0.20320040640081283 
 10
68.45313690627383
 20
109.01701803403608
 10
66.29413258826519
 20
109.01701803403608
 10
66.29413258826519
 20
106.47701295402592
 10
104.90220980441963
 20
106.47701295402592
 10
104.90220980441963
 20
109.01701803403608
 10
104.6482092964186
 20
109.01701803403608
  0
LWPOLYLINE
  5
57a
330
1F
100
AcDbEntity
  8
TopSilkLayer
100
AcDbPolyline
 90
1
 70
 0
 43
0.20299974599949203 
 10
104.6482092964186
 20
109.01701803403608
 10
68.45313690627383
 20
109.01701803403608
  0
LWPOLYLINE
  5
57b
330
1F
100
AcDbEntity
  8
TopSilkLayer
100
AcDbPolyline
 90
1
 70
 0
 43
0.25400050800101603 
 10
99.99301498602999
 20
73.55191770383541
 10
99.99301498602999
 20
72.75189230378462
  0
LWPOLYLINE
  5
57c
330
1F
100
AcDbEntity
  8
TopSilkLayer
100
AcDbPolyline
 90
1
 70
 0
 43
0.25400050800101603 
 10
98.88326136652275
 20
73.86177292354586
 10
99.68323596647194
 20
73.86177292354586
  0
LWPOLYLINE
  5
57d
330
1F
100
AcDbEntity
  8
TopSilkLayer
100
AcDbPolyline
 90
1
 70
 0
 43
0.25400050800101603 
 10
98.88326136652275
 20
72.44211328422658
 10
99.68323596647194
 20
72.44211328422658
  0
LWPOLYLINE
  5
57e
330
1F
100
AcDbEntity
  8
TopSilkLayer
100
AcDbPolyline
 90
1
 70
 0
 43
0.25400050800101603 
 10
98.30736601473204
 20
73.86758953517909
 10
97.50736601473204
 20
73.86758953517909
  0
LWPOLYLINE
  5
57f
330
1F
100
AcDbEntity
  8
TopSilkLayer
100
AcDbPolyline
 90
1
 70
 0
 43
0.25400050800101603 
 10
97.1975361950724
 20
73.55775971551944
 10
97.1975361950724
 20
72.75778511557024
  0
LWPOLYLINE
  5
580
330
1F
100
AcDbEntity
  8
TopSilkLayer
100
AcDbPolyline
 90
1
 70
 0
 43
0.25400050800101603 
 10
98.30736601473204
 20
72.4479806959614
 10
97.50736601473204
 20
72.4479806959614
  0
LWPOLYLINE
  5
581
330
1F
100
AcDbEntity
  8
TopSilkLayer
100
AcDbPolyline
 90
3
 70
 0
 43
0.25400050800101603 
 10
83.7185674371349
 20
55.222250444500894
 10
83.7185674371349
 20
55.646431292862594
 10
92.08458216916435
 20
55.646913893827794
 10
95.0215900431801
 20
54.74980949961901
  0
LWPOLYLINE
  5
582
330
1F
100
AcDbEntity
  8
TopSilkLayer
100
AcDbPolyline
 90
3
 70
 0
 43
0.25400050800101603 
 10
83.7185674371349
 20
57.7969265938532
 10
83.7185674371349
 20
54.748920497841006
 10
98.45059690119382
 20
54.748920497841006
 10
98.45059690119382
 20
57.6469138938278
  0
LWPOLYLINE
  5
583
330
1F
100
AcDbEntity
  8
TopSilkLayer
100
AcDbPolyline
 90
1
 70
 0
 43
0.25400050800101603 
 10
98.45059690119382
 20
60.14640589281179
 10
98.45059690119382
 20
67.63942087884176
  0
LWPOLYLINE
  5
584
330
1F
100
AcDbEntity
  8
TopSilkLayer
100
AcDbPolyline
 90
1
 70
 0
 43
0.25400050800101603 
 10
83.7185674371349
 20
67.7190754381509
 10
83.7185674371349
 20
60.20993141986285
  0
LWPOLYLINE
  5
585
330
1F
100
AcDbEntity
  8
TopSilkLayer
100
AcDbPolyline
 90
1
 70
 0
 43
0.10160020320040641 
 10
93.8707137414275
 20
69.28524257048515
 10
96.96977393954789
 20
69.28625857251714
  0
LWPOLYLINE
  5
586
330
1F
100
AcDbEntity
  8
TopSilkLayer
100
AcDbPolyline
 90
3
 70
 0
 43
0.15240030480060962 
 10
107.32661925323852
 20
67.45024130048262
 10
108.68653797307597
 20
67.45024130048262
 10
108.68653797307597
 20
69.60843281686564
 10
107.32661925323852
 20
69.60843281686564
  0
LWPOLYLINE
  5
587
330
1F
100
AcDbEntity
  8
TopSilkLayer
100
AcDbPolyline
 90
3
 70
 0
 43
0.15240030480060962 
 10
105.4242062484125
 20
67.45024130048262
 10
104.06428752857506
 20
67.45024130048262
 10
104.06428752857506
 20
69.60843281686564
 10
105.4242062484125
 20
69.60843281686564
  0
LWPOLYLINE
  5
588
330
1F
100
AcDbEntity
  8
TopSilkLayer
100
AcDbPolyline
 90
3
 70
 0
 43
0.15240030480060962 
 10
105.95501651003303
 20
69.78704597409195
 10
107.31493522987047
 20
69.78704597409195
 10
107.31493522987047
 20
71.945237490475
 10
105.95501651003303
 20
71.945237490475
  0
LWPOLYLINE
  5
589
330
1F
100
AcDbEntity
  8
TopSilkLayer
100
AcDbPolyline
 90
3
 70
 0
 43
0.15240030480060962 
 10
104.05260350520703
 20
69.78704597409195
 10
102.6926847853696
 20
69.78704597409195
 10
102.6926847853696
 20
71.945237490475
 10
104.05260350520703
 20
71.945237490475
  0
ARC
  5
58a
330
1F
100
AcDbEntity
  8
TopSilkLayer
100
AcDbCircle
 10
104.45440690881384
 20
72.44064008128018
 30
0.0
 40
0.15240030480060962
100
AcDbArc
 50
180
 51
270
  0
ARC
  5
58b
330
1F
100
AcDbEntity
  8
TopSilkLayer
100
AcDbCircle
 10
105.1468122936246
 20
72.44064008128018
 30
0.0
 40
0.15240030480060962
100
AcDbArc
 50
270
 51
0
  0
ARC
  5
58c
330
1F
100
AcDbEntity
  8
TopSilkLayer
100
AcDbCircle
 10
104.45440690881384
 20
74.4732537465075
 30
0.0
 40
0.15240030480060962
100
AcDbArc
 50
90
 51
180
  0
ARC
  5
58d
330
1F
100
AcDbEntity
  8
TopSilkLayer
100
AcDbCircle
 10
105.1468122936246
 20
74.4732537465075
 30
0.0
 40
0.15240030480060962
100
AcDbArc
 50
359.99999999999784
 51
90
  0
ARC
  5
58e
330
1F
100
AcDbEntity
  8
TopSilkLayer
100
AcDbCircle
 10
97.50731521463042
 20
71.83055626111253
 30
0.0
 40
0.30982981965963935
100
AcDbArc
 50
90
 51
180
  0
ARC
  5
58f
330
1F
100
AcDbEntity
  8
TopSilkLayer
100
AcDbCircle
 10
97.50731521358927
 20
71.03055626111254
 30
0.0
 40
0.30982981965963935
100
AcDbArc
 50
179.99530285460116
 51
270
  0
ARC
  5
590
330
1F
100
AcDbEntity
  8
TopSilkLayer
100
AcDbCircle
 10
99.6831851674115
 20
71.82473964947933
 30
0.0
 40
0.30982981965963935
100
AcDbArc
 50
359.99530285460116
 51
90
  0
ARC
  5
591
330
1F
100
AcDbEntity
  8
TopSilkLayer
100
AcDbCircle
 10
99.68318516637035
 20
71.02473964947932
 30
0.0
 40
0.30982981965963935
100
AcDbArc
 50
270
 51
0
  0
ARC
  5
592
330
1F
100
AcDbEntity
  8
TopSilkLayer
100
AcDbCircle
 10
94.93200406296697
 20
118.52324104648211
 30
0.0
 40
0.30982981965963935
100
AcDbArc
 50
179.99530285460116
 51
270
  0
ARC
  5
593
330
1F
100
AcDbEntity
  8
TopSilkLayer
100
AcDbCircle
 10
94.93200406400813
 20
119.32324104648211
 30
0.0
 40
0.30982981965963935
100
AcDbArc
 50
90
 51
180
  0
ARC
  5
594
330
1F
100
AcDbEntity
  8
TopSilkLayer
100
AcDbCircle
 10
97.09227838455678
 20
119.32278384660886
 30
0.0
 40
0.30982981965963935
100
AcDbArc
 50
359.9999998074615
 51
90
  0
ARC
  5
595
330
1F
100
AcDbEntity
  8
TopSilkLayer
100
AcDbCircle
 10
97.09227838872158
 20
118.52275844447608
 30
0.0
 40
0.30982981965963935
100
AcDbArc
 50
270
 51
0.009394483303464608
  0
ARC
  5
596
330
1F
100
AcDbEntity
  8
TopSilkLayer
100
AcDbCircle
 10
93.8453898907798
 20
117.64224028448058
 30
0.0
 40
0.15240030480060962
100
AcDbArc
 50
90
 51
179.99999999999676
  0
ARC
  5
597
330
1F
100
AcDbEntity
  8
TopSilkLayer
100
AcDbCircle
 10
93.8453898907798
 20
116.13982727965458
 30
0.0
 40
0.15240030480060962
100
AcDbArc
 50
180
 51
270
  0
ARC
  5
598
330
1F
100
AcDbEntity
  8
TopSilkLayer
100
AcDbCircle
 10
97.46779273558549
 20
117.64224028448058
 30
0.0
 40
0.15240030480060962
100
AcDbArc
 50
0
 51
90
  0
ARC
  5
599
330
1F
100
AcDbEntity
  8
TopSilkLayer
100
AcDbCircle
 10
97.46779273558549
 20
116.13982727965458
 30
0.0
 40
0.15240030480060962
100
AcDbArc
 50
270
 51
0
  0
ARC
  5
59a
330
1F
100
AcDbEntity
  8
TopSilkLayer
100
AcDbCircle
 10
119.54602489309097
 20
76.4475488950978
 30
0.0
 40
0.30982981965963935
100
AcDbArc
 50
359.99530285460116
 51
90
  0
ARC
  5
59b
330
1F
100
AcDbEntity
  8
TopSilkLayer
100
AcDbCircle
 10
119.54602489204981
 20
75.64754889509781
 30
0.0
 40
0.30982981965963935
100
AcDbArc
 50
270
 51
0
  0
ARC
  5
59c
330
1F
100
AcDbEntity
  8
TopSilkLayer
100
AcDbCircle
 10
117.38575057150116
 20
75.64800609497105
 30
0.0
 40
0.30982981965963935
100
AcDbArc
 50
179.99999980746418
 51
270
  0
ARC
  5
59d
330
1F
100
AcDbEntity
  8
TopSilkLayer
100
AcDbCircle
 10
117.38575056733637
 20
76.4480314971038
 30
0.0
 40
0.30982981965963935
100
AcDbArc
 50
90
 51
180.00939448330345
  0
ARC
  5
59e
330
1F
100
AcDbEntity
  8
TopSilkLayer
100
AcDbCircle
 10
97.50731521463042
 20
73.55775971551945
 30
0.0
 40
0.30982981965963935
100
AcDbArc
 50
90
 51
180
  0
ARC
  5
59f
330
1F
100
AcDbEntity
  8
TopSilkLayer
100
AcDbCircle
 10
97.50731521358927
 20
72.75775971551944
 30
0.0
 40
0.30982981965963935
100
AcDbArc
 50
179.99530285460116
 51
270
  0
ARC
  5
5a0
330
1F
100
AcDbEntity
  8
TopSilkLayer
100
AcDbCircle
 10
99.6831851674115
 20
73.55194310388622
 30
0.0
 40
0.30982981965963935
100
AcDbArc
 50
359.99530285460116
 51
90
  0
ARC
  5
5a1
330
1F
100
AcDbEntity
  8
TopSilkLayer
100
AcDbCircle
 10
99.68318516637035
 20
72.75194310388623
 30
0.0
 40
0.30982981965963935
100
AcDbArc
 50
270
 51
0
0
TEXT
5
b23
100
AcDbEntity
8
BottomLayer
7

461
0.9000000000000001
100
AcDbText
10
89.56057912115826
20
55.5245110490221
30
0
40
0.9000000000000001
1
Techlanto
50
0
71
2
100
AcDbText
0
TEXT
5
b24
100
AcDbEntity
8
BottomSilkLayer
7

461
1
100
AcDbText
10
107.93141986283973
20
70.71424942849886
30
0
40
1
1
-  +
50
270
71
2
100
AcDbText
0
TEXT
5
b25
100
AcDbEntity
8
BottomSilkLayer
7

461
2.0320040640081283
100
AcDbText
10
135.58547117094236
20
106.52781305562613
30
0
40
2.0320040640081283
1
Elemental
50
90
71
2
100
AcDbText
0
TEXT
5
b26
100
AcDbEntity
8
BottomSilkLayer
7

461
2.0320040640081283
100
AcDbText
10
84.32816865633733
20
56.083312166624346
30
0
40
2.0320040640081283
1
v4.2
50
0
71
2
100
AcDbText
0
TEXT
5
b27
100
AcDbEntity
8
Document
7

461
1.27000254000508
100
AcDbText
10
63.96723393446788
20
68.75615951231903
30
0
40
1.27000254000508
1
JP1
50
0
71
1
100
AcDbText
0
TEXT
5
b28
100
AcDbEntity
8
TopSilkLayer
7

461
1.0160020320040641
100
AcDbText
10
101.498602997206
20
81.99136398272798
30
0
40
1.0160020320040641
1
RST
50
90
71
1
100
AcDbText
0
TEXT
5
b29
100
AcDbEntity
8
TopSilkLayer
7

461
1.0160020320040641
100
AcDbText
10
73.50774701549403
20
82.09296418592838
30
0
40
1.0160020320040641
1
3V3
50
90
71
1
100
AcDbText
0
TEXT
5
b2a
100
AcDbEntity
8
TopSilkLayer
7

461
1.0160020320040641
100
AcDbText
10
98.65379730759462
20
82.24536449072899
30
0
40
1.0160020320040641
1
0
50
90
71
1
100
AcDbText
0
TEXT
5
b2b
100
AcDbEntity
8
TopSilkLayer
7

461
1.0160020320040641
100
AcDbText
10
75.94615189230379
20
81.94056388112777
30
0
40
1.0160020320040641
1
GND
50
90
71
1
100
AcDbText
0
TEXT
5
b2c
100
AcDbEntity
8
TopSilkLayer
7

461
1.0160020320040641
100
AcDbText
10
96.21539243078487
20
81.99136398272798
30
0
40
1.0160020320040641
1
SVN
50
90
71
1
100
AcDbText
0
TEXT
5
b2d
100
AcDbEntity
8
TopSilkLayer
7

461
1.0160020320040641
100
AcDbText
10
73.35534671069344
20
100.27940055880113
30
0
40
1.0160020320040641
1
Dog/32
50
90
71
1
100
AcDbText
0
TEXT
5
b2e
100
AcDbEntity
8
TopSilkLayer
7

461
1.0160020320040641
100
AcDbText
10
75.8953517907036
20
102.15900431800864
30
0
40
1.0160020320040641
1
B/33
50
90
71
1
100
AcDbText
0
TEXT
5
b2f
100
AcDbEntity
8
TopSilkLayer
7

461
1.0160020320040641
100
AcDbText
10
78.43535687071376
20
104.14020828041657
30
0
40
1.0160020320040641
1
34
50
90
71
1
100
AcDbText
0
TEXT
5
b30
100
AcDbEntity
8
TopSilkLayer
7

461
1.0160020320040641
100
AcDbText
10
93.82778765557532
20
81.94056388112777
30
0
40
1.0160020320040641
1
SVP
50
90
71
1
100
AcDbText
0
TEXT
5
b31
100
AcDbEntity
8
TopSilkLayer
7

461
1.0160020320040641
100
AcDbText
10
91.18618237236475
20
81.94056388112777
30
0
40
1.0160020320040641
1
SS
50
90
71
1
100
AcDbText
0
TEXT
5
b32
100
AcDbEntity
8
TopSilkLayer
7

461
1.0160020320040641
100
AcDbText
10
88.59537719075439
20
81.99136398272798
30
0
40
1.0160020320040641
1
SCK
50
90
71
1
100
AcDbText
0
TEXT
5
b33
100
AcDbEntity
8
TopSilkLayer
7

461
1.0160020320040641
100
AcDbText
10
83.46456692913388
20
81.94056388112777
30
0
40
1.0160020320040641
1
MOSI
50
90
71
1
100
AcDbText
0
TEXT
5
b34
100
AcDbEntity
8
TopSilkLayer
7

461
1.0160020320040641
100
AcDbText
10
86.15697231394464
20
82.14376428752858
30
0
40
1.0160020320040641
1
MISO
50
90
71
1
100
AcDbText
0
TEXT
5
b35
100
AcDbEntity
8
TopSilkLayer
7

461
1.0160020320040641
100
AcDbText
10
70.86614173228347
20
82.3469646939294
30
0
40
1.0160020320040641
1
RX
50
90
71
1
100
AcDbText
0
TEXT
5
b36
100
AcDbEntity
8
TopSilkLayer
7

461
1.0160020320040641
100
AcDbText
10
68.27533655067312
20
82.09296418592838
30
0
40
1.0160020320040641
1
TX
50
90
71
1
100
AcDbText
0
TEXT
5
b37
100
AcDbEntity
8
TopSilkLayer
7

461
1.0160020320040641
100
AcDbText
10
93.72618745237492
20
101.4478028956058
30
0
40
1.0160020320040641
1
CD/12
50
90
71
1
100
AcDbText
0
TEXT
5
b38
100
AcDbEntity
8
TopSilkLayer
7

461
1.0160020320040641
100
AcDbText
10
81.07696215392431
20
104.03860807721617
30
0
40
1.0160020320040641
1
25
50
90
71
1
100
AcDbText
0
TEXT
5
b39
100
AcDbEntity
8
TopSilkLayer
7

461
1.0160020320040641
100
AcDbText
10
103.88620777241556
20
81.83896367792737
30
0
40
1.0160020320040641
1
+5v
50
90
71
1
100
AcDbText
0
TEXT
5
b3a
100
AcDbEntity
8
TopSilkLayer
7

461
1.0160020320040641
100
AcDbText
10
83.46456692913388
20
104.03860807721617
30
0
40
1.0160020320040641
1
26
50
90
71
1
100
AcDbText
0
TEXT
5
b3b
100
AcDbEntity
8
TopSilkLayer
7

461
1.0160020320040641
100
AcDbText
10
86.25857251714505
20
104.03860807721617
30
0
40
1.0160020320040641
1
27
50
90
71
1
100
AcDbText
0
TEXT
5
b3c
100
AcDbEntity
8
TopSilkLayer
7

461
1.0160020320040641
100
AcDbText
10
88.54457708915419
20
104.6990093980188
30
0
40
1.0160020320040641
1
4
50
90
71
1
100
AcDbText
0
TEXT
5
b3d
100
AcDbEntity
8
TopSilkLayer
7

461
1.0160020320040641
100
AcDbText
10
90.98298196596394
20
101.244602489205
30
0
40
1.0160020320040641
1
IND/14
50
90
71
1
100
AcDbText
0
TEXT
5
b3e
100
AcDbEntity
8
TopSilkLayer
7

461
1.0160020320040641
100
AcDbText
10
96.4185928371857
20
101.70180340360682
30
0
40
1.0160020320040641
1
SW/2
50
90
71
1
100
AcDbText
0
TEXT
5
b3f
100
AcDbEntity
8
TopSilkLayer
7

461
1.0160020320040641
100
AcDbText
10
98.85699771399544
20
97.68859537719078
30
0
40
1.0160020320040641
1
SDI12-L/13
50
90
71
1
100
AcDbText
0
TEXT
5
b40
100
AcDbEntity
8
TopSilkLayer
7

461
1.0160020320040641
100
AcDbText
10
101.3970027940056
20
99.7713995427991
30
0
40
1.0160020320040641
1
SDI12/15
50
90
71
1
100
AcDbText
0
TEXT
5
b41
100
AcDbEntity
8
TopSilkLayer
7

461
1.0160020320040641
100
AcDbText
10
78.38455676911356
20
81.94056388112777
30
0
40
1.0160020320040641
1
SCL
50
90
71
1
100
AcDbText
0
TEXT
5
b42
100
AcDbEntity
8
TopSilkLayer
7

461
1.0160020320040641
100
AcDbText
10
80.97536195072391
20
82.04216408432818
30
0
40
1.0160020320040641
1
SDA
50
90
71
1
100
AcDbText
0
TEXT
5
b43
100
AcDbEntity
8
TopSilkLayer
7

461
1.7780035560071124
100
AcDbText
10
135.02667005334013
20
112.11582423164847
30
0
40
1.7780035560071124
1
Elemental4
50
90
71
1
100
AcDbText
0
TEXT
5
b44
100
AcDbEntity
8
TopSilkLayer
7

461
0.8
100
AcDbText
10
80.92456184912372
20
64.46532893065788
30
0
40
0.8
1
Built with Love in TL
50
180
71
1
100
AcDbText
0
TEXT
5
b45
100
AcDbEntity
8
TopSilkLayer
7

461
1
100
AcDbText
10
103.88620777241556
20
64.41452882905766
30
0
40
1
1
5v SDA SCL -
50
0
71
1
100
AcDbText
0
TEXT
5
b46
100
AcDbEntity
8
TopSilkLayer
7

461
2.0320040640081283
100
AcDbText
10
66.75133350266702
20
141.83388366776734
30
0
40
2.0320040640081283
1
+
50
0
71
1
100
AcDbText
0
TEXT
5
b47
100
AcDbEntity
8
TopSilkLayer
7

461
2.0320040640081283
100
AcDbText
10
84.53136906273814
20
142.2910845821692
30
0
40
2.0320040640081283
1
-
50
0
71
1
100
AcDbText
0
TEXT
5
b48
100
AcDbEntity
8
TopSilkLayer
7

461
1.032004064008128
100
AcDbText
10
100.48260096520195
20
132.63906527813057
30
0
40
1.032004064008128
1
RX
50
0
71
1
100
AcDbText
0
TEXT
5
b49
100
AcDbEntity
8
TopSilkLayer
7

461
1.032004064008128
100
AcDbText
10
97.84099568199137
20
132.58826517653037
30
0
40
1.032004064008128
1
TX
50
0
71
1
100
AcDbText
0
TEXT
5
b4a
100
AcDbEntity
8
TopSilkLayer
7

461
1.032004064008128
100
AcDbText
10
102.81940563881129
20
132.58826517653037
30
0
40
1.032004064008128
1
SDI
50
0
71
1
100
AcDbText
0
TEXT
5
b4b
100
AcDbEntity
8
TopSilkLayer
7

461
1.032004064008128
100
AcDbText
10
69.08813817627636
20
142.69748539497078
30
0
40
1.032004064008128
1
SDI
50
0
71
1
100
AcDbText
0
TEXT
5
b4c
100
AcDbEntity
8
TopSilkLayer
7

461
1.032004064008128
100
AcDbText
10
105.46101092202186
20
132.58826517653037
30
0
40
1.032004064008128
1
SDIL
50
0
71
1
100
AcDbText
0
TEXT
5
b4d
100
AcDbEntity
8
TopSilkLayer
7

461
1.032004064008128
100
AcDbText
10
81.17856235712473
20
142.6466852933706
30
0
40
1.032004064008128
1
SDIL
50
0
71
1
100
AcDbText
0
TEXT
5
b4e
100
AcDbEntity
8
TopSilkLayer
7

461
1.032004064008128
100
AcDbText
10
119.88823977647957
20
132.79146558293118
30
0
40
1.032004064008128
1
B
50
0
71
1
100
AcDbText
0
TEXT
5
b4f
100
AcDbEntity
8
TopSilkLayer
7

461
1.032004064008128
100
AcDbText
10
116.33223266446534
20
132.79146558293118
30
0
40
1.032004064008128
1
3v3
50
0
71
1
100
AcDbText
0
TEXT
5
b50
100
AcDbEntity
8
TopSilkLayer
7

461
1.032004064008128
100
AcDbText
10
121.8694437388875
20
132.74066548133098
30
0
40
1.032004064008128
1
33
50
0
71
1
100
AcDbText
0
TEXT
5
b51
100
AcDbEntity
8
TopSilkLayer
7

461
2.0320040640081283
100
AcDbText
10
121.88061976123953
20
118.74472948945899
30
0
40
2.0320040640081283
1
+
50
0
71
1
100
AcDbText
0
TEXT
5
b52
100
AcDbEntity
8
TopSilkLayer
7

461
2.0320040640081283
100
AcDbText
10
114.05740411480824
20
118.5923291846584
30
0
40
2.0320040640081283
1
-
50
0
71
1
100
AcDbText
0
TEXT
5
b53
100
AcDbEntity
8
TopSilkLayer
7

461
1.032004064008128
100
AcDbText
10
118.80391160782322
20
119.02743205486412
30
0
40
1.032004064008128
1
3v3
50
0
71
1
100
AcDbText
0
TEXT
5
b54
100
AcDbEntity
8
TopSilkLayer
7

461
1.032004064008128
100
AcDbText
10
116.4450088900178
20
119.0495300990602
30
0
40
1.032004064008128
1
SW
50
0
71
1
100
AcDbText
0
TEXT
5
b55
100
AcDbEntity
8
TopSilkLayer
7

461
1.032004064008128
100
AcDbText
10
105.76581153162307
20
119.53263906527815
30
0
40
1.032004064008128
1
+
50
0
71
1
100
AcDbText
0
TEXT
5
b56
100
AcDbEntity
8
TopSilkLayer
7

461
1.032004064008128
100
AcDbText
10
99.97459994919991
20
119.27863855727713
30
0
40
1.032004064008128
1
TX
50
0
71
1
100
AcDbText
0
TEXT
5
b57
100
AcDbEntity
8
TopSilkLayer
7

461
1.032004064008128
100
AcDbText
10
102.9210058420117
20
119.43103886207774
30
0
40
1.032004064008128
1
RX
50
0
71
1
100
AcDbText
0
TEXT
5
b58
100
AcDbEntity
8
TopSilkLayer
7

461
1.0160020320040641
100
AcDbText
10
68.27533655067312
20
103.02260604521211
30
0
40
1.0160020320040641
1
3V3
50
90
71
1
100
AcDbText
0
TEXT
5
b59
100
AcDbEntity
8
TopSilkLayer
7

461
1.0160020320040641
100
AcDbText
10
70.91694183388367
20
103.02260604521211
30
0
40
1.0160020320040641
1
GND
50
90
71
1
100
AcDbText
0
TEXT
5
b5a
100
AcDbEntity
8
TopSilkLayer
7

461
1.0160020320040641
100
AcDbText
10
103.93700787401576
20
103.17500635001271
30
0
40
1.0160020320040641
1
GND
50
90
71
1
100
AcDbText
0
TEXT
5
b5b
100
AcDbEntity
8
TopSilkLayer
7

461
1
100
AcDbText
10
121.8694437388875
20
71.1201422402845
30
0
40
1
1
5v
50
0
71
1
100
AcDbText
0
TEXT
5
b5c
100
AcDbEntity
8
TopSilkLayer
7

461
1.032004064008128
100
AcDbText
10
98.1965963931928
20
119.43103886207774
30
0
40
1.032004064008128
1
-
50
0
71
1
100
AcDbText
0
TEXT
5
b5d
100
AcDbEntity
8
TopSilkLayer
7

461
2.0320040640081283
100
AcDbText
10
92.25298450596902
20
132.48666497332997
30
0
40
2.0320040640081283
1
+
50
0
71
1
100
AcDbText
0
TEXT
5
b5e
100
AcDbEntity
8
TopSilkLayer
7

461
2.0320040640081283
100
AcDbText
10
84.53136906273814
20
132.53746507493017
30
0
40
2.0320040640081283
1
-
50
0
71
1
100
AcDbText
0
TEXT
5
b5f
100
AcDbEntity
8
TopSilkLayer
7

461
1.032004064008128
100
AcDbText
10
86.61417322834647
20
132.994665989332
30
0
40
1.032004064008128
1
SDIL
50
0
71
1
100
AcDbText
0
TEXT
5
b60
100
AcDbEntity
8
TopSilkLayer
7

461
1.032004064008128
100
AcDbText
10
89.76377952755907
20
132.9438658877318
30
0
40
1.032004064008128
1
SDI
50
0
71
1
100
AcDbText
0
TEXT
5
b61
100
AcDbEntity
8
TopSilkLayer
7

461
2.0320040640081283
100
AcDbText
10
114.35102870205742
20
132.33426466852936
30
0
40
2.0320040640081283
1
-
50
0
71
1
100
AcDbText
0
TEXT
5
b62
100
AcDbEntity
8
TopSilkLayer
7

461
1.143002286004572
100
AcDbText
10
122.21234442468887
20
61.899923799847606
30
0
40
1.143002286004572
1
BAT_REV1
50
0
71
1
100
AcDbText
0
TEXT
5
b63
100
AcDbEntity
8
TopSilkLayer
7

461
1.143002286004572
100
AcDbText
10
120.90424180848363
20
66.29413258826519
30
0
40
1.143002286004572
1
D3
50
270
71
1
100
AcDbText
0
TEXT
5
b64
100
AcDbEntity
8
TopSilkLayer
7

461
1.143002286004572
100
AcDbText
10
125.06985013970029
20
63.85572771145543
30
0
40
1.143002286004572
1
R9
50
0
71
1
100
AcDbText
0
TEXT
5
b65
100
AcDbEntity
8
TopSilkLayer
7

461
1.143002286004572
100
AcDbText
10
106.32461264922532
20
75.64135128270257
30
0
40
1.143002286004572
1
A1
50
0
71
1
100
AcDbText
0
TEXT
5
b66
100
AcDbEntity
8
TopSilkLayer
7

461
1.143002286004572
100
AcDbText
10
105.46101092202186
20
74.11734823469648
30
0
40
1.143002286004572
1
C7
50
270
71
1
100
AcDbText
0
TEXT
5
b67
100
AcDbEntity
8
TopSilkLayer
7

461
1.143002286004572
100
AcDbText
10
94.9453898907798
20
70.81534163068328
30
0
40
1.143002286004572
1
C9
50
0
71
1
100
AcDbText
0
TEXT
5
b68
100
AcDbEntity
8
TopSilkLayer
7

461
1.143002286004572
100
AcDbText
10
98.09499618999239
20
113.84302768605538
30
0
40
1.143002286004572
1
LED1
50
0
71
1
100
AcDbText
0
TEXT
5
b69
100
AcDbEntity
8
TopSilkLayer
7

461
1.143002286004572
100
AcDbText
10
121.41224282448566
20
66.70053340106682
30
0
40
1.143002286004572
1
LED2
50
0
71
1
100
AcDbText
0
TEXT
5
b6a
100
AcDbEntity
8
TopSilkLayer
7

461
1.143002286004572
100
AcDbText
10
129.18465836931676
20
129.43865887731778
30
0
40
1.143002286004572
1
U2
50
180
71
1
100
AcDbText
0
TEXT
5
b6b
100
AcDbEntity
8
TopSilkLayer
7

461
1.143002286004572
100
AcDbText
10
89.17957835915674
20
141.37668275336554
30
0
40
1.143002286004572
1
U1
50
0
71
1
100
AcDbText
0
TEXT
5
b6c
100
AcDbEntity
8
TopSilkLayer
7

461
1.143002286004572
100
AcDbText
10
91.74498348996698
20
124.20624841249685
30
0
40
1.143002286004572
1
U5
50
0
71
1
100
AcDbText
0
TEXT
5
b6d
100
AcDbEntity
8
TopSilkLayer
7

461
1.143002286004572
100
AcDbText
10
119.3210566421133
20
134.48945897891798
30
0
40
1.143002286004572
1
U6
50
180
71
1
100
AcDbText
0
TEXT
5
b6e
100
AcDbEntity
8
TopSilkLayer
7

461
1.143002286004572
100
AcDbText
10
75.64973329946662
20
143.48844297688598
30
0
40
1.143002286004572
1
U7
50
0
71
1
100
AcDbText
0
TEXT
5
b6f
100
AcDbEntity
8
TopSilkLayer
7

461
1.143002286004572
100
AcDbText
10
111.09982219964441
20
138.12547625095252
30
0
40
1.143002286004572
1
U8
50
0
71
1
100
AcDbText
0
TEXT
5
b70
100
AcDbEntity
8
TopSilkLayer
7

461
1.143002286004572
100
AcDbText
10
114.55422910845823
20
62.12852425704852
30
0
40
1.143002286004572
1
U9
50
0
71
1
100
AcDbText
0
TEXT
5
b71
100
AcDbEntity
8
TopSilkLayer
7

461
1.143002286004572
100
AcDbText
10
92.71018542037085
20
118.41503683007367
30
0
40
1.143002286004572
1
C1
50
0
71
1
100
AcDbText
0
TEXT
5
b72
100
AcDbEntity
8
TopSilkLayer
7

461
1.143002286004572
100
AcDbText
10
97.94259588519179
20
116.23063246126495
30
0
40
1.143002286004572
1
C5
50
0
71
1
100
AcDbText
0
TEXT
5
b73
100
AcDbEntity
8
TopSilkLayer
7

461
1.143002286004572
100
AcDbText
10
120.14224028448058
20
75.38735077470156
30
0
40
1.143002286004572
1
C6
50
0
71
1
100
AcDbText
0
TEXT
5
b74
100
AcDbEntity
8
TopSilkLayer
7

461
1.143002286004572
100
AcDbText
10
112.72542545085092
20
77.4701549403099
30
0
40
1.143002286004572
1
Q2
50
0
71
1
100
AcDbText
0
TEXT
5
b75
100
AcDbEntity
8
TopSilkLayer
7

461
1.143002286004572
100
AcDbText
10
113.33502667005335
20
71.72974345948693
30
0
40
1.143002286004572
1
R3
50
90
71
1
100
AcDbText
0
TEXT
5
b76
100
AcDbEntity
8
TopSilkLayer
7

461
1.143002286004572
100
AcDbText
10
119.58343916687835
20
72.69494538989079
30
0
40
1.143002286004572
1
R8
50
270
71
1
100
AcDbText
0
TEXT
5
b77
100
AcDbEntity
8
TopSilkLayer
7

461
1.143002286004572
100
AcDbText
10
116.07823215646432
20
67.36093472186946
30
0
40
1.143002286004572
1
U4
50
0
71
1
100
AcDbText
0
TEXT
5
b78
100
AcDbEntity
8
TopSilkLayer
7

461
1.143002286004572
100
AcDbText
10
74.26974853949709
20
99.41579883159767
30
0
40
1.143002286004572
1
R1
50
0
71
1
100
AcDbText
0
TEXT
5
b79
100
AcDbEntity
8
TopSilkLayer
7

461
1.143002286004572
100
AcDbText
10
79.12014224028448
20
102.05740411480825
30
0
40
1.143002286004572
1
R7
50
0
71
1
100
AcDbText
0
TEXT
5
b7a
100
AcDbEntity
8
TopSilkLayer
7

461
1.143002286004572
100
AcDbText
10
118.5166370332741
20
73.20294640589282
30
0
40
1.143002286004572
1
U3
50
0
71
1
100
AcDbText
0
TEXT
5
b7b
100
AcDbEntity
8
TopSilkLayer
7

461
1.143002286004572
100
AcDbText
10
123.6474472948946
20
72.18694437388875
30
0
40
1.143002286004572
1
R2
50
0
71
1
100
AcDbText
0
TEXT
5
b7c
100
AcDbEntity
8
TopSilkLayer
7

461
1.143002286004572
100
AcDbText
10
94.23418846837694
20
74.11734823469648
30
0
40
1.143002286004572
1
R4
50
0
71
1
100
AcDbText
0
TEXT
5
b7d
100
AcDbEntity
8
TopSilkLayer
7

461
1.143002286004572
100
AcDbText
10
94.23418846837694
20
75.18415036830075
30
0
40
1.143002286004572
1
R5
50
0
71
1
100
AcDbText
0
TEXT
5
b7e
100
AcDbEntity
8
TopSilkLayer
7

461
1.143002286004572
100
AcDbText
10
93.06578613157227
20
109.62661925323853
30
0
40
1.143002286004572
1
R6
50
0
71
1
100
AcDbText
0
TEXT
5
b7f
100
AcDbEntity
8
TopSilkLayer
7

461
1.143002286004572
100
AcDbText
10
115.11303022606046
20
113.74142748285499
30
0
40
1.143002286004572
1
S2
50
0
71
1
100
AcDbText
0
TEXT
5
b80
100
AcDbEntity
8
TopSilkLayer
7

461
1.143002286004572
100
AcDbText
10
63.90652781305563
20
79.2989585979172
30
0
40
1.143002286004572
1
H1
50
0
71
1
100
AcDbText
0
TEXT
5
b81
100
AcDbEntity
8
TopSilkLayer
7

461
1.143002286004572
100
AcDbText
10
63.90652781305563
20
107.23901447802896
30
0
40
1.143002286004572
1
H2
50
0
71
1
100
AcDbText
0
TEXT
5
b82
100
AcDbEntity
8
TopSilkLayer
7

461
1.143002286004572
100
AcDbText
10
95.0977901955804
20
72.59334518669039
30
0
40
1.143002286004572
1
C2
50
0
71
1
100
AcDbText
0
TEXT
5
b83
100
AcDbEntity
8
TopSilkLayer
7

461
1.143002286004572
100
AcDbText
10
88.29057658115318
20
71.06934213868429
30
0
40
1.143002286004572
1
CARD1
50
0
71
1
100
AcDbText
0
TEXT
5
b84
100
AcDbEntity
8
TopSilkLayer
7

461
1.143002286004572
100
AcDbText
10
108.96621793243588
20
67.46253492506986
30
0
40
1.143002286004572
1
R15
50
0
71
1
100
AcDbText
0
TEXT
5
b85
100
AcDbEntity
8
TopSilkLayer
7

461
1.143002286004572
100
AcDbText
10
107.5946151892304
20
69.85013970027941
30
0
40
1.143002286004572
1
R17
50
0
71
1
100
AcDbText
  0
CIRCLE
  5
5a2
330
1F
100
AcDbEntity
  8
Document
100
AcDbCircle
 10
103.69494538989079
 20
75.46634493268988
 30
0.0
 40
0.07493014986029972
  0
CIRCLE
  5
5a3
330
1F
100
AcDbEntity
  8
TopSilkLayer
100
AcDbCircle
 10
103.69494538989079
 20
75.30149860299721
 30
0.0
 40
0.07493014986029972
  0
CIRCLE
  5
5a4
330
1F
100
AcDbEntity
  8
Document
100
AcDbCircle
 10
122.6215392430785
 20
121.83413766827535
 30
0.0
 40
0.24993649987299976
  0
CIRCLE
  5
5a5
330
1F
100
AcDbEntity
  8
TopSilkLayer
100
AcDbCircle
 10
124.2214884429769
 20
123.03403606807215
 30
0.0
 40
0.39039878079756163
  0
CIRCLE
  5
5a6
330
1F
100
AcDbEntity
  8
Document
100
AcDbCircle
 10
106.11150622301247
 20
121.83413766827535
 30
0.0
 40
0.24993649987299976
  0
CIRCLE
  5
5a7
330
1F
100
AcDbEntity
  8
TopSilkLayer
100
AcDbCircle
 10
107.71145542291086
 20
123.03403606807215
 30
0.0
 40
0.39039878079756163
  0
CIRCLE
  5
5a8
330
1F
100
AcDbEntity
  8
Document
100
AcDbCircle
 10
122.92633985267972
 20
135.245364490729
 30
0.0
 40
0.24993649987299976
  0
CIRCLE
  5
5a9
330
1F
100
AcDbEntity
  8
TopSilkLayer
100
AcDbCircle
 10
124.52628905257812
 20
136.44526289052578
 30
0.0
 40
0.39039878079756163
  0
CIRCLE
  5
5aa
330
1F
100
AcDbEntity
  8
Document
100
AcDbCircle
 10
72.04445008890019
 20
142.73253746507496
 30
0.0
 40
0.24993649987299976
  0
CIRCLE
  5
5ab
330
1F
100
AcDbEntity
  8
TopSilkLayer
100
AcDbCircle
 10
70.44450088900179
 20
141.53263906527818
 30
0.0
 40
0.39039878079756163
  0
CIRCLE
  5
5ac
330
1F
100
AcDbEntity
  8
Document
100
AcDbCircle
 10
106.41630683261369
 20
135.1945643891288
 30
0.0
 40
0.24993649987299976
  0
CIRCLE
  5
5ad
330
1F
100
AcDbEntity
  8
TopSilkLayer
100
AcDbCircle
 10
108.01625603251208
 20
136.3944627889256
 30
0.0
 40
0.39039878079756163
  0
CIRCLE
  5
5ae
330
1F
100
AcDbEntity
  8
Document
100
AcDbCircle
 10
105.47091694183389
 20
63.63677927355856
 30
0.0
 40
0.24993649987299976
  0
CIRCLE
  5
5af
330
1F
100
AcDbEntity
  8
TopSilkLayer
100
AcDbCircle
 10
103.8709677419355
 20
62.43688087376175
 30
0.0
 40
0.39039878079756163
  0
CIRCLE
  5
5b0
330
1F
100
AcDbEntity
  8
Document
100
AcDbCircle
 10
114.37668275336551
 20
74.48818897637796
 30
0.0
 40
0.10007620015240032
  0
CIRCLE
  5
5b1
330
1F
100
AcDbEntity
  8
TopSilkLayer
100
AcDbCircle
 10
117.09423418846839
 20
69.5961391922784
 30
0.0
 40
0.12700025400050802
  0
CIRCLE
  5
5b2
330
1F
100
AcDbEntity
  8
TopSilkLayer
100
AcDbCircle
 10
119.10744221488444
 20
69.56794513589028
 30
0.0
 40
0.12700025400050802
  0
CIRCLE
  5
5b3
330
1F
100
AcDbEntity
  8
Document
100
AcDbCircle
 10
118.36423672847347
 20
69.5961391922784
 30
0.0
 40
0.12700025400050802
  0
CIRCLE
  5
5b4
330
1F
100
AcDbEntity
  8
TopSilkLayer
100
AcDbCircle
 10
116.496062992126
 20
73.21310642621286
 30
0.0
 40
0.05003810007620016
  0
CIRCLE
  5
5b5
330
1F
100
AcDbEntity
  8
Document
100
AcDbCircle
 10
116.69596139192281
 20
73.51308102616206
 30
0.0
 40
0.05003810007620016
  0
CIRCLE
  5
5b6
330
1F
100
AcDbEntity
  8
TopSilkLayer
100
AcDbCircle
 10
111.20142240284483
 20
114.0970281940564
 30
0.0
 40
1.72745745491491
  0
CIRCLE
  5
5b7
330
1F
100
AcDbEntity
  8
TopSilkLayer
100
AcDbCircle
 10
111.20142240284483
 20
114.0970281940564
 30
0.0
 40
1.360172720345441
  0
CIRCLE
  5
5b8
330
1F
100
AcDbEntity
  8
TopSilkLayer
100
AcDbCircle
 10
109.05156210312423
 20
116.24688849377699
 30
0.0
 40
0.3500127000254001
  0
CIRCLE
  5
5b9
330
1F
100
AcDbEntity
  8
TopSilkLayer
100
AcDbCircle
 10
109.05156210312423
 20
111.94691389382781
 30
0.0
 40
0.3500127000254001
  0
CIRCLE
  5
5ba
330
1F
100
AcDbEntity
  8
TopSilkLayer
100
AcDbCircle
 10
113.35153670307342
 20
111.9471678943358
 30
0.0
 40
0.3500127000254001
  0
CIRCLE
  5
5bb
330
1F
100
AcDbEntity
  8
TopSilkLayer
100
AcDbCircle
 10
113.35128270256543
 20
116.24688849377699
 30
0.0
 40
0.3500127000254001
  0
CIRCLE
  5
5bc
330
1F
100
AcDbEntity
  8
Document
100
AcDbCircle
 10
94.13411226822454
 20
58.837947675895364
 30
0.0
 40
0.19989839979679963
  0
CIRCLE
  5
5bd
330
1F
100
AcDbEntity
  8
Document
100
AcDbCircle
 10
86.13411226822456
 20
58.83489966979935
 30
0.0
 40
0.19989839979679963
  0
CIRCLE
  5
5be
330
1F
100
AcDbEntity
  8
TopSolderMaskLayer
100
AcDbCircle
 10
60.248920497841
 20
67.15773431546863
 30
0.0
 40
1.5190500381000767
  0
CIRCLE
  5
5bf
330
1F
100
AcDbEntity
  8
TopSolderMaskLayer
100
AcDbCircle
 10
60.248920497841
 20
67.15773431546863
 30
0.0
 40
2.0254000508001018
0
HATCH
5
5c0
100
AcDbEntity
8
TopSolderMaskLayer
100
AcDbHatch
10
0
20
0
30
0
210
0
220
0
230
1
2
SOLID
70
1
71
0
91
1
92
7
72
1
73
1
93
2
10
58.2235204470409
20
67.15773431546863
42
1
10
62.2743205486411
20
67.15773431546863
42
1
97
1
330

75
0
76
1
47
0.8681437583925616
98
1
10
3.629517071192367
20
33.92795499968543
450
0
451
0
460
0
461
0
452
1
462
1
453
2
463
0
63
5
421
255
463
1
63
7
421
16777215
470
LINEAR
1001
ACAD
1010
0
1020
0
1030
0
  0
CIRCLE
  5
5c1
330
1F
100
AcDbEntity
  8
BottomSolderMaskLayer
100
AcDbCircle
 10
60.248920497841
 20
67.15773431546863
 30
0.0
 40
1.5190500381000767
  0
CIRCLE
  5
5c2
330
1F
100
AcDbEntity
  8
BottomSolderMaskLayer
100
AcDbCircle
 10
60.248920497841
 20
67.15773431546863
 30
0.0
 40
2.0254000508001018
0
HATCH
5
5c3
100
AcDbEntity
8
BottomSolderMaskLayer
100
AcDbHatch
10
0
20
0
30
0
210
0
220
0
230
1
2
SOLID
70
1
71
0
91
1
92
7
72
1
73
1
93
2
10
58.2235204470409
20
67.15773431546863
42
1
10
62.2743205486411
20
67.15773431546863
42
1
97
1
330

75
0
76
1
47
0.8681437583925616
98
1
10
3.629517071192367
20
33.92795499968543
450
0
451
0
460
0
461
0
452
1
462
1
453
2
463
0
63
5
421
255
463
1
63
7
421
16777215
470
LINEAR
1001
ACAD
1010
0
1020
0
1030
0
  0
CIRCLE
  5
5c4
330
1F
100
AcDbEntity
  8
Multi-Layer
100
AcDbCircle
 10
60.248920497841
 20
67.15773431546863
 30
0.0
 40
1.5000000000000002
  0
CIRCLE
  5
5c5
330
1F
100
AcDbEntity
  8
Multi-Layer
100
AcDbCircle
 10
60.248920497841
 20
67.15773431546863
 30
0.0
 40
2
  0
CIRCLE
  5
5c6
330
1F
100
AcDbEntity
  8
TopSolderMaskLayer
100
AcDbCircle
 10
71.88214376428753
 20
56.43891287782576
 30
0.0
 40
1.5190500381000767
  0
CIRCLE
  5
5c7
330
1F
100
AcDbEntity
  8
TopSolderMaskLayer
100
AcDbCircle
 10
71.88214376428753
 20
56.43891287782576
 30
0.0
 40
2.0254000508001018
0
HATCH
5
5c8
100
AcDbEntity
8
TopSolderMaskLayer
100
AcDbHatch
10
0
20
0
30
0
210
0
220
0
230
1
2
SOLID
70
1
71
0
91
1
92
7
72
1
73
1
93
2
10
69.85674371348743
20
56.43891287782576
42
1
10
73.90754381508764
20
56.43891287782576
42
1
97
1
330

75
0
76
1
47
0.8681437583925616
98
1
10
3.629517071192367
20
33.92795499968543
450
0
451
0
460
0
461
0
452
1
462
1
453
2
463
0
63
5
421
255
463
1
63
7
421
16777215
470
LINEAR
1001
ACAD
1010
0
1020
0
1030
0
  0
CIRCLE
  5
5c9
330
1F
100
AcDbEntity
  8
BottomSolderMaskLayer
100
AcDbCircle
 10
71.88214376428753
 20
56.43891287782576
 30
0.0
 40
1.5190500381000767
  0
CIRCLE
  5
5ca
330
1F
100
AcDbEntity
  8
BottomSolderMaskLayer
100
AcDbCircle
 10
71.88214376428753
 20
56.43891287782576
 30
0.0
 40
2.0254000508001018
0
HATCH
5
5cb
100
AcDbEntity
8
BottomSolderMaskLayer
100
AcDbHatch
10
0
20
0
30
0
210
0
220
0
230
1
2
SOLID
70
1
71
0
91
1
92
7
72
1
73
1
93
2
10
69.85674371348743
20
56.43891287782576
42
1
10
73.90754381508764
20
56.43891287782576
42
1
97
1
330

75
0
76
1
47
0.8681437583925616
98
1
10
3.629517071192367
20
33.92795499968543
450
0
451
0
460
0
461
0
452
1
462
1
453
2
463
0
63
5
421
255
463
1
63
7
421
16777215
470
LINEAR
1001
ACAD
1010
0
1020
0
1030
0
  0
CIRCLE
  5
5cc
330
1F
100
AcDbEntity
  8
Multi-Layer
100
AcDbCircle
 10
71.88214376428753
 20
56.43891287782576
 30
0.0
 40
1.5000000000000002
  0
CIRCLE
  5
5cd
330
1F
100
AcDbEntity
  8
Multi-Layer
100
AcDbCircle
 10
71.88214376428753
 20
56.43891287782576
 30
0.0
 40
2
  0
CIRCLE
  5
5ce
330
1F
100
AcDbEntity
  8
TopSolderMaskLayer
100
AcDbCircle
 10
122.22504445008892
 20
56.48971297942597
 30
0.0
 40
1.5190500381000767
  0
CIRCLE
  5
5cf
330
1F
100
AcDbEntity
  8
TopSolderMaskLayer
100
AcDbCircle
 10
122.22504445008892
 20
56.48971297942597
 30
0.0
 40
2.0254000508001018
0
HATCH
5
5d0
100
AcDbEntity
8
TopSolderMaskLayer
100
AcDbHatch
10
0
20
0
30
0
210
0
220
0
230
1
2
SOLID
70
1
71
0
91
1
92
7
72
1
73
1
93
2
10
120.19964439928881
20
56.48971297942597
42
1
10
124.25044450088902
20
56.48971297942597
42
1
97
1
330

75
0
76
1
47
0.8681437583925616
98
1
10
3.629517071192367
20
33.92795499968543
450
0
451
0
460
0
461
0
452
1
462
1
453
2
463
0
63
5
421
255
463
1
63
7
421
16777215
470
LINEAR
1001
ACAD
1010
0
1020
0
1030
0
  0
CIRCLE
  5
5d1
330
1F
100
AcDbEntity
  8
BottomSolderMaskLayer
100
AcDbCircle
 10
122.22504445008892
 20
56.48971297942597
 30
0.0
 40
1.5190500381000767
  0
CIRCLE
  5
5d2
330
1F
100
AcDbEntity
  8
BottomSolderMaskLayer
100
AcDbCircle
 10
122.22504445008892
 20
56.48971297942597
 30
0.0
 40
2.0254000508001018
0
HATCH
5
5d3
100
AcDbEntity
8
BottomSolderMaskLayer
100
AcDbHatch
10
0
20
0
30
0
210
0
220
0
230
1
2
SOLID
70
1
71
0
91
1
92
7
72
1
73
1
93
2
10
120.19964439928881
20
56.48971297942597
42
1
10
124.25044450088902
20
56.48971297942597
42
1
97
1
330

75
0
76
1
47
0.8681437583925616
98
1
10
3.629517071192367
20
33.92795499968543
450
0
451
0
460
0
461
0
452
1
462
1
453
2
463
0
63
5
421
255
463
1
63
7
421
16777215
470
LINEAR
1001
ACAD
1010
0
1020
0
1030
0
  0
CIRCLE
  5
5d4
330
1F
100
AcDbEntity
  8
Multi-Layer
100
AcDbCircle
 10
122.22504445008892
 20
56.48971297942597
 30
0.0
 40
1.5000000000000002
  0
CIRCLE
  5
5d5
330
1F
100
AcDbEntity
  8
Multi-Layer
100
AcDbCircle
 10
122.22504445008892
 20
56.48971297942597
 30
0.0
 40
2
  0
CIRCLE
  5
5d6
330
1F
100
AcDbEntity
  8
TopSolderMaskLayer
100
AcDbCircle
 10
134.6202692405385
 20
67.15773431546863
 30
0.0
 40
1.5190500381000767
  0
CIRCLE
  5
5d7
330
1F
100
AcDbEntity
  8
TopSolderMaskLayer
100
AcDbCircle
 10
134.6202692405385
 20
67.15773431546863
 30
0.0
 40
2.0254000508001018
0
HATCH
5
5d8
100
AcDbEntity
8
TopSolderMaskLayer
100
AcDbHatch
10
0
20
0
30
0
210
0
220
0
230
1
2
SOLID
70
1
71
0
91
1
92
7
72
1
73
1
93
2
10
132.5948691897384
20
67.15773431546863
42
1
10
136.6456692913386
20
67.15773431546863
42
1
97
1
330

75
0
76
1
47
0.8681437583925616
98
1
10
3.629517071192367
20
33.92795499968543
450
0
451
0
460
0
461
0
452
1
462
1
453
2
463
0
63
5
421
255
463
1
63
7
421
16777215
470
LINEAR
1001
ACAD
1010
0
1020
0
1030
0
  0
CIRCLE
  5
5d9
330
1F
100
AcDbEntity
  8
BottomSolderMaskLayer
100
AcDbCircle
 10
134.6202692405385
 20
67.15773431546863
 30
0.0
 40
1.5190500381000767
  0
CIRCLE
  5
5da
330
1F
100
AcDbEntity
  8
BottomSolderMaskLayer
100
AcDbCircle
 10
134.6202692405385
 20
67.15773431546863
 30
0.0
 40
2.0254000508001018
0
HATCH
5
5db
100
AcDbEntity
8
BottomSolderMaskLayer
100
AcDbHatch
10
0
20
0
30
0
210
0
220
0
230
1
2
SOLID
70
1
71
0
91
1
92
7
72
1
73
1
93
2
10
132.5948691897384
20
67.15773431546863
42
1
10
136.6456692913386
20
67.15773431546863
42
1
97
1
330

75
0
76
1
47
0.8681437583925616
98
1
10
3.629517071192367
20
33.92795499968543
450
0
451
0
460
0
461
0
452
1
462
1
453
2
463
0
63
5
421
255
463
1
63
7
421
16777215
470
LINEAR
1001
ACAD
1010
0
1020
0
1030
0
  0
CIRCLE
  5
5dc
330
1F
100
AcDbEntity
  8
Multi-Layer
100
AcDbCircle
 10
134.6202692405385
 20
67.15773431546863
 30
0.0
 40
1.5000000000000002
  0
CIRCLE
  5
5dd
330
1F
100
AcDbEntity
  8
Multi-Layer
100
AcDbCircle
 10
134.6202692405385
 20
67.15773431546863
 30
0.0
 40
2
  0
CIRCLE
  5
5de
330
1F
100
AcDbEntity
  8
TopSolderMaskLayer
100
AcDbCircle
 10
134.46786893573787
 20
141.83388366776734
 30
0.0
 40
1.5190500381000767
  0
CIRCLE
  5
5df
330
1F
100
AcDbEntity
  8
TopSolderMaskLayer
100
AcDbCircle
 10
134.46786893573787
 20
141.83388366776734
 30
0.0
 40
2.0254000508001018
0
HATCH
5
5e0
100
AcDbEntity
8
TopSolderMaskLayer
100
AcDbHatch
10
0
20
0
30
0
210
0
220
0
230
1
2
SOLID
70
1
71
0
91
1
92
7
72
1
73
1
93
2
10
132.44246888493777
20
141.83388366776734
42
1
10
136.49326898653797
20
141.83388366776734
42
1
97
1
330

75
0
76
1
47
0.8681437583925616
98
1
10
3.629517071192367
20
33.92795499968543
450
0
451
0
460
0
461
0
452
1
462
1
453
2
463
0
63
5
421
255
463
1
63
7
421
16777215
470
LINEAR
1001
ACAD
1010
0
1020
0
1030
0
  0
CIRCLE
  5
5e1
330
1F
100
AcDbEntity
  8
BottomSolderMaskLayer
100
AcDbCircle
 10
134.46786893573787
 20
141.83388366776734
 30
0.0
 40
1.5190500381000767
  0
CIRCLE
  5
5e2
330
1F
100
AcDbEntity
  8
BottomSolderMaskLayer
100
AcDbCircle
 10
134.46786893573787
 20
141.83388366776734
 30
0.0
 40
2.0254000508001018
0
HATCH
5
5e3
100
AcDbEntity
8
BottomSolderMaskLayer
100
AcDbHatch
10
0
20
0
30
0
210
0
220
0
230
1
2
SOLID
70
1
71
0
91
1
92
7
72
1
73
1
93
2
10
132.44246888493777
20
141.83388366776734
42
1
10
136.49326898653797
20
141.83388366776734
42
1
97
1
330

75
0
76
1
47
0.8681437583925616
98
1
10
3.629517071192367
20
33.92795499968543
450
0
451
0
460
0
461
0
452
1
462
1
453
2
463
0
63
5
421
255
463
1
63
7
421
16777215
470
LINEAR
1001
ACAD
1010
0
1020
0
1030
0
  0
CIRCLE
  5
5e4
330
1F
100
AcDbEntity
  8
Multi-Layer
100
AcDbCircle
 10
134.46786893573787
 20
141.83388366776734
 30
0.0
 40
1.5000000000000002
  0
CIRCLE
  5
5e5
330
1F
100
AcDbEntity
  8
Multi-Layer
100
AcDbCircle
 10
134.46786893573787
 20
141.83388366776734
 30
0.0
 40
2
  0
CIRCLE
  5
5e6
330
1F
100
AcDbEntity
  8
TopSolderMaskLayer
100
AcDbCircle
 10
59.94411988823978
 20
141.98628397256797
 30
0.0
 40
1.5190500381000767
  0
CIRCLE
  5
5e7
330
1F
100
AcDbEntity
  8
TopSolderMaskLayer
100
AcDbCircle
 10
59.94411988823978
 20
141.98628397256797
 30
0.0
 40
2.0254000508001018
0
HATCH
5
5e8
100
AcDbEntity
8
TopSolderMaskLayer
100
AcDbHatch
10
0
20
0
30
0
210
0
220
0
230
1
2
SOLID
70
1
71
0
91
1
92
7
72
1
73
1
93
2
10
57.91871983743968
20
141.98628397256797
42
1
10
61.969519939039884
20
141.98628397256797
42
1
97
1
330

75
0
76
1
47
0.8681437583925616
98
1
10
3.629517071192367
20
33.92795499968543
450
0
451
0
460
0
461
0
452
1
462
1
453
2
463
0
63
5
421
255
463
1
63
7
421
16777215
470
LINEAR
1001
ACAD
1010
0
1020
0
1030
0
  0
CIRCLE
  5
5e9
330
1F
100
AcDbEntity
  8
BottomSolderMaskLayer
100
AcDbCircle
 10
59.94411988823978
 20
141.98628397256797
 30
0.0
 40
1.5190500381000767
  0
CIRCLE
  5
5ea
330
1F
100
AcDbEntity
  8
BottomSolderMaskLayer
100
AcDbCircle
 10
59.94411988823978
 20
141.98628397256797
 30
0.0
 40
2.0254000508001018
0
HATCH
5
5eb
100
AcDbEntity
8
BottomSolderMaskLayer
100
AcDbHatch
10
0
20
0
30
0
210
0
220
0
230
1
2
SOLID
70
1
71
0
91
1
92
7
72
1
73
1
93
2
10
57.91871983743968
20
141.98628397256797
42
1
10
61.969519939039884
20
141.98628397256797
42
1
97
1
330

75
0
76
1
47
0.8681437583925616
98
1
10
3.629517071192367
20
33.92795499968543
450
0
451
0
460
0
461
0
452
1
462
1
453
2
463
0
63
5
421
255
463
1
63
7
421
16777215
470
LINEAR
1001
ACAD
1010
0
1020
0
1030
0
  0
CIRCLE
  5
5ec
330
1F
100
AcDbEntity
  8
Multi-Layer
100
AcDbCircle
 10
59.94411988823978
 20
141.98628397256797
 30
0.0
 40
1.5000000000000002
  0
CIRCLE
  5
5ed
330
1F
100
AcDbEntity
  8
Multi-Layer
100
AcDbCircle
 10
59.94411988823978
 20
141.98628397256797
 30
0.0
 40
2
  0
CIRCLE
  5
5ee
330
1F
100
AcDbEntity
  8
TopSolderMaskLayer
100
AcDbCircle
 10
60.75692151384303
 20
135.73787147574296
 30
0.0
 40
1.5190500381000767
  0
CIRCLE
  5
5ef
330
1F
100
AcDbEntity
  8
TopSolderMaskLayer
100
AcDbCircle
 10
60.75692151384303
 20
135.73787147574296
 30
0.0
 40
2.0254000508001018
0
HATCH
5
5f0
100
AcDbEntity
8
TopSolderMaskLayer
100
AcDbHatch
10
0
20
0
30
0
210
0
220
0
230
1
2
SOLID
70
1
71
0
91
1
92
7
72
1
73
1
93
2
10
58.73152146304293
20
135.73787147574296
42
1
10
62.782321564643134
20
135.73787147574296
42
1
97
1
330

75
0
76
1
47
0.8681437583925616
98
1
10
3.629517071192367
20
33.92795499968543
450
0
451
0
460
0
461
0
452
1
462
1
453
2
463
0
63
5
421
255
463
1
63
7
421
16777215
470
LINEAR
1001
ACAD
1010
0
1020
0
1030
0
  0
CIRCLE
  5
5f1
330
1F
100
AcDbEntity
  8
BottomSolderMaskLayer
100
AcDbCircle
 10
60.75692151384303
 20
135.73787147574296
 30
0.0
 40
1.5190500381000767
  0
CIRCLE
  5
5f2
330
1F
100
AcDbEntity
  8
BottomSolderMaskLayer
100
AcDbCircle
 10
60.75692151384303
 20
135.73787147574296
 30
0.0
 40
2.0254000508001018
0
HATCH
5
5f3
100
AcDbEntity
8
BottomSolderMaskLayer
100
AcDbHatch
10
0
20
0
30
0
210
0
220
0
230
1
2
SOLID
70
1
71
0
91
1
92
7
72
1
73
1
93
2
10
58.73152146304293
20
135.73787147574296
42
1
10
62.782321564643134
20
135.73787147574296
42
1
97
1
330

75
0
76
1
47
0.8681437583925616
98
1
10
3.629517071192367
20
33.92795499968543
450
0
451
0
460
0
461
0
452
1
462
1
453
2
463
0
63
5
421
255
463
1
63
7
421
16777215
470
LINEAR
1001
ACAD
1010
0
1020
0
1030
0
  0
CIRCLE
  5
5f4
330
1F
100
AcDbEntity
  8
Multi-Layer
100
AcDbCircle
 10
60.75692151384303
 20
135.73787147574296
 30
0.0
 40
1.5000000000000002
  0
CIRCLE
  5
5f5
330
1F
100
AcDbEntity
  8
Multi-Layer
100
AcDbCircle
 10
60.75692151384303
 20
135.73787147574296
 30
0.0
 40
2
  0
CIRCLE
  5
5f6
330
1F
100
AcDbEntity
  8
TopSolderMaskLayer
100
AcDbCircle
 10
134.11226822453648
 20
135.58547117094236
 30
0.0
 40
1.5190500381000767
  0
CIRCLE
  5
5f7
330
1F
100
AcDbEntity
  8
TopSolderMaskLayer
100
AcDbCircle
 10
134.11226822453648
 20
135.58547117094236
 30
0.0
 40
2.0254000508001018
0
HATCH
5
5f8
100
AcDbEntity
8
TopSolderMaskLayer
100
AcDbHatch
10
0
20
0
30
0
210
0
220
0
230
1
2
SOLID
70
1
71
0
91
1
92
7
72
1
73
1
93
2
10
132.08686817373638
20
135.58547117094236
42
1
10
136.13766827533658
20
135.58547117094236
42
1
97
1
330

75
0
76
1
47
0.8681437583925616
98
1
10
3.629517071192367
20
33.92795499968543
450
0
451
0
460
0
461
0
452
1
462
1
453
2
463
0
63
5
421
255
463
1
63
7
421
16777215
470
LINEAR
1001
ACAD
1010
0
1020
0
1030
0
  0
CIRCLE
  5
5f9
330
1F
100
AcDbEntity
  8
BottomSolderMaskLayer
100
AcDbCircle
 10
134.11226822453648
 20
135.58547117094236
 30
0.0
 40
1.5190500381000767
  0
CIRCLE
  5
5fa
330
1F
100
AcDbEntity
  8
BottomSolderMaskLayer
100
AcDbCircle
 10
134.11226822453648
 20
135.58547117094236
 30
0.0
 40
2.0254000508001018
0
HATCH
5
5fb
100
AcDbEntity
8
BottomSolderMaskLayer
100
AcDbHatch
10
0
20
0
30
0
210
0
220
0
230
1
2
SOLID
70
1
71
0
91
1
92
7
72
1
73
1
93
2
10
132.08686817373638
20
135.58547117094236
42
1
10
136.13766827533658
20
135.58547117094236
42
1
97
1
330

75
0
76
1
47
0.8681437583925616
98
1
10
3.629517071192367
20
33.92795499968543
450
0
451
0
460
0
461
0
452
1
462
1
453
2
463
0
63
5
421
255
463
1
63
7
421
16777215
470
LINEAR
1001
ACAD
1010
0
1020
0
1030
0
  0
CIRCLE
  5
5fc
330
1F
100
AcDbEntity
  8
Multi-Layer
100
AcDbCircle
 10
134.11226822453648
 20
135.58547117094236
 30
0.0
 40
1.5000000000000002
  0
CIRCLE
  5
5fd
330
1F
100
AcDbEntity
  8
Multi-Layer
100
AcDbCircle
 10
134.11226822453648
 20
135.58547117094236
 30
0.0
 40
2
  0
CIRCLE
  5
712
330
1F
100
AcDbEntity
  8
TopSolderMaskLayer
100
AcDbCircle
 10
93.11658623317248
 20
137.8206756413513
 30
0.0
 40
0.5655353117157847
  0
CIRCLE
  5
713
330
1F
100
AcDbEntity
  8
TopSolderMaskLayer
100
AcDbCircle
 10
93.11658623317248
 20
137.8206756413513
 30
0.0
 40
0.9254000508001016
0
HATCH
5
714
100
AcDbEntity
8
TopSolderMaskLayer
100
AcDbHatch
10
0
20
0
30
0
210
0
220
0
230
1
2
SOLID
70
1
71
0
91
1
92
7
72
1
73
1
93
2
10
92.19118618237238
20
137.8206756413513
42
1
10
94.04198628397259
20
137.8206756413513
42
1
97
1
330

75
0
76
1
47
0.8681437583925616
98
1
10
3.629517071192367
20
33.92795499968543
450
0
451
0
460
0
461
0
452
1
462
1
453
2
463
0
63
5
421
255
463
1
63
7
421
16777215
470
LINEAR
1001
ACAD
1010
0
1020
0
1030
0
  0
CIRCLE
  5
715
330
1F
100
AcDbEntity
  8
BottomSolderMaskLayer
100
AcDbCircle
 10
93.11658623317248
 20
137.8206756413513
 30
0.0
 40
0.5655353117157847
  0
CIRCLE
  5
716
330
1F
100
AcDbEntity
  8
BottomSolderMaskLayer
100
AcDbCircle
 10
93.11658623317248
 20
137.8206756413513
 30
0.0
 40
0.9254000508001016
0
HATCH
5
717
100
AcDbEntity
8
BottomSolderMaskLayer
100
AcDbHatch
10
0
20
0
30
0
210
0
220
0
230
1
2
SOLID
70
1
71
0
91
1
92
7
72
1
73
1
93
2
10
92.19118618237238
20
137.8206756413513
42
1
10
94.04198628397259
20
137.8206756413513
42
1
97
1
330

75
0
76
1
47
0.8681437583925616
98
1
10
3.629517071192367
20
33.92795499968543
450
0
451
0
460
0
461
0
452
1
462
1
453
2
463
0
63
5
421
255
463
1
63
7
421
16777215
470
LINEAR
1001
ACAD
1010
0
1020
0
1030
0
  0
CIRCLE
  5
718
330
1F
100
AcDbEntity
  8
Multi-Layer
100
AcDbCircle
 10
93.11658623317248
 20
137.8206756413513
 30
0.0
 40
0.5500127000254001
  0
CIRCLE
  5
719
330
1F
100
AcDbEntity
  8
Multi-Layer
100
AcDbCircle
 10
93.11658623317248
 20
137.8206756413513
 30
0.0
 40
0.9000000000000001
0
HATCH
5
71a
100
AcDbEntity
8
Multi-Layer
100
AcDbHatch
10
0
20
0
30
0
210
0
220
0
230
1
2
SOLID
70
1
71
0
91
1
92
7
72
1
73
1
93
2
10
92.21658623317248
20
137.8206756413513
42
1
10
94.01658623317249
20
137.8206756413513
42
1
97
1
330

75
0
76
1
47
0.8681437583925616
98
1
10
3.629517071192367
20
33.92795499968543
450
0
451
0
460
0
461
0
452
1
462
1
453
2
463
0
63
5
421
255
463
1
63
7
421
16777215
470
LINEAR
1001
ACAD
1010
0
1020
0
1030
0
  0
CIRCLE
  5
71b
330
1F
100
AcDbEntity
  8
TopSolderMaskLayer
100
AcDbCircle
 10
90.57658115316232
 20
137.8206756413513
 30
0.0
 40
0.5655353117157847
  0
CIRCLE
  5
71c
330
1F
100
AcDbEntity
  8
TopSolderMaskLayer
100
AcDbCircle
 10
90.57658115316232
 20
137.8206756413513
 30
0.0
 40
0.9254000508001016
0
HATCH
5
71d
100
AcDbEntity
8
TopSolderMaskLayer
100
AcDbHatch
10
0
20
0
30
0
210
0
220
0
230
1
2
SOLID
70
1
71
0
91
1
92
7
72
1
73
1
93
2
10
89.65118110236222
20
137.8206756413513
42
1
10
91.50198120396243
20
137.8206756413513
42
1
97
1
330

75
0
76
1
47
0.8681437583925616
98
1
10
3.629517071192367
20
33.92795499968543
450
0
451
0
460
0
461
0
452
1
462
1
453
2
463
0
63
5
421
255
463
1
63
7
421
16777215
470
LINEAR
1001
ACAD
1010
0
1020
0
1030
0
  0
CIRCLE
  5
71e
330
1F
100
AcDbEntity
  8
BottomSolderMaskLayer
100
AcDbCircle
 10
90.57658115316232
 20
137.8206756413513
 30
0.0
 40
0.5655353117157847
  0
CIRCLE
  5
71f
330
1F
100
AcDbEntity
  8
BottomSolderMaskLayer
100
AcDbCircle
 10
90.57658115316232
 20
137.8206756413513
 30
0.0
 40
0.9254000508001016
0
HATCH
5
720
100
AcDbEntity
8
BottomSolderMaskLayer
100
AcDbHatch
10
0
20
0
30
0
210
0
220
0
230
1
2
SOLID
70
1
71
0
91
1
92
7
72
1
73
1
93
2
10
89.65118110236222
20
137.8206756413513
42
1
10
91.50198120396243
20
137.8206756413513
42
1
97
1
330

75
0
76
1
47
0.8681437583925616
98
1
10
3.629517071192367
20
33.92795499968543
450
0
451
0
460
0
461
0
452
1
462
1
453
2
463
0
63
5
421
255
463
1
63
7
421
16777215
470
LINEAR
1001
ACAD
1010
0
1020
0
1030
0
  0
CIRCLE
  5
721
330
1F
100
AcDbEntity
  8
Multi-Layer
100
AcDbCircle
 10
90.57658115316232
 20
137.8206756413513
 30
0.0
 40
0.5500127000254001
  0
CIRCLE
  5
722
330
1F
100
AcDbEntity
  8
Multi-Layer
100
AcDbCircle
 10
90.57658115316232
 20
137.8206756413513
 30
0.0
 40
0.9000000000000001
0
HATCH
5
723
100
AcDbEntity
8
Multi-Layer
100
AcDbHatch
10
0
20
0
30
0
210
0
220
0
230
1
2
SOLID
70
1
71
0
91
1
92
7
72
1
73
1
93
2
10
89.67658115316232
20
137.8206756413513
42
1
10
91.47658115316233
20
137.8206756413513
42
1
97
1
330

75
0
76
1
47
0.8681437583925616
98
1
10
3.629517071192367
20
33.92795499968543
450
0
451
0
460
0
461
0
452
1
462
1
453
2
463
0
63
5
421
255
463
1
63
7
421
16777215
470
LINEAR
1001
ACAD
1010
0
1020
0
1030
0
  0
CIRCLE
  5
724
330
1F
100
AcDbEntity
  8
TopSolderMaskLayer
100
AcDbCircle
 10
88.03657607315216
 20
137.8206756413513
 30
0.0
 40
0.5655353117157847
  0
CIRCLE
  5
725
330
1F
100
AcDbEntity
  8
TopSolderMaskLayer
100
AcDbCircle
 10
88.03657607315216
 20
137.8206756413513
 30
0.0
 40
0.9254000508001016
0
HATCH
5
726
100
AcDbEntity
8
TopSolderMaskLayer
100
AcDbHatch
10
0
20
0
30
0
210
0
220
0
230
1
2
SOLID
70
1
71
0
91
1
92
7
72
1
73
1
93
2
10
87.11117602235205
20
137.8206756413513
42
1
10
88.96197612395227
20
137.8206756413513
42
1
97
1
330

75
0
76
1
47
0.8681437583925616
98
1
10
3.629517071192367
20
33.92795499968543
450
0
451
0
460
0
461
0
452
1
462
1
453
2
463
0
63
5
421
255
463
1
63
7
421
16777215
470
LINEAR
1001
ACAD
1010
0
1020
0
1030
0
  0
CIRCLE
  5
727
330
1F
100
AcDbEntity
  8
BottomSolderMaskLayer
100
AcDbCircle
 10
88.03657607315216
 20
137.8206756413513
 30
0.0
 40
0.5655353117157847
  0
CIRCLE
  5
728
330
1F
100
AcDbEntity
  8
BottomSolderMaskLayer
100
AcDbCircle
 10
88.03657607315216
 20
137.8206756413513
 30
0.0
 40
0.9254000508001016
0
HATCH
5
729
100
AcDbEntity
8
BottomSolderMaskLayer
100
AcDbHatch
10
0
20
0
30
0
210
0
220
0
230
1
2
SOLID
70
1
71
0
91
1
92
7
72
1
73
1
93
2
10
87.11117602235205
20
137.8206756413513
42
1
10
88.96197612395227
20
137.8206756413513
42
1
97
1
330

75
0
76
1
47
0.8681437583925616
98
1
10
3.629517071192367
20
33.92795499968543
450
0
451
0
460
0
461
0
452
1
462
1
453
2
463
0
63
5
421
255
463
1
63
7
421
16777215
470
LINEAR
1001
ACAD
1010
0
1020
0
1030
0
  0
CIRCLE
  5
72a
330
1F
100
AcDbEntity
  8
Multi-Layer
100
AcDbCircle
 10
88.03657607315216
 20
137.8206756413513
 30
0.0
 40
0.5500127000254001
  0
CIRCLE
  5
72b
330
1F
100
AcDbEntity
  8
Multi-Layer
100
AcDbCircle
 10
88.03657607315216
 20
137.8206756413513
 30
0.0
 40
0.9000000000000001
0
HATCH
5
72c
100
AcDbEntity
8
Multi-Layer
100
AcDbHatch
10
0
20
0
30
0
210
0
220
0
230
1
2
SOLID
70
1
71
0
91
1
92
7
72
1
73
1
93
2
10
87.13657607315216
20
137.8206756413513
42
1
10
88.93657607315217
20
137.8206756413513
42
1
97
1
330

75
0
76
1
47
0.8681437583925616
98
1
10
3.629517071192367
20
33.92795499968543
450
0
451
0
460
0
461
0
452
1
462
1
453
2
463
0
63
5
421
255
463
1
63
7
421
16777215
470
LINEAR
1001
ACAD
1010
0
1020
0
1030
0
  0
CIRCLE
  5
976
330
1F
100
AcDbEntity
  8
TopSolderMaskLayer
100
AcDbCircle
 10
103.37820675641352
 20
79.95935991871985
 30
0.0
 40
0.5158750317500634
  0
CIRCLE
  5
977
330
1F
100
AcDbEntity
  8
TopSolderMaskLayer
100
AcDbCircle
 10
103.37820675641352
 20
79.95935991871985
 30
0.0
 40
0.8254000508001016
0
HATCH
5
978
100
AcDbEntity
8
TopSolderMaskLayer
100
AcDbHatch
10
0
20
0
30
0
210
0
220
0
230
1
2
SOLID
70
1
71
0
91
1
92
7
72
1
73
1
93
2
10
102.55280670561342
20
79.95935991871985
42
1
10
104.20360680721362
20
79.95935991871985
42
1
97
1
330

75
0
76
1
47
0.8681437583925616
98
1
10
3.629517071192367
20
33.92795499968543
450
0
451
0
460
0
461
0
452
1
462
1
453
2
463
0
63
5
421
255
463
1
63
7
421
16777215
470
LINEAR
1001
ACAD
1010
0
1020
0
1030
0
  0
CIRCLE
  5
979
330
1F
100
AcDbEntity
  8
BottomSolderMaskLayer
100
AcDbCircle
 10
103.37820675641352
 20
79.95935991871985
 30
0.0
 40
0.5158750317500634
  0
CIRCLE
  5
97a
330
1F
100
AcDbEntity
  8
BottomSolderMaskLayer
100
AcDbCircle
 10
103.37820675641352
 20
79.95935991871985
 30
0.0
 40
0.8254000508001016
0
HATCH
5
97b
100
AcDbEntity
8
BottomSolderMaskLayer
100
AcDbHatch
10
0
20
0
30
0
210
0
220
0
230
1
2
SOLID
70
1
71
0
91
1
92
7
72
1
73
1
93
2
10
102.55280670561342
20
79.95935991871985
42
1
10
104.20360680721362
20
79.95935991871985
42
1
97
1
330

75
0
76
1
47
0.8681437583925616
98
1
10
3.629517071192367
20
33.92795499968543
450
0
451
0
460
0
461
0
452
1
462
1
453
2
463
0
63
5
421
255
463
1
63
7
421
16777215
470
LINEAR
1001
ACAD
1010
0
1020
0
1030
0
  0
CIRCLE
  5
97c
330
1F
100
AcDbEntity
  8
Multi-Layer
100
AcDbCircle
 10
103.37820675641352
 20
79.95935991871985
 30
0.0
 40
0.5
  0
CIRCLE
  5
97d
330
1F
100
AcDbEntity
  8
Multi-Layer
100
AcDbCircle
 10
103.37820675641352
 20
79.95935991871985
 30
0.0
 40
0.8
0
HATCH
5
97e
100
AcDbEntity
8
Multi-Layer
100
AcDbHatch
10
0
20
0
30
0
210
0
220
0
230
1
2
SOLID
70
1
71
0
91
1
92
7
72
1
73
1
93
2
10
102.57820675641352
20
79.95935991871985
42
1
10
104.17820675641352
20
79.95935991871985
42
1
97
1
330

75
0
76
1
47
0.8681437583925616
98
1
10
3.629517071192367
20
33.92795499968543
450
0
451
0
460
0
461
0
452
1
462
1
453
2
463
0
63
5
421
255
463
1
63
7
421
16777215
470
LINEAR
1001
ACAD
1010
0
1020
0
1030
0
  0
CIRCLE
  5
97f
330
1F
100
AcDbEntity
  8
TopSolderMaskLayer
100
AcDbCircle
 10
100.83820167640337
 20
79.95935991871985
 30
0.0
 40
0.5158750317500634
  0
CIRCLE
  5
980
330
1F
100
AcDbEntity
  8
TopSolderMaskLayer
100
AcDbCircle
 10
100.83820167640337
 20
79.95935991871985
 30
0.0
 40
0.8254000508001016
0
HATCH
5
981
100
AcDbEntity
8
TopSolderMaskLayer
100
AcDbHatch
10
0
20
0
30
0
210
0
220
0
230
1
2
SOLID
70
1
71
0
91
1
92
7
72
1
73
1
93
2
10
100.01280162560327
20
79.95935991871985
42
1
10
101.66360172720347
20
79.95935991871985
42
1
97
1
330

75
0
76
1
47
0.8681437583925616
98
1
10
3.629517071192367
20
33.92795499968543
450
0
451
0
460
0
461
0
452
1
462
1
453
2
463
0
63
5
421
255
463
1
63
7
421
16777215
470
LINEAR
1001
ACAD
1010
0
1020
0
1030
0
  0
CIRCLE
  5
982
330
1F
100
AcDbEntity
  8
BottomSolderMaskLayer
100
AcDbCircle
 10
100.83820167640337
 20
79.95935991871985
 30
0.0
 40
0.5158750317500634
  0
CIRCLE
  5
983
330
1F
100
AcDbEntity
  8
BottomSolderMaskLayer
100
AcDbCircle
 10
100.83820167640337
 20
79.95935991871985
 30
0.0
 40
0.8254000508001016
0
HATCH
5
984
100
AcDbEntity
8
BottomSolderMaskLayer
100
AcDbHatch
10
0
20
0
30
0
210
0
220
0
230
1
2
SOLID
70
1
71
0
91
1
92
7
72
1
73
1
93
2
10
100.01280162560327
20
79.95935991871985
42
1
10
101.66360172720347
20
79.95935991871985
42
1
97
1
330

75
0
76
1
47
0.8681437583925616
98
1
10
3.629517071192367
20
33.92795499968543
450
0
451
0
460
0
461
0
452
1
462
1
453
2
463
0
63
5
421
255
463
1
63
7
421
16777215
470
LINEAR
1001
ACAD
1010
0
1020
0
1030
0
  0
CIRCLE
  5
985
330
1F
100
AcDbEntity
  8
Multi-Layer
100
AcDbCircle
 10
100.83820167640337
 20
79.95935991871985
 30
0.0
 40
0.5
  0
CIRCLE
  5
986
330
1F
100
AcDbEntity
  8
Multi-Layer
100
AcDbCircle
 10
100.83820167640337
 20
79.95935991871985
 30
0.0
 40
0.8
0
HATCH
5
987
100
AcDbEntity
8
Multi-Layer
100
AcDbHatch
10
0
20
0
30
0
210
0
220
0
230
1
2
SOLID
70
1
71
0
91
1
92
7
72
1
73
1
93
2
10
100.03820167640338
20
79.95935991871985
42
1
10
101.63820167640337
20
79.95935991871985
42
1
97
1
330

75
0
76
1
47
0.8681437583925616
98
1
10
3.629517071192367
20
33.92795499968543
450
0
451
0
460
0
461
0
452
1
462
1
453
2
463
0
63
5
421
255
463
1
63
7
421
16777215
470
LINEAR
1001
ACAD
1010
0
1020
0
1030
0
  0
CIRCLE
  5
988
330
1F
100
AcDbEntity
  8
TopSolderMaskLayer
100
AcDbCircle
 10
98.29819659639321
 20
79.95935991871985
 30
0.0
 40
0.5158750317500634
  0
CIRCLE
  5
989
330
1F
100
AcDbEntity
  8
TopSolderMaskLayer
100
AcDbCircle
 10
98.29819659639321
 20
79.95935991871985
 30
0.0
 40
0.8254000508001016
0
HATCH
5
98a
100
AcDbEntity
8
TopSolderMaskLayer
100
AcDbHatch
10
0
20
0
30
0
210
0
220
0
230
1
2
SOLID
70
1
71
0
91
1
92
7
72
1
73
1
93
2
10
97.47279654559311
20
79.95935991871985
42
1
10
99.12359664719331
20
79.95935991871985
42
1
97
1
330

75
0
76
1
47
0.8681437583925616
98
1
10
3.629517071192367
20
33.92795499968543
450
0
451
0
460
0
461
0
452
1
462
1
453
2
463
0
63
5
421
255
463
1
63
7
421
16777215
470
LINEAR
1001
ACAD
1010
0
1020
0
1030
0
  0
CIRCLE
  5
98b
330
1F
100
AcDbEntity
  8
BottomSolderMaskLayer
100
AcDbCircle
 10
98.29819659639321
 20
79.95935991871985
 30
0.0
 40
0.5158750317500634
  0
CIRCLE
  5
98c
330
1F
100
AcDbEntity
  8
BottomSolderMaskLayer
100
AcDbCircle
 10
98.29819659639321
 20
79.95935991871985
 30
0.0
 40
0.8254000508001016
0
HATCH
5
98d
100
AcDbEntity
8
BottomSolderMaskLayer
100
AcDbHatch
10
0
20
0
30
0
210
0
220
0
230
1
2
SOLID
70
1
71
0
91
1
92
7
72
1
73
1
93
2
10
97.47279654559311
20
79.95935991871985
42
1
10
99.12359664719331
20
79.95935991871985
42
1
97
1
330

75
0
76
1
47
0.8681437583925616
98
1
10
3.629517071192367
20
33.92795499968543
450
0
451
0
460
0
461
0
452
1
462
1
453
2
463
0
63
5
421
255
463
1
63
7
421
16777215
470
LINEAR
1001
ACAD
1010
0
1020
0
1030
0
  0
CIRCLE
  5
98e
330
1F
100
AcDbEntity
  8
Multi-Layer
100
AcDbCircle
 10
98.29819659639321
 20
79.95935991871985
 30
0.0
 40
0.5
  0
CIRCLE
  5
98f
330
1F
100
AcDbEntity
  8
Multi-Layer
100
AcDbCircle
 10
98.29819659639321
 20
79.95935991871985
 30
0.0
 40
0.8
0
HATCH
5
990
100
AcDbEntity
8
Multi-Layer
100
AcDbHatch
10
0
20
0
30
0
210
0
220
0
230
1
2
SOLID
70
1
71
0
91
1
92
7
72
1
73
1
93
2
10
97.49819659639321
20
79.95935991871985
42
1
10
99.09819659639321
20
79.95935991871985
42
1
97
1
330

75
0
76
1
47
0.8681437583925616
98
1
10
3.629517071192367
20
33.92795499968543
450
0
451
0
460
0
461
0
452
1
462
1
453
2
463
0
63
5
421
255
463
1
63
7
421
16777215
470
LINEAR
1001
ACAD
1010
0
1020
0
1030
0
  0
CIRCLE
  5
991
330
1F
100
AcDbEntity
  8
TopSolderMaskLayer
100
AcDbCircle
 10
95.75819151638305
 20
79.95935991871985
 30
0.0
 40
0.5158750317500634
  0
CIRCLE
  5
992
330
1F
100
AcDbEntity
  8
TopSolderMaskLayer
100
AcDbCircle
 10
95.75819151638305
 20
79.95935991871985
 30
0.0
 40
0.8254000508001016
0
HATCH
5
993
100
AcDbEntity
8
TopSolderMaskLayer
100
AcDbHatch
10
0
20
0
30
0
210
0
220
0
230
1
2
SOLID
70
1
71
0
91
1
92
7
72
1
73
1
93
2
10
94.93279146558295
20
79.95935991871985
42
1
10
96.58359156718315
20
79.95935991871985
42
1
97
1
330

75
0
76
1
47
0.8681437583925616
98
1
10
3.629517071192367
20
33.92795499968543
450
0
451
0
460
0
461
0
452
1
462
1
453
2
463
0
63
5
421
255
463
1
63
7
421
16777215
470
LINEAR
1001
ACAD
1010
0
1020
0
1030
0
  0
CIRCLE
  5
994
330
1F
100
AcDbEntity
  8
BottomSolderMaskLayer
100
AcDbCircle
 10
95.75819151638305
 20
79.95935991871985
 30
0.0
 40
0.5158750317500634
  0
CIRCLE
  5
995
330
1F
100
AcDbEntity
  8
BottomSolderMaskLayer
100
AcDbCircle
 10
95.75819151638305
 20
79.95935991871985
 30
0.0
 40
0.8254000508001016
0
HATCH
5
996
100
AcDbEntity
8
BottomSolderMaskLayer
100
AcDbHatch
10
0
20
0
30
0
210
0
220
0
230
1
2
SOLID
70
1
71
0
91
1
92
7
72
1
73
1
93
2
10
94.93279146558295
20
79.95935991871985
42
1
10
96.58359156718315
20
79.95935991871985
42
1
97
1
330

75
0
76
1
47
0.8681437583925616
98
1
10
3.629517071192367
20
33.92795499968543
450
0
451
0
460
0
461
0
452
1
462
1
453
2
463
0
63
5
421
255
463
1
63
7
421
16777215
470
LINEAR
1001
ACAD
1010
0
1020
0
1030
0
  0
CIRCLE
  5
997
330
1F
100
AcDbEntity
  8
Multi-Layer
100
AcDbCircle
 10
95.75819151638305
 20
79.95935991871985
 30
0.0
 40
0.5
  0
CIRCLE
  5
998
330
1F
100
AcDbEntity
  8
Multi-Layer
100
AcDbCircle
 10
95.75819151638305
 20
79.95935991871985
 30
0.0
 40
0.8
0
HATCH
5
999
100
AcDbEntity
8
Multi-Layer
100
AcDbHatch
10
0
20
0
30
0
210
0
220
0
230
1
2
SOLID
70
1
71
0
91
1
92
7
72
1
73
1
93
2
10
94.95819151638305
20
79.95935991871985
42
1
10
96.55819151638305
20
79.95935991871985
42
1
97
1
330

75
0
76
1
47
0.8681437583925616
98
1
10
3.629517071192367
20
33.92795499968543
450
0
451
0
460
0
461
0
452
1
462
1
453
2
463
0
63
5
421
255
463
1
63
7
421
16777215
470
LINEAR
1001
ACAD
1010
0
1020
0
1030
0
  0
CIRCLE
  5
99a
330
1F
100
AcDbEntity
  8
TopSolderMaskLayer
100
AcDbCircle
 10
93.21818643637289
 20
79.95935991871985
 30
0.0
 40
0.5158750317500634
  0
CIRCLE
  5
99b
330
1F
100
AcDbEntity
  8
TopSolderMaskLayer
100
AcDbCircle
 10
93.21818643637289
 20
79.95935991871985
 30
0.0
 40
0.8254000508001016
0
HATCH
5
99c
100
AcDbEntity
8
TopSolderMaskLayer
100
AcDbHatch
10
0
20
0
30
0
210
0
220
0
230
1
2
SOLID
70
1
71
0
91
1
92
7
72
1
73
1
93
2
10
92.39278638557279
20
79.95935991871985
42
1
10
94.04358648717299
20
79.95935991871985
42
1
97
1
330

75
0
76
1
47
0.8681437583925616
98
1
10
3.629517071192367
20
33.92795499968543
450
0
451
0
460
0
461
0
452
1
462
1
453
2
463
0
63
5
421
255
463
1
63
7
421
16777215
470
LINEAR
1001
ACAD
1010
0
1020
0
1030
0
  0
CIRCLE
  5
99d
330
1F
100
AcDbEntity
  8
BottomSolderMaskLayer
100
AcDbCircle
 10
93.21818643637289
 20
79.95935991871985
 30
0.0
 40
0.5158750317500634
  0
CIRCLE
  5
99e
330
1F
100
AcDbEntity
  8
BottomSolderMaskLayer
100
AcDbCircle
 10
93.21818643637289
 20
79.95935991871985
 30
0.0
 40
0.8254000508001016
0
HATCH
5
99f
100
AcDbEntity
8
BottomSolderMaskLayer
100
AcDbHatch
10
0
20
0
30
0
210
0
220
0
230
1
2
SOLID
70
1
71
0
91
1
92
7
72
1
73
1
93
2
10
92.39278638557279
20
79.95935991871985
42
1
10
94.04358648717299
20
79.95935991871985
42
1
97
1
330

75
0
76
1
47
0.8681437583925616
98
1
10
3.629517071192367
20
33.92795499968543
450
0
451
0
460
0
461
0
452
1
462
1
453
2
463
0
63
5
421
255
463
1
63
7
421
16777215
470
LINEAR
1001
ACAD
1010
0
1020
0
1030
0
  0
CIRCLE
  5
9a0
330
1F
100
AcDbEntity
  8
Multi-Layer
100
AcDbCircle
 10
93.21818643637289
 20
79.95935991871985
 30
0.0
 40
0.5
  0
CIRCLE
  5
9a1
330
1F
100
AcDbEntity
  8
Multi-Layer
100
AcDbCircle
 10
93.21818643637289
 20
79.95935991871985
 30
0.0
 40
0.8
0
HATCH
5
9a2
100
AcDbEntity
8
Multi-Layer
100
AcDbHatch
10
0
20
0
30
0
210
0
220
0
230
1
2
SOLID
70
1
71
0
91
1
92
7
72
1
73
1
93
2
10
92.41818643637289
20
79.95935991871985
42
1
10
94.01818643637289
20
79.95935991871985
42
1
97
1
330

75
0
76
1
47
0.8681437583925616
98
1
10
3.629517071192367
20
33.92795499968543
450
0
451
0
460
0
461
0
452
1
462
1
453
2
463
0
63
5
421
255
463
1
63
7
421
16777215
470
LINEAR
1001
ACAD
1010
0
1020
0
1030
0
  0
CIRCLE
  5
9a3
330
1F
100
AcDbEntity
  8
TopSolderMaskLayer
100
AcDbCircle
 10
90.67818135636273
 20
79.95935991871985
 30
0.0
 40
0.5158750317500634
  0
CIRCLE
  5
9a4
330
1F
100
AcDbEntity
  8
TopSolderMaskLayer
100
AcDbCircle
 10
90.67818135636273
 20
79.95935991871985
 30
0.0
 40
0.8254000508001016
0
HATCH
5
9a5
100
AcDbEntity
8
TopSolderMaskLayer
100
AcDbHatch
10
0
20
0
30
0
210
0
220
0
230
1
2
SOLID
70
1
71
0
91
1
92
7
72
1
73
1
93
2
10
89.85278130556263
20
79.95935991871985
42
1
10
91.50358140716283
20
79.95935991871985
42
1
97
1
330

75
0
76
1
47
0.8681437583925616
98
1
10
3.629517071192367
20
33.92795499968543
450
0
451
0
460
0
461
0
452
1
462
1
453
2
463
0
63
5
421
255
463
1
63
7
421
16777215
470
LINEAR
1001
ACAD
1010
0
1020
0
1030
0
  0
CIRCLE
  5
9a6
330
1F
100
AcDbEntity
  8
BottomSolderMaskLayer
100
AcDbCircle
 10
90.67818135636273
 20
79.95935991871985
 30
0.0
 40
0.5158750317500634
  0
CIRCLE
  5
9a7
330
1F
100
AcDbEntity
  8
BottomSolderMaskLayer
100
AcDbCircle
 10
90.67818135636273
 20
79.95935991871985
 30
0.0
 40
0.8254000508001016
0
HATCH
5
9a8
100
AcDbEntity
8
BottomSolderMaskLayer
100
AcDbHatch
10
0
20
0
30
0
210
0
220
0
230
1
2
SOLID
70
1
71
0
91
1
92
7
72
1
73
1
93
2
10
89.85278130556263
20
79.95935991871985
42
1
10
91.50358140716283
20
79.95935991871985
42
1
97
1
330

75
0
76
1
47
0.8681437583925616
98
1
10
3.629517071192367
20
33.92795499968543
450
0
451
0
460
0
461
0
452
1
462
1
453
2
463
0
63
5
421
255
463
1
63
7
421
16777215
470
LINEAR
1001
ACAD
1010
0
1020
0
1030
0
  0
CIRCLE
  5
9a9
330
1F
100
AcDbEntity
  8
Multi-Layer
100
AcDbCircle
 10
90.67818135636273
 20
79.95935991871985
 30
0.0
 40
0.5
  0
CIRCLE
  5
9aa
330
1F
100
AcDbEntity
  8
Multi-Layer
100
AcDbCircle
 10
90.67818135636273
 20
79.95935991871985
 30
0.0
 40
0.8
0
HATCH
5
9ab
100
AcDbEntity
8
Multi-Layer
100
AcDbHatch
10
0
20
0
30
0
210
0
220
0
230
1
2
SOLID
70
1
71
0
91
1
92
7
72
1
73
1
93
2
10
89.87818135636273
20
79.95935991871985
42
1
10
91.47818135636273
20
79.95935991871985
42
1
97
1
330

75
0
76
1
47
0.8681437583925616
98
1
10
3.629517071192367
20
33.92795499968543
450
0
451
0
460
0
461
0
452
1
462
1
453
2
463
0
63
5
421
255
463
1
63
7
421
16777215
470
LINEAR
1001
ACAD
1010
0
1020
0
1030
0
  0
CIRCLE
  5
9ac
330
1F
100
AcDbEntity
  8
TopSolderMaskLayer
100
AcDbCircle
 10
88.13817627635257
 20
79.95935991871985
 30
0.0
 40
0.5158750317500634
  0
CIRCLE
  5
9ad
330
1F
100
AcDbEntity
  8
TopSolderMaskLayer
100
AcDbCircle
 10
88.13817627635257
 20
79.95935991871985
 30
0.0
 40
0.8254000508001016
0
HATCH
5
9ae
100
AcDbEntity
8
TopSolderMaskLayer
100
AcDbHatch
10
0
20
0
30
0
210
0
220
0
230
1
2
SOLID
70
1
71
0
91
1
92
7
72
1
73
1
93
2
10
87.31277622555247
20
79.95935991871985
42
1
10
88.96357632715267
20
79.95935991871985
42
1
97
1
330

75
0
76
1
47
0.8681437583925616
98
1
10
3.629517071192367
20
33.92795499968543
450
0
451
0
460
0
461
0
452
1
462
1
453
2
463
0
63
5
421
255
463
1
63
7
421
16777215
470
LINEAR
1001
ACAD
1010
0
1020
0
1030
0
  0
CIRCLE
  5
9af
330
1F
100
AcDbEntity
  8
BottomSolderMaskLayer
100
AcDbCircle
 10
88.13817627635257
 20
79.95935991871985
 30
0.0
 40
0.5158750317500634
  0
CIRCLE
  5
9b0
330
1F
100
AcDbEntity
  8
BottomSolderMaskLayer
100
AcDbCircle
 10
88.13817627635257
 20
79.95935991871985
 30
0.0
 40
0.8254000508001016
0
HATCH
5
9b1
100
AcDbEntity
8
BottomSolderMaskLayer
100
AcDbHatch
10
0
20
0
30
0
210
0
220
0
230
1
2
SOLID
70
1
71
0
91
1
92
7
72
1
73
1
93
2
10
87.31277622555247
20
79.95935991871985
42
1
10
88.96357632715267
20
79.95935991871985
42
1
97
1
330

75
0
76
1
47
0.8681437583925616
98
1
10
3.629517071192367
20
33.92795499968543
450
0
451
0
460
0
461
0
452
1
462
1
453
2
463
0
63
5
421
255
463
1
63
7
421
16777215
470
LINEAR
1001
ACAD
1010
0
1020
0
1030
0
  0
CIRCLE
  5
9b2
330
1F
100
AcDbEntity
  8
Multi-Layer
100
AcDbCircle
 10
88.13817627635257
 20
79.95935991871985
 30
0.0
 40
0.5
  0
CIRCLE
  5
9b3
330
1F
100
AcDbEntity
  8
Multi-Layer
100
AcDbCircle
 10
88.13817627635257
 20
79.95935991871985
 30
0.0
 40
0.8
0
HATCH
5
9b4
100
AcDbEntity
8
Multi-Layer
100
AcDbHatch
10
0
20
0
30
0
210
0
220
0
230
1
2
SOLID
70
1
71
0
91
1
92
7
72
1
73
1
93
2
10
87.33817627635257
20
79.95935991871985
42
1
10
88.93817627635256
20
79.95935991871985
42
1
97
1
330

75
0
76
1
47
0.8681437583925616
98
1
10
3.629517071192367
20
33.92795499968543
450
0
451
0
460
0
461
0
452
1
462
1
453
2
463
0
63
5
421
255
463
1
63
7
421
16777215
470
LINEAR
1001
ACAD
1010
0
1020
0
1030
0
  0
CIRCLE
  5
9b5
330
1F
100
AcDbEntity
  8
TopSolderMaskLayer
100
AcDbCircle
 10
85.5981711963424
 20
79.95935991871985
 30
0.0
 40
0.5158750317500634
  0
CIRCLE
  5
9b6
330
1F
100
AcDbEntity
  8
TopSolderMaskLayer
100
AcDbCircle
 10
85.5981711963424
 20
79.95935991871985
 30
0.0
 40
0.8254000508001016
0
HATCH
5
9b7
100
AcDbEntity
8
TopSolderMaskLayer
100
AcDbHatch
10
0
20
0
30
0
210
0
220
0
230
1
2
SOLID
70
1
71
0
91
1
92
7
72
1
73
1
93
2
10
84.77277114554231
20
79.95935991871985
42
1
10
86.4235712471425
20
79.95935991871985
42
1
97
1
330

75
0
76
1
47
0.8681437583925616
98
1
10
3.629517071192367
20
33.92795499968543
450
0
451
0
460
0
461
0
452
1
462
1
453
2
463
0
63
5
421
255
463
1
63
7
421
16777215
470
LINEAR
1001
ACAD
1010
0
1020
0
1030
0
  0
CIRCLE
  5
9b8
330
1F
100
AcDbEntity
  8
BottomSolderMaskLayer
100
AcDbCircle
 10
85.5981711963424
 20
79.95935991871985
 30
0.0
 40
0.5158750317500634
  0
CIRCLE
  5
9b9
330
1F
100
AcDbEntity
  8
BottomSolderMaskLayer
100
AcDbCircle
 10
85.5981711963424
 20
79.95935991871985
 30
0.0
 40
0.8254000508001016
0
HATCH
5
9ba
100
AcDbEntity
8
BottomSolderMaskLayer
100
AcDbHatch
10
0
20
0
30
0
210
0
220
0
230
1
2
SOLID
70
1
71
0
91
1
92
7
72
1
73
1
93
2
10
84.77277114554231
20
79.95935991871985
42
1
10
86.4235712471425
20
79.95935991871985
42
1
97
1
330

75
0
76
1
47
0.8681437583925616
98
1
10
3.629517071192367
20
33.92795499968543
450
0
451
0
460
0
461
0
452
1
462
1
453
2
463
0
63
5
421
255
463
1
63
7
421
16777215
470
LINEAR
1001
ACAD
1010
0
1020
0
1030
0
  0
CIRCLE
  5
9bb
330
1F
100
AcDbEntity
  8
Multi-Layer
100
AcDbCircle
 10
85.5981711963424
 20
79.95935991871985
 30
0.0
 40
0.5
  0
CIRCLE
  5
9bc
330
1F
100
AcDbEntity
  8
Multi-Layer
100
AcDbCircle
 10
85.5981711963424
 20
79.95935991871985
 30
0.0
 40
0.8
0
HATCH
5
9bd
100
AcDbEntity
8
Multi-Layer
100
AcDbHatch
10
0
20
0
30
0
210
0
220
0
230
1
2
SOLID
70
1
71
0
91
1
92
7
72
1
73
1
93
2
10
84.79817119634241
20
79.95935991871985
42
1
10
86.3981711963424
20
79.95935991871985
42
1
97
1
330

75
0
76
1
47
0.8681437583925616
98
1
10
3.629517071192367
20
33.92795499968543
450
0
451
0
460
0
461
0
452
1
462
1
453
2
463
0
63
5
421
255
463
1
63
7
421
16777215
470
LINEAR
1001
ACAD
1010
0
1020
0
1030
0
  0
CIRCLE
  5
9be
330
1F
100
AcDbEntity
  8
TopSolderMaskLayer
100
AcDbCircle
 10
83.05816611633225
 20
79.95935991871985
 30
0.0
 40
0.5158750317500634
  0
CIRCLE
  5
9bf
330
1F
100
AcDbEntity
  8
TopSolderMaskLayer
100
AcDbCircle
 10
83.05816611633225
 20
79.95935991871985
 30
0.0
 40
0.8254000508001016
0
HATCH
5
9c0
100
AcDbEntity
8
TopSolderMaskLayer
100
AcDbHatch
10
0
20
0
30
0
210
0
220
0
230
1
2
SOLID
70
1
71
0
91
1
92
7
72
1
73
1
93
2
10
82.23276606553215
20
79.95935991871985
42
1
10
83.88356616713234
20
79.95935991871985
42
1
97
1
330

75
0
76
1
47
0.8681437583925616
98
1
10
3.629517071192367
20
33.92795499968543
450
0
451
0
460
0
461
0
452
1
462
1
453
2
463
0
63
5
421
255
463
1
63
7
421
16777215
470
LINEAR
1001
ACAD
1010
0
1020
0
1030
0
  0
CIRCLE
  5
9c1
330
1F
100
AcDbEntity
  8
BottomSolderMaskLayer
100
AcDbCircle
 10
83.05816611633225
 20
79.95935991871985
 30
0.0
 40
0.5158750317500634
  0
CIRCLE
  5
9c2
330
1F
100
AcDbEntity
  8
BottomSolderMaskLayer
100
AcDbCircle
 10
83.05816611633225
 20
79.95935991871985
 30
0.0
 40
0.8254000508001016
0
HATCH
5
9c3
100
AcDbEntity
8
BottomSolderMaskLayer
100
AcDbHatch
10
0
20
0
30
0
210
0
220
0
230
1
2
SOLID
70
1
71
0
91
1
92
7
72
1
73
1
93
2
10
82.23276606553215
20
79.95935991871985
42
1
10
83.88356616713234
20
79.95935991871985
42
1
97
1
330

75
0
76
1
47
0.8681437583925616
98
1
10
3.629517071192367
20
33.92795499968543
450
0
451
0
460
0
461
0
452
1
462
1
453
2
463
0
63
5
421
255
463
1
63
7
421
16777215
470
LINEAR
1001
ACAD
1010
0
1020
0
1030
0
  0
CIRCLE
  5
9c4
330
1F
100
AcDbEntity
  8
Multi-Layer
100
AcDbCircle
 10
83.05816611633225
 20
79.95935991871985
 30
0.0
 40
0.5
  0
CIRCLE
  5
9c5
330
1F
100
AcDbEntity
  8
Multi-Layer
100
AcDbCircle
 10
83.05816611633225
 20
79.95935991871985
 30
0.0
 40
0.8
0
HATCH
5
9c6
100
AcDbEntity
8
Multi-Layer
100
AcDbHatch
10
0
20
0
30
0
210
0
220
0
230
1
2
SOLID
70
1
71
0
91
1
92
7
72
1
73
1
93
2
10
82.25816611633225
20
79.95935991871985
42
1
10
83.85816611633224
20
79.95935991871985
42
1
97
1
330

75
0
76
1
47
0.8681437583925616
98
1
10
3.629517071192367
20
33.92795499968543
450
0
451
0
460
0
461
0
452
1
462
1
453
2
463
0
63
5
421
255
463
1
63
7
421
16777215
470
LINEAR
1001
ACAD
1010
0
1020
0
1030
0
  0
CIRCLE
  5
9c7
330
1F
100
AcDbEntity
  8
TopSolderMaskLayer
100
AcDbCircle
 10
80.51816103632208
 20
79.95935991871985
 30
0.0
 40
0.5158750317500634
  0
CIRCLE
  5
9c8
330
1F
100
AcDbEntity
  8
TopSolderMaskLayer
100
AcDbCircle
 10
80.51816103632208
 20
79.95935991871985
 30
0.0
 40
0.8254000508001016
0
HATCH
5
9c9
100
AcDbEntity
8
TopSolderMaskLayer
100
AcDbHatch
10
0
20
0
30
0
210
0
220
0
230
1
2
SOLID
70
1
71
0
91
1
92
7
72
1
73
1
93
2
10
79.69276098552199
20
79.95935991871985
42
1
10
81.34356108712218
20
79.95935991871985
42
1
97
1
330

75
0
76
1
47
0.8681437583925616
98
1
10
3.629517071192367
20
33.92795499968543
450
0
451
0
460
0
461
0
452
1
462
1
453
2
463
0
63
5
421
255
463
1
63
7
421
16777215
470
LINEAR
1001
ACAD
1010
0
1020
0
1030
0
  0
CIRCLE
  5
9ca
330
1F
100
AcDbEntity
  8
BottomSolderMaskLayer
100
AcDbCircle
 10
80.51816103632208
 20
79.95935991871985
 30
0.0
 40
0.5158750317500634
  0
CIRCLE
  5
9cb
330
1F
100
AcDbEntity
  8
BottomSolderMaskLayer
100
AcDbCircle
 10
80.51816103632208
 20
79.95935991871985
 30
0.0
 40
0.8254000508001016
0
HATCH
5
9cc
100
AcDbEntity
8
BottomSolderMaskLayer
100
AcDbHatch
10
0
20
0
30
0
210
0
220
0
230
1
2
SOLID
70
1
71
0
91
1
92
7
72
1
73
1
93
2
10
79.69276098552199
20
79.95935991871985
42
1
10
81.34356108712218
20
79.95935991871985
42
1
97
1
330

75
0
76
1
47
0.8681437583925616
98
1
10
3.629517071192367
20
33.92795499968543
450
0
451
0
460
0
461
0
452
1
462
1
453
2
463
0
63
5
421
255
463
1
63
7
421
16777215
470
LINEAR
1001
ACAD
1010
0
1020
0
1030
0
  0
CIRCLE
  5
9cd
330
1F
100
AcDbEntity
  8
Multi-Layer
100
AcDbCircle
 10
80.51816103632208
 20
79.95935991871985
 30
0.0
 40
0.5
  0
CIRCLE
  5
9ce
330
1F
100
AcDbEntity
  8
Multi-Layer
100
AcDbCircle
 10
80.51816103632208
 20
79.95935991871985
 30
0.0
 40
0.8
0
HATCH
5
9cf
100
AcDbEntity
8
Multi-Layer
100
AcDbHatch
10
0
20
0
30
0
210
0
220
0
230
1
2
SOLID
70
1
71
0
91
1
92
7
72
1
73
1
93
2
10
79.71816103632209
20
79.95935991871985
42
1
10
81.31816103632208
20
79.95935991871985
42
1
97
1
330

75
0
76
1
47
0.8681437583925616
98
1
10
3.629517071192367
20
33.92795499968543
450
0
451
0
460
0
461
0
452
1
462
1
453
2
463
0
63
5
421
255
463
1
63
7
421
16777215
470
LINEAR
1001
ACAD
1010
0
1020
0
1030
0
  0
CIRCLE
  5
9d0
330
1F
100
AcDbEntity
  8
TopSolderMaskLayer
100
AcDbCircle
 10
77.97815595631192
 20
79.95935991871985
 30
0.0
 40
0.5158750317500634
  0
CIRCLE
  5
9d1
330
1F
100
AcDbEntity
  8
TopSolderMaskLayer
100
AcDbCircle
 10
77.97815595631192
 20
79.95935991871985
 30
0.0
 40
0.8254000508001016
0
HATCH
5
9d2
100
AcDbEntity
8
TopSolderMaskLayer
100
AcDbHatch
10
0
20
0
30
0
210
0
220
0
230
1
2
SOLID
70
1
71
0
91
1
92
7
72
1
73
1
93
2
10
77.15275590551182
20
79.95935991871985
42
1
10
78.80355600711202
20
79.95935991871985
42
1
97
1
330

75
0
76
1
47
0.8681437583925616
98
1
10
3.629517071192367
20
33.92795499968543
450
0
451
0
460
0
461
0
452
1
462
1
453
2
463
0
63
5
421
255
463
1
63
7
421
16777215
470
LINEAR
1001
ACAD
1010
0
1020
0
1030
0
  0
CIRCLE
  5
9d3
330
1F
100
AcDbEntity
  8
BottomSolderMaskLayer
100
AcDbCircle
 10
77.97815595631192
 20
79.95935991871985
 30
0.0
 40
0.5158750317500634
  0
CIRCLE
  5
9d4
330
1F
100
AcDbEntity
  8
BottomSolderMaskLayer
100
AcDbCircle
 10
77.97815595631192
 20
79.95935991871985
 30
0.0
 40
0.8254000508001016
0
HATCH
5
9d5
100
AcDbEntity
8
BottomSolderMaskLayer
100
AcDbHatch
10
0
20
0
30
0
210
0
220
0
230
1
2
SOLID
70
1
71
0
91
1
92
7
72
1
73
1
93
2
10
77.15275590551182
20
79.95935991871985
42
1
10
78.80355600711202
20
79.95935991871985
42
1
97
1
330

75
0
76
1
47
0.8681437583925616
98
1
10
3.629517071192367
20
33.92795499968543
450
0
451
0
460
0
461
0
452
1
462
1
453
2
463
0
63
5
421
255
463
1
63
7
421
16777215
470
LINEAR
1001
ACAD
1010
0
1020
0
1030
0
  0
CIRCLE
  5
9d6
330
1F
100
AcDbEntity
  8
Multi-Layer
100
AcDbCircle
 10
77.97815595631192
 20
79.95935991871985
 30
0.0
 40
0.5
  0
CIRCLE
  5
9d7
330
1F
100
AcDbEntity
  8
Multi-Layer
100
AcDbCircle
 10
77.97815595631192
 20
79.95935991871985
 30
0.0
 40
0.8
0
HATCH
5
9d8
100
AcDbEntity
8
Multi-Layer
100
AcDbHatch
10
0
20
0
30
0
210
0
220
0
230
1
2
SOLID
70
1
71
0
91
1
92
7
72
1
73
1
93
2
10
77.17815595631193
20
79.95935991871985
42
1
10
78.77815595631192
20
79.95935991871985
42
1
97
1
330

75
0
76
1
47
0.8681437583925616
98
1
10
3.629517071192367
20
33.92795499968543
450
0
451
0
460
0
461
0
452
1
462
1
453
2
463
0
63
5
421
255
463
1
63
7
421
16777215
470
LINEAR
1001
ACAD
1010
0
1020
0
1030
0
  0
CIRCLE
  5
9d9
330
1F
100
AcDbEntity
  8
TopSolderMaskLayer
100
AcDbCircle
 10
75.43815087630176
 20
79.95935991871985
 30
0.0
 40
0.5158750317500634
  0
CIRCLE
  5
9da
330
1F
100
AcDbEntity
  8
TopSolderMaskLayer
100
AcDbCircle
 10
75.43815087630176
 20
79.95935991871985
 30
0.0
 40
0.8254000508001016
0
HATCH
5
9db
100
AcDbEntity
8
TopSolderMaskLayer
100
AcDbHatch
10
0
20
0
30
0
210
0
220
0
230
1
2
SOLID
70
1
71
0
91
1
92
7
72
1
73
1
93
2
10
74.61275082550166
20
79.95935991871985
42
1
10
76.26355092710186
20
79.95935991871985
42
1
97
1
330

75
0
76
1
47
0.8681437583925616
98
1
10
3.629517071192367
20
33.92795499968543
450
0
451
0
460
0
461
0
452
1
462
1
453
2
463
0
63
5
421
255
463
1
63
7
421
16777215
470
LINEAR
1001
ACAD
1010
0
1020
0
1030
0
  0
CIRCLE
  5
9dc
330
1F
100
AcDbEntity
  8
BottomSolderMaskLayer
100
AcDbCircle
 10
75.43815087630176
 20
79.95935991871985
 30
0.0
 40
0.5158750317500634
  0
CIRCLE
  5
9dd
330
1F
100
AcDbEntity
  8
BottomSolderMaskLayer
100
AcDbCircle
 10
75.43815087630176
 20
79.95935991871985
 30
0.0
 40
0.8254000508001016
0
HATCH
5
9de
100
AcDbEntity
8
BottomSolderMaskLayer
100
AcDbHatch
10
0
20
0
30
0
210
0
220
0
230
1
2
SOLID
70
1
71
0
91
1
92
7
72
1
73
1
93
2
10
74.61275082550166
20
79.95935991871985
42
1
10
76.26355092710186
20
79.95935991871985
42
1
97
1
330

75
0
76
1
47
0.8681437583925616
98
1
10
3.629517071192367
20
33.92795499968543
450
0
451
0
460
0
461
0
452
1
462
1
453
2
463
0
63
5
421
255
463
1
63
7
421
16777215
470
LINEAR
1001
ACAD
1010
0
1020
0
1030
0
  0
CIRCLE
  5
9df
330
1F
100
AcDbEntity
  8
Multi-Layer
100
AcDbCircle
 10
75.43815087630176
 20
79.95935991871985
 30
0.0
 40
0.5
  0
CIRCLE
  5
9e0
330
1F
100
AcDbEntity
  8
Multi-Layer
100
AcDbCircle
 10
75.43815087630176
 20
79.95935991871985
 30
0.0
 40
0.8
0
HATCH
5
9e1
100
AcDbEntity
8
Multi-Layer
100
AcDbHatch
10
0
20
0
30
0
210
0
220
0
230
1
2
SOLID
70
1
71
0
91
1
92
7
72
1
73
1
93
2
10
74.63815087630176
20
79.95935991871985
42
1
10
76.23815087630176
20
79.95935991871985
42
1
97
1
330

75
0
76
1
47
0.8681437583925616
98
1
10
3.629517071192367
20
33.92795499968543
450
0
451
0
460
0
461
0
452
1
462
1
453
2
463
0
63
5
421
255
463
1
63
7
421
16777215
470
LINEAR
1001
ACAD
1010
0
1020
0
1030
0
  0
CIRCLE
  5
9e2
330
1F
100
AcDbEntity
  8
TopSolderMaskLayer
100
AcDbCircle
 10
72.8981457962916
 20
79.95935991871985
 30
0.0
 40
0.5158750317500634
  0
CIRCLE
  5
9e3
330
1F
100
AcDbEntity
  8
TopSolderMaskLayer
100
AcDbCircle
 10
72.8981457962916
 20
79.95935991871985
 30
0.0
 40
0.8254000508001016
0
HATCH
5
9e4
100
AcDbEntity
8
TopSolderMaskLayer
100
AcDbHatch
10
0
20
0
30
0
210
0
220
0
230
1
2
SOLID
70
1
71
0
91
1
92
7
72
1
73
1
93
2
10
72.0727457454915
20
79.95935991871985
42
1
10
73.7235458470917
20
79.95935991871985
42
1
97
1
330

75
0
76
1
47
0.8681437583925616
98
1
10
3.629517071192367
20
33.92795499968543
450
0
451
0
460
0
461
0
452
1
462
1
453
2
463
0
63
5
421
255
463
1
63
7
421
16777215
470
LINEAR
1001
ACAD
1010
0
1020
0
1030
0
  0
CIRCLE
  5
9e5
330
1F
100
AcDbEntity
  8
BottomSolderMaskLayer
100
AcDbCircle
 10
72.8981457962916
 20
79.95935991871985
 30
0.0
 40
0.5158750317500634
  0
CIRCLE
  5
9e6
330
1F
100
AcDbEntity
  8
BottomSolderMaskLayer
100
AcDbCircle
 10
72.8981457962916
 20
79.95935991871985
 30
0.0
 40
0.8254000508001016
0
HATCH
5
9e7
100
AcDbEntity
8
BottomSolderMaskLayer
100
AcDbHatch
10
0
20
0
30
0
210
0
220
0
230
1
2
SOLID
70
1
71
0
91
1
92
7
72
1
73
1
93
2
10
72.0727457454915
20
79.95935991871985
42
1
10
73.7235458470917
20
79.95935991871985
42
1
97
1
330

75
0
76
1
47
0.8681437583925616
98
1
10
3.629517071192367
20
33.92795499968543
450
0
451
0
460
0
461
0
452
1
462
1
453
2
463
0
63
5
421
255
463
1
63
7
421
16777215
470
LINEAR
1001
ACAD
1010
0
1020
0
1030
0
  0
CIRCLE
  5
9e8
330
1F
100
AcDbEntity
  8
Multi-Layer
100
AcDbCircle
 10
72.8981457962916
 20
79.95935991871985
 30
0.0
 40
0.5
  0
CIRCLE
  5
9e9
330
1F
100
AcDbEntity
  8
Multi-Layer
100
AcDbCircle
 10
72.8981457962916
 20
79.95935991871985
 30
0.0
 40
0.8
0
HATCH
5
9ea
100
AcDbEntity
8
Multi-Layer
100
AcDbHatch
10
0
20
0
30
0
210
0
220
0
230
1
2
SOLID
70
1
71
0
91
1
92
7
72
1
73
1
93
2
10
72.0981457962916
20
79.95935991871985
42
1
10
73.6981457962916
20
79.95935991871985
42
1
97
1
330

75
0
76
1
47
0.8681437583925616
98
1
10
3.629517071192367
20
33.92795499968543
450
0
451
0
460
0
461
0
452
1
462
1
453
2
463
0
63
5
421
255
463
1
63
7
421
16777215
470
LINEAR
1001
ACAD
1010
0
1020
0
1030
0
  0
CIRCLE
  5
9eb
330
1F
100
AcDbEntity
  8
TopSolderMaskLayer
100
AcDbCircle
 10
70.35814071628144
 20
79.95935991871985
 30
0.0
 40
0.5158750317500634
  0
CIRCLE
  5
9ec
330
1F
100
AcDbEntity
  8
TopSolderMaskLayer
100
AcDbCircle
 10
70.35814071628144
 20
79.95935991871985
 30
0.0
 40
0.8254000508001016
0
HATCH
5
9ed
100
AcDbEntity
8
TopSolderMaskLayer
100
AcDbHatch
10
0
20
0
30
0
210
0
220
0
230
1
2
SOLID
70
1
71
0
91
1
92
7
72
1
73
1
93
2
10
69.53274066548134
20
79.95935991871985
42
1
10
71.18354076708154
20
79.95935991871985
42
1
97
1
330

75
0
76
1
47
0.8681437583925616
98
1
10
3.629517071192367
20
33.92795499968543
450
0
451
0
460
0
461
0
452
1
462
1
453
2
463
0
63
5
421
255
463
1
63
7
421
16777215
470
LINEAR
1001
ACAD
1010
0
1020
0
1030
0
  0
CIRCLE
  5
9ee
330
1F
100
AcDbEntity
  8
BottomSolderMaskLayer
100
AcDbCircle
 10
70.35814071628144
 20
79.95935991871985
 30
0.0
 40
0.5158750317500634
  0
CIRCLE
  5
9ef
330
1F
100
AcDbEntity
  8
BottomSolderMaskLayer
100
AcDbCircle
 10
70.35814071628144
 20
79.95935991871985
 30
0.0
 40
0.8254000508001016
0
HATCH
5
9f0
100
AcDbEntity
8
BottomSolderMaskLayer
100
AcDbHatch
10
0
20
0
30
0
210
0
220
0
230
1
2
SOLID
70
1
71
0
91
1
92
7
72
1
73
1
93
2
10
69.53274066548134
20
79.95935991871985
42
1
10
71.18354076708154
20
79.95935991871985
42
1
97
1
330

75
0
76
1
47
0.8681437583925616
98
1
10
3.629517071192367
20
33.92795499968543
450
0
451
0
460
0
461
0
452
1
462
1
453
2
463
0
63
5
421
255
463
1
63
7
421
16777215
470
LINEAR
1001
ACAD
1010
0
1020
0
1030
0
  0
CIRCLE
  5
9f1
330
1F
100
AcDbEntity
  8
Multi-Layer
100
AcDbCircle
 10
70.35814071628144
 20
79.95935991871985
 30
0.0
 40
0.5
  0
CIRCLE
  5
9f2
330
1F
100
AcDbEntity
  8
Multi-Layer
100
AcDbCircle
 10
70.35814071628144
 20
79.95935991871985
 30
0.0
 40
0.8
0
HATCH
5
9f3
100
AcDbEntity
8
Multi-Layer
100
AcDbHatch
10
0
20
0
30
0
210
0
220
0
230
1
2
SOLID
70
1
71
0
91
1
92
7
72
1
73
1
93
2
10
69.55814071628144
20
79.95935991871985
42
1
10
71.15814071628144
20
79.95935991871985
42
1
97
1
330

75
0
76
1
47
0.8681437583925616
98
1
10
3.629517071192367
20
33.92795499968543
450
0
451
0
460
0
461
0
452
1
462
1
453
2
463
0
63
5
421
255
463
1
63
7
421
16777215
470
LINEAR
1001
ACAD
1010
0
1020
0
1030
0
  0
CIRCLE
  5
9fd
330
1F
100
AcDbEntity
  8
TopSolderMaskLayer
100
AcDbCircle
 10
103.37820675641352
 20
107.747015494031
 30
0.0
 40
0.5158750317500634
  0
CIRCLE
  5
9fe
330
1F
100
AcDbEntity
  8
TopSolderMaskLayer
100
AcDbCircle
 10
103.37820675641352
 20
107.747015494031
 30
0.0
 40
0.8254000508001016
0
HATCH
5
9ff
100
AcDbEntity
8
TopSolderMaskLayer
100
AcDbHatch
10
0
20
0
30
0
210
0
220
0
230
1
2
SOLID
70
1
71
0
91
1
92
7
72
1
73
1
93
2
10
102.55280670561342
20
107.747015494031
42
1
10
104.20360680721362
20
107.747015494031
42
1
97
1
330

75
0
76
1
47
0.8681437583925616
98
1
10
3.629517071192367
20
33.92795499968543
450
0
451
0
460
0
461
0
452
1
462
1
453
2
463
0
63
5
421
255
463
1
63
7
421
16777215
470
LINEAR
1001
ACAD
1010
0
1020
0
1030
0
  0
CIRCLE
  5
a00
330
1F
100
AcDbEntity
  8
BottomSolderMaskLayer
100
AcDbCircle
 10
103.37820675641352
 20
107.747015494031
 30
0.0
 40
0.5158750317500634
  0
CIRCLE
  5
a01
330
1F
100
AcDbEntity
  8
BottomSolderMaskLayer
100
AcDbCircle
 10
103.37820675641352
 20
107.747015494031
 30
0.0
 40
0.8254000508001016
0
HATCH
5
a02
100
AcDbEntity
8
BottomSolderMaskLayer
100
AcDbHatch
10
0
20
0
30
0
210
0
220
0
230
1
2
SOLID
70
1
71
0
91
1
92
7
72
1
73
1
93
2
10
102.55280670561342
20
107.747015494031
42
1
10
104.20360680721362
20
107.747015494031
42
1
97
1
330

75
0
76
1
47
0.8681437583925616
98
1
10
3.629517071192367
20
33.92795499968543
450
0
451
0
460
0
461
0
452
1
462
1
453
2
463
0
63
5
421
255
463
1
63
7
421
16777215
470
LINEAR
1001
ACAD
1010
0
1020
0
1030
0
  0
CIRCLE
  5
a03
330
1F
100
AcDbEntity
  8
Multi-Layer
100
AcDbCircle
 10
103.37820675641352
 20
107.747015494031
 30
0.0
 40
0.5
  0
CIRCLE
  5
a04
330
1F
100
AcDbEntity
  8
Multi-Layer
100
AcDbCircle
 10
103.37820675641352
 20
107.747015494031
 30
0.0
 40
0.8
0
HATCH
5
a05
100
AcDbEntity
8
Multi-Layer
100
AcDbHatch
10
0
20
0
30
0
210
0
220
0
230
1
2
SOLID
70
1
71
0
91
1
92
7
72
1
73
1
93
2
10
102.57820675641352
20
107.747015494031
42
1
10
104.17820675641352
20
107.747015494031
42
1
97
1
330

75
0
76
1
47
0.8681437583925616
98
1
10
3.629517071192367
20
33.92795499968543
450
0
451
0
460
0
461
0
452
1
462
1
453
2
463
0
63
5
421
255
463
1
63
7
421
16777215
470
LINEAR
1001
ACAD
1010
0
1020
0
1030
0
  0
CIRCLE
  5
a06
330
1F
100
AcDbEntity
  8
TopSolderMaskLayer
100
AcDbCircle
 10
100.83820167640337
 20
107.747015494031
 30
0.0
 40
0.5158750317500634
  0
CIRCLE
  5
a07
330
1F
100
AcDbEntity
  8
TopSolderMaskLayer
100
AcDbCircle
 10
100.83820167640337
 20
107.747015494031
 30
0.0
 40
0.8254000508001016
0
HATCH
5
a08
100
AcDbEntity
8
TopSolderMaskLayer
100
AcDbHatch
10
0
20
0
30
0
210
0
220
0
230
1
2
SOLID
70
1
71
0
91
1
92
7
72
1
73
1
93
2
10
100.01280162560327
20
107.747015494031
42
1
10
101.66360172720347
20
107.747015494031
42
1
97
1
330

75
0
76
1
47
0.8681437583925616
98
1
10
3.629517071192367
20
33.92795499968543
450
0
451
0
460
0
461
0
452
1
462
1
453
2
463
0
63
5
421
255
463
1
63
7
421
16777215
470
LINEAR
1001
ACAD
1010
0
1020
0
1030
0
  0
CIRCLE
  5
a09
330
1F
100
AcDbEntity
  8
BottomSolderMaskLayer
100
AcDbCircle
 10
100.83820167640337
 20
107.747015494031
 30
0.0
 40
0.5158750317500634
  0
CIRCLE
  5
a0a
330
1F
100
AcDbEntity
  8
BottomSolderMaskLayer
100
AcDbCircle
 10
100.83820167640337
 20
107.747015494031
 30
0.0
 40
0.8254000508001016
0
HATCH
5
a0b
100
AcDbEntity
8
BottomSolderMaskLayer
100
AcDbHatch
10
0
20
0
30
0
210
0
220
0
230
1
2
SOLID
70
1
71
0
91
1
92
7
72
1
73
1
93
2
10
100.01280162560327
20
107.747015494031
42
1
10
101.66360172720347
20
107.747015494031
42
1
97
1
330

75
0
76
1
47
0.8681437583925616
98
1
10
3.629517071192367
20
33.92795499968543
450
0
451
0
460
0
461
0
452
1
462
1
453
2
463
0
63
5
421
255
463
1
63
7
421
16777215
470
LINEAR
1001
ACAD
1010
0
1020
0
1030
0
  0
CIRCLE
  5
a0c
330
1F
100
AcDbEntity
  8
Multi-Layer
100
AcDbCircle
 10
100.83820167640337
 20
107.747015494031
 30
0.0
 40
0.5
  0
CIRCLE
  5
a0d
330
1F
100
AcDbEntity
  8
Multi-Layer
100
AcDbCircle
 10
100.83820167640337
 20
107.747015494031
 30
0.0
 40
0.8
0
HATCH
5
a0e
100
AcDbEntity
8
Multi-Layer
100
AcDbHatch
10
0
20
0
30
0
210
0
220
0
230
1
2
SOLID
70
1
71
0
91
1
92
7
72
1
73
1
93
2
10
100.03820167640338
20
107.747015494031
42
1
10
101.63820167640337
20
107.747015494031
42
1
97
1
330

75
0
76
1
47
0.8681437583925616
98
1
10
3.629517071192367
20
33.92795499968543
450
0
451
0
460
0
461
0
452
1
462
1
453
2
463
0
63
5
421
255
463
1
63
7
421
16777215
470
LINEAR
1001
ACAD
1010
0
1020
0
1030
0
  0
CIRCLE
  5
a0f
330
1F
100
AcDbEntity
  8
TopSolderMaskLayer
100
AcDbCircle
 10
98.29819659639321
 20
107.747015494031
 30
0.0
 40
0.5158750317500634
  0
CIRCLE
  5
a10
330
1F
100
AcDbEntity
  8
TopSolderMaskLayer
100
AcDbCircle
 10
98.29819659639321
 20
107.747015494031
 30
0.0
 40
0.8254000508001016
0
HATCH
5
a11
100
AcDbEntity
8
TopSolderMaskLayer
100
AcDbHatch
10
0
20
0
30
0
210
0
220
0
230
1
2
SOLID
70
1
71
0
91
1
92
7
72
1
73
1
93
2
10
97.47279654559311
20
107.747015494031
42
1
10
99.12359664719331
20
107.747015494031
42
1
97
1
330

75
0
76
1
47
0.8681437583925616
98
1
10
3.629517071192367
20
33.92795499968543
450
0
451
0
460
0
461
0
452
1
462
1
453
2
463
0
63
5
421
255
463
1
63
7
421
16777215
470
LINEAR
1001
ACAD
1010
0
1020
0
1030
0
  0
CIRCLE
  5
a12
330
1F
100
AcDbEntity
  8
BottomSolderMaskLayer
100
AcDbCircle
 10
98.29819659639321
 20
107.747015494031
 30
0.0
 40
0.5158750317500634
  0
CIRCLE
  5
a13
330
1F
100
AcDbEntity
  8
BottomSolderMaskLayer
100
AcDbCircle
 10
98.29819659639321
 20
107.747015494031
 30
0.0
 40
0.8254000508001016
0
HATCH
5
a14
100
AcDbEntity
8
BottomSolderMaskLayer
100
AcDbHatch
10
0
20
0
30
0
210
0
220
0
230
1
2
SOLID
70
1
71
0
91
1
92
7
72
1
73
1
93
2
10
97.47279654559311
20
107.747015494031
42
1
10
99.12359664719331
20
107.747015494031
42
1
97
1
330

75
0
76
1
47
0.8681437583925616
98
1
10
3.629517071192367
20
33.92795499968543
450
0
451
0
460
0
461
0
452
1
462
1
453
2
463
0
63
5
421
255
463
1
63
7
421
16777215
470
LINEAR
1001
ACAD
1010
0
1020
0
1030
0
  0
CIRCLE
  5
a15
330
1F
100
AcDbEntity
  8
Multi-Layer
100
AcDbCircle
 10
98.29819659639321
 20
107.747015494031
 30
0.0
 40
0.5
  0
CIRCLE
  5
a16
330
1F
100
AcDbEntity
  8
Multi-Layer
100
AcDbCircle
 10
98.29819659639321
 20
107.747015494031
 30
0.0
 40
0.8
0
HATCH
5
a17
100
AcDbEntity
8
Multi-Layer
100
AcDbHatch
10
0
20
0
30
0
210
0
220
0
230
1
2
SOLID
70
1
71
0
91
1
92
7
72
1
73
1
93
2
10
97.49819659639321
20
107.747015494031
42
1
10
99.09819659639321
20
107.747015494031
42
1
97
1
330

75
0
76
1
47
0.8681437583925616
98
1
10
3.629517071192367
20
33.92795499968543
450
0
451
0
460
0
461
0
452
1
462
1
453
2
463
0
63
5
421
255
463
1
63
7
421
16777215
470
LINEAR
1001
ACAD
1010
0
1020
0
1030
0
  0
CIRCLE
  5
a18
330
1F
100
AcDbEntity
  8
TopSolderMaskLayer
100
AcDbCircle
 10
95.75819151638305
 20
107.747015494031
 30
0.0
 40
0.5158750317500634
  0
CIRCLE
  5
a19
330
1F
100
AcDbEntity
  8
TopSolderMaskLayer
100
AcDbCircle
 10
95.75819151638305
 20
107.747015494031
 30
0.0
 40
0.8254000508001016
0
HATCH
5
a1a
100
AcDbEntity
8
TopSolderMaskLayer
100
AcDbHatch
10
0
20
0
30
0
210
0
220
0
230
1
2
SOLID
70
1
71
0
91
1
92
7
72
1
73
1
93
2
10
94.93279146558295
20
107.747015494031
42
1
10
96.58359156718315
20
107.747015494031
42
1
97
1
330

75
0
76
1
47
0.8681437583925616
98
1
10
3.629517071192367
20
33.92795499968543
450
0
451
0
460
0
461
0
452
1
462
1
453
2
463
0
63
5
421
255
463
1
63
7
421
16777215
470
LINEAR
1001
ACAD
1010
0
1020
0
1030
0
  0
CIRCLE
  5
a1b
330
1F
100
AcDbEntity
  8
BottomSolderMaskLayer
100
AcDbCircle
 10
95.75819151638305
 20
107.747015494031
 30
0.0
 40
0.5158750317500634
  0
CIRCLE
  5
a1c
330
1F
100
AcDbEntity
  8
BottomSolderMaskLayer
100
AcDbCircle
 10
95.75819151638305
 20
107.747015494031
 30
0.0
 40
0.8254000508001016
0
HATCH
5
a1d
100
AcDbEntity
8
BottomSolderMaskLayer
100
AcDbHatch
10
0
20
0
30
0
210
0
220
0
230
1
2
SOLID
70
1
71
0
91
1
92
7
72
1
73
1
93
2
10
94.93279146558295
20
107.747015494031
42
1
10
96.58359156718315
20
107.747015494031
42
1
97
1
330

75
0
76
1
47
0.8681437583925616
98
1
10
3.629517071192367
20
33.92795499968543
450
0
451
0
460
0
461
0
452
1
462
1
453
2
463
0
63
5
421
255
463
1
63
7
421
16777215
470
LINEAR
1001
ACAD
1010
0
1020
0
1030
0
  0
CIRCLE
  5
a1e
330
1F
100
AcDbEntity
  8
Multi-Layer
100
AcDbCircle
 10
95.75819151638305
 20
107.747015494031
 30
0.0
 40
0.5
  0
CIRCLE
  5
a1f
330
1F
100
AcDbEntity
  8
Multi-Layer
100
AcDbCircle
 10
95.75819151638305
 20
107.747015494031
 30
0.0
 40
0.8
0
HATCH
5
a20
100
AcDbEntity
8
Multi-Layer
100
AcDbHatch
10
0
20
0
30
0
210
0
220
0
230
1
2
SOLID
70
1
71
0
91
1
92
7
72
1
73
1
93
2
10
94.95819151638305
20
107.747015494031
42
1
10
96.55819151638305
20
107.747015494031
42
1
97
1
330

75
0
76
1
47
0.8681437583925616
98
1
10
3.629517071192367
20
33.92795499968543
450
0
451
0
460
0
461
0
452
1
462
1
453
2
463
0
63
5
421
255
463
1
63
7
421
16777215
470
LINEAR
1001
ACAD
1010
0
1020
0
1030
0
  0
CIRCLE
  5
a21
330
1F
100
AcDbEntity
  8
TopSolderMaskLayer
100
AcDbCircle
 10
93.21818643637289
 20
107.747015494031
 30
0.0
 40
0.5158750317500634
  0
CIRCLE
  5
a22
330
1F
100
AcDbEntity
  8
TopSolderMaskLayer
100
AcDbCircle
 10
93.21818643637289
 20
107.747015494031
 30
0.0
 40
0.8254000508001016
0
HATCH
5
a23
100
AcDbEntity
8
TopSolderMaskLayer
100
AcDbHatch
10
0
20
0
30
0
210
0
220
0
230
1
2
SOLID
70
1
71
0
91
1
92
7
72
1
73
1
93
2
10
92.39278638557279
20
107.747015494031
42
1
10
94.04358648717299
20
107.747015494031
42
1
97
1
330

75
0
76
1
47
0.8681437583925616
98
1
10
3.629517071192367
20
33.92795499968543
450
0
451
0
460
0
461
0
452
1
462
1
453
2
463
0
63
5
421
255
463
1
63
7
421
16777215
470
LINEAR
1001
ACAD
1010
0
1020
0
1030
0
  0
CIRCLE
  5
a24
330
1F
100
AcDbEntity
  8
BottomSolderMaskLayer
100
AcDbCircle
 10
93.21818643637289
 20
107.747015494031
 30
0.0
 40
0.5158750317500634
  0
CIRCLE
  5
a25
330
1F
100
AcDbEntity
  8
BottomSolderMaskLayer
100
AcDbCircle
 10
93.21818643637289
 20
107.747015494031
 30
0.0
 40
0.8254000508001016
0
HATCH
5
a26
100
AcDbEntity
8
BottomSolderMaskLayer
100
AcDbHatch
10
0
20
0
30
0
210
0
220
0
230
1
2
SOLID
70
1
71
0
91
1
92
7
72
1
73
1
93
2
10
92.39278638557279
20
107.747015494031
42
1
10
94.04358648717299
20
107.747015494031
42
1
97
1
330

75
0
76
1
47
0.8681437583925616
98
1
10
3.629517071192367
20
33.92795499968543
450
0
451
0
460
0
461
0
452
1
462
1
453
2
463
0
63
5
421
255
463
1
63
7
421
16777215
470
LINEAR
1001
ACAD
1010
0
1020
0
1030
0
  0
CIRCLE
  5
a27
330
1F
100
AcDbEntity
  8
Multi-Layer
100
AcDbCircle
 10
93.21818643637289
 20
107.747015494031
 30
0.0
 40
0.5
  0
CIRCLE
  5
a28
330
1F
100
AcDbEntity
  8
Multi-Layer
100
AcDbCircle
 10
93.21818643637289
 20
107.747015494031
 30
0.0
 40
0.8
0
HATCH
5
a29
100
AcDbEntity
8
Multi-Layer
100
AcDbHatch
10
0
20
0
30
0
210
0
220
0
230
1
2
SOLID
70
1
71
0
91
1
92
7
72
1
73
1
93
2
10
92.41818643637289
20
107.747015494031
42
1
10
94.01818643637289
20
107.747015494031
42
1
97
1
330

75
0
76
1
47
0.8681437583925616
98
1
10
3.629517071192367
20
33.92795499968543
450
0
451
0
460
0
461
0
452
1
462
1
453
2
463
0
63
5
421
255
463
1
63
7
421
16777215
470
LINEAR
1001
ACAD
1010
0
1020
0
1030
0
  0
CIRCLE
  5
a2a
330
1F
100
AcDbEntity
  8
TopSolderMaskLayer
100
AcDbCircle
 10
90.67818135636273
 20
107.747015494031
 30
0.0
 40
0.5158750317500634
  0
CIRCLE
  5
a2b
330
1F
100
AcDbEntity
  8
TopSolderMaskLayer
100
AcDbCircle
 10
90.67818135636273
 20
107.747015494031
 30
0.0
 40
0.8254000508001016
0
HATCH
5
a2c
100
AcDbEntity
8
TopSolderMaskLayer
100
AcDbHatch
10
0
20
0
30
0
210
0
220
0
230
1
2
SOLID
70
1
71
0
91
1
92
7
72
1
73
1
93
2
10
89.85278130556263
20
107.747015494031
42
1
10
91.50358140716283
20
107.747015494031
42
1
97
1
330

75
0
76
1
47
0.8681437583925616
98
1
10
3.629517071192367
20
33.92795499968543
450
0
451
0
460
0
461
0
452
1
462
1
453
2
463
0
63
5
421
255
463
1
63
7
421
16777215
470
LINEAR
1001
ACAD
1010
0
1020
0
1030
0
  0
CIRCLE
  5
a2d
330
1F
100
AcDbEntity
  8
BottomSolderMaskLayer
100
AcDbCircle
 10
90.67818135636273
 20
107.747015494031
 30
0.0
 40
0.5158750317500634
  0
CIRCLE
  5
a2e
330
1F
100
AcDbEntity
  8
BottomSolderMaskLayer
100
AcDbCircle
 10
90.67818135636273
 20
107.747015494031
 30
0.0
 40
0.8254000508001016
0
HATCH
5
a2f
100
AcDbEntity
8
BottomSolderMaskLayer
100
AcDbHatch
10
0
20
0
30
0
210
0
220
0
230
1
2
SOLID
70
1
71
0
91
1
92
7
72
1
73
1
93
2
10
89.85278130556263
20
107.747015494031
42
1
10
91.50358140716283
20
107.747015494031
42
1
97
1
330

75
0
76
1
47
0.8681437583925616
98
1
10
3.629517071192367
20
33.92795499968543
450
0
451
0
460
0
461
0
452
1
462
1
453
2
463
0
63
5
421
255
463
1
63
7
421
16777215
470
LINEAR
1001
ACAD
1010
0
1020
0
1030
0
  0
CIRCLE
  5
a30
330
1F
100
AcDbEntity
  8
Multi-Layer
100
AcDbCircle
 10
90.67818135636273
 20
107.747015494031
 30
0.0
 40
0.5
  0
CIRCLE
  5
a31
330
1F
100
AcDbEntity
  8
Multi-Layer
100
AcDbCircle
 10
90.67818135636273
 20
107.747015494031
 30
0.0
 40
0.8
0
HATCH
5
a32
100
AcDbEntity
8
Multi-Layer
100
AcDbHatch
10
0
20
0
30
0
210
0
220
0
230
1
2
SOLID
70
1
71
0
91
1
92
7
72
1
73
1
93
2
10
89.87818135636273
20
107.747015494031
42
1
10
91.47818135636273
20
107.747015494031
42
1
97
1
330

75
0
76
1
47
0.8681437583925616
98
1
10
3.629517071192367
20
33.92795499968543
450
0
451
0
460
0
461
0
452
1
462
1
453
2
463
0
63
5
421
255
463
1
63
7
421
16777215
470
LINEAR
1001
ACAD
1010
0
1020
0
1030
0
  0
CIRCLE
  5
a33
330
1F
100
AcDbEntity
  8
TopSolderMaskLayer
100
AcDbCircle
 10
88.13817627635257
 20
107.747015494031
 30
0.0
 40
0.5158750317500634
  0
CIRCLE
  5
a34
330
1F
100
AcDbEntity
  8
TopSolderMaskLayer
100
AcDbCircle
 10
88.13817627635257
 20
107.747015494031
 30
0.0
 40
0.8254000508001016
0
HATCH
5
a35
100
AcDbEntity
8
TopSolderMaskLayer
100
AcDbHatch
10
0
20
0
30
0
210
0
220
0
230
1
2
SOLID
70
1
71
0
91
1
92
7
72
1
73
1
93
2
10
87.31277622555247
20
107.747015494031
42
1
10
88.96357632715267
20
107.747015494031
42
1
97
1
330

75
0
76
1
47
0.8681437583925616
98
1
10
3.629517071192367
20
33.92795499968543
450
0
451
0
460
0
461
0
452
1
462
1
453
2
463
0
63
5
421
255
463
1
63
7
421
16777215
470
LINEAR
1001
ACAD
1010
0
1020
0
1030
0
  0
CIRCLE
  5
a36
330
1F
100
AcDbEntity
  8
BottomSolderMaskLayer
100
AcDbCircle
 10
88.13817627635257
 20
107.747015494031
 30
0.0
 40
0.5158750317500634
  0
CIRCLE
  5
a37
330
1F
100
AcDbEntity
  8
BottomSolderMaskLayer
100
AcDbCircle
 10
88.13817627635257
 20
107.747015494031
 30
0.0
 40
0.8254000508001016
0
HATCH
5
a38
100
AcDbEntity
8
BottomSolderMaskLayer
100
AcDbHatch
10
0
20
0
30
0
210
0
220
0
230
1
2
SOLID
70
1
71
0
91
1
92
7
72
1
73
1
93
2
10
87.31277622555247
20
107.747015494031
42
1
10
88.96357632715267
20
107.747015494031
42
1
97
1
330

75
0
76
1
47
0.8681437583925616
98
1
10
3.629517071192367
20
33.92795499968543
450
0
451
0
460
0
461
0
452
1
462
1
453
2
463
0
63
5
421
255
463
1
63
7
421
16777215
470
LINEAR
1001
ACAD
1010
0
1020
0
1030
0
  0
CIRCLE
  5
a39
330
1F
100
AcDbEntity
  8
Multi-Layer
100
AcDbCircle
 10
88.13817627635257
 20
107.747015494031
 30
0.0
 40
0.5
  0
CIRCLE
  5
a3a
330
1F
100
AcDbEntity
  8
Multi-Layer
100
AcDbCircle
 10
88.13817627635257
 20
107.747015494031
 30
0.0
 40
0.8
0
HATCH
5
a3b
100
AcDbEntity
8
Multi-Layer
100
AcDbHatch
10
0
20
0
30
0
210
0
220
0
230
1
2
SOLID
70
1
71
0
91
1
92
7
72
1
73
1
93
2
10
87.33817627635257
20
107.747015494031
42
1
10
88.93817627635256
20
107.747015494031
42
1
97
1
330

75
0
76
1
47
0.8681437583925616
98
1
10
3.629517071192367
20
33.92795499968543
450
0
451
0
460
0
461
0
452
1
462
1
453
2
463
0
63
5
421
255
463
1
63
7
421
16777215
470
LINEAR
1001
ACAD
1010
0
1020
0
1030
0
  0
CIRCLE
  5
a3c
330
1F
100
AcDbEntity
  8
TopSolderMaskLayer
100
AcDbCircle
 10
85.5981711963424
 20
107.747015494031
 30
0.0
 40
0.5158750317500634
  0
CIRCLE
  5
a3d
330
1F
100
AcDbEntity
  8
TopSolderMaskLayer
100
AcDbCircle
 10
85.5981711963424
 20
107.747015494031
 30
0.0
 40
0.8254000508001016
0
HATCH
5
a3e
100
AcDbEntity
8
TopSolderMaskLayer
100
AcDbHatch
10
0
20
0
30
0
210
0
220
0
230
1
2
SOLID
70
1
71
0
91
1
92
7
72
1
73
1
93
2
10
84.77277114554231
20
107.747015494031
42
1
10
86.4235712471425
20
107.747015494031
42
1
97
1
330

75
0
76
1
47
0.8681437583925616
98
1
10
3.629517071192367
20
33.92795499968543
450
0
451
0
460
0
461
0
452
1
462
1
453
2
463
0
63
5
421
255
463
1
63
7
421
16777215
470
LINEAR
1001
ACAD
1010
0
1020
0
1030
0
  0
CIRCLE
  5
a3f
330
1F
100
AcDbEntity
  8
BottomSolderMaskLayer
100
AcDbCircle
 10
85.5981711963424
 20
107.747015494031
 30
0.0
 40
0.5158750317500634
  0
CIRCLE
  5
a40
330
1F
100
AcDbEntity
  8
BottomSolderMaskLayer
100
AcDbCircle
 10
85.5981711963424
 20
107.747015494031
 30
0.0
 40
0.8254000508001016
0
HATCH
5
a41
100
AcDbEntity
8
BottomSolderMaskLayer
100
AcDbHatch
10
0
20
0
30
0
210
0
220
0
230
1
2
SOLID
70
1
71
0
91
1
92
7
72
1
73
1
93
2
10
84.77277114554231
20
107.747015494031
42
1
10
86.4235712471425
20
107.747015494031
42
1
97
1
330

75
0
76
1
47
0.8681437583925616
98
1
10
3.629517071192367
20
33.92795499968543
450
0
451
0
460
0
461
0
452
1
462
1
453
2
463
0
63
5
421
255
463
1
63
7
421
16777215
470
LINEAR
1001
ACAD
1010
0
1020
0
1030
0
  0
CIRCLE
  5
a42
330
1F
100
AcDbEntity
  8
Multi-Layer
100
AcDbCircle
 10
85.5981711963424
 20
107.747015494031
 30
0.0
 40
0.5
  0
CIRCLE
  5
a43
330
1F
100
AcDbEntity
  8
Multi-Layer
100
AcDbCircle
 10
85.5981711963424
 20
107.747015494031
 30
0.0
 40
0.8
0
HATCH
5
a44
100
AcDbEntity
8
Multi-Layer
100
AcDbHatch
10
0
20
0
30
0
210
0
220
0
230
1
2
SOLID
70
1
71
0
91
1
92
7
72
1
73
1
93
2
10
84.79817119634241
20
107.747015494031
42
1
10
86.3981711963424
20
107.747015494031
42
1
97
1
330

75
0
76
1
47
0.8681437583925616
98
1
10
3.629517071192367
20
33.92795499968543
450
0
451
0
460
0
461
0
452
1
462
1
453
2
463
0
63
5
421
255
463
1
63
7
421
16777215
470
LINEAR
1001
ACAD
1010
0
1020
0
1030
0
  0
CIRCLE
  5
a45
330
1F
100
AcDbEntity
  8
TopSolderMaskLayer
100
AcDbCircle
 10
83.05816611633225
 20
107.747015494031
 30
0.0
 40
0.5158750317500634
  0
CIRCLE
  5
a46
330
1F
100
AcDbEntity
  8
TopSolderMaskLayer
100
AcDbCircle
 10
83.05816611633225
 20
107.747015494031
 30
0.0
 40
0.8254000508001016
0
HATCH
5
a47
100
AcDbEntity
8
TopSolderMaskLayer
100
AcDbHatch
10
0
20
0
30
0
210
0
220
0
230
1
2
SOLID
70
1
71
0
91
1
92
7
72
1
73
1
93
2
10
82.23276606553215
20
107.747015494031
42
1
10
83.88356616713234
20
107.747015494031
42
1
97
1
330

75
0
76
1
47
0.8681437583925616
98
1
10
3.629517071192367
20
33.92795499968543
450
0
451
0
460
0
461
0
452
1
462
1
453
2
463
0
63
5
421
255
463
1
63
7
421
16777215
470
LINEAR
1001
ACAD
1010
0
1020
0
1030
0
  0
CIRCLE
  5
a48
330
1F
100
AcDbEntity
  8
BottomSolderMaskLayer
100
AcDbCircle
 10
83.05816611633225
 20
107.747015494031
 30
0.0
 40
0.5158750317500634
  0
CIRCLE
  5
a49
330
1F
100
AcDbEntity
  8
BottomSolderMaskLayer
100
AcDbCircle
 10
83.05816611633225
 20
107.747015494031
 30
0.0
 40
0.8254000508001016
0
HATCH
5
a4a
100
AcDbEntity
8
BottomSolderMaskLayer
100
AcDbHatch
10
0
20
0
30
0
210
0
220
0
230
1
2
SOLID
70
1
71
0
91
1
92
7
72
1
73
1
93
2
10
82.23276606553215
20
107.747015494031
42
1
10
83.88356616713234
20
107.747015494031
42
1
97
1
330

75
0
76
1
47
0.8681437583925616
98
1
10
3.629517071192367
20
33.92795499968543
450
0
451
0
460
0
461
0
452
1
462
1
453
2
463
0
63
5
421
255
463
1
63
7
421
16777215
470
LINEAR
1001
ACAD
1010
0
1020
0
1030
0
  0
CIRCLE
  5
a4b
330
1F
100
AcDbEntity
  8
Multi-Layer
100
AcDbCircle
 10
83.05816611633225
 20
107.747015494031
 30
0.0
 40
0.5
  0
CIRCLE
  5
a4c
330
1F
100
AcDbEntity
  8
Multi-Layer
100
AcDbCircle
 10
83.05816611633225
 20
107.747015494031
 30
0.0
 40
0.8
0
HATCH
5
a4d
100
AcDbEntity
8
Multi-Layer
100
AcDbHatch
10
0
20
0
30
0
210
0
220
0
230
1
2
SOLID
70
1
71
0
91
1
92
7
72
1
73
1
93
2
10
82.25816611633225
20
107.747015494031
42
1
10
83.85816611633224
20
107.747015494031
42
1
97
1
330

75
0
76
1
47
0.8681437583925616
98
1
10
3.629517071192367
20
33.92795499968543
450
0
451
0
460
0
461
0
452
1
462
1
453
2
463
0
63
5
421
255
463
1
63
7
421
16777215
470
LINEAR
1001
ACAD
1010
0
1020
0
1030
0
  0
CIRCLE
  5
a4e
330
1F
100
AcDbEntity
  8
TopSolderMaskLayer
100
AcDbCircle
 10
80.51816103632208
 20
107.747015494031
 30
0.0
 40
0.5158750317500634
  0
CIRCLE
  5
a4f
330
1F
100
AcDbEntity
  8
TopSolderMaskLayer
100
AcDbCircle
 10
80.51816103632208
 20
107.747015494031
 30
0.0
 40
0.8254000508001016
0
HATCH
5
a50
100
AcDbEntity
8
TopSolderMaskLayer
100
AcDbHatch
10
0
20
0
30
0
210
0
220
0
230
1
2
SOLID
70
1
71
0
91
1
92
7
72
1
73
1
93
2
10
79.69276098552199
20
107.747015494031
42
1
10
81.34356108712218
20
107.747015494031
42
1
97
1
330

75
0
76
1
47
0.8681437583925616
98
1
10
3.629517071192367
20
33.92795499968543
450
0
451
0
460
0
461
0
452
1
462
1
453
2
463
0
63
5
421
255
463
1
63
7
421
16777215
470
LINEAR
1001
ACAD
1010
0
1020
0
1030
0
  0
CIRCLE
  5
a51
330
1F
100
AcDbEntity
  8
BottomSolderMaskLayer
100
AcDbCircle
 10
80.51816103632208
 20
107.747015494031
 30
0.0
 40
0.5158750317500634
  0
CIRCLE
  5
a52
330
1F
100
AcDbEntity
  8
BottomSolderMaskLayer
100
AcDbCircle
 10
80.51816103632208
 20
107.747015494031
 30
0.0
 40
0.8254000508001016
0
HATCH
5
a53
100
AcDbEntity
8
BottomSolderMaskLayer
100
AcDbHatch
10
0
20
0
30
0
210
0
220
0
230
1
2
SOLID
70
1
71
0
91
1
92
7
72
1
73
1
93
2
10
79.69276098552199
20
107.747015494031
42
1
10
81.34356108712218
20
107.747015494031
42
1
97
1
330

75
0
76
1
47
0.8681437583925616
98
1
10
3.629517071192367
20
33.92795499968543
450
0
451
0
460
0
461
0
452
1
462
1
453
2
463
0
63
5
421
255
463
1
63
7
421
16777215
470
LINEAR
1001
ACAD
1010
0
1020
0
1030
0
  0
CIRCLE
  5
a54
330
1F
100
AcDbEntity
  8
Multi-Layer
100
AcDbCircle
 10
80.51816103632208
 20
107.747015494031
 30
0.0
 40
0.5
  0
CIRCLE
  5
a55
330
1F
100
AcDbEntity
  8
Multi-Layer
100
AcDbCircle
 10
80.51816103632208
 20
107.747015494031
 30
0.0
 40
0.8
0
HATCH
5
a56
100
AcDbEntity
8
Multi-Layer
100
AcDbHatch
10
0
20
0
30
0
210
0
220
0
230
1
2
SOLID
70
1
71
0
91
1
92
7
72
1
73
1
93
2
10
79.71816103632209
20
107.747015494031
42
1
10
81.31816103632208
20
107.747015494031
42
1
97
1
330

75
0
76
1
47
0.8681437583925616
98
1
10
3.629517071192367
20
33.92795499968543
450
0
451
0
460
0
461
0
452
1
462
1
453
2
463
0
63
5
421
255
463
1
63
7
421
16777215
470
LINEAR
1001
ACAD
1010
0
1020
0
1030
0
  0
CIRCLE
  5
a57
330
1F
100
AcDbEntity
  8
TopSolderMaskLayer
100
AcDbCircle
 10
77.97815595631192
 20
107.747015494031
 30
0.0
 40
0.5158750317500634
  0
CIRCLE
  5
a58
330
1F
100
AcDbEntity
  8
TopSolderMaskLayer
100
AcDbCircle
 10
77.97815595631192
 20
107.747015494031
 30
0.0
 40
0.8254000508001016
0
HATCH
5
a59
100
AcDbEntity
8
TopSolderMaskLayer
100
AcDbHatch
10
0
20
0
30
0
210
0
220
0
230
1
2
SOLID
70
1
71
0
91
1
92
7
72
1
73
1
93
2
10
77.15275590551182
20
107.747015494031
42
1
10
78.80355600711202
20
107.747015494031
42
1
97
1
330

75
0
76
1
47
0.8681437583925616
98
1
10
3.629517071192367
20
33.92795499968543
450
0
451
0
460
0
461
0
452
1
462
1
453
2
463
0
63
5
421
255
463
1
63
7
421
16777215
470
LINEAR
1001
ACAD
1010
0
1020
0
1030
0
  0
CIRCLE
  5
a5a
330
1F
100
AcDbEntity
  8
BottomSolderMaskLayer
100
AcDbCircle
 10
77.97815595631192
 20
107.747015494031
 30
0.0
 40
0.5158750317500634
  0
CIRCLE
  5
a5b
330
1F
100
AcDbEntity
  8
BottomSolderMaskLayer
100
AcDbCircle
 10
77.97815595631192
 20
107.747015494031
 30
0.0
 40
0.8254000508001016
0
HATCH
5
a5c
100
AcDbEntity
8
BottomSolderMaskLayer
100
AcDbHatch
10
0
20
0
30
0
210
0
220
0
230
1
2
SOLID
70
1
71
0
91
1
92
7
72
1
73
1
93
2
10
77.15275590551182
20
107.747015494031
42
1
10
78.80355600711202
20
107.747015494031
42
1
97
1
330

75
0
76
1
47
0.8681437583925616
98
1
10
3.629517071192367
20
33.92795499968543
450
0
451
0
460
0
461
0
452
1
462
1
453
2
463
0
63
5
421
255
463
1
63
7
421
16777215
470
LINEAR
1001
ACAD
1010
0
1020
0
1030
0
  0
CIRCLE
  5
a5d
330
1F
100
AcDbEntity
  8
Multi-Layer
100
AcDbCircle
 10
77.97815595631192
 20
107.747015494031
 30
0.0
 40
0.5
  0
CIRCLE
  5
a5e
330
1F
100
AcDbEntity
  8
Multi-Layer
100
AcDbCircle
 10
77.97815595631192
 20
107.747015494031
 30
0.0
 40
0.8
0
HATCH
5
a5f
100
AcDbEntity
8
Multi-Layer
100
AcDbHatch
10
0
20
0
30
0
210
0
220
0
230
1
2
SOLID
70
1
71
0
91
1
92
7
72
1
73
1
93
2
10
77.17815595631193
20
107.747015494031
42
1
10
78.77815595631192
20
107.747015494031
42
1
97
1
330

75
0
76
1
47
0.8681437583925616
98
1
10
3.629517071192367
20
33.92795499968543
450
0
451
0
460
0
461
0
452
1
462
1
453
2
463
0
63
5
421
255
463
1
63
7
421
16777215
470
LINEAR
1001
ACAD
1010
0
1020
0
1030
0
  0
CIRCLE
  5
a60
330
1F
100
AcDbEntity
  8
TopSolderMaskLayer
100
AcDbCircle
 10
75.43815087630176
 20
107.747015494031
 30
0.0
 40
0.5158750317500634
  0
CIRCLE
  5
a61
330
1F
100
AcDbEntity
  8
TopSolderMaskLayer
100
AcDbCircle
 10
75.43815087630176
 20
107.747015494031
 30
0.0
 40
0.8254000508001016
0
HATCH
5
a62
100
AcDbEntity
8
TopSolderMaskLayer
100
AcDbHatch
10
0
20
0
30
0
210
0
220
0
230
1
2
SOLID
70
1
71
0
91
1
92
7
72
1
73
1
93
2
10
74.61275082550166
20
107.747015494031
42
1
10
76.26355092710186
20
107.747015494031
42
1
97
1
330

75
0
76
1
47
0.8681437583925616
98
1
10
3.629517071192367
20
33.92795499968543
450
0
451
0
460
0
461
0
452
1
462
1
453
2
463
0
63
5
421
255
463
1
63
7
421
16777215
470
LINEAR
1001
ACAD
1010
0
1020
0
1030
0
  0
CIRCLE
  5
a63
330
1F
100
AcDbEntity
  8
BottomSolderMaskLayer
100
AcDbCircle
 10
75.43815087630176
 20
107.747015494031
 30
0.0
 40
0.5158750317500634
  0
CIRCLE
  5
a64
330
1F
100
AcDbEntity
  8
BottomSolderMaskLayer
100
AcDbCircle
 10
75.43815087630176
 20
107.747015494031
 30
0.0
 40
0.8254000508001016
0
HATCH
5
a65
100
AcDbEntity
8
BottomSolderMaskLayer
100
AcDbHatch
10
0
20
0
30
0
210
0
220
0
230
1
2
SOLID
70
1
71
0
91
1
92
7
72
1
73
1
93
2
10
74.61275082550166
20
107.747015494031
42
1
10
76.26355092710186
20
107.747015494031
42
1
97
1
330

75
0
76
1
47
0.8681437583925616
98
1
10
3.629517071192367
20
33.92795499968543
450
0
451
0
460
0
461
0
452
1
462
1
453
2
463
0
63
5
421
255
463
1
63
7
421
16777215
470
LINEAR
1001
ACAD
1010
0
1020
0
1030
0
  0
CIRCLE
  5
a66
330
1F
100
AcDbEntity
  8
Multi-Layer
100
AcDbCircle
 10
75.43815087630176
 20
107.747015494031
 30
0.0
 40
0.5
  0
CIRCLE
  5
a67
330
1F
100
AcDbEntity
  8
Multi-Layer
100
AcDbCircle
 10
75.43815087630176
 20
107.747015494031
 30
0.0
 40
0.8
0
HATCH
5
a68
100
AcDbEntity
8
Multi-Layer
100
AcDbHatch
10
0
20
0
30
0
210
0
220
0
230
1
2
SOLID
70
1
71
0
91
1
92
7
72
1
73
1
93
2
10
74.63815087630176
20
107.747015494031
42
1
10
76.23815087630176
20
107.747015494031
42
1
97
1
330

75
0
76
1
47
0.8681437583925616
98
1
10
3.629517071192367
20
33.92795499968543
450
0
451
0
460
0
461
0
452
1
462
1
453
2
463
0
63
5
421
255
463
1
63
7
421
16777215
470
LINEAR
1001
ACAD
1010
0
1020
0
1030
0
  0
CIRCLE
  5
a69
330
1F
100
AcDbEntity
  8
TopSolderMaskLayer
100
AcDbCircle
 10
72.8981457962916
 20
107.747015494031
 30
0.0
 40
0.5158750317500634
  0
CIRCLE
  5
a6a
330
1F
100
AcDbEntity
  8
TopSolderMaskLayer
100
AcDbCircle
 10
72.8981457962916
 20
107.747015494031
 30
0.0
 40
0.8254000508001016
0
HATCH
5
a6b
100
AcDbEntity
8
TopSolderMaskLayer
100
AcDbHatch
10
0
20
0
30
0
210
0
220
0
230
1
2
SOLID
70
1
71
0
91
1
92
7
72
1
73
1
93
2
10
72.0727457454915
20
107.747015494031
42
1
10
73.7235458470917
20
107.747015494031
42
1
97
1
330

75
0
76
1
47
0.8681437583925616
98
1
10
3.629517071192367
20
33.92795499968543
450
0
451
0
460
0
461
0
452
1
462
1
453
2
463
0
63
5
421
255
463
1
63
7
421
16777215
470
LINEAR
1001
ACAD
1010
0
1020
0
1030
0
  0
CIRCLE
  5
a6c
330
1F
100
AcDbEntity
  8
BottomSolderMaskLayer
100
AcDbCircle
 10
72.8981457962916
 20
107.747015494031
 30
0.0
 40
0.5158750317500634
  0
CIRCLE
  5
a6d
330
1F
100
AcDbEntity
  8
BottomSolderMaskLayer
100
AcDbCircle
 10
72.8981457962916
 20
107.747015494031
 30
0.0
 40
0.8254000508001016
0
HATCH
5
a6e
100
AcDbEntity
8
BottomSolderMaskLayer
100
AcDbHatch
10
0
20
0
30
0
210
0
220
0
230
1
2
SOLID
70
1
71
0
91
1
92
7
72
1
73
1
93
2
10
72.0727457454915
20
107.747015494031
42
1
10
73.7235458470917
20
107.747015494031
42
1
97
1
330

75
0
76
1
47
0.8681437583925616
98
1
10
3.629517071192367
20
33.92795499968543
450
0
451
0
460
0
461
0
452
1
462
1
453
2
463
0
63
5
421
255
463
1
63
7
421
16777215
470
LINEAR
1001
ACAD
1010
0
1020
0
1030
0
  0
CIRCLE
  5
a6f
330
1F
100
AcDbEntity
  8
Multi-Layer
100
AcDbCircle
 10
72.8981457962916
 20
107.747015494031
 30
0.0
 40
0.5
  0
CIRCLE
  5
a70
330
1F
100
AcDbEntity
  8
Multi-Layer
100
AcDbCircle
 10
72.8981457962916
 20
107.747015494031
 30
0.0
 40
0.8
0
HATCH
5
a71
100
AcDbEntity
8
Multi-Layer
100
AcDbHatch
10
0
20
0
30
0
210
0
220
0
230
1
2
SOLID
70
1
71
0
91
1
92
7
72
1
73
1
93
2
10
72.0981457962916
20
107.747015494031
42
1
10
73.6981457962916
20
107.747015494031
42
1
97
1
330

75
0
76
1
47
0.8681437583925616
98
1
10
3.629517071192367
20
33.92795499968543
450
0
451
0
460
0
461
0
452
1
462
1
453
2
463
0
63
5
421
255
463
1
63
7
421
16777215
470
LINEAR
1001
ACAD
1010
0
1020
0
1030
0
  0
CIRCLE
  5
a72
330
1F
100
AcDbEntity
  8
TopSolderMaskLayer
100
AcDbCircle
 10
70.35814071628144
 20
107.747015494031
 30
0.0
 40
0.5158750317500634
  0
CIRCLE
  5
a73
330
1F
100
AcDbEntity
  8
TopSolderMaskLayer
100
AcDbCircle
 10
70.35814071628144
 20
107.747015494031
 30
0.0
 40
0.8254000508001016
0
HATCH
5
a74
100
AcDbEntity
8
TopSolderMaskLayer
100
AcDbHatch
10
0
20
0
30
0
210
0
220
0
230
1
2
SOLID
70
1
71
0
91
1
92
7
72
1
73
1
93
2
10
69.53274066548134
20
107.747015494031
42
1
10
71.18354076708154
20
107.747015494031
42
1
97
1
330

75
0
76
1
47
0.8681437583925616
98
1
10
3.629517071192367
20
33.92795499968543
450
0
451
0
460
0
461
0
452
1
462
1
453
2
463
0
63
5
421
255
463
1
63
7
421
16777215
470
LINEAR
1001
ACAD
1010
0
1020
0
1030
0
  0
CIRCLE
  5
a75
330
1F
100
AcDbEntity
  8
BottomSolderMaskLayer
100
AcDbCircle
 10
70.35814071628144
 20
107.747015494031
 30
0.0
 40
0.5158750317500634
  0
CIRCLE
  5
a76
330
1F
100
AcDbEntity
  8
BottomSolderMaskLayer
100
AcDbCircle
 10
70.35814071628144
 20
107.747015494031
 30
0.0
 40
0.8254000508001016
0
HATCH
5
a77
100
AcDbEntity
8
BottomSolderMaskLayer
100
AcDbHatch
10
0
20
0
30
0
210
0
220
0
230
1
2
SOLID
70
1
71
0
91
1
92
7
72
1
73
1
93
2
10
69.53274066548134
20
107.747015494031
42
1
10
71.18354076708154
20
107.747015494031
42
1
97
1
330

75
0
76
1
47
0.8681437583925616
98
1
10
3.629517071192367
20
33.92795499968543
450
0
451
0
460
0
461
0
452
1
462
1
453
2
463
0
63
5
421
255
463
1
63
7
421
16777215
470
LINEAR
1001
ACAD
1010
0
1020
0
1030
0
  0
CIRCLE
  5
a78
330
1F
100
AcDbEntity
  8
Multi-Layer
100
AcDbCircle
 10
70.35814071628144
 20
107.747015494031
 30
0.0
 40
0.5
  0
CIRCLE
  5
a79
330
1F
100
AcDbEntity
  8
Multi-Layer
100
AcDbCircle
 10
70.35814071628144
 20
107.747015494031
 30
0.0
 40
0.8
0
HATCH
5
a7a
100
AcDbEntity
8
Multi-Layer
100
AcDbHatch
10
0
20
0
30
0
210
0
220
0
230
1
2
SOLID
70
1
71
0
91
1
92
7
72
1
73
1
93
2
10
69.55814071628144
20
107.747015494031
42
1
10
71.15814071628144
20
107.747015494031
42
1
97
1
330

75
0
76
1
47
0.8681437583925616
98
1
10
3.629517071192367
20
33.92795499968543
450
0
451
0
460
0
461
0
452
1
462
1
453
2
463
0
63
5
421
255
463
1
63
7
421
16777215
470
LINEAR
1001
ACAD
1010
0
1020
0
1030
0
0
HATCH
5
600
100
AcDbEntity
8
TopSolderMaskLayer
100
AcDbHatch
10
0
20
0
30
0
210
0
220
0
230
1
2
SOLID
70
1
71
0
91
1
92
7
72
0
73
1
93
4
10
122.85374650749301
20
60.22992125984253
10
122.85374650749301
20
61.08072136144273
10
123.70454660909324
20
61.08072136144273
10
123.70454660909324
20
60.22992125984253
97
1
330

75
0
76
1
47
0.4128176842155181
98
1
10
34.90568961886538
20
22.81183545379326
450
0
451
0
460
0
461
0
452
1
462
1
453
2
463
0
63
5
421
255
463
1
63
7
421
16777215
470
LINEAR
1001
ACAD
1010
0
1020
0
1030
0
0
HATCH
5
603
100
AcDbEntity
8
TopPasteMaskLayer
100
AcDbHatch
10
0
20
0
30
0
210
0
220
0
230
1
2
SOLID
70
1
71
0
91
1
92
7
72
0
73
1
93
4
10
122.87914655829313
20
60.25532131064263
10
122.87914655829313
20
61.055321310642626
10
123.67914655829313
20
61.055321310642626
10
123.67914655829313
20
60.25532131064263
97
1
330

75
0
76
1
47
0.4128176842155181
98
1
10
34.90568961886538
20
22.81183545379326
450
0
451
0
460
0
461
0
452
1
462
1
453
2
463
0
63
5
421
255
463
1
63
7
421
16777215
470
LINEAR
1001
ACAD
1010
0
1020
0
1030
0
0
HATCH
5
606
100
AcDbEntity
8
TopLayer
100
AcDbHatch
10
0
20
0
30
0
210
0
220
0
230
1
2
SOLID
70
1
71
0
91
1
92
7
72
0
73
1
93
4
10
122.87914655829313
20
60.25532131064263
10
122.87914655829313
20
61.055321310642626
10
123.67914655829313
20
61.055321310642626
10
123.67914655829313
20
60.25532131064263
97
1
330

75
0
76
1
47
0.4128176842155181
98
1
10
34.90568961886538
20
22.81183545379326
450
0
451
0
460
0
461
0
452
1
462
1
453
2
463
0
63
5
421
255
463
1
63
7
421
16777215
470
LINEAR
1001
ACAD
1010
0
1020
0
1030
0
0
HATCH
5
609
100
AcDbEntity
8
TopSolderMaskLayer
100
AcDbHatch
10
0
20
0
30
0
210
0
220
0
230
1
2
SOLID
70
1
71
0
91
1
92
7
72
0
73
1
93
4
10
121.15194310388621
20
60.22992125984253
10
121.15194310388621
20
61.08072136144273
10
122.00274320548644
20
61.08072136144273
10
122.00274320548644
20
60.22992125984253
97
1
330

75
0
76
1
47
0.4128176842155181
98
1
10
34.90568961886538
20
22.81183545379326
450
0
451
0
460
0
461
0
452
1
462
1
453
2
463
0
63
5
421
255
463
1
63
7
421
16777215
470
LINEAR
1001
ACAD
1010
0
1020
0
1030
0
0
HATCH
5
60c
100
AcDbEntity
8
TopPasteMaskLayer
100
AcDbHatch
10
0
20
0
30
0
210
0
220
0
230
1
2
SOLID
70
1
71
0
91
1
92
7
72
0
73
1
93
4
10
121.17734315468633
20
60.25532131064263
10
121.17734315468633
20
61.055321310642626
10
121.97734315468632
20
61.055321310642626
10
121.97734315468632
20
60.25532131064263
97
1
330

75
0
76
1
47
0.4128176842155181
98
1
10
34.90568961886538
20
22.81183545379326
450
0
451
0
460
0
461
0
452
1
462
1
453
2
463
0
63
5
421
255
463
1
63
7
421
16777215
470
LINEAR
1001
ACAD
1010
0
1020
0
1030
0
0
HATCH
5
60f
100
AcDbEntity
8
TopLayer
100
AcDbHatch
10
0
20
0
30
0
210
0
220
0
230
1
2
SOLID
70
1
71
0
91
1
92
7
72
0
73
1
93
4
10
121.17734315468633
20
60.25532131064263
10
121.17734315468633
20
61.055321310642626
10
121.97734315468632
20
61.055321310642626
10
121.97734315468632
20
60.25532131064263
97
1
330

75
0
76
1
47
0.4128176842155181
98
1
10
34.90568961886538
20
22.81183545379326
450
0
451
0
460
0
461
0
452
1
462
1
453
2
463
0
63
5
421
255
463
1
63
7
421
16777215
470
LINEAR
1001
ACAD
1010
0
1020
0
1030
0
0
HATCH
5
612
100
AcDbEntity
8
TopSolderMaskLayer
100
AcDbHatch
10
0
20
0
30
0
210
0
220
0
230
1
2
SOLID
70
1
71
0
91
1
92
7
72
0
73
1
93
4
10
119.89864004459193
20
62.48856777182246
10
119.89864004459193
20
60.634753269886055
10
118.15063605396028
20
60.634753269886055
10
118.15063605396028
20
62.48856777182246
97
1
330

75
0
76
1
47
0.4128176842155181
98
1
10
34.90568961886538
20
22.81183545379326
450
0
451
0
460
0
461
0
452
1
462
1
453
2
463
0
63
5
421
255
463
1
63
7
421
16777215
470
LINEAR
1001
ACAD
1010
0
1020
0
1030
0
0
HATCH
5
615
100
AcDbEntity
8
TopPasteMaskLayer
100
AcDbHatch
10
0
20
0
30
0
210
0
220
0
230
1
2
SOLID
70
1
71
0
91
1
92
7
72
0
73
1
93
4
10
119.87465074930152
20
62.46167132334265
10
119.87465074930152
20
60.66164592329186
10
118.1746253492507
20
60.66164592329186
10
118.1746253492507
20
62.46167132334265
97
1
330

75
0
76
1
47
0.4128176842155181
98
1
10
34.90568961886538
20
22.81183545379326
450
0
451
0
460
0
461
0
452
1
462
1
453
2
463
0
63
5
421
255
463
1
63
7
421
16777215
470
LINEAR
1001
ACAD
1010
0
1020
0
1030
0
0
HATCH
5
618
100
AcDbEntity
8
TopLayer
100
AcDbHatch
10
0
20
0
30
0
210
0
220
0
230
1
2
SOLID
70
1
71
0
91
1
92
7
72
0
73
1
93
4
10
119.87465074930152
20
62.46167132334265
10
119.87465074930152
20
60.66164592329186
10
118.1746253492507
20
60.66164592329186
10
118.1746253492507
20
62.46167132334265
97
1
330

75
0
76
1
47
0.4128176842155181
98
1
10
34.90568961886538
20
22.81183545379326
450
0
451
0
460
0
461
0
452
1
462
1
453
2
463
0
63
5
421
255
463
1
63
7
421
16777215
470
LINEAR
1001
ACAD
1010
0
1020
0
1030
0
0
HATCH
5
61b
100
AcDbEntity
8
TopSolderMaskLayer
100
AcDbHatch
10
0
20
0
30
0
210
0
220
0
230
1
2
SOLID
70
1
71
0
91
1
92
7
72
0
73
1
93
4
10
119.89864004459193
20
66.87350174662399
10
119.89864004459193
20
65.01968724468759
10
118.15063605396028
20
65.01968724468759
10
118.15063605396028
20
66.87350174662399
97
1
330

75
0
76
1
47
0.4128176842155181
98
1
10
34.90568961886538
20
22.81183545379326
450
0
451
0
460
0
461
0
452
1
462
1
453
2
463
0
63
5
421
255
463
1
63
7
421
16777215
470
LINEAR
1001
ACAD
1010
0
1020
0
1030
0
0
HATCH
5
61e
100
AcDbEntity
8
TopPasteMaskLayer
100
AcDbHatch
10
0
20
0
30
0
210
0
220
0
230
1
2
SOLID
70
1
71
0
91
1
92
7
72
0
73
1
93
4
10
119.87465074930152
20
66.84660909321819
10
119.87465074930152
20
65.04658369316739
10
118.1746253492507
20
65.04658369316739
10
118.1746253492507
20
66.84660909321819
97
1
330

75
0
76
1
47
0.4128176842155181
98
1
10
34.90568961886538
20
22.81183545379326
450
0
451
0
460
0
461
0
452
1
462
1
453
2
463
0
63
5
421
255
463
1
63
7
421
16777215
470
LINEAR
1001
ACAD
1010
0
1020
0
1030
0
0
HATCH
5
621
100
AcDbEntity
8
TopLayer
100
AcDbHatch
10
0
20
0
30
0
210
0
220
0
230
1
2
SOLID
70
1
71
0
91
1
92
7
72
0
73
1
93
4
10
119.87465074930152
20
66.84660909321819
10
119.87465074930152
20
65.04658369316739
10
118.1746253492507
20
65.04658369316739
10
118.1746253492507
20
66.84660909321819
97
1
330

75
0
76
1
47
0.4128176842155181
98
1
10
34.90568961886538
20
22.81183545379326
450
0
451
0
460
0
461
0
452
1
462
1
453
2
463
0
63
5
421
255
463
1
63
7
421
16777215
470
LINEAR
1001
ACAD
1010
0
1020
0
1030
0
0
HATCH
5
624
100
AcDbEntity
8
TopSolderMaskLayer
100
AcDbHatch
10
0
20
0
30
0
210
0
220
0
230
1
2
SOLID
70
1
71
0
91
1
92
7
72
0
73
1
93
4
10
123.6244325677695
20
64.91313182626365
10
123.6244325677695
20
64.3223266446533
10
123.00800101600204
20
64.3223266446533
10
123.00800101600204
20
64.91313182626365
97
1
330

75
0
76
1
47
0.4128176842155181
98
1
10
34.90568961886538
20
22.81183545379326
450
0
451
0
460
0
461
0
452
1
462
1
453
2
463
0
63
5
421
255
463
1
63
7
421
16777215
470
LINEAR
1001
ACAD
1010
0
1020
0
1030
0
0
HATCH
5
627
100
AcDbEntity
8
TopLayer
100
AcDbHatch
10
0
20
0
30
0
210
0
220
0
230
1
2
SOLID
70
1
71
0
91
1
92
7
72
0
73
1
93
4
10
123.59903479806961
20
64.88773177546356
10
123.59903479806961
20
64.3477266954534
10
123.03340106680214
20
64.3477266954534
10
123.03340106680214
20
64.88773177546356
97
1
330

75
0
76
1
47
0.4128176842155181
98
1
10
34.90568961886538
20
22.81183545379326
450
0
451
0
460
0
461
0
452
1
462
1
453
2
463
0
63
5
421
255
463
1
63
7
421
16777215
470
LINEAR
1001
ACAD
1010
0
1020
0
1030
0
0
HATCH
5
62a
100
AcDbEntity
8
TopSolderMaskLayer
100
AcDbHatch
10
0
20
0
30
0
210
0
220
0
230
1
2
SOLID
70
1
71
0
91
1
92
7
72
0
73
1
93
4
10
123.8736624284205
20
64.91313182626365
10
123.8736624284205
20
64.3223266446533
10
124.49009398018798
20
64.3223266446533
10
124.49009398018798
20
64.91313182626365
97
1
330

75
0
76
1
47
0.4128176842155181
98
1
10
34.90568961886538
20
22.81183545379326
450
0
451
0
460
0
461
0
452
1
462
1
453
2
463
0
63
5
421
255
463
1
63
7
421
16777215
470
LINEAR
1001
ACAD
1010
0
1020
0
1030
0
0
HATCH
5
62d
100
AcDbEntity
8
TopLayer
100
AcDbHatch
10
0
20
0
30
0
210
0
220
0
230
1
2
SOLID
70
1
71
0
91
1
92
7
72
0
73
1
93
4
10
123.89906019812041
20
64.88773177546356
10
123.89906019812041
20
64.3477266954534
10
124.46469392938788
20
64.3477266954534
10
124.46469392938788
20
64.88773177546356
97
1
330

75
0
76
1
47
0.4128176842155181
98
1
10
34.90568961886538
20
22.81183545379326
450
0
451
0
460
0
461
0
452
1
462
1
453
2
463
0
63
5
421
255
463
1
63
7
421
16777215
470
LINEAR
1001
ACAD
1010
0
1020
0
1030
0
0
HATCH
5
630
100
AcDbEntity
8
TopSolderMaskLayer
100
AcDbHatch
10
0
20
0
30
0
210
0
220
0
230
1
2
SOLID
70
1
71
0
91
1
92
7
72
0
73
1
93
4
10
103.29464704090701
20
76.67442214884431
10
103.84544714250721
20
76.67442214884431
10
103.84544714250721
20
76.34361188722379
10
103.29464704090701
20
76.34361188722379
97
1
330

75
0
76
1
47
0.4128176842155181
98
1
10
34.90568961886538
20
22.81183545379326
450
0
451
0
460
0
461
0
452
1
462
1
453
2
463
0
63
5
421
255
463
1
63
7
421
16777215
470
LINEAR
1001
ACAD
1010
0
1020
0
1030
0
0
HATCH
5
633
100
AcDbEntity
8
TopPasteMaskLayer
100
AcDbHatch
10
0
20
0
30
0
210
0
220
0
230
1
2
SOLID
70
1
71
0
91
1
92
7
72
0
73
1
93
4
10
103.3200406400813
20
76.64902209804421
10
103.8200406400813
20
76.64902209804421
10
103.8200406400813
20
76.36901193802389
10
103.3200406400813
20
76.36901193802389
97
1
330

75
0
76
1
47
0.4128176842155181
98
1
10
34.90568961886538
20
22.81183545379326
450
0
451
0
460
0
461
0
452
1
462
1
453
2
463
0
63
5
421
255
463
1
63
7
421
16777215
470
LINEAR
1001
ACAD
1010
0
1020
0
1030
0
0
HATCH
5
636
100
AcDbEntity
8
TopLayer
100
AcDbHatch
10
0
20
0
30
0
210
0
220
0
230
1
2
SOLID
70
1
71
0
91
1
92
7
72
0
73
1
93
4
10
103.3200406400813
20
76.64902209804421
10
103.8200406400813
20
76.64902209804421
10
103.8200406400813
20
76.36901193802389
10
103.3200406400813
20
76.36901193802389
97
1
330

75
0
76
1
47
0.4128176842155181
98
1
10
34.90568961886538
20
22.81183545379326
450
0
451
0
460
0
461
0
452
1
462
1
453
2
463
0
63
5
421
255
463
1
63
7
421
16777215
470
LINEAR
1001
ACAD
1010
0
1020
0
1030
0
0
HATCH
5
639
100
AcDbEntity
8
TopSolderMaskLayer
100
AcDbHatch
10
0
20
0
30
0
210
0
220
0
230
1
2
SOLID
70
1
71
0
91
1
92
7
72
0
73
1
93
4
10
103.29464704090701
20
77.17429514859032
10
103.84544714250721
20
77.17429514859032
10
103.84544714250721
20
76.84348488696978
10
103.29464704090701
20
76.84348488696978
97
1
330

75
0
76
1
47
0.4128176842155181
98
1
10
34.90568961886538
20
22.81183545379326
450
0
451
0
460
0
461
0
452
1
462
1
453
2
463
0
63
5
421
255
463
1
63
7
421
16777215
470
LINEAR
1001
ACAD
1010
0
1020
0
1030
0
0
HATCH
5
63c
100
AcDbEntity
8
TopPasteMaskLayer
100
AcDbHatch
10
0
20
0
30
0
210
0
220
0
230
1
2
SOLID
70
1
71
0
91
1
92
7
72
0
73
1
93
4
10
103.3200406400813
20
77.14889509779022
10
103.8200406400813
20
77.14889509779022
10
103.8200406400813
20
76.86888493776988
10
103.3200406400813
20
76.86888493776988
97
1
330

75
0
76
1
47
0.4128176842155181
98
1
10
34.90568961886538
20
22.81183545379326
450
0
451
0
460
0
461
0
452
1
462
1
453
2
463
0
63
5
421
255
463
1
63
7
421
16777215
470
LINEAR
1001
ACAD
1010
0
1020
0
1030
0
0
HATCH
5
63f
100
AcDbEntity
8
TopLayer
100
AcDbHatch
10
0
20
0
30
0
210
0
220
0
230
1
2
SOLID
70
1
71
0
91
1
92
7
72
0
73
1
93
4
10
103.3200406400813
20
77.14889509779022
10
103.8200406400813
20
77.14889509779022
10
103.8200406400813
20
76.86888493776988
10
103.3200406400813
20
76.86888493776988
97
1
330

75
0
76
1
47
0.4128176842155181
98
1
10
34.90568961886538
20
22.81183545379326
450
0
451
0
460
0
461
0
452
1
462
1
453
2
463
0
63
5
421
255
463
1
63
7
421
16777215
470
LINEAR
1001
ACAD
1010
0
1020
0
1030
0
0
HATCH
5
642
100
AcDbEntity
8
TopSolderMaskLayer
100
AcDbHatch
10
0
20
0
30
0
210
0
220
0
230
1
2
SOLID
70
1
71
0
91
1
92
7
72
0
73
1
93
4
10
103.52954025908053
20
77.9093713284201
10
103.86035052070106
20
77.9093713284201
10
103.86035052070106
20
77.35857122681989
10
103.52954025908053
20
77.35857122681989
97
1
330

75
0
76
1
47
0.4128176842155181
98
1
10
34.90568961886538
20
22.81183545379326
450
0
451
0
460
0
461
0
452
1
462
1
453
2
463
0
63
5
421
255
463
1
63
7
421
16777215
470
LINEAR
1001
ACAD
1010
0
1020
0
1030
0
0
HATCH
5
645
100
AcDbEntity
8
TopPasteMaskLayer
100
AcDbHatch
10
0
20
0
30
0
210
0
220
0
230
1
2
SOLID
70
1
71
0
91
1
92
7
72
0
73
1
93
4
10
103.55494030988064
20
77.88397256794515
10
103.83495046990096
20
77.88397256794515
10
103.83495046990096
20
77.38397256794515
10
103.55494030988064
20
77.38397256794515
97
1
330

75
0
76
1
47
0.4128176842155181
98
1
10
34.90568961886538
20
22.81183545379326
450
0
451
0
460
0
461
0
452
1
462
1
453
2
463
0
63
5
421
255
463
1
63
7
421
16777215
470
LINEAR
1001
ACAD
1010
0
1020
0
1030
0
0
HATCH
5
648
100
AcDbEntity
8
TopLayer
100
AcDbHatch
10
0
20
0
30
0
210
0
220
0
230
1
2
SOLID
70
1
71
0
91
1
92
7
72
0
73
1
93
4
10
103.55494030988064
20
77.88397256794515
10
103.83495046990096
20
77.88397256794515
10
103.83495046990096
20
77.38397256794515
10
103.55494030988064
20
77.38397256794515
97
1
330

75
0
76
1
47
0.4128176842155181
98
1
10
34.90568961886538
20
22.81183545379326
450
0
451
0
460
0
461
0
452
1
462
1
453
2
463
0
63
5
421
255
463
1
63
7
421
16777215
470
LINEAR
1001
ACAD
1010
0
1020
0
1030
0
0
HATCH
5
64b
100
AcDbEntity
8
TopSolderMaskLayer
100
AcDbHatch
10
0
20
0
30
0
210
0
220
0
230
1
2
SOLID
70
1
71
0
91
1
92
7
72
0
73
1
93
4
10
104.02966725933453
20
77.9093713284201
10
104.36047752095506
20
77.9093713284201
10
104.36047752095506
20
77.35857122681989
10
104.02966725933453
20
77.35857122681989
97
1
330

75
0
76
1
47
0.4128176842155181
98
1
10
34.90568961886538
20
22.81183545379326
450
0
451
0
460
0
461
0
452
1
462
1
453
2
463
0
63
5
421
255
463
1
63
7
421
16777215
470
LINEAR
1001
ACAD
1010
0
1020
0
1030
0
0
HATCH
5
64e
100
AcDbEntity
8
TopPasteMaskLayer
100
AcDbHatch
10
0
20
0
30
0
210
0
220
0
230
1
2
SOLID
70
1
71
0
91
1
92
7
72
0
73
1
93
4
10
104.05506731013463
20
77.88397256794515
10
104.33507747015496
20
77.88397256794515
10
104.33507747015496
20
77.38397256794515
10
104.05506731013463
20
77.38397256794515
97
1
330

75
0
76
1
47
0.4128176842155181
98
1
10
34.90568961886538
20
22.81183545379326
450
0
451
0
460
0
461
0
452
1
462
1
453
2
463
0
63
5
421
255
463
1
63
7
421
16777215
470
LINEAR
1001
ACAD
1010
0
1020
0
1030
0
0
HATCH
5
651
100
AcDbEntity
8
TopLayer
100
AcDbHatch
10
0
20
0
30
0
210
0
220
0
230
1
2
SOLID
70
1
71
0
91
1
92
7
72
0
73
1
93
4
10
104.05506731013463
20
77.88397256794515
10
104.33507747015496
20
77.88397256794515
10
104.33507747015496
20
77.38397256794515
10
104.05506731013463
20
77.38397256794515
97
1
330

75
0
76
1
47
0.4128176842155181
98
1
10
34.90568961886538
20
22.81183545379326
450
0
451
0
460
0
461
0
452
1
462
1
453
2
463
0
63
5
421
255
463
1
63
7
421
16777215
470
LINEAR
1001
ACAD
1010
0
1020
0
1030
0
0
HATCH
5
654
100
AcDbEntity
8
TopSolderMaskLayer
100
AcDbHatch
10
0
20
0
30
0
210
0
220
0
230
1
2
SOLID
70
1
71
0
91
1
92
7
72
0
73
1
93
4
10
104.52954025908052
20
77.9093713284201
10
104.86035052070106
20
77.9093713284201
10
104.86035052070106
20
77.35857122681989
10
104.52954025908052
20
77.35857122681989
97
1
330

75
0
76
1
47
0.4128176842155181
98
1
10
34.90568961886538
20
22.81183545379326
450
0
451
0
460
0
461
0
452
1
462
1
453
2
463
0
63
5
421
255
463
1
63
7
421
16777215
470
LINEAR
1001
ACAD
1010
0
1020
0
1030
0
0
HATCH
5
657
100
AcDbEntity
8
TopPasteMaskLayer
100
AcDbHatch
10
0
20
0
30
0
210
0
220
0
230
1
2
SOLID
70
1
71
0
91
1
92
7
72
0
73
1
93
4
10
104.55494030988062
20
77.88397256794515
10
104.83495046990096
20
77.88397256794515
10
104.83495046990096
20
77.38397256794515
10
104.55494030988062
20
77.38397256794515
97
1
330

75
0
76
1
47
0.4128176842155181
98
1
10
34.90568961886538
20
22.81183545379326
450
0
451
0
460
0
461
0
452
1
462
1
453
2
463
0
63
5
421
255
463
1
63
7
421
16777215
470
LINEAR
1001
ACAD
1010
0
1020
0
1030
0
0
HATCH
5
65a
100
AcDbEntity
8
TopLayer
100
AcDbHatch
10
0
20
0
30
0
210
0
220
0
230
1
2
SOLID
70
1
71
0
91
1
92
7
72
0
73
1
93
4
10
104.55494030988062
20
77.88397256794515
10
104.83495046990096
20
77.88397256794515
10
104.83495046990096
20
77.38397256794515
10
104.55494030988062
20
77.38397256794515
97
1
330

75
0
76
1
47
0.4128176842155181
98
1
10
34.90568961886538
20
22.81183545379326
450
0
451
0
460
0
461
0
452
1
462
1
453
2
463
0
63
5
421
255
463
1
63
7
421
16777215
470
LINEAR
1001
ACAD
1010
0
1020
0
1030
0
0
HATCH
5
65d
100
AcDbEntity
8
TopSolderMaskLayer
100
AcDbHatch
10
0
20
0
30
0
210
0
220
0
230
1
2
SOLID
70
1
71
0
91
1
92
7
72
0
73
1
93
4
10
105.02966725933453
20
77.9093713284201
10
105.36047752095506
20
77.9093713284201
10
105.36047752095506
20
77.35857122681989
10
105.02966725933453
20
77.35857122681989
97
1
330

75
0
76
1
47
0.4128176842155181
98
1
10
34.90568961886538
20
22.81183545379326
450
0
451
0
460
0
461
0
452
1
462
1
453
2
463
0
63
5
421
255
463
1
63
7
421
16777215
470
LINEAR
1001
ACAD
1010
0
1020
0
1030
0
0
HATCH
5
660
100
AcDbEntity
8
TopPasteMaskLayer
100
AcDbHatch
10
0
20
0
30
0
210
0
220
0
230
1
2
SOLID
70
1
71
0
91
1
92
7
72
0
73
1
93
4
10
105.05506731013465
20
77.88397256794515
10
105.33507747015496
20
77.88397256794515
10
105.33507747015496
20
77.38397256794515
10
105.05506731013465
20
77.38397256794515
97
1
330

75
0
76
1
47
0.4128176842155181
98
1
10
34.90568961886538
20
22.81183545379326
450
0
451
0
460
0
461
0
452
1
462
1
453
2
463
0
63
5
421
255
463
1
63
7
421
16777215
470
LINEAR
1001
ACAD
1010
0
1020
0
1030
0
0
HATCH
5
663
100
AcDbEntity
8
TopLayer
100
AcDbHatch
10
0
20
0
30
0
210
0
220
0
230
1
2
SOLID
70
1
71
0
91
1
92
7
72
0
73
1
93
4
10
105.05506731013465
20
77.88397256794515
10
105.33507747015496
20
77.88397256794515
10
105.33507747015496
20
77.38397256794515
10
105.05506731013465
20
77.38397256794515
97
1
330

75
0
76
1
47
0.4128176842155181
98
1
10
34.90568961886538
20
22.81183545379326
450
0
451
0
460
0
461
0
452
1
462
1
453
2
463
0
63
5
421
255
463
1
63
7
421
16777215
470
LINEAR
1001
ACAD
1010
0
1020
0
1030
0
0
HATCH
5
666
100
AcDbEntity
8
TopSolderMaskLayer
100
AcDbHatch
10
0
20
0
30
0
210
0
220
0
230
1
2
SOLID
70
1
71
0
91
1
92
7
72
0
73
1
93
4
10
105.04454265682726
20
77.17429514859032
10
105.59534275842746
20
77.17429514859032
10
105.59534275842746
20
76.84348488696978
10
105.04454265682726
20
76.84348488696978
97
1
330

75
0
76
1
47
0.4128176842155181
98
1
10
34.90568961886538
20
22.81183545379326
450
0
451
0
460
0
461
0
452
1
462
1
453
2
463
0
63
5
421
255
463
1
63
7
421
16777215
470
LINEAR
1001
ACAD
1010
0
1020
0
1030
0
0
HATCH
5
669
100
AcDbEntity
8
TopPasteMaskLayer
100
AcDbHatch
10
0
20
0
30
0
210
0
220
0
230
1
2
SOLID
70
1
71
0
91
1
92
7
72
0
73
1
93
4
10
105.06995173990349
20
77.14889509779022
10
105.56995173990349
20
77.14889509779022
10
105.56995173990349
20
76.86888493776988
10
105.06995173990349
20
76.86888493776988
97
1
330

75
0
76
1
47
0.4128176842155181
98
1
10
34.90568961886538
20
22.81183545379326
450
0
451
0
460
0
461
0
452
1
462
1
453
2
463
0
63
5
421
255
463
1
63
7
421
16777215
470
LINEAR
1001
ACAD
1010
0
1020
0
1030
0
0
HATCH
5
66c
100
AcDbEntity
8
TopLayer
100
AcDbHatch
10
0
20
0
30
0
210
0
220
0
230
1
2
SOLID
70
1
71
0
91
1
92
7
72
0
73
1
93
4
10
105.06995173990349
20
77.14889509779022
10
105.56995173990349
20
77.14889509779022
10
105.56995173990349
20
76.86888493776988
10
105.06995173990349
20
76.86888493776988
97
1
330

75
0
76
1
47
0.4128176842155181
98
1
10
34.90568961886538
20
22.81183545379326
450
0
451
0
460
0
461
0
452
1
462
1
453
2
463
0
63
5
421
255
463
1
63
7
421
16777215
470
LINEAR
1001
ACAD
1010
0
1020
0
1030
0
0
HATCH
5
66f
100
AcDbEntity
8
TopSolderMaskLayer
100
AcDbHatch
10
0
20
0
30
0
210
0
220
0
230
1
2
SOLID
70
1
71
0
91
1
92
7
72
0
73
1
93
4
10
105.04454265682726
20
76.67442214884431
10
105.59534275842746
20
76.67442214884431
10
105.59534275842746
20
76.34361188722379
10
105.04454265682726
20
76.34361188722379
97
1
330

75
0
76
1
47
0.4128176842155181
98
1
10
34.90568961886538
20
22.81183545379326
450
0
451
0
460
0
461
0
452
1
462
1
453
2
463
0
63
5
421
255
463
1
63
7
421
16777215
470
LINEAR
1001
ACAD
1010
0
1020
0
1030
0
0
HATCH
5
672
100
AcDbEntity
8
TopPasteMaskLayer
100
AcDbHatch
10
0
20
0
30
0
210
0
220
0
230
1
2
SOLID
70
1
71
0
91
1
92
7
72
0
73
1
93
4
10
105.06995173990349
20
76.64902209804421
10
105.56995173990349
20
76.64902209804421
10
105.56995173990349
20
76.36901193802389
10
105.06995173990349
20
76.36901193802389
97
1
330

75
0
76
1
47
0.4128176842155181
98
1
10
34.90568961886538
20
22.81183545379326
450
0
451
0
460
0
461
0
452
1
462
1
453
2
463
0
63
5
421
255
463
1
63
7
421
16777215
470
LINEAR
1001
ACAD
1010
0
1020
0
1030
0
0
HATCH
5
675
100
AcDbEntity
8
TopLayer
100
AcDbHatch
10
0
20
0
30
0
210
0
220
0
230
1
2
SOLID
70
1
71
0
91
1
92
7
72
0
73
1
93
4
10
105.06995173990349
20
76.64902209804421
10
105.56995173990349
20
76.64902209804421
10
105.56995173990349
20
76.36901193802389
10
105.06995173990349
20
76.36901193802389
97
1
330

75
0
76
1
47
0.4128176842155181
98
1
10
34.90568961886538
20
22.81183545379326
450
0
451
0
460
0
461
0
452
1
462
1
453
2
463
0
63
5
421
255
463
1
63
7
421
16777215
470
LINEAR
1001
ACAD
1010
0
1020
0
1030
0
0
HATCH
5
678
100
AcDbEntity
8
TopSolderMaskLayer
100
AcDbHatch
10
0
20
0
30
0
210
0
220
0
230
1
2
SOLID
70
1
71
0
91
1
92
7
72
0
73
1
93
4
10
105.02966725933453
20
76.1593358089942
10
105.36047752095506
20
76.1593358089942
10
105.36047752095506
20
75.608535707394
10
105.02966725933453
20
75.608535707394
97
1
330

75
0
76
1
47
0.4128176842155181
98
1
10
34.90568961886538
20
22.81183545379326
450
0
451
0
460
0
461
0
452
1
462
1
453
2
463
0
63
5
421
255
463
1
63
7
421
16777215
470
LINEAR
1001
ACAD
1010
0
1020
0
1030
0
0
HATCH
5
67b
100
AcDbEntity
8
TopPasteMaskLayer
100
AcDbHatch
10
0
20
0
30
0
210
0
220
0
230
1
2
SOLID
70
1
71
0
91
1
92
7
72
0
73
1
93
4
10
105.05506731013465
20
76.13393446786895
10
105.33507747015496
20
76.13393446786895
10
105.33507747015496
20
75.63393446786895
10
105.05506731013465
20
75.63393446786895
97
1
330

75
0
76
1
47
0.4128176842155181
98
1
10
34.90568961886538
20
22.81183545379326
450
0
451
0
460
0
461
0
452
1
462
1
453
2
463
0
63
5
421
255
463
1
63
7
421
16777215
470
LINEAR
1001
ACAD
1010
0
1020
0
1030
0
0
HATCH
5
67e
100
AcDbEntity
8
TopLayer
100
AcDbHatch
10
0
20
0
30
0
210
0
220
0
230
1
2
SOLID
70
1
71
0
91
1
92
7
72
0
73
1
93
4
10
105.05506731013465
20
76.13393446786895
10
105.33507747015496
20
76.13393446786895
10
105.33507747015496
20
75.63393446786895
10
105.05506731013465
20
75.63393446786895
97
1
330

75
0
76
1
47
0.4128176842155181
98
1
10
34.90568961886538
20
22.81183545379326
450
0
451
0
460
0
461
0
452
1
462
1
453
2
463
0
63
5
421
255
463
1
63
7
421
16777215
470
LINEAR
1001
ACAD
1010
0
1020
0
1030
0
0
HATCH
5
681
100
AcDbEntity
8
TopSolderMaskLayer
100
AcDbHatch
10
0
20
0
30
0
210
0
220
0
230
1
2
SOLID
70
1
71
0
91
1
92
7
72
0
73
1
93
4
10
104.52954025908052
20
76.1593358089942
10
104.86035052070106
20
76.1593358089942
10
104.86035052070106
20
75.608535707394
10
104.52954025908052
20
75.608535707394
97
1
330

75
0
76
1
47
0.4128176842155181
98
1
10
34.90568961886538
20
22.81183545379326
450
0
451
0
460
0
461
0
452
1
462
1
453
2
463
0
63
5
421
255
463
1
63
7
421
16777215
470
LINEAR
1001
ACAD
1010
0
1020
0
1030
0
0
HATCH
5
684
100
AcDbEntity
8
TopPasteMaskLayer
100
AcDbHatch
10
0
20
0
30
0
210
0
220
0
230
1
2
SOLID
70
1
71
0
91
1
92
7
72
0
73
1
93
4
10
104.55494030988062
20
76.13393446786895
10
104.83495046990096
20
76.13393446786895
10
104.83495046990096
20
75.63393446786895
10
104.55494030988062
20
75.63393446786895
97
1
330

75
0
76
1
47
0.4128176842155181
98
1
10
34.90568961886538
20
22.81183545379326
450
0
451
0
460
0
461
0
452
1
462
1
453
2
463
0
63
5
421
255
463
1
63
7
421
16777215
470
LINEAR
1001
ACAD
1010
0
1020
0
1030
0
0
HATCH
5
687
100
AcDbEntity
8
TopLayer
100
AcDbHatch
10
0
20
0
30
0
210
0
220
0
230
1
2
SOLID
70
1
71
0
91
1
92
7
72
0
73
1
93
4
10
104.55494030988062
20
76.13393446786895
10
104.83495046990096
20
76.13393446786895
10
104.83495046990096
20
75.63393446786895
10
104.55494030988062
20
75.63393446786895
97
1
330

75
0
76
1
47
0.4128176842155181
98
1
10
34.90568961886538
20
22.81183545379326
450
0
451
0
460
0
461
0
452
1
462
1
453
2
463
0
63
5
421
255
463
1
63
7
421
16777215
470
LINEAR
1001
ACAD
1010
0
1020
0
1030
0
0
HATCH
5
68a
100
AcDbEntity
8
TopSolderMaskLayer
100
AcDbHatch
10
0
20
0
30
0
210
0
220
0
230
1
2
SOLID
70
1
71
0
91
1
92
7
72
0
73
1
93
4
10
104.02966725933453
20
76.1593358089942
10
104.36047752095506
20
76.1593358089942
10
104.36047752095506
20
75.608535707394
10
104.02966725933453
20
75.608535707394
97
1
330

75
0
76
1
47
0.4128176842155181
98
1
10
34.90568961886538
20
22.81183545379326
450
0
451
0
460
0
461
0
452
1
462
1
453
2
463
0
63
5
421
255
463
1
63
7
421
16777215
470
LINEAR
1001
ACAD
1010
0
1020
0
1030
0
0
HATCH
5
68d
100
AcDbEntity
8
TopPasteMaskLayer
100
AcDbHatch
10
0
20
0
30
0
210
0
220
0
230
1
2
SOLID
70
1
71
0
91
1
92
7
72
0
73
1
93
4
10
104.05506731013463
20
76.13393446786895
10
104.33507747015496
20
76.13393446786895
10
104.33507747015496
20
75.63393446786895
10
104.05506731013463
20
75.63393446786895
97
1
330

75
0
76
1
47
0.4128176842155181
98
1
10
34.90568961886538
20
22.81183545379326
450
0
451
0
460
0
461
0
452
1
462
1
453
2
463
0
63
5
421
255
463
1
63
7
421
16777215
470
LINEAR
1001
ACAD
1010
0
1020
0
1030
0
0
HATCH
5
690
100
AcDbEntity
8
TopLayer
100
AcDbHatch
10
0
20
0
30
0
210
0
220
0
230
1
2
SOLID
70
1
71
0
91
1
92
7
72
0
73
1
93
4
10
104.05506731013463
20
76.13393446786895
10
104.33507747015496
20
76.13393446786895
10
104.33507747015496
20
75.63393446786895
10
104.05506731013463
20
75.63393446786895
97
1
330

75
0
76
1
47
0.4128176842155181
98
1
10
34.90568961886538
20
22.81183545379326
450
0
451
0
460
0
461
0
452
1
462
1
453
2
463
0
63
5
421
255
463
1
63
7
421
16777215
470
LINEAR
1001
ACAD
1010
0
1020
0
1030
0
0
HATCH
5
693
100
AcDbEntity
8
TopSolderMaskLayer
100
AcDbHatch
10
0
20
0
30
0
210
0
220
0
230
1
2
SOLID
70
1
71
0
91
1
92
7
72
0
73
1
93
4
10
103.52954025908053
20
76.1593358089942
10
103.86035052070106
20
76.1593358089942
10
103.86035052070106
20
75.608535707394
10
103.52954025908053
20
75.608535707394
97
1
330

75
0
76
1
47
0.4128176842155181
98
1
10
34.90568961886538
20
22.81183545379326
450
0
451
0
460
0
461
0
452
1
462
1
453
2
463
0
63
5
421
255
463
1
63
7
421
16777215
470
LINEAR
1001
ACAD
1010
0
1020
0
1030
0
0
HATCH
5
696
100
AcDbEntity
8
TopPasteMaskLayer
100
AcDbHatch
10
0
20
0
30
0
210
0
220
0
230
1
2
SOLID
70
1
71
0
91
1
92
7
72
0
73
1
93
4
10
103.55494030988064
20
76.13393446786895
10
103.83495046990096
20
76.13393446786895
10
103.83495046990096
20
75.63393446786895
10
103.55494030988064
20
75.63393446786895
97
1
330

75
0
76
1
47
0.4128176842155181
98
1
10
34.90568961886538
20
22.81183545379326
450
0
451
0
460
0
461
0
452
1
462
1
453
2
463
0
63
5
421
255
463
1
63
7
421
16777215
470
LINEAR
1001
ACAD
1010
0
1020
0
1030
0
0
HATCH
5
699
100
AcDbEntity
8
TopLayer
100
AcDbHatch
10
0
20
0
30
0
210
0
220
0
230
1
2
SOLID
70
1
71
0
91
1
92
7
72
0
73
1
93
4
10
103.55494030988064
20
76.13393446786895
10
103.83495046990096
20
76.13393446786895
10
103.83495046990096
20
75.63393446786895
10
103.55494030988064
20
75.63393446786895
97
1
330

75
0
76
1
47
0.4128176842155181
98
1
10
34.90568961886538
20
22.81183545379326
450
0
451
0
460
0
461
0
452
1
462
1
453
2
463
0
63
5
421
255
463
1
63
7
421
16777215
470
LINEAR
1001
ACAD
1010
0
1020
0
1030
0
0
HATCH
5
69c
100
AcDbEntity
8
TopSolderMaskLayer
100
AcDbHatch
10
0
20
0
30
0
210
0
220
0
230
1
2
SOLID
70
1
71
0
91
1
92
7
72
0
73
1
93
4
10
104.51324690304496
20
73.34410000786136
10
105.08797229939347
20
73.34410000786136
10
105.08797229939347
20
72.47967921862468
10
104.51324690304496
20
72.47967921862468
97
1
330

75
0
76
1
47
0.4128176842155181
98
1
10
34.90568961886538
20
22.81183545379326
450
0
451
0
460
0
461
0
452
1
462
1
453
2
463
0
63
5
421
255
463
1
63
7
421
16777215
470
LINEAR
1001
ACAD
1010
0
1020
0
1030
0
0
HATCH
5
69f
100
AcDbEntity
8
TopLayer
100
AcDbHatch
10
0
20
0
30
0
210
0
220
0
230
1
2
SOLID
70
1
71
0
91
1
92
7
72
0
73
1
93
4
10
104.53060706121413
20
73.30693421386843
10
105.0706121412243
20
73.30693421386843
10
105.0706121412243
20
72.51684023368048
10
104.53060706121413
20
72.51684023368048
97
1
330

75
0
76
1
47
0.4128176842155181
98
1
10
34.90568961886538
20
22.81183545379326
450
0
451
0
460
0
461
0
452
1
462
1
453
2
463
0
63
5
421
255
463
1
63
7
421
16777215
470
LINEAR
1001
ACAD
1010
0
1020
0
1030
0
0
HATCH
5
6a2
100
AcDbEntity
8
TopSolderMaskLayer
100
AcDbHatch
10
0
20
0
30
0
210
0
220
0
230
1
2
SOLID
70
1
71
0
91
1
92
7
72
0
73
1
93
4
10
104.51324690304496
20
73.5697938199263
10
105.08797229939347
20
73.5697938199263
10
105.08797229939347
20
74.434214609163
10
104.51324690304496
20
74.434214609163
97
1
330

75
0
76
1
47
0.4128176842155181
98
1
10
34.90568961886538
20
22.81183545379326
450
0
451
0
460
0
461
0
452
1
462
1
453
2
463
0
63
5
421
255
463
1
63
7
421
16777215
470
LINEAR
1001
ACAD
1010
0
1020
0
1030
0
0
HATCH
5
6a5
100
AcDbEntity
8
TopLayer
100
AcDbHatch
10
0
20
0
30
0
210
0
220
0
230
1
2
SOLID
70
1
71
0
91
1
92
7
72
0
73
1
93
4
10
104.53060706121413
20
73.60695961391923
10
105.0706121412243
20
73.60695961391923
10
105.0706121412243
20
74.3970535941072
10
104.53060706121413
20
74.3970535941072
97
1
330

75
0
76
1
47
0.4128176842155181
98
1
10
34.90568961886538
20
22.81183545379326
450
0
451
0
460
0
461
0
452
1
462
1
453
2
463
0
63
5
421
255
463
1
63
7
421
16777215
470
LINEAR
1001
ACAD
1010
0
1020
0
1030
0
0
HATCH
5
6a8
100
AcDbEntity
8
TopSolderMaskLayer
100
AcDbHatch
10
0
20
0
30
0
210
0
220
0
230
1
2
SOLID
70
1
71
0
91
1
92
7
72
0
73
1
93
4
10
98.87759554228788
20
71.90035631755852
10
99.72839564388808
20
71.90035631755852
10
99.72839564388808
20
70.94952938221289
10
98.87759554228788
20
70.94952938221289
97
1
330

75
0
76
1
47
0.4128176842155181
98
1
10
34.90568961886538
20
22.81183545379326
450
0
451
0
460
0
461
0
452
1
462
1
453
2
463
0
63
5
421
255
463
1
63
7
421
16777215
470
LINEAR
1001
ACAD
1010
0
1020
0
1030
0
0
HATCH
5
6ab
100
AcDbEntity
8
TopPasteMaskLayer
100
AcDbHatch
10
0
20
0
30
0
210
0
220
0
230
1
2
SOLID
70
1
71
0
91
1
92
7
72
0
73
1
93
4
10
98.90299720599442
20
71.8749555499111
10
99.70299720599444
20
71.8749555499111
10
99.70299720599444
20
70.9749301498603
10
98.90299720599442
20
70.9749301498603
97
1
330

75
0
76
1
47
0.4128176842155181
98
1
10
34.90568961886538
20
22.81183545379326
450
0
451
0
460
0
461
0
452
1
462
1
453
2
463
0
63
5
421
255
463
1
63
7
421
16777215
470
LINEAR
1001
ACAD
1010
0
1020
0
1030
0
0
HATCH
5
6ae
100
AcDbEntity
8
TopLayer
100
AcDbHatch
10
0
20
0
30
0
210
0
220
0
230
1
2
SOLID
70
1
71
0
91
1
92
7
72
0
73
1
93
4
10
98.90299720599442
20
71.8749555499111
10
99.70299720599444
20
71.8749555499111
10
99.70299720599444
20
70.9749301498603
10
98.90299720599442
20
70.9749301498603
97
1
330

75
0
76
1
47
0.4128176842155181
98
1
10
34.90568961886538
20
22.81183545379326
450
0
451
0
460
0
461
0
452
1
462
1
453
2
463
0
63
5
421
255
463
1
63
7
421
16777215
470
LINEAR
1001
ACAD
1010
0
1020
0
1030
0
0
HATCH
5
6b1
100
AcDbEntity
8
TopSolderMaskLayer
100
AcDbHatch
10
0
20
0
30
0
210
0
220
0
230
1
2
SOLID
70
1
71
0
91
1
92
7
72
0
73
1
93
4
10
97.47759876810078
20
71.90035631755852
10
98.32839886970096
20
71.90035631755852
10
98.32839886970096
20
70.94952938221289
10
97.47759876810078
20
70.94952938221289
97
1
330

75
0
76
1
47
0.4128176842155181
98
1
10
34.90568961886538
20
22.81183545379326
450
0
451
0
460
0
461
0
452
1
462
1
453
2
463
0
63
5
421
255
463
1
63
7
421
16777215
470
LINEAR
1001
ACAD
1010
0
1020
0
1030
0
0
HATCH
5
6b4
100
AcDbEntity
8
TopPasteMaskLayer
100
AcDbHatch
10
0
20
0
30
0
210
0
220
0
230
1
2
SOLID
70
1
71
0
91
1
92
7
72
0
73
1
93
4
10
97.50299720599443
20
71.8749555499111
10
98.30299720599442
20
71.8749555499111
10
98.30299720599442
20
70.9749301498603
10
97.50299720599443
20
70.9749301498603
97
1
330

75
0
76
1
47
0.4128176842155181
98
1
10
34.90568961886538
20
22.81183545379326
450
0
451
0
460
0
461
0
452
1
462
1
453
2
463
0
63
5
421
255
463
1
63
7
421
16777215
470
LINEAR
1001
ACAD
1010
0
1020
0
1030
0
0
HATCH
5
6b7
100
AcDbEntity
8
TopLayer
100
AcDbHatch
10
0
20
0
30
0
210
0
220
0
230
1
2
SOLID
70
1
71
0
91
1
92
7
72
0
73
1
93
4
10
97.50299720599443
20
71.8749555499111
10
98.30299720599442
20
71.8749555499111
10
98.30299720599442
20
70.9749301498603
10
97.50299720599443
20
70.9749301498603
97
1
330

75
0
76
1
47
0.4128176842155181
98
1
10
34.90568961886538
20
22.81183545379326
450
0
451
0
460
0
461
0
452
1
462
1
453
2
463
0
63
5
421
255
463
1
63
7
421
16777215
470
LINEAR
1001
ACAD
1010
0
1020
0
1030
0
0
HATCH
5
6ba
100
AcDbEntity
8
TopSolderMaskLayer
100
AcDbHatch
10
0
20
0
30
0
210
0
220
0
230
1
2
SOLID
70
1
71
0
91
1
92
7
72
0
73
1
93
4
10
97.28201418338321
20
113.85314155139723
10
96.23121408178302
20
113.85314155139723
10
96.23121408178302
20
115.15392792072238
10
97.28201418338321
20
115.15392792072238
97
1
330

75
0
76
1
47
0.4128176842155181
98
1
10
34.90568961886538
20
22.81183545379326
450
0
451
0
460
0
461
0
452
1
462
1
453
2
463
0
63
5
421
255
463
1
63
7
421
16777215
470
LINEAR
1001
ACAD
1010
0
1020
0
1030
0
0
HATCH
5
6bd
100
AcDbEntity
8
TopPasteMaskLayer
100
AcDbHatch
10
0
20
0
30
0
210
0
220
0
230
1
2
SOLID
70
1
71
0
91
1
92
7
72
0
73
1
93
4
10
97.25661671323344
20
113.87853695707393
10
96.25661671323344
20
113.87853695707393
10
96.25661671323344
20
115.12852425704854
10
97.25661671323344
20
115.12852425704854
97
1
330

75
0
76
1
47
0.4128176842155181
98
1
10
34.90568961886538
20
22.81183545379326
450
0
451
0
460
0
461
0
452
1
462
1
453
2
463
0
63
5
421
255
463
1
63
7
421
16777215
470
LINEAR
1001
ACAD
1010
0
1020
0
1030
0
0
HATCH
5
6c0
100
AcDbEntity
8
TopLayer
100
AcDbHatch
10
0
20
0
30
0
210
0
220
0
230
1
2
SOLID
70
1
71
0
91
1
92
7
72
0
73
1
93
4
10
97.25661671323344
20
113.87853695707393
10
96.25661671323344
20
113.87853695707393
10
96.25661671323344
20
115.12852425704854
10
97.25661671323344
20
115.12852425704854
97
1
330

75
0
76
1
47
0.4128176842155181
98
1
10
34.90568961886538
20
22.81183545379326
450
0
451
0
460
0
461
0
452
1
462
1
453
2
463
0
63
5
421
255
463
1
63
7
421
16777215
470
LINEAR
1001
ACAD
1010
0
1020
0
1030
0
0
HATCH
5
6c3
100
AcDbEntity
8
TopSolderMaskLayer
100
AcDbHatch
10
0
20
0
30
0
210
0
220
0
230
1
2
SOLID
70
1
71
0
91
1
92
7
72
0
73
1
93
4
10
95.08186178307842
20
113.85314155139723
10
94.03106168147822
20
113.85314155139723
10
94.03106168147822
20
115.15392792072238
10
95.08186178307842
20
115.15392792072238
97
1
330

75
0
76
1
47
0.4128176842155181
98
1
10
34.90568961886538
20
22.81183545379326
450
0
451
0
460
0
461
0
452
1
462
1
453
2
463
0
63
5
421
255
463
1
63
7
421
16777215
470
LINEAR
1001
ACAD
1010
0
1020
0
1030
0
0
HATCH
5
6c6
100
AcDbEntity
8
TopPasteMaskLayer
100
AcDbHatch
10
0
20
0
30
0
210
0
220
0
230
1
2
SOLID
70
1
71
0
91
1
92
7
72
0
73
1
93
4
10
95.05646431292864
20
113.87853695707393
10
94.05646431292864
20
113.87853695707393
10
94.05646431292864
20
115.12852425704854
10
95.05646431292864
20
115.12852425704854
97
1
330

75
0
76
1
47
0.4128176842155181
98
1
10
34.90568961886538
20
22.81183545379326
450
0
451
0
460
0
461
0
452
1
462
1
453
2
463
0
63
5
421
255
463
1
63
7
421
16777215
470
LINEAR
1001
ACAD
1010
0
1020
0
1030
0
0
HATCH
5
6c9
100
AcDbEntity
8
TopLayer
100
AcDbHatch
10
0
20
0
30
0
210
0
220
0
230
1
2
SOLID
70
1
71
0
91
1
92
7
72
0
73
1
93
4
10
95.05646431292864
20
113.87853695707393
10
94.05646431292864
20
113.87853695707393
10
94.05646431292864
20
115.12852425704854
10
95.05646431292864
20
115.12852425704854
97
1
330

75
0
76
1
47
0.4128176842155181
98
1
10
34.90568961886538
20
22.81183545379326
450
0
451
0
460
0
461
0
452
1
462
1
453
2
463
0
63
5
421
255
463
1
63
7
421
16777215
470
LINEAR
1001
ACAD
1010
0
1020
0
1030
0
0
HATCH
5
6cc
100
AcDbEntity
8
TopSolderMaskLayer
100
AcDbHatch
10
0
20
0
30
0
210
0
220
0
230
1
2
SOLID
70
1
71
0
91
1
92
7
72
0
73
1
93
4
10
124.91726945389377
20
68.53945092401595
10
123.86646935229356
20
68.53945092401595
10
123.86646935229356
20
69.84023729334112
10
124.91726945389377
20
69.84023729334112
97
1
330

75
0
76
1
47
0.4128176842155181
98
1
10
34.90568961886538
20
22.81183545379326
450
0
451
0
460
0
461
0
452
1
462
1
453
2
463
0
63
5
421
255
463
1
63
7
421
16777215
470
LINEAR
1001
ACAD
1010
0
1020
0
1030
0
0
HATCH
5
6cf
100
AcDbEntity
8
TopPasteMaskLayer
100
AcDbHatch
10
0
20
0
30
0
210
0
220
0
230
1
2
SOLID
70
1
71
0
91
1
92
7
72
0
73
1
93
4
10
124.89187198374398
20
68.56484632969267
10
123.89187198374398
20
68.56484632969267
10
123.89187198374398
20
69.81483362966726
10
124.89187198374398
20
69.81483362966726
97
1
330

75
0
76
1
47
0.4128176842155181
98
1
10
34.90568961886538
20
22.81183545379326
450
0
451
0
460
0
461
0
452
1
462
1
453
2
463
0
63
5
421
255
463
1
63
7
421
16777215
470
LINEAR
1001
ACAD
1010
0
1020
0
1030
0
0
HATCH
5
6d2
100
AcDbEntity
8
TopLayer
100
AcDbHatch
10
0
20
0
30
0
210
0
220
0
230
1
2
SOLID
70
1
71
0
91
1
92
7
72
0
73
1
93
4
10
124.89187198374398
20
68.56484632969267
10
123.89187198374398
20
68.56484632969267
10
123.89187198374398
20
69.81483362966726
10
124.89187198374398
20
69.81483362966726
97
1
330

75
0
76
1
47
0.4128176842155181
98
1
10
34.90568961886538
20
22.81183545379326
450
0
451
0
460
0
461
0
452
1
462
1
453
2
463
0
63
5
421
255
463
1
63
7
421
16777215
470
LINEAR
1001
ACAD
1010
0
1020
0
1030
0
0
HATCH
5
6d5
100
AcDbEntity
8
TopSolderMaskLayer
100
AcDbHatch
10
0
20
0
30
0
210
0
220
0
230
1
2
SOLID
70
1
71
0
91
1
92
7
72
0
73
1
93
4
10
122.71711705358896
20
68.53945092401595
10
121.66631695198876
20
68.53945092401595
10
121.66631695198876
20
69.84023729334112
10
122.71711705358896
20
69.84023729334112
97
1
330

75
0
76
1
47
0.4128176842155181
98
1
10
34.90568961886538
20
22.81183545379326
450
0
451
0
460
0
461
0
452
1
462
1
453
2
463
0
63
5
421
255
463
1
63
7
421
16777215
470
LINEAR
1001
ACAD
1010
0
1020
0
1030
0
0
HATCH
5
6d8
100
AcDbEntity
8
TopPasteMaskLayer
100
AcDbHatch
10
0
20
0
30
0
210
0
220
0
230
1
2
SOLID
70
1
71
0
91
1
92
7
72
0
73
1
93
4
10
122.69171958343918
20
68.56484632969267
10
121.69171958343918
20
68.56484632969267
10
121.69171958343918
20
69.81483362966726
10
122.69171958343918
20
69.81483362966726
97
1
330

75
0
76
1
47
0.4128176842155181
98
1
10
34.90568961886538
20
22.81183545379326
450
0
451
0
460
0
461
0
452
1
462
1
453
2
463
0
63
5
421
255
463
1
63
7
421
16777215
470
LINEAR
1001
ACAD
1010
0
1020
0
1030
0
0
HATCH
5
6db
100
AcDbEntity
8
TopLayer
100
AcDbHatch
10
0
20
0
30
0
210
0
220
0
230
1
2
SOLID
70
1
71
0
91
1
92
7
72
0
73
1
93
4
10
122.69171958343918
20
68.56484632969267
10
121.69171958343918
20
68.56484632969267
10
121.69171958343918
20
69.81483362966726
10
122.69171958343918
20
69.81483362966726
97
1
330

75
0
76
1
47
0.4128176842155181
98
1
10
34.90568961886538
20
22.81183545379326
450
0
451
0
460
0
461
0
452
1
462
1
453
2
463
0
63
5
421
255
463
1
63
7
421
16777215
470
LINEAR
1001
ACAD
1010
0
1020
0
1030
0
0
HATCH
5
6de
100
AcDbEntity
8
TopSolderMaskLayer
100
AcDbHatch
10
0
20
0
30
0
210
0
220
0
230
1
2
SOLID
70
1
71
0
91
1
92
7
72
0
73
1
93
4
10
126.59695586487949
20
126.00878884768524
10
125.04612950301173
20
126.00878884768524
10
125.04612950301173
20
129.05958894928546
10
126.59695586487949
20
129.05958894928546
97
1
330

75
0
76
1
47
0.4128176842155181
98
1
10
34.90568961886538
20
22.81183545379326
450
0
451
0
460
0
461
0
452
1
462
1
453
2
463
0
63
5
421
255
463
1
63
7
421
16777215
470
LINEAR
1001
ACAD
1010
0
1020
0
1030
0
0
HATCH
5
6e1
100
AcDbEntity
8
TopPasteMaskLayer
100
AcDbHatch
10
0
20
0
30
0
210
0
220
0
230
1
2
SOLID
70
1
71
0
91
1
92
7
72
0
73
1
93
4
10
126.57155194310391
20
126.03418846837695
10
125.07152654305311
20
126.03418846837695
10
125.07152654305311
20
129.03418846837695
10
126.57155194310391
20
129.03418846837695
97
1
330

75
0
76
1
47
0.4128176842155181
98
1
10
34.90568961886538
20
22.81183545379326
450
0
451
0
460
0
461
0
452
1
462
1
453
2
463
0
63
5
421
255
463
1
63
7
421
16777215
470
LINEAR
1001
ACAD
1010
0
1020
0
1030
0
0
HATCH
5
6e4
100
AcDbEntity
8
TopLayer
100
AcDbHatch
10
0
20
0
30
0
210
0
220
0
230
1
2
SOLID
70
1
71
0
91
1
92
7
72
0
73
1
93
4
10
126.57155194310391
20
126.03418846837695
10
125.07152654305311
20
126.03418846837695
10
125.07152654305311
20
129.03418846837695
10
126.57155194310391
20
129.03418846837695
97
1
330

75
0
76
1
47
0.4128176842155181
98
1
10
34.90568961886538
20
22.81183545379326
450
0
451
0
460
0
461
0
452
1
462
1
453
2
463
0
63
5
421
255
463
1
63
7
421
16777215
470
LINEAR
1001
ACAD
1010
0
1020
0
1030
0
0
HATCH
5
6e7
100
AcDbEntity
8
TopSolderMaskLayer
100
AcDbHatch
10
0
20
0
30
0
210
0
220
0
230
1
2
SOLID
70
1
71
0
91
1
92
7
72
0
73
1
93
4
10
112.59695586487949
20
126.00878884768524
10
111.04612950301171
20
126.00878884768524
10
111.04612950301171
20
129.05958894928546
10
112.59695586487949
20
129.05958894928546
97
1
330

75
0
76
1
47
0.4128176842155181
98
1
10
34.90568961886538
20
22.81183545379326
450
0
451
0
460
0
461
0
452
1
462
1
453
2
463
0
63
5
421
255
463
1
63
7
421
16777215
470
LINEAR
1001
ACAD
1010
0
1020
0
1030
0
0
HATCH
5
6ea
100
AcDbEntity
8
TopPasteMaskLayer
100
AcDbHatch
10
0
20
0
30
0
210
0
220
0
230
1
2
SOLID
70
1
71
0
91
1
92
7
72
0
73
1
93
4
10
112.57155194310391
20
126.03418846837695
10
111.0715265430531
20
126.03418846837695
10
111.0715265430531
20
129.03418846837695
10
112.57155194310391
20
129.03418846837695
97
1
330

75
0
76
1
47
0.4128176842155181
98
1
10
34.90568961886538
20
22.81183545379326
450
0
451
0
460
0
461
0
452
1
462
1
453
2
463
0
63
5
421
255
463
1
63
7
421
16777215
470
LINEAR
1001
ACAD
1010
0
1020
0
1030
0
0
HATCH
5
6ed
100
AcDbEntity
8
TopLayer
100
AcDbHatch
10
0
20
0
30
0
210
0
220
0
230
1
2
SOLID
70
1
71
0
91
1
92
7
72
0
73
1
93
4
10
112.57155194310391
20
126.03418846837695
10
111.0715265430531
20
126.03418846837695
10
111.0715265430531
20
129.03418846837695
10
112.57155194310391
20
129.03418846837695
97
1
330

75
0
76
1
47
0.4128176842155181
98
1
10
34.90568961886538
20
22.81183545379326
450
0
451
0
460
0
461
0
452
1
462
1
453
2
463
0
63
5
421
255
463
1
63
7
421
16777215
470
LINEAR
1001
ACAD
1010
0
1020
0
1030
0
0
HATCH
5
6f0
100
AcDbEntity
8
TopSolderMaskLayer
100
AcDbHatch
10
0
20
0
30
0
210
0
220
0
230
1
2
SOLID
70
1
71
0
91
1
92
7
72
0
73
1
93
4
10
115.68686966257309
20
121.40878927779363
10
114.33606956097289
20
121.40878927779363
10
114.33606956097289
20
127.45958937939383
10
115.68686966257309
20
127.45958937939383
97
1
330

75
0
76
1
47
0.4128176842155181
98
1
10
34.90568961886538
20
22.81183545379326
450
0
451
0
460
0
461
0
452
1
462
1
453
2
463
0
63
5
421
255
463
1
63
7
421
16777215
470
LINEAR
1001
ACAD
1010
0
1020
0
1030
0
0
HATCH
5
6f3
100
AcDbEntity
8
TopPasteMaskLayer
100
AcDbHatch
10
0
20
0
30
0
210
0
220
0
230
1
2
SOLID
70
1
71
0
91
1
92
7
72
0
73
1
93
4
10
115.66146812293626
20
121.43418846837696
10
114.36146812293626
20
121.43418846837696
10
114.36146812293626
20
127.43418846837695
10
115.66146812293626
20
127.43418846837695
97
1
330

75
0
76
1
47
0.4128176842155181
98
1
10
34.90568961886538
20
22.81183545379326
450
0
451
0
460
0
461
0
452
1
462
1
453
2
463
0
63
5
421
255
463
1
63
7
421
16777215
470
LINEAR
1001
ACAD
1010
0
1020
0
1030
0
0
HATCH
5
6f6
100
AcDbEntity
8
TopLayer
100
AcDbHatch
10
0
20
0
30
0
210
0
220
0
230
1
2
SOLID
70
1
71
0
91
1
92
7
72
0
73
1
93
4
10
115.66146812293626
20
121.43418846837696
10
114.36146812293626
20
121.43418846837696
10
114.36146812293626
20
127.43418846837695
10
115.66146812293626
20
127.43418846837695
97
1
330

75
0
76
1
47
0.4128176842155181
98
1
10
34.90568961886538
20
22.81183545379326
450
0
451
0
460
0
461
0
452
1
462
1
453
2
463
0
63
5
421
255
463
1
63
7
421
16777215
470
LINEAR
1001
ACAD
1010
0
1020
0
1030
0
0
HATCH
5
6f9
100
AcDbEntity
8
TopSolderMaskLayer
100
AcDbHatch
10
0
20
0
30
0
210
0
220
0
230
1
2
SOLID
70
1
71
0
91
1
92
7
72
0
73
1
93
4
10
118.22699678004815
20
121.40878927779363
10
116.87619667844797
20
121.40878927779363
10
116.87619667844797
20
127.45958937939383
10
118.22699678004815
20
127.45958937939383
97
1
330

75
0
76
1
47
0.4128176842155181
98
1
10
34.90568961886538
20
22.81183545379326
450
0
451
0
460
0
461
0
452
1
462
1
453
2
463
0
63
5
421
255
463
1
63
7
421
16777215
470
LINEAR
1001
ACAD
1010
0
1020
0
1030
0
0
HATCH
5
6fc
100
AcDbEntity
8
TopPasteMaskLayer
100
AcDbHatch
10
0
20
0
30
0
210
0
220
0
230
1
2
SOLID
70
1
71
0
91
1
92
7
72
0
73
1
93
4
10
118.20160020320041
20
121.43418846837696
10
116.90160020320042
20
121.43418846837696
10
116.90160020320042
20
127.43418846837695
10
118.20160020320041
20
127.43418846837695
97
1
330

75
0
76
1
47
0.4128176842155181
98
1
10
34.90568961886538
20
22.81183545379326
450
0
451
0
460
0
461
0
452
1
462
1
453
2
463
0
63
5
421
255
463
1
63
7
421
16777215
470
LINEAR
1001
ACAD
1010
0
1020
0
1030
0
0
HATCH
5
6ff
100
AcDbEntity
8
TopLayer
100
AcDbHatch
10
0
20
0
30
0
210
0
220
0
230
1
2
SOLID
70
1
71
0
91
1
92
7
72
0
73
1
93
4
10
118.20160020320041
20
121.43418846837696
10
116.90160020320042
20
121.43418846837696
10
116.90160020320042
20
127.43418846837695
10
118.20160020320041
20
127.43418846837695
97
1
330

75
0
76
1
47
0.4128176842155181
98
1
10
34.90568961886538
20
22.81183545379326
450
0
451
0
460
0
461
0
452
1
462
1
453
2
463
0
63
5
421
255
463
1
63
7
421
16777215
470
LINEAR
1001
ACAD
1010
0
1020
0
1030
0
0
HATCH
5
702
100
AcDbEntity
8
TopSolderMaskLayer
100
AcDbHatch
10
0
20
0
30
0
210
0
220
0
230
1
2
SOLID
70
1
71
0
91
1
92
7
72
0
73
1
93
4
10
120.76685342998479
20
121.40878927779363
10
119.41605332838458
20
121.40878927779363
10
119.41605332838458
20
127.45958937939383
10
120.76685342998479
20
127.45958937939383
97
1
330

75
0
76
1
47
0.4128176842155181
98
1
10
34.90568961886538
20
22.81183545379326
450
0
451
0
460
0
461
0
452
1
462
1
453
2
463
0
63
5
421
255
463
1
63
7
421
16777215
470
LINEAR
1001
ACAD
1010
0
1020
0
1030
0
0
HATCH
5
705
100
AcDbEntity
8
TopPasteMaskLayer
100
AcDbHatch
10
0
20
0
30
0
210
0
220
0
230
1
2
SOLID
70
1
71
0
91
1
92
7
72
0
73
1
93
4
10
120.74145288290579
20
121.43418846837696
10
119.44145288290578
20
121.43418846837696
10
119.44145288290578
20
127.43418846837695
10
120.74145288290579
20
127.43418846837695
97
1
330

75
0
76
1
47
0.4128176842155181
98
1
10
34.90568961886538
20
22.81183545379326
450
0
451
0
460
0
461
0
452
1
462
1
453
2
463
0
63
5
421
255
463
1
63
7
421
16777215
470
LINEAR
1001
ACAD
1010
0
1020
0
1030
0
0
HATCH
5
708
100
AcDbEntity
8
TopLayer
100
AcDbHatch
10
0
20
0
30
0
210
0
220
0
230
1
2
SOLID
70
1
71
0
91
1
92
7
72
0
73
1
93
4
10
120.74145288290579
20
121.43418846837696
10
119.44145288290578
20
121.43418846837696
10
119.44145288290578
20
127.43418846837695
10
120.74145288290579
20
127.43418846837695
97
1
330

75
0
76
1
47
0.4128176842155181
98
1
10
34.90568961886538
20
22.81183545379326
450
0
451
0
460
0
461
0
452
1
462
1
453
2
463
0
63
5
421
255
463
1
63
7
421
16777215
470
LINEAR
1001
ACAD
1010
0
1020
0
1030
0
0
HATCH
5
70b
100
AcDbEntity
8
TopSolderMaskLayer
100
AcDbHatch
10
0
20
0
30
0
210
0
220
0
230
1
2
SOLID
70
1
71
0
91
1
92
7
72
0
73
1
93
4
10
123.30698054745987
20
121.40878927779363
10
121.95618044585966
20
121.40878927779363
10
121.95618044585966
20
127.45958937939383
10
123.30698054745987
20
127.45958937939383
97
1
330

75
0
76
1
47
0.4128176842155181
98
1
10
34.90568961886538
20
22.81183545379326
450
0
451
0
460
0
461
0
452
1
462
1
453
2
463
0
63
5
421
255
463
1
63
7
421
16777215
470
LINEAR
1001
ACAD
1010
0
1020
0
1030
0
0
HATCH
5
70e
100
AcDbEntity
8
TopPasteMaskLayer
100
AcDbHatch
10
0
20
0
30
0
210
0
220
0
230
1
2
SOLID
70
1
71
0
91
1
92
7
72
0
73
1
93
4
10
123.28158496316995
20
121.43418846837696
10
121.98158496316994
20
121.43418846837696
10
121.98158496316994
20
127.43418846837695
10
123.28158496316995
20
127.43418846837695
97
1
330

75
0
76
1
47
0.4128176842155181
98
1
10
34.90568961886538
20
22.81183545379326
450
0
451
0
460
0
461
0
452
1
462
1
453
2
463
0
63
5
421
255
463
1
63
7
421
16777215
470
LINEAR
1001
ACAD
1010
0
1020
0
1030
0
0
HATCH
5
711
100
AcDbEntity
8
TopLayer
100
AcDbHatch
10
0
20
0
30
0
210
0
220
0
230
1
2
SOLID
70
1
71
0
91
1
92
7
72
0
73
1
93
4
10
123.28158496316995
20
121.43418846837696
10
121.98158496316994
20
121.43418846837696
10
121.98158496316994
20
127.43418846837695
10
123.28158496316995
20
127.43418846837695
97
1
330

75
0
76
1
47
0.4128176842155181
98
1
10
34.90568961886538
20
22.81183545379326
450
0
451
0
460
0
461
0
452
1
462
1
453
2
463
0
63
5
421
255
463
1
63
7
421
16777215
470
LINEAR
1001
ACAD
1010
0
1020
0
1030
0
  0
CIRCLE
  5
72d
330
1F
100
AcDbEntity
  8
TopSolderMaskLayer
100
AcDbCircle
 10
85.496570993142
 20
137.8206756413513
 30
0.0
 40
0.5655353117157847
0
HATCH
5
72f
100
AcDbEntity
8
TopSolderMaskLayer
100
AcDbHatch
10
0
20
0
30
0
210
0
220
0
230
1
2
SOLID
70
1
71
0
91
1
92
7
72
0
73
1
93
4
10
84.57117094234188
20
138.7460756921514
10
86.42197104394211
20
138.7460756921514
10
86.42197104394211
20
136.8952755905512
10
84.57117094234188
20
136.8952755905512
97
1
330

75
0
76
1
47
0.4128176842155181
98
1
10
34.90568961886538
20
22.81183545379326
450
0
451
0
460
0
461
0
452
1
462
1
453
2
463
0
63
5
421
255
463
1
63
7
421
16777215
470
LINEAR
1001
ACAD
1010
0
1020
0
1030
0
  0
CIRCLE
  5
730
330
1F
100
AcDbEntity
  8
BottomSolderMaskLayer
100
AcDbCircle
 10
85.496570993142
 20
137.8206756413513
 30
0.0
 40
0.5655353117157847
0
HATCH
5
732
100
AcDbEntity
8
BottomSolderMaskLayer
100
AcDbHatch
10
0
20
0
30
0
210
0
220
0
230
1
2
SOLID
70
1
71
0
91
1
92
7
72
0
73
1
93
4
10
84.57117094234188
20
138.7460756921514
10
86.42197104394211
20
138.7460756921514
10
86.42197104394211
20
136.8952755905512
10
84.57117094234188
20
136.8952755905512
97
1
330

75
0
76
1
47
0.4128176842155181
98
1
10
34.90568961886538
20
22.81183545379326
450
0
451
0
460
0
461
0
452
1
462
1
453
2
463
0
63
5
421
255
463
1
63
7
421
16777215
470
LINEAR
1001
ACAD
1010
0
1020
0
1030
0
  0
CIRCLE
  5
733
330
1F
100
AcDbEntity
  8
Multi-Layer
100
AcDbCircle
 10
85.496570993142
 20
137.8206756413513
 30
0.0
 40
0.5500127000254001
0
HATCH
5
735
100
AcDbEntity
8
Multi-Layer
100
AcDbHatch
10
0
20
0
30
0
210
0
220
0
230
1
2
SOLID
70
1
71
0
91
1
92
7
72
0
73
1
93
4
10
84.596570993142
20
138.72067564135128
10
86.396570993142
20
138.72067564135128
10
86.396570993142
20
136.9206756413513
10
84.596570993142
20
136.9206756413513
97
1
330

75
0
76
1
47
0.4128176842155181
98
1
10
34.90568961886538
20
22.81183545379326
450
0
451
0
460
0
461
0
452
1
462
1
453
2
463
0
63
5
421
255
463
1
63
7
421
16777215
470
LINEAR
1001
ACAD
1010
0
1020
0
1030
0
0
HATCH
5
738
100
AcDbEntity
8
TopSolderMaskLayer
100
AcDbHatch
10
0
20
0
30
0
210
0
220
0
230
1
2
SOLID
70
1
71
0
91
1
92
7
72
0
73
1
93
4
10
110.08692284481344
20
126.00878884768524
10
108.53609648294568
20
126.00878884768524
10
108.53609648294568
20
129.05958894928546
10
110.08692284481344
20
129.05958894928546
97
1
330

75
0
76
1
47
0.4128176842155181
98
1
10
34.90568961886538
20
22.81183545379326
450
0
451
0
460
0
461
0
452
1
462
1
453
2
463
0
63
5
421
255
463
1
63
7
421
16777215
470
LINEAR
1001
ACAD
1010
0
1020
0
1030
0
0
HATCH
5
73b
100
AcDbEntity
8
TopPasteMaskLayer
100
AcDbHatch
10
0
20
0
30
0
210
0
220
0
230
1
2
SOLID
70
1
71
0
91
1
92
7
72
0
73
1
93
4
10
110.06151892303787
20
126.03418846837695
10
108.56149352298706
20
126.03418846837695
10
108.56149352298706
20
129.03418846837695
10
110.06151892303787
20
129.03418846837695
97
1
330

75
0
76
1
47
0.4128176842155181
98
1
10
34.90568961886538
20
22.81183545379326
450
0
451
0
460
0
461
0
452
1
462
1
453
2
463
0
63
5
421
255
463
1
63
7
421
16777215
470
LINEAR
1001
ACAD
1010
0
1020
0
1030
0
0
HATCH
5
73e
100
AcDbEntity
8
TopLayer
100
AcDbHatch
10
0
20
0
30
0
210
0
220
0
230
1
2
SOLID
70
1
71
0
91
1
92
7
72
0
73
1
93
4
10
110.06151892303787
20
126.03418846837695
10
108.56149352298706
20
126.03418846837695
10
108.56149352298706
20
129.03418846837695
10
110.06151892303787
20
129.03418846837695
97
1
330

75
0
76
1
47
0.4128176842155181
98
1
10
34.90568961886538
20
22.81183545379326
450
0
451
0
460
0
461
0
452
1
462
1
453
2
463
0
63
5
421
255
463
1
63
7
421
16777215
470
LINEAR
1001
ACAD
1010
0
1020
0
1030
0
0
HATCH
5
741
100
AcDbEntity
8
TopSolderMaskLayer
100
AcDbHatch
10
0
20
0
30
0
210
0
220
0
230
1
2
SOLID
70
1
71
0
91
1
92
7
72
0
73
1
93
4
10
96.08692284481344
20
126.00878884768524
10
94.53609648294567
20
126.00878884768524
10
94.53609648294567
20
129.05958894928546
10
96.08692284481344
20
129.05958894928546
97
1
330

75
0
76
1
47
0.4128176842155181
98
1
10
34.90568961886538
20
22.81183545379326
450
0
451
0
460
0
461
0
452
1
462
1
453
2
463
0
63
5
421
255
463
1
63
7
421
16777215
470
LINEAR
1001
ACAD
1010
0
1020
0
1030
0
0
HATCH
5
744
100
AcDbEntity
8
TopPasteMaskLayer
100
AcDbHatch
10
0
20
0
30
0
210
0
220
0
230
1
2
SOLID
70
1
71
0
91
1
92
7
72
0
73
1
93
4
10
96.06151892303787
20
126.03418846837695
10
94.56149352298705
20
126.03418846837695
10
94.56149352298705
20
129.03418846837695
10
96.06151892303787
20
129.03418846837695
97
1
330

75
0
76
1
47
0.4128176842155181
98
1
10
34.90568961886538
20
22.81183545379326
450
0
451
0
460
0
461
0
452
1
462
1
453
2
463
0
63
5
421
255
463
1
63
7
421
16777215
470
LINEAR
1001
ACAD
1010
0
1020
0
1030
0
0
HATCH
5
747
100
AcDbEntity
8
TopLayer
100
AcDbHatch
10
0
20
0
30
0
210
0
220
0
230
1
2
SOLID
70
1
71
0
91
1
92
7
72
0
73
1
93
4
10
96.06151892303787
20
126.03418846837695
10
94.56149352298705
20
126.03418846837695
10
94.56149352298705
20
129.03418846837695
10
96.06151892303787
20
129.03418846837695
97
1
330

75
0
76
1
47
0.4128176842155181
98
1
10
34.90568961886538
20
22.81183545379326
450
0
451
0
460
0
461
0
452
1
462
1
453
2
463
0
63
5
421
255
463
1
63
7
421
16777215
470
LINEAR
1001
ACAD
1010
0
1020
0
1030
0
0
HATCH
5
74a
100
AcDbEntity
8
TopSolderMaskLayer
100
AcDbHatch
10
0
20
0
30
0
210
0
220
0
230
1
2
SOLID
70
1
71
0
91
1
92
7
72
0
73
1
93
4
10
99.17683664250704
20
121.40878927779363
10
97.82603654090686
20
121.40878927779363
10
97.82603654090686
20
127.45958937939383
10
99.17683664250704
20
127.45958937939383
97
1
330

75
0
76
1
47
0.4128176842155181
98
1
10
34.90568961886538
20
22.81183545379326
450
0
451
0
460
0
461
0
452
1
462
1
453
2
463
0
63
5
421
255
463
1
63
7
421
16777215
470
LINEAR
1001
ACAD
1010
0
1020
0
1030
0
0
HATCH
5
74d
100
AcDbEntity
8
TopPasteMaskLayer
100
AcDbHatch
10
0
20
0
30
0
210
0
220
0
230
1
2
SOLID
70
1
71
0
91
1
92
7
72
0
73
1
93
4
10
99.15143510287021
20
121.43418846837696
10
97.85143510287023
20
121.43418846837696
10
97.85143510287023
20
127.43418846837695
10
99.15143510287021
20
127.43418846837695
97
1
330

75
0
76
1
47
0.4128176842155181
98
1
10
34.90568961886538
20
22.81183545379326
450
0
451
0
460
0
461
0
452
1
462
1
453
2
463
0
63
5
421
255
463
1
63
7
421
16777215
470
LINEAR
1001
ACAD
1010
0
1020
0
1030
0
0
HATCH
5
750
100
AcDbEntity
8
TopLayer
100
AcDbHatch
10
0
20
0
30
0
210
0
220
0
230
1
2
SOLID
70
1
71
0
91
1
92
7
72
0
73
1
93
4
10
99.15143510287021
20
121.43418846837696
10
97.85143510287023
20
121.43418846837696
10
97.85143510287023
20
127.43418846837695
10
99.15143510287021
20
127.43418846837695
97
1
330

75
0
76
1
47
0.4128176842155181
98
1
10
34.90568961886538
20
22.81183545379326
450
0
451
0
460
0
461
0
452
1
462
1
453
2
463
0
63
5
421
255
463
1
63
7
421
16777215
470
LINEAR
1001
ACAD
1010
0
1020
0
1030
0
0
HATCH
5
753
100
AcDbEntity
8
TopSolderMaskLayer
100
AcDbHatch
10
0
20
0
30
0
210
0
220
0
230
1
2
SOLID
70
1
71
0
91
1
92
7
72
0
73
1
93
4
10
101.71696375998212
20
121.40878927779363
10
100.36616365838192
20
121.40878927779363
10
100.36616365838192
20
127.45958937939383
10
101.71696375998212
20
127.45958937939383
97
1
330

75
0
76
1
47
0.4128176842155181
98
1
10
34.90568961886538
20
22.81183545379326
450
0
451
0
460
0
461
0
452
1
462
1
453
2
463
0
63
5
421
255
463
1
63
7
421
16777215
470
LINEAR
1001
ACAD
1010
0
1020
0
1030
0
0
HATCH
5
756
100
AcDbEntity
8
TopPasteMaskLayer
100
AcDbHatch
10
0
20
0
30
0
210
0
220
0
230
1
2
SOLID
70
1
71
0
91
1
92
7
72
0
73
1
93
4
10
101.69156718313437
20
121.43418846837696
10
100.39156718313438
20
121.43418846837696
10
100.39156718313438
20
127.43418846837695
10
101.69156718313437
20
127.43418846837695
97
1
330

75
0
76
1
47
0.4128176842155181
98
1
10
34.90568961886538
20
22.81183545379326
450
0
451
0
460
0
461
0
452
1
462
1
453
2
463
0
63
5
421
255
463
1
63
7
421
16777215
470
LINEAR
1001
ACAD
1010
0
1020
0
1030
0
0
HATCH
5
759
100
AcDbEntity
8
TopLayer
100
AcDbHatch
10
0
20
0
30
0
210
0
220
0
230
1
2
SOLID
70
1
71
0
91
1
92
7
72
0
73
1
93
4
10
101.69156718313437
20
121.43418846837696
10
100.39156718313438
20
121.43418846837696
10
100.39156718313438
20
127.43418846837695
10
101.69156718313437
20
127.43418846837695
97
1
330

75
0
76
1
47
0.4128176842155181
98
1
10
34.90568961886538
20
22.81183545379326
450
0
451
0
460
0
461
0
452
1
462
1
453
2
463
0
63
5
421
255
463
1
63
7
421
16777215
470
LINEAR
1001
ACAD
1010
0
1020
0
1030
0
0
HATCH
5
75c
100
AcDbEntity
8
TopSolderMaskLayer
100
AcDbHatch
10
0
20
0
30
0
210
0
220
0
230
1
2
SOLID
70
1
71
0
91
1
92
7
72
0
73
1
93
4
10
104.25682040991875
20
121.40878927779363
10
102.90602030831855
20
121.40878927779363
10
102.90602030831855
20
127.45958937939383
10
104.25682040991875
20
127.45958937939383
97
1
330

75
0
76
1
47
0.4128176842155181
98
1
10
34.90568961886538
20
22.81183545379326
450
0
451
0
460
0
461
0
452
1
462
1
453
2
463
0
63
5
421
255
463
1
63
7
421
16777215
470
LINEAR
1001
ACAD
1010
0
1020
0
1030
0
0
HATCH
5
75f
100
AcDbEntity
8
TopPasteMaskLayer
100
AcDbHatch
10
0
20
0
30
0
210
0
220
0
230
1
2
SOLID
70
1
71
0
91
1
92
7
72
0
73
1
93
4
10
104.23141986283974
20
121.43418846837696
10
102.93141986283973
20
121.43418846837696
10
102.93141986283973
20
127.43418846837695
10
104.23141986283974
20
127.43418846837695
97
1
330

75
0
76
1
47
0.4128176842155181
98
1
10
34.90568961886538
20
22.81183545379326
450
0
451
0
460
0
461
0
452
1
462
1
453
2
463
0
63
5
421
255
463
1
63
7
421
16777215
470
LINEAR
1001
ACAD
1010
0
1020
0
1030
0
0
HATCH
5
762
100
AcDbEntity
8
TopLayer
100
AcDbHatch
10
0
20
0
30
0
210
0
220
0
230
1
2
SOLID
70
1
71
0
91
1
92
7
72
0
73
1
93
4
10
104.23141986283974
20
121.43418846837696
10
102.93141986283973
20
121.43418846837696
10
102.93141986283973
20
127.43418846837695
10
104.23141986283974
20
127.43418846837695
97
1
330

75
0
76
1
47
0.4128176842155181
98
1
10
34.90568961886538
20
22.81183545379326
450
0
451
0
460
0
461
0
452
1
462
1
453
2
463
0
63
5
421
255
463
1
63
7
421
16777215
470
LINEAR
1001
ACAD
1010
0
1020
0
1030
0
0
HATCH
5
765
100
AcDbEntity
8
TopSolderMaskLayer
100
AcDbHatch
10
0
20
0
30
0
210
0
220
0
230
1
2
SOLID
70
1
71
0
91
1
92
7
72
0
73
1
93
4
10
106.79694752739384
20
121.40878927779363
10
105.44614742579361
20
121.40878927779363
10
105.44614742579361
20
127.45958937939383
10
106.79694752739384
20
127.45958937939383
97
1
330

75
0
76
1
47
0.4128176842155181
98
1
10
34.90568961886538
20
22.81183545379326
450
0
451
0
460
0
461
0
452
1
462
1
453
2
463
0
63
5
421
255
463
1
63
7
421
16777215
470
LINEAR
1001
ACAD
1010
0
1020
0
1030
0
0
HATCH
5
768
100
AcDbEntity
8
TopPasteMaskLayer
100
AcDbHatch
10
0
20
0
30
0
210
0
220
0
230
1
2
SOLID
70
1
71
0
91
1
92
7
72
0
73
1
93
4
10
106.7715519431039
20
121.43418846837696
10
105.47155194310389
20
121.43418846837696
10
105.47155194310389
20
127.43418846837695
10
106.7715519431039
20
127.43418846837695
97
1
330

75
0
76
1
47
0.4128176842155181
98
1
10
34.90568961886538
20
22.81183545379326
450
0
451
0
460
0
461
0
452
1
462
1
453
2
463
0
63
5
421
255
463
1
63
7
421
16777215
470
LINEAR
1001
ACAD
1010
0
1020
0
1030
0
0
HATCH
5
76b
100
AcDbEntity
8
TopLayer
100
AcDbHatch
10
0
20
0
30
0
210
0
220
0
230
1
2
SOLID
70
1
71
0
91
1
92
7
72
0
73
1
93
4
10
106.7715519431039
20
121.43418846837696
10
105.47155194310389
20
121.43418846837696
10
105.47155194310389
20
127.43418846837695
10
106.7715519431039
20
127.43418846837695
97
1
330

75
0
76
1
47
0.4128176842155181
98
1
10
34.90568961886538
20
22.81183545379326
450
0
451
0
460
0
461
0
452
1
462
1
453
2
463
0
63
5
421
255
463
1
63
7
421
16777215
470
LINEAR
1001
ACAD
1010
0
1020
0
1030
0
0
HATCH
5
76e
100
AcDbEntity
8
TopSolderMaskLayer
100
AcDbHatch
10
0
20
0
30
0
210
0
220
0
230
1
2
SOLID
70
1
71
0
91
1
92
7
72
0
73
1
93
4
10
126.9017564744807
20
139.42001567013887
10
125.35093011261294
20
139.42001567013887
10
125.35093011261294
20
142.47081577173907
10
126.9017564744807
20
142.47081577173907
97
1
330

75
0
76
1
47
0.4128176842155181
98
1
10
34.90568961886538
20
22.81183545379326
450
0
451
0
460
0
461
0
452
1
462
1
453
2
463
0
63
5
421
255
463
1
63
7
421
16777215
470
LINEAR
1001
ACAD
1010
0
1020
0
1030
0
0
HATCH
5
771
100
AcDbEntity
8
TopPasteMaskLayer
100
AcDbHatch
10
0
20
0
30
0
210
0
220
0
230
1
2
SOLID
70
1
71
0
91
1
92
7
72
0
73
1
93
4
10
126.87635255270513
20
139.4454152908306
10
125.37632715265433
20
139.4454152908306
10
125.37632715265433
20
142.4454152908306
10
126.87635255270513
20
142.4454152908306
97
1
330

75
0
76
1
47
0.4128176842155181
98
1
10
34.90568961886538
20
22.81183545379326
450
0
451
0
460
0
461
0
452
1
462
1
453
2
463
0
63
5
421
255
463
1
63
7
421
16777215
470
LINEAR
1001
ACAD
1010
0
1020
0
1030
0
0
HATCH
5
774
100
AcDbEntity
8
TopLayer
100
AcDbHatch
10
0
20
0
30
0
210
0
220
0
230
1
2
SOLID
70
1
71
0
91
1
92
7
72
0
73
1
93
4
10
126.87635255270513
20
139.4454152908306
10
125.37632715265433
20
139.4454152908306
10
125.37632715265433
20
142.4454152908306
10
126.87635255270513
20
142.4454152908306
97
1
330

75
0
76
1
47
0.4128176842155181
98
1
10
34.90568961886538
20
22.81183545379326
450
0
451
0
460
0
461
0
452
1
462
1
453
2
463
0
63
5
421
255
463
1
63
7
421
16777215
470
LINEAR
1001
ACAD
1010
0
1020
0
1030
0
0
HATCH
5
777
100
AcDbEntity
8
TopSolderMaskLayer
100
AcDbHatch
10
0
20
0
30
0
210
0
220
0
230
1
2
SOLID
70
1
71
0
91
1
92
7
72
0
73
1
93
4
10
112.9017564744807
20
139.42001567013887
10
111.35093011261294
20
139.42001567013887
10
111.35093011261294
20
142.47081577173907
10
112.9017564744807
20
142.47081577173907
97
1
330

75
0
76
1
47
0.4128176842155181
98
1
10
34.90568961886538
20
22.81183545379326
450
0
451
0
460
0
461
0
452
1
462
1
453
2
463
0
63
5
421
255
463
1
63
7
421
16777215
470
LINEAR
1001
ACAD
1010
0
1020
0
1030
0
0
HATCH
5
77a
100
AcDbEntity
8
TopPasteMaskLayer
100
AcDbHatch
10
0
20
0
30
0
210
0
220
0
230
1
2
SOLID
70
1
71
0
91
1
92
7
72
0
73
1
93
4
10
112.87635255270513
20
139.4454152908306
10
111.37632715265433
20
139.4454152908306
10
111.37632715265433
20
142.4454152908306
10
112.87635255270513
20
142.4454152908306
97
1
330

75
0
76
1
47
0.4128176842155181
98
1
10
34.90568961886538
20
22.81183545379326
450
0
451
0
460
0
461
0
452
1
462
1
453
2
463
0
63
5
421
255
463
1
63
7
421
16777215
470
LINEAR
1001
ACAD
1010
0
1020
0
1030
0
0
HATCH
5
77d
100
AcDbEntity
8
TopLayer
100
AcDbHatch
10
0
20
0
30
0
210
0
220
0
230
1
2
SOLID
70
1
71
0
91
1
92
7
72
0
73
1
93
4
10
112.87635255270513
20
139.4454152908306
10
111.37632715265433
20
139.4454152908306
10
111.37632715265433
20
142.4454152908306
10
112.87635255270513
20
142.4454152908306
97
1
330

75
0
76
1
47
0.4128176842155181
98
1
10
34.90568961886538
20
22.81183545379326
450
0
451
0
460
0
461
0
452
1
462
1
453
2
463
0
63
5
421
255
463
1
63
7
421
16777215
470
LINEAR
1001
ACAD
1010
0
1020
0
1030
0
0
HATCH
5
780
100
AcDbEntity
8
TopSolderMaskLayer
100
AcDbHatch
10
0
20
0
30
0
210
0
220
0
230
1
2
SOLID
70
1
71
0
91
1
92
7
72
0
73
1
93
4
10
115.9916702721743
20
134.82001610024727
10
114.6408701705741
20
134.82001610024727
10
114.6408701705741
20
140.87081620184748
10
115.9916702721743
20
140.87081620184748
97
1
330

75
0
76
1
47
0.4128176842155181
98
1
10
34.90568961886538
20
22.81183545379326
450
0
451
0
460
0
461
0
452
1
462
1
453
2
463
0
63
5
421
255
463
1
63
7
421
16777215
470
LINEAR
1001
ACAD
1010
0
1020
0
1030
0
0
HATCH
5
783
100
AcDbEntity
8
TopPasteMaskLayer
100
AcDbHatch
10
0
20
0
30
0
210
0
220
0
230
1
2
SOLID
70
1
71
0
91
1
92
7
72
0
73
1
93
4
10
115.96626873253747
20
134.8454152908306
10
114.66626873253747
20
134.8454152908306
10
114.66626873253747
20
140.8454152908306
10
115.96626873253747
20
140.8454152908306
97
1
330

75
0
76
1
47
0.4128176842155181
98
1
10
34.90568961886538
20
22.81183545379326
450
0
451
0
460
0
461
0
452
1
462
1
453
2
463
0
63
5
421
255
463
1
63
7
421
16777215
470
LINEAR
1001
ACAD
1010
0
1020
0
1030
0
0
HATCH
5
786
100
AcDbEntity
8
TopLayer
100
AcDbHatch
10
0
20
0
30
0
210
0
220
0
230
1
2
SOLID
70
1
71
0
91
1
92
7
72
0
73
1
93
4
10
115.96626873253747
20
134.8454152908306
10
114.66626873253747
20
134.8454152908306
10
114.66626873253747
20
140.8454152908306
10
115.96626873253747
20
140.8454152908306
97
1
330

75
0
76
1
47
0.4128176842155181
98
1
10
34.90568961886538
20
22.81183545379326
450
0
451
0
460
0
461
0
452
1
462
1
453
2
463
0
63
5
421
255
463
1
63
7
421
16777215
470
LINEAR
1001
ACAD
1010
0
1020
0
1030
0
0
HATCH
5
789
100
AcDbEntity
8
TopSolderMaskLayer
100
AcDbHatch
10
0
20
0
30
0
210
0
220
0
230
1
2
SOLID
70
1
71
0
91
1
92
7
72
0
73
1
93
4
10
118.53179738964938
20
134.82001610024727
10
117.18099728804918
20
134.82001610024727
10
117.18099728804918
20
140.87081620184748
10
118.53179738964938
20
140.87081620184748
97
1
330

75
0
76
1
47
0.4128176842155181
98
1
10
34.90568961886538
20
22.81183545379326
450
0
451
0
460
0
461
0
452
1
462
1
453
2
463
0
63
5
421
255
463
1
63
7
421
16777215
470
LINEAR
1001
ACAD
1010
0
1020
0
1030
0
0
HATCH
5
78c
100
AcDbEntity
8
TopPasteMaskLayer
100
AcDbHatch
10
0
20
0
30
0
210
0
220
0
230
1
2
SOLID
70
1
71
0
91
1
92
7
72
0
73
1
93
4
10
118.50640081280164
20
134.8454152908306
10
117.20640081280163
20
134.8454152908306
10
117.20640081280163
20
140.8454152908306
10
118.50640081280164
20
140.8454152908306
97
1
330

75
0
76
1
47
0.4128176842155181
98
1
10
34.90568961886538
20
22.81183545379326
450
0
451
0
460
0
461
0
452
1
462
1
453
2
463
0
63
5
421
255
463
1
63
7
421
16777215
470
LINEAR
1001
ACAD
1010
0
1020
0
1030
0
0
HATCH
5
78f
100
AcDbEntity
8
TopLayer
100
AcDbHatch
10
0
20
0
30
0
210
0
220
0
230
1
2
SOLID
70
1
71
0
91
1
92
7
72
0
73
1
93
4
10
118.50640081280164
20
134.8454152908306
10
117.20640081280163
20
134.8454152908306
10
117.20640081280163
20
140.8454152908306
10
118.50640081280164
20
140.8454152908306
97
1
330

75
0
76
1
47
0.4128176842155181
98
1
10
34.90568961886538
20
22.81183545379326
450
0
451
0
460
0
461
0
452
1
462
1
453
2
463
0
63
5
421
255
463
1
63
7
421
16777215
470
LINEAR
1001
ACAD
1010
0
1020
0
1030
0
0
HATCH
5
792
100
AcDbEntity
8
TopSolderMaskLayer
100
AcDbHatch
10
0
20
0
30
0
210
0
220
0
230
1
2
SOLID
70
1
71
0
91
1
92
7
72
0
73
1
93
4
10
121.07165403958601
20
134.82001610024727
10
119.7208539379858
20
134.82001610024727
10
119.7208539379858
20
140.87081620184748
10
121.07165403958601
20
140.87081620184748
97
1
330

75
0
76
1
47
0.4128176842155181
98
1
10
34.90568961886538
20
22.81183545379326
450
0
451
0
460
0
461
0
452
1
462
1
453
2
463
0
63
5
421
255
463
1
63
7
421
16777215
470
LINEAR
1001
ACAD
1010
0
1020
0
1030
0
0
HATCH
5
795
100
AcDbEntity
8
TopPasteMaskLayer
100
AcDbHatch
10
0
20
0
30
0
210
0
220
0
230
1
2
SOLID
70
1
71
0
91
1
92
7
72
0
73
1
93
4
10
121.046253492507
20
134.8454152908306
10
119.746253492507
20
134.8454152908306
10
119.746253492507
20
140.8454152908306
10
121.046253492507
20
140.8454152908306
97
1
330

75
0
76
1
47
0.4128176842155181
98
1
10
34.90568961886538
20
22.81183545379326
450
0
451
0
460
0
461
0
452
1
462
1
453
2
463
0
63
5
421
255
463
1
63
7
421
16777215
470
LINEAR
1001
ACAD
1010
0
1020
0
1030
0
0
HATCH
5
798
100
AcDbEntity
8
TopLayer
100
AcDbHatch
10
0
20
0
30
0
210
0
220
0
230
1
2
SOLID
70
1
71
0
91
1
92
7
72
0
73
1
93
4
10
121.046253492507
20
134.8454152908306
10
119.746253492507
20
134.8454152908306
10
119.746253492507
20
140.8454152908306
10
121.046253492507
20
140.8454152908306
97
1
330

75
0
76
1
47
0.4128176842155181
98
1
10
34.90568961886538
20
22.81183545379326
450
0
451
0
460
0
461
0
452
1
462
1
453
2
463
0
63
5
421
255
463
1
63
7
421
16777215
470
LINEAR
1001
ACAD
1010
0
1020
0
1030
0
0
HATCH
5
79b
100
AcDbEntity
8
TopSolderMaskLayer
100
AcDbHatch
10
0
20
0
30
0
210
0
220
0
230
1
2
SOLID
70
1
71
0
91
1
92
7
72
0
73
1
93
4
10
123.61178115706109
20
134.82001610024727
10
122.26098105546089
20
134.82001610024727
10
122.26098105546089
20
140.87081620184748
10
123.61178115706109
20
140.87081620184748
97
1
330

75
0
76
1
47
0.4128176842155181
98
1
10
34.90568961886538
20
22.81183545379326
450
0
451
0
460
0
461
0
452
1
462
1
453
2
463
0
63
5
421
255
463
1
63
7
421
16777215
470
LINEAR
1001
ACAD
1010
0
1020
0
1030
0
0
HATCH
5
79e
100
AcDbEntity
8
TopPasteMaskLayer
100
AcDbHatch
10
0
20
0
30
0
210
0
220
0
230
1
2
SOLID
70
1
71
0
91
1
92
7
72
0
73
1
93
4
10
123.58638557277116
20
134.8454152908306
10
122.28638557277117
20
134.8454152908306
10
122.28638557277117
20
140.8454152908306
10
123.58638557277116
20
140.8454152908306
97
1
330

75
0
76
1
47
0.4128176842155181
98
1
10
34.90568961886538
20
22.81183545379326
450
0
451
0
460
0
461
0
452
1
462
1
453
2
463
0
63
5
421
255
463
1
63
7
421
16777215
470
LINEAR
1001
ACAD
1010
0
1020
0
1030
0
0
HATCH
5
7a1
100
AcDbEntity
8
TopLayer
100
AcDbHatch
10
0
20
0
30
0
210
0
220
0
230
1
2
SOLID
70
1
71
0
91
1
92
7
72
0
73
1
93
4
10
123.58638557277116
20
134.8454152908306
10
122.28638557277117
20
134.8454152908306
10
122.28638557277117
20
140.8454152908306
10
123.58638557277116
20
140.8454152908306
97
1
330

75
0
76
1
47
0.4128176842155181
98
1
10
34.90568961886538
20
22.81183545379326
450
0
451
0
460
0
461
0
452
1
462
1
453
2
463
0
63
5
421
255
463
1
63
7
421
16777215
470
LINEAR
1001
ACAD
1010
0
1020
0
1030
0
0
HATCH
5
7a4
100
AcDbEntity
8
TopSolderMaskLayer
100
AcDbHatch
10
0
20
0
30
0
210
0
220
0
230
1
2
SOLID
70
1
71
0
91
1
92
7
72
0
73
1
93
4
10
68.0690334670992
20
138.55814028617306
10
69.61985982896698
20
138.55814028617306
10
69.61985982896698
20
135.50734018457285
10
68.0690334670992
20
135.50734018457285
97
1
330

75
0
76
1
47
0.4128176842155181
98
1
10
34.90568961886538
20
22.81183545379326
450
0
451
0
460
0
461
0
452
1
462
1
453
2
463
0
63
5
421
255
463
1
63
7
421
16777215
470
LINEAR
1001
ACAD
1010
0
1020
0
1030
0
0
HATCH
5
7a7
100
AcDbEntity
8
TopPasteMaskLayer
100
AcDbHatch
10
0
20
0
30
0
210
0
220
0
230
1
2
SOLID
70
1
71
0
91
1
92
7
72
0
73
1
93
4
10
68.0944373888748
20
138.53274066548136
10
69.59446278892558
20
138.53274066548136
10
69.59446278892558
20
135.53274066548136
10
68.0944373888748
20
135.53274066548136
97
1
330

75
0
76
1
47
0.4128176842155181
98
1
10
34.90568961886538
20
22.81183545379326
450
0
451
0
460
0
461
0
452
1
462
1
453
2
463
0
63
5
421
255
463
1
63
7
421
16777215
470
LINEAR
1001
ACAD
1010
0
1020
0
1030
0
0
HATCH
5
7aa
100
AcDbEntity
8
TopLayer
100
AcDbHatch
10
0
20
0
30
0
210
0
220
0
230
1
2
SOLID
70
1
71
0
91
1
92
7
72
0
73
1
93
4
10
68.0944373888748
20
138.53274066548136
10
69.59446278892558
20
138.53274066548136
10
69.59446278892558
20
135.53274066548136
10
68.0944373888748
20
135.53274066548136
97
1
330

75
0
76
1
47
0.4128176842155181
98
1
10
34.90568961886538
20
22.81183545379326
450
0
451
0
460
0
461
0
452
1
462
1
453
2
463
0
63
5
421
255
463
1
63
7
421
16777215
470
LINEAR
1001
ACAD
1010
0
1020
0
1030
0
0
HATCH
5
7ad
100
AcDbEntity
8
TopSolderMaskLayer
100
AcDbHatch
10
0
20
0
30
0
210
0
220
0
230
1
2
SOLID
70
1
71
0
91
1
92
7
72
0
73
1
93
4
10
82.0690334670992
20
138.55814028617306
10
83.61985982896698
20
138.55814028617306
10
83.61985982896698
20
135.50734018457285
10
82.0690334670992
20
135.50734018457285
97
1
330

75
0
76
1
47
0.4128176842155181
98
1
10
34.90568961886538
20
22.81183545379326
450
0
451
0
460
0
461
0
452
1
462
1
453
2
463
0
63
5
421
255
463
1
63
7
421
16777215
470
LINEAR
1001
ACAD
1010
0
1020
0
1030
0
0
HATCH
5
7b0
100
AcDbEntity
8
TopPasteMaskLayer
100
AcDbHatch
10
0
20
0
30
0
210
0
220
0
230
1
2
SOLID
70
1
71
0
91
1
92
7
72
0
73
1
93
4
10
82.0944373888748
20
138.53274066548136
10
83.59446278892558
20
138.53274066548136
10
83.59446278892558
20
135.53274066548136
10
82.0944373888748
20
135.53274066548136
97
1
330

75
0
76
1
47
0.4128176842155181
98
1
10
34.90568961886538
20
22.81183545379326
450
0
451
0
460
0
461
0
452
1
462
1
453
2
463
0
63
5
421
255
463
1
63
7
421
16777215
470
LINEAR
1001
ACAD
1010
0
1020
0
1030
0
0
HATCH
5
7b3
100
AcDbEntity
8
TopLayer
100
AcDbHatch
10
0
20
0
30
0
210
0
220
0
230
1
2
SOLID
70
1
71
0
91
1
92
7
72
0
73
1
93
4
10
82.0944373888748
20
138.53274066548136
10
83.59446278892558
20
138.53274066548136
10
83.59446278892558
20
135.53274066548136
10
82.0944373888748
20
135.53274066548136
97
1
330

75
0
76
1
47
0.4128176842155181
98
1
10
34.90568961886538
20
22.81183545379326
450
0
451
0
460
0
461
0
452
1
462
1
453
2
463
0
63
5
421
255
463
1
63
7
421
16777215
470
LINEAR
1001
ACAD
1010
0
1020
0
1030
0
0
HATCH
5
7b6
100
AcDbEntity
8
TopSolderMaskLayer
100
AcDbHatch
10
0
20
0
30
0
210
0
220
0
230
1
2
SOLID
70
1
71
0
91
1
92
7
72
0
73
1
93
4
10
78.9791196694056
20
143.15813985606468
10
80.3299197710058
20
143.15813985606468
10
80.3299197710058
20
137.1073397544645
10
78.9791196694056
20
137.1073397544645
97
1
330

75
0
76
1
47
0.4128176842155181
98
1
10
34.90568961886538
20
22.81183545379326
450
0
451
0
460
0
461
0
452
1
462
1
453
2
463
0
63
5
421
255
463
1
63
7
421
16777215
470
LINEAR
1001
ACAD
1010
0
1020
0
1030
0
0
HATCH
5
7b9
100
AcDbEntity
8
TopPasteMaskLayer
100
AcDbHatch
10
0
20
0
30
0
210
0
220
0
230
1
2
SOLID
70
1
71
0
91
1
92
7
72
0
73
1
93
4
10
79.00452120904242
20
143.13274066548135
10
80.30452120904243
20
143.13274066548135
10
80.30452120904243
20
137.13274066548135
10
79.00452120904242
20
137.13274066548135
97
1
330

75
0
76
1
47
0.4128176842155181
98
1
10
34.90568961886538
20
22.81183545379326
450
0
451
0
460
0
461
0
452
1
462
1
453
2
463
0
63
5
421
255
463
1
63
7
421
16777215
470
LINEAR
1001
ACAD
1010
0
1020
0
1030
0
0
HATCH
5
7bc
100
AcDbEntity
8
TopLayer
100
AcDbHatch
10
0
20
0
30
0
210
0
220
0
230
1
2
SOLID
70
1
71
0
91
1
92
7
72
0
73
1
93
4
10
79.00452120904242
20
143.13274066548135
10
80.30452120904243
20
143.13274066548135
10
80.30452120904243
20
137.13274066548135
10
79.00452120904242
20
137.13274066548135
97
1
330

75
0
76
1
47
0.4128176842155181
98
1
10
34.90568961886538
20
22.81183545379326
450
0
451
0
460
0
461
0
452
1
462
1
453
2
463
0
63
5
421
255
463
1
63
7
421
16777215
470
LINEAR
1001
ACAD
1010
0
1020
0
1030
0
0
HATCH
5
7bf
100
AcDbEntity
8
TopSolderMaskLayer
100
AcDbHatch
10
0
20
0
30
0
210
0
220
0
230
1
2
SOLID
70
1
71
0
91
1
92
7
72
0
73
1
93
4
10
76.43899255193053
20
143.15813985606468
10
77.78979265353071
20
143.15813985606468
10
77.78979265353071
20
137.1073397544645
10
76.43899255193053
20
137.1073397544645
97
1
330

75
0
76
1
47
0.4128176842155181
98
1
10
34.90568961886538
20
22.81183545379326
450
0
451
0
460
0
461
0
452
1
462
1
453
2
463
0
63
5
421
255
463
1
63
7
421
16777215
470
LINEAR
1001
ACAD
1010
0
1020
0
1030
0
0
HATCH
5
7c2
100
AcDbEntity
8
TopPasteMaskLayer
100
AcDbHatch
10
0
20
0
30
0
210
0
220
0
230
1
2
SOLID
70
1
71
0
91
1
92
7
72
0
73
1
93
4
10
76.46438912877827
20
143.13274066548135
10
77.76438912877826
20
143.13274066548135
10
77.76438912877826
20
137.13274066548135
10
76.46438912877827
20
137.13274066548135
97
1
330

75
0
76
1
47
0.4128176842155181
98
1
10
34.90568961886538
20
22.81183545379326
450
0
451
0
460
0
461
0
452
1
462
1
453
2
463
0
63
5
421
255
463
1
63
7
421
16777215
470
LINEAR
1001
ACAD
1010
0
1020
0
1030
0
0
HATCH
5
7c5
100
AcDbEntity
8
TopLayer
100
AcDbHatch
10
0
20
0
30
0
210
0
220
0
230
1
2
SOLID
70
1
71
0
91
1
92
7
72
0
73
1
93
4
10
76.46438912877827
20
143.13274066548135
10
77.76438912877826
20
143.13274066548135
10
77.76438912877826
20
137.13274066548135
10
76.46438912877827
20
137.13274066548135
97
1
330

75
0
76
1
47
0.4128176842155181
98
1
10
34.90568961886538
20
22.81183545379326
450
0
451
0
460
0
461
0
452
1
462
1
453
2
463
0
63
5
421
255
463
1
63
7
421
16777215
470
LINEAR
1001
ACAD
1010
0
1020
0
1030
0
0
HATCH
5
7c8
100
AcDbEntity
8
TopSolderMaskLayer
100
AcDbHatch
10
0
20
0
30
0
210
0
220
0
230
1
2
SOLID
70
1
71
0
91
1
92
7
72
0
73
1
93
4
10
73.89913590199392
20
143.15813985606468
10
75.2499360035941
20
143.15813985606468
10
75.2499360035941
20
137.1073397544645
10
73.89913590199392
20
137.1073397544645
97
1
330

75
0
76
1
47
0.4128176842155181
98
1
10
34.90568961886538
20
22.81183545379326
450
0
451
0
460
0
461
0
452
1
462
1
453
2
463
0
63
5
421
255
463
1
63
7
421
16777215
470
LINEAR
1001
ACAD
1010
0
1020
0
1030
0
0
HATCH
5
7cb
100
AcDbEntity
8
TopPasteMaskLayer
100
AcDbHatch
10
0
20
0
30
0
210
0
220
0
230
1
2
SOLID
70
1
71
0
91
1
92
7
72
0
73
1
93
4
10
73.92453644907292
20
143.13274066548135
10
75.2245364490729
20
143.13274066548135
10
75.2245364490729
20
137.13274066548135
10
73.92453644907292
20
137.13274066548135
97
1
330

75
0
76
1
47
0.4128176842155181
98
1
10
34.90568961886538
20
22.81183545379326
450
0
451
0
460
0
461
0
452
1
462
1
453
2
463
0
63
5
421
255
463
1
63
7
421
16777215
470
LINEAR
1001
ACAD
1010
0
1020
0
1030
0
0
HATCH
5
7ce
100
AcDbEntity
8
TopLayer
100
AcDbHatch
10
0
20
0
30
0
210
0
220
0
230
1
2
SOLID
70
1
71
0
91
1
92
7
72
0
73
1
93
4
10
73.92453644907292
20
143.13274066548135
10
75.2245364490729
20
143.13274066548135
10
75.2245364490729
20
137.13274066548135
10
73.92453644907292
20
137.13274066548135
97
1
330

75
0
76
1
47
0.4128176842155181
98
1
10
34.90568961886538
20
22.81183545379326
450
0
451
0
460
0
461
0
452
1
462
1
453
2
463
0
63
5
421
255
463
1
63
7
421
16777215
470
LINEAR
1001
ACAD
1010
0
1020
0
1030
0
0
HATCH
5
7d1
100
AcDbEntity
8
TopSolderMaskLayer
100
AcDbHatch
10
0
20
0
30
0
210
0
220
0
230
1
2
SOLID
70
1
71
0
91
1
92
7
72
0
73
1
93
4
10
71.3590087845188
20
143.15813985606468
10
72.70980888611903
20
143.15813985606468
10
72.70980888611903
20
137.1073397544645
10
71.3590087845188
20
137.1073397544645
97
1
330

75
0
76
1
47
0.4128176842155181
98
1
10
34.90568961886538
20
22.81183545379326
450
0
451
0
460
0
461
0
452
1
462
1
453
2
463
0
63
5
421
255
463
1
63
7
421
16777215
470
LINEAR
1001
ACAD
1010
0
1020
0
1030
0
0
HATCH
5
7d4
100
AcDbEntity
8
TopPasteMaskLayer
100
AcDbHatch
10
0
20
0
30
0
210
0
220
0
230
1
2
SOLID
70
1
71
0
91
1
92
7
72
0
73
1
93
4
10
71.38440436880875
20
143.13274066548135
10
72.68440436880874
20
143.13274066548135
10
72.68440436880874
20
137.13274066548135
10
71.38440436880875
20
137.13274066548135
97
1
330

75
0
76
1
47
0.4128176842155181
98
1
10
34.90568961886538
20
22.81183545379326
450
0
451
0
460
0
461
0
452
1
462
1
453
2
463
0
63
5
421
255
463
1
63
7
421
16777215
470
LINEAR
1001
ACAD
1010
0
1020
0
1030
0
0
HATCH
5
7d7
100
AcDbEntity
8
TopLayer
100
AcDbHatch
10
0
20
0
30
0
210
0
220
0
230
1
2
SOLID
70
1
71
0
91
1
92
7
72
0
73
1
93
4
10
71.38440436880875
20
143.13274066548135
10
72.68440436880874
20
143.13274066548135
10
72.68440436880874
20
137.13274066548135
10
71.38440436880875
20
137.13274066548135
97
1
330

75
0
76
1
47
0.4128176842155181
98
1
10
34.90568961886538
20
22.81183545379326
450
0
451
0
460
0
461
0
452
1
462
1
453
2
463
0
63
5
421
255
463
1
63
7
421
16777215
470
LINEAR
1001
ACAD
1010
0
1020
0
1030
0
0
HATCH
5
7da
100
AcDbEntity
8
TopSolderMaskLayer
100
AcDbHatch
10
0
20
0
30
0
210
0
220
0
230
1
2
SOLID
70
1
71
0
91
1
92
7
72
0
73
1
93
4
10
110.39172345441466
20
139.3692155685387
10
108.8408970925469
20
139.3692155685387
10
108.8408970925469
20
142.4200156701389
10
110.39172345441466
20
142.4200156701389
97
1
330

75
0
76
1
47
0.4128176842155181
98
1
10
34.90568961886538
20
22.81183545379326
450
0
451
0
460
0
461
0
452
1
462
1
453
2
463
0
63
5
421
255
463
1
63
7
421
16777215
470
LINEAR
1001
ACAD
1010
0
1020
0
1030
0
0
HATCH
5
7dd
100
AcDbEntity
8
TopPasteMaskLayer
100
AcDbHatch
10
0
20
0
30
0
210
0
220
0
230
1
2
SOLID
70
1
71
0
91
1
92
7
72
0
73
1
93
4
10
110.36631953263908
20
139.3946151892304
10
108.86629413258828
20
139.3946151892304
10
108.86629413258828
20
142.39461518923042
10
110.36631953263908
20
142.39461518923042
97
1
330

75
0
76
1
47
0.4128176842155181
98
1
10
34.90568961886538
20
22.81183545379326
450
0
451
0
460
0
461
0
452
1
462
1
453
2
463
0
63
5
421
255
463
1
63
7
421
16777215
470
LINEAR
1001
ACAD
1010
0
1020
0
1030
0
0
HATCH
5
7e0
100
AcDbEntity
8
TopLayer
100
AcDbHatch
10
0
20
0
30
0
210
0
220
0
230
1
2
SOLID
70
1
71
0
91
1
92
7
72
0
73
1
93
4
10
110.36631953263908
20
139.3946151892304
10
108.86629413258828
20
139.3946151892304
10
108.86629413258828
20
142.39461518923042
10
110.36631953263908
20
142.39461518923042
97
1
330

75
0
76
1
47
0.4128176842155181
98
1
10
34.90568961886538
20
22.81183545379326
450
0
451
0
460
0
461
0
452
1
462
1
453
2
463
0
63
5
421
255
463
1
63
7
421
16777215
470
LINEAR
1001
ACAD
1010
0
1020
0
1030
0
0
HATCH
5
7e3
100
AcDbEntity
8
TopSolderMaskLayer
100
AcDbHatch
10
0
20
0
30
0
210
0
220
0
230
1
2
SOLID
70
1
71
0
91
1
92
7
72
0
73
1
93
4
10
96.39172345441466
20
139.3692155685387
10
94.8408970925469
20
139.3692155685387
10
94.8408970925469
20
142.4200156701389
10
96.39172345441466
20
142.4200156701389
97
1
330

75
0
76
1
47
0.4128176842155181
98
1
10
34.90568961886538
20
22.81183545379326
450
0
451
0
460
0
461
0
452
1
462
1
453
2
463
0
63
5
421
255
463
1
63
7
421
16777215
470
LINEAR
1001
ACAD
1010
0
1020
0
1030
0
0
HATCH
5
7e6
100
AcDbEntity
8
TopPasteMaskLayer
100
AcDbHatch
10
0
20
0
30
0
210
0
220
0
230
1
2
SOLID
70
1
71
0
91
1
92
7
72
0
73
1
93
4
10
96.36631953263908
20
139.3946151892304
10
94.86629413258828
20
139.3946151892304
10
94.86629413258828
20
142.39461518923042
10
96.36631953263908
20
142.39461518923042
97
1
330

75
0
76
1
47
0.4128176842155181
98
1
10
34.90568961886538
20
22.81183545379326
450
0
451
0
460
0
461
0
452
1
462
1
453
2
463
0
63
5
421
255
463
1
63
7
421
16777215
470
LINEAR
1001
ACAD
1010
0
1020
0
1030
0
0
HATCH
5
7e9
100
AcDbEntity
8
TopLayer
100
AcDbHatch
10
0
20
0
30
0
210
0
220
0
230
1
2
SOLID
70
1
71
0
91
1
92
7
72
0
73
1
93
4
10
96.36631953263908
20
139.3946151892304
10
94.86629413258828
20
139.3946151892304
10
94.86629413258828
20
142.39461518923042
10
96.36631953263908
20
142.39461518923042
97
1
330

75
0
76
1
47
0.4128176842155181
98
1
10
34.90568961886538
20
22.81183545379326
450
0
451
0
460
0
461
0
452
1
462
1
453
2
463
0
63
5
421
255
463
1
63
7
421
16777215
470
LINEAR
1001
ACAD
1010
0
1020
0
1030
0
0
HATCH
5
7ec
100
AcDbEntity
8
TopSolderMaskLayer
100
AcDbHatch
10
0
20
0
30
0
210
0
220
0
230
1
2
SOLID
70
1
71
0
91
1
92
7
72
0
73
1
93
4
10
99.48163725210826
20
134.7692159986471
10
98.13083715050807
20
134.7692159986471
10
98.13083715050807
20
140.82001610024727
10
99.48163725210826
20
140.82001610024727
97
1
330

75
0
76
1
47
0.4128176842155181
98
1
10
34.90568961886538
20
22.81183545379326
450
0
451
0
460
0
461
0
452
1
462
1
453
2
463
0
63
5
421
255
463
1
63
7
421
16777215
470
LINEAR
1001
ACAD
1010
0
1020
0
1030
0
0
HATCH
5
7ef
100
AcDbEntity
8
TopPasteMaskLayer
100
AcDbHatch
10
0
20
0
30
0
210
0
220
0
230
1
2
SOLID
70
1
71
0
91
1
92
7
72
0
73
1
93
4
10
99.45623571247143
20
134.7946151892304
10
98.15623571247144
20
134.7946151892304
10
98.15623571247144
20
140.7946151892304
10
99.45623571247143
20
140.7946151892304
97
1
330

75
0
76
1
47
0.4128176842155181
98
1
10
34.90568961886538
20
22.81183545379326
450
0
451
0
460
0
461
0
452
1
462
1
453
2
463
0
63
5
421
255
463
1
63
7
421
16777215
470
LINEAR
1001
ACAD
1010
0
1020
0
1030
0
0
HATCH
5
7f2
100
AcDbEntity
8
TopLayer
100
AcDbHatch
10
0
20
0
30
0
210
0
220
0
230
1
2
SOLID
70
1
71
0
91
1
92
7
72
0
73
1
93
4
10
99.45623571247143
20
134.7946151892304
10
98.15623571247144
20
134.7946151892304
10
98.15623571247144
20
140.7946151892304
10
99.45623571247143
20
140.7946151892304
97
1
330

75
0
76
1
47
0.4128176842155181
98
1
10
34.90568961886538
20
22.81183545379326
450
0
451
0
460
0
461
0
452
1
462
1
453
2
463
0
63
5
421
255
463
1
63
7
421
16777215
470
LINEAR
1001
ACAD
1010
0
1020
0
1030
0
0
HATCH
5
7f5
100
AcDbEntity
8
TopSolderMaskLayer
100
AcDbHatch
10
0
20
0
30
0
210
0
220
0
230
1
2
SOLID
70
1
71
0
91
1
92
7
72
0
73
1
93
4
10
102.02176436958335
20
134.7692159986471
10
100.67096426798314
20
134.7692159986471
10
100.67096426798314
20
140.82001610024727
10
102.02176436958335
20
140.82001610024727
97
1
330

75
0
76
1
47
0.4128176842155181
98
1
10
34.90568961886538
20
22.81183545379326
450
0
451
0
460
0
461
0
452
1
462
1
453
2
463
0
63
5
421
255
463
1
63
7
421
16777215
470
LINEAR
1001
ACAD
1010
0
1020
0
1030
0
0
HATCH
5
7f8
100
AcDbEntity
8
TopPasteMaskLayer
100
AcDbHatch
10
0
20
0
30
0
210
0
220
0
230
1
2
SOLID
70
1
71
0
91
1
92
7
72
0
73
1
93
4
10
101.9963677927356
20
134.7946151892304
10
100.6963677927356
20
134.7946151892304
10
100.6963677927356
20
140.7946151892304
10
101.9963677927356
20
140.7946151892304
97
1
330

75
0
76
1
47
0.4128176842155181
98
1
10
34.90568961886538
20
22.81183545379326
450
0
451
0
460
0
461
0
452
1
462
1
453
2
463
0
63
5
421
255
463
1
63
7
421
16777215
470
LINEAR
1001
ACAD
1010
0
1020
0
1030
0
0
HATCH
5
7fb
100
AcDbEntity
8
TopLayer
100
AcDbHatch
10
0
20
0
30
0
210
0
220
0
230
1
2
SOLID
70
1
71
0
91
1
92
7
72
0
73
1
93
4
10
101.9963677927356
20
134.7946151892304
10
100.6963677927356
20
134.7946151892304
10
100.6963677927356
20
140.7946151892304
10
101.9963677927356
20
140.7946151892304
97
1
330

75
0
76
1
47
0.4128176842155181
98
1
10
34.90568961886538
20
22.81183545379326
450
0
451
0
460
0
461
0
452
1
462
1
453
2
463
0
63
5
421
255
463
1
63
7
421
16777215
470
LINEAR
1001
ACAD
1010
0
1020
0
1030
0
0
HATCH
5
7fe
100
AcDbEntity
8
TopSolderMaskLayer
100
AcDbHatch
10
0
20
0
30
0
210
0
220
0
230
1
2
SOLID
70
1
71
0
91
1
92
7
72
0
73
1
93
4
10
104.56162101951996
20
134.7692159986471
10
103.21082091791976
20
134.7692159986471
10
103.21082091791976
20
140.82001610024727
10
104.56162101951996
20
140.82001610024727
97
1
330

75
0
76
1
47
0.4128176842155181
98
1
10
34.90568961886538
20
22.81183545379326
450
0
451
0
460
0
461
0
452
1
462
1
453
2
463
0
63
5
421
255
463
1
63
7
421
16777215
470
LINEAR
1001
ACAD
1010
0
1020
0
1030
0
0
HATCH
5
801
100
AcDbEntity
8
TopPasteMaskLayer
100
AcDbHatch
10
0
20
0
30
0
210
0
220
0
230
1
2
SOLID
70
1
71
0
91
1
92
7
72
0
73
1
93
4
10
104.53622047244096
20
134.7946151892304
10
103.23622047244095
20
134.7946151892304
10
103.23622047244095
20
140.7946151892304
10
104.53622047244096
20
140.7946151892304
97
1
330

75
0
76
1
47
0.4128176842155181
98
1
10
34.90568961886538
20
22.81183545379326
450
0
451
0
460
0
461
0
452
1
462
1
453
2
463
0
63
5
421
255
463
1
63
7
421
16777215
470
LINEAR
1001
ACAD
1010
0
1020
0
1030
0
0
HATCH
5
804
100
AcDbEntity
8
TopLayer
100
AcDbHatch
10
0
20
0
30
0
210
0
220
0
230
1
2
SOLID
70
1
71
0
91
1
92
7
72
0
73
1
93
4
10
104.53622047244096
20
134.7946151892304
10
103.23622047244095
20
134.7946151892304
10
103.23622047244095
20
140.7946151892304
10
104.53622047244096
20
140.7946151892304
97
1
330

75
0
76
1
47
0.4128176842155181
98
1
10
34.90568961886538
20
22.81183545379326
450
0
451
0
460
0
461
0
452
1
462
1
453
2
463
0
63
5
421
255
463
1
63
7
421
16777215
470
LINEAR
1001
ACAD
1010
0
1020
0
1030
0
0
HATCH
5
807
100
AcDbEntity
8
TopSolderMaskLayer
100
AcDbHatch
10
0
20
0
30
0
210
0
220
0
230
1
2
SOLID
70
1
71
0
91
1
92
7
72
0
73
1
93
4
10
107.10174813699506
20
134.7692159986471
10
105.75094803539484
20
134.7692159986471
10
105.75094803539484
20
140.82001610024727
10
107.10174813699506
20
140.82001610024727
97
1
330

75
0
76
1
47
0.4128176842155181
98
1
10
34.90568961886538
20
22.81183545379326
450
0
451
0
460
0
461
0
452
1
462
1
453
2
463
0
63
5
421
255
463
1
63
7
421
16777215
470
LINEAR
1001
ACAD
1010
0
1020
0
1030
0
0
HATCH
5
80a
100
AcDbEntity
8
TopPasteMaskLayer
100
AcDbHatch
10
0
20
0
30
0
210
0
220
0
230
1
2
SOLID
70
1
71
0
91
1
92
7
72
0
73
1
93
4
10
107.07635255270512
20
134.7946151892304
10
105.77635255270512
20
134.7946151892304
10
105.77635255270512
20
140.7946151892304
10
107.07635255270512
20
140.7946151892304
97
1
330

75
0
76
1
47
0.4128176842155181
98
1
10
34.90568961886538
20
22.81183545379326
450
0
451
0
460
0
461
0
452
1
462
1
453
2
463
0
63
5
421
255
463
1
63
7
421
16777215
470
LINEAR
1001
ACAD
1010
0
1020
0
1030
0
0
HATCH
5
80d
100
AcDbEntity
8
TopLayer
100
AcDbHatch
10
0
20
0
30
0
210
0
220
0
230
1
2
SOLID
70
1
71
0
91
1
92
7
72
0
73
1
93
4
10
107.07635255270512
20
134.7946151892304
10
105.77635255270512
20
134.7946151892304
10
105.77635255270512
20
140.7946151892304
10
107.07635255270512
20
140.7946151892304
97
1
330

75
0
76
1
47
0.4128176842155181
98
1
10
34.90568961886538
20
22.81183545379326
450
0
451
0
460
0
461
0
452
1
462
1
453
2
463
0
63
5
421
255
463
1
63
7
421
16777215
470
LINEAR
1001
ACAD
1010
0
1020
0
1030
0
0
HATCH
5
810
100
AcDbEntity
8
TopSolderMaskLayer
100
AcDbHatch
10
0
20
0
30
0
210
0
220
0
230
1
2
SOLID
70
1
71
0
91
1
92
7
72
0
73
1
93
4
10
101.4955003200329
20
59.46238209465667
10
103.04632668190068
20
59.46238209465667
10
103.04632668190068
20
56.411581993056465
10
101.4955003200329
20
56.411581993056465
97
1
330

75
0
76
1
47
0.4128176842155181
98
1
10
34.90568961886538
20
22.81183545379326
450
0
451
0
460
0
461
0
452
1
462
1
453
2
463
0
63
5
421
255
463
1
63
7
421
16777215
470
LINEAR
1001
ACAD
1010
0
1020
0
1030
0
0
HATCH
5
813
100
AcDbEntity
8
TopPasteMaskLayer
100
AcDbHatch
10
0
20
0
30
0
210
0
220
0
230
1
2
SOLID
70
1
71
0
91
1
92
7
72
0
73
1
93
4
10
101.5209042418085
20
59.43698247396495
10
103.0209296418593
20
59.43698247396495
10
103.0209296418593
20
56.43698247396495
10
101.5209042418085
20
56.43698247396495
97
1
330

75
0
76
1
47
0.4128176842155181
98
1
10
34.90568961886538
20
22.81183545379326
450
0
451
0
460
0
461
0
452
1
462
1
453
2
463
0
63
5
421
255
463
1
63
7
421
16777215
470
LINEAR
1001
ACAD
1010
0
1020
0
1030
0
0
HATCH
5
816
100
AcDbEntity
8
TopLayer
100
AcDbHatch
10
0
20
0
30
0
210
0
220
0
230
1
2
SOLID
70
1
71
0
91
1
92
7
72
0
73
1
93
4
10
101.5209042418085
20
59.43698247396495
10
103.0209296418593
20
59.43698247396495
10
103.0209296418593
20
56.43698247396495
10
101.5209042418085
20
56.43698247396495
97
1
330

75
0
76
1
47
0.4128176842155181
98
1
10
34.90568961886538
20
22.81183545379326
450
0
451
0
460
0
461
0
452
1
462
1
453
2
463
0
63
5
421
255
463
1
63
7
421
16777215
470
LINEAR
1001
ACAD
1010
0
1020
0
1030
0
0
HATCH
5
819
100
AcDbEntity
8
TopSolderMaskLayer
100
AcDbHatch
10
0
20
0
30
0
210
0
220
0
230
1
2
SOLID
70
1
71
0
91
1
92
7
72
0
73
1
93
4
10
115.4955003200329
20
59.46238209465667
10
117.0463266819007
20
59.46238209465667
10
117.0463266819007
20
56.411581993056465
10
115.4955003200329
20
56.411581993056465
97
1
330

75
0
76
1
47
0.4128176842155181
98
1
10
34.90568961886538
20
22.81183545379326
450
0
451
0
460
0
461
0
452
1
462
1
453
2
463
0
63
5
421
255
463
1
63
7
421
16777215
470
LINEAR
1001
ACAD
1010
0
1020
0
1030
0
0
HATCH
5
81c
100
AcDbEntity
8
TopPasteMaskLayer
100
AcDbHatch
10
0
20
0
30
0
210
0
220
0
230
1
2
SOLID
70
1
71
0
91
1
92
7
72
0
73
1
93
4
10
115.5209042418085
20
59.43698247396495
10
117.02092964185931
20
59.43698247396495
10
117.02092964185931
20
56.43698247396495
10
115.5209042418085
20
56.43698247396495
97
1
330

75
0
76
1
47
0.4128176842155181
98
1
10
34.90568961886538
20
22.81183545379326
450
0
451
0
460
0
461
0
452
1
462
1
453
2
463
0
63
5
421
255
463
1
63
7
421
16777215
470
LINEAR
1001
ACAD
1010
0
1020
0
1030
0
0
HATCH
5
81f
100
AcDbEntity
8
TopLayer
100
AcDbHatch
10
0
20
0
30
0
210
0
220
0
230
1
2
SOLID
70
1
71
0
91
1
92
7
72
0
73
1
93
4
10
115.5209042418085
20
59.43698247396495
10
117.02092964185931
20
59.43698247396495
10
117.02092964185931
20
56.43698247396495
10
115.5209042418085
20
56.43698247396495
97
1
330

75
0
76
1
47
0.4128176842155181
98
1
10
34.90568961886538
20
22.81183545379326
450
0
451
0
460
0
461
0
452
1
462
1
453
2
463
0
63
5
421
255
463
1
63
7
421
16777215
470
LINEAR
1001
ACAD
1010
0
1020
0
1030
0
0
HATCH
5
822
100
AcDbEntity
8
TopSolderMaskLayer
100
AcDbHatch
10
0
20
0
30
0
210
0
220
0
230
1
2
SOLID
70
1
71
0
91
1
92
7
72
0
73
1
93
4
10
112.40558652233932
20
64.06238166454828
10
113.7563866239395
20
64.06238166454828
10
113.7563866239395
20
58.01158156294808
10
112.40558652233932
20
58.01158156294808
97
1
330

75
0
76
1
47
0.4128176842155181
98
1
10
34.90568961886538
20
22.81183545379326
450
0
451
0
460
0
461
0
452
1
462
1
453
2
463
0
63
5
421
255
463
1
63
7
421
16777215
470
LINEAR
1001
ACAD
1010
0
1020
0
1030
0
0
HATCH
5
825
100
AcDbEntity
8
TopPasteMaskLayer
100
AcDbHatch
10
0
20
0
30
0
210
0
220
0
230
1
2
SOLID
70
1
71
0
91
1
92
7
72
0
73
1
93
4
10
112.43098806197614
20
64.03698247396495
10
113.73098806197613
20
64.03698247396495
10
113.73098806197613
20
58.036982473964954
10
112.43098806197614
20
58.036982473964954
97
1
330

75
0
76
1
47
0.4128176842155181
98
1
10
34.90568961886538
20
22.81183545379326
450
0
451
0
460
0
461
0
452
1
462
1
453
2
463
0
63
5
421
255
463
1
63
7
421
16777215
470
LINEAR
1001
ACAD
1010
0
1020
0
1030
0
0
HATCH
5
828
100
AcDbEntity
8
TopLayer
100
AcDbHatch
10
0
20
0
30
0
210
0
220
0
230
1
2
SOLID
70
1
71
0
91
1
92
7
72
0
73
1
93
4
10
112.43098806197614
20
64.03698247396495
10
113.73098806197613
20
64.03698247396495
10
113.73098806197613
20
58.036982473964954
10
112.43098806197614
20
58.036982473964954
97
1
330

75
0
76
1
47
0.4128176842155181
98
1
10
34.90568961886538
20
22.81183545379326
450
0
451
0
460
0
461
0
452
1
462
1
453
2
463
0
63
5
421
255
463
1
63
7
421
16777215
470
LINEAR
1001
ACAD
1010
0
1020
0
1030
0
0
HATCH
5
82b
100
AcDbEntity
8
TopSolderMaskLayer
100
AcDbHatch
10
0
20
0
30
0
210
0
220
0
230
1
2
SOLID
70
1
71
0
91
1
92
7
72
0
73
1
93
4
10
109.86545940486424
20
64.06238166454828
10
111.21625950646444
20
64.06238166454828
10
111.21625950646444
20
58.01158156294808
10
109.86545940486424
20
58.01158156294808
97
1
330

75
0
76
1
47
0.4128176842155181
98
1
10
34.90568961886538
20
22.81183545379326
450
0
451
0
460
0
461
0
452
1
462
1
453
2
463
0
63
5
421
255
463
1
63
7
421
16777215
470
LINEAR
1001
ACAD
1010
0
1020
0
1030
0
0
HATCH
5
82e
100
AcDbEntity
8
TopPasteMaskLayer
100
AcDbHatch
10
0
20
0
30
0
210
0
220
0
230
1
2
SOLID
70
1
71
0
91
1
92
7
72
0
73
1
93
4
10
109.89085598171198
20
64.03698247396495
10
111.19085598171198
20
64.03698247396495
10
111.19085598171198
20
58.036982473964954
10
109.89085598171198
20
58.036982473964954
97
1
330

75
0
76
1
47
0.4128176842155181
98
1
10
34.90568961886538
20
22.81183545379326
450
0
451
0
460
0
461
0
452
1
462
1
453
2
463
0
63
5
421
255
463
1
63
7
421
16777215
470
LINEAR
1001
ACAD
1010
0
1020
0
1030
0
0
HATCH
5
831
100
AcDbEntity
8
TopLayer
100
AcDbHatch
10
0
20
0
30
0
210
0
220
0
230
1
2
SOLID
70
1
71
0
91
1
92
7
72
0
73
1
93
4
10
109.89085598171198
20
64.03698247396495
10
111.19085598171198
20
64.03698247396495
10
111.19085598171198
20
58.036982473964954
10
109.89085598171198
20
58.036982473964954
97
1
330

75
0
76
1
47
0.4128176842155181
98
1
10
34.90568961886538
20
22.81183545379326
450
0
451
0
460
0
461
0
452
1
462
1
453
2
463
0
63
5
421
255
463
1
63
7
421
16777215
470
LINEAR
1001
ACAD
1010
0
1020
0
1030
0
0
HATCH
5
834
100
AcDbEntity
8
TopSolderMaskLayer
100
AcDbHatch
10
0
20
0
30
0
210
0
220
0
230
1
2
SOLID
70
1
71
0
91
1
92
7
72
0
73
1
93
4
10
107.32560275492762
20
64.06238166454828
10
108.67640285652782
20
64.06238166454828
10
108.67640285652782
20
58.01158156294808
10
107.32560275492762
20
58.01158156294808
97
1
330

75
0
76
1
47
0.4128176842155181
98
1
10
34.90568961886538
20
22.81183545379326
450
0
451
0
460
0
461
0
452
1
462
1
453
2
463
0
63
5
421
255
463
1
63
7
421
16777215
470
LINEAR
1001
ACAD
1010
0
1020
0
1030
0
0
HATCH
5
837
100
AcDbEntity
8
TopPasteMaskLayer
100
AcDbHatch
10
0
20
0
30
0
210
0
220
0
230
1
2
SOLID
70
1
71
0
91
1
92
7
72
0
73
1
93
4
10
107.35100330200662
20
64.03698247396495
10
108.65100330200661
20
64.03698247396495
10
108.65100330200661
20
58.036982473964954
10
107.35100330200662
20
58.036982473964954
97
1
330

75
0
76
1
47
0.4128176842155181
98
1
10
34.90568961886538
20
22.81183545379326
450
0
451
0
460
0
461
0
452
1
462
1
453
2
463
0
63
5
421
255
463
1
63
7
421
16777215
470
LINEAR
1001
ACAD
1010
0
1020
0
1030
0
0
HATCH
5
83a
100
AcDbEntity
8
TopLayer
100
AcDbHatch
10
0
20
0
30
0
210
0
220
0
230
1
2
SOLID
70
1
71
0
91
1
92
7
72
0
73
1
93
4
10
107.35100330200662
20
64.03698247396495
10
108.65100330200661
20
64.03698247396495
10
108.65100330200661
20
58.036982473964954
10
107.35100330200662
20
58.036982473964954
97
1
330

75
0
76
1
47
0.4128176842155181
98
1
10
34.90568961886538
20
22.81183545379326
450
0
451
0
460
0
461
0
452
1
462
1
453
2
463
0
63
5
421
255
463
1
63
7
421
16777215
470
LINEAR
1001
ACAD
1010
0
1020
0
1030
0
0
HATCH
5
83d
100
AcDbEntity
8
TopSolderMaskLayer
100
AcDbHatch
10
0
20
0
30
0
210
0
220
0
230
1
2
SOLID
70
1
71
0
91
1
92
7
72
0
73
1
93
4
10
104.78547563745252
20
64.06238166454828
10
106.13627573905275
20
64.06238166454828
10
106.13627573905275
20
58.01158156294808
10
104.78547563745252
20
58.01158156294808
97
1
330

75
0
76
1
47
0.4128176842155181
98
1
10
34.90568961886538
20
22.81183545379326
450
0
451
0
460
0
461
0
452
1
462
1
453
2
463
0
63
5
421
255
463
1
63
7
421
16777215
470
LINEAR
1001
ACAD
1010
0
1020
0
1030
0
0
HATCH
5
840
100
AcDbEntity
8
TopPasteMaskLayer
100
AcDbHatch
10
0
20
0
30
0
210
0
220
0
230
1
2
SOLID
70
1
71
0
91
1
92
7
72
0
73
1
93
4
10
104.81087122174246
20
64.03698247396495
10
106.11087122174246
20
64.03698247396495
10
106.11087122174246
20
58.036982473964954
10
104.81087122174246
20
58.036982473964954
97
1
330

75
0
76
1
47
0.4128176842155181
98
1
10
34.90568961886538
20
22.81183545379326
450
0
451
0
460
0
461
0
452
1
462
1
453
2
463
0
63
5
421
255
463
1
63
7
421
16777215
470
LINEAR
1001
ACAD
1010
0
1020
0
1030
0
0
HATCH
5
843
100
AcDbEntity
8
TopLayer
100
AcDbHatch
10
0
20
0
30
0
210
0
220
0
230
1
2
SOLID
70
1
71
0
91
1
92
7
72
0
73
1
93
4
10
104.81087122174246
20
64.03698247396495
10
106.11087122174246
20
64.03698247396495
10
106.11087122174246
20
58.036982473964954
10
104.81087122174246
20
58.036982473964954
97
1
330

75
0
76
1
47
0.4128176842155181
98
1
10
34.90568961886538
20
22.81183545379326
450
0
451
0
460
0
461
0
452
1
462
1
453
2
463
0
63
5
421
255
463
1
63
7
421
16777215
470
LINEAR
1001
ACAD
1010
0
1020
0
1030
0
0
HATCH
5
846
100
AcDbEntity
8
TopSolderMaskLayer
100
AcDbHatch
10
0
20
0
30
0
210
0
220
0
230
1
2
SOLID
70
1
71
0
91
1
92
7
72
0
73
1
93
4
10
95.7375936880906
20
118.44762437840289
10
94.88679358649041
20
118.44762437840289
10
94.88679358649041
20
119.39845131374851
10
95.7375936880906
20
119.39845131374851
97
1
330

75
0
76
1
47
0.4128176842155181
98
1
10
34.90568961886538
20
22.81183545379326
450
0
451
0
460
0
461
0
452
1
462
1
453
2
463
0
63
5
421
255
463
1
63
7
421
16777215
470
LINEAR
1001
ACAD
1010
0
1020
0
1030
0
0
HATCH
5
849
100
AcDbEntity
8
TopPasteMaskLayer
100
AcDbHatch
10
0
20
0
30
0
210
0
220
0
230
1
2
SOLID
70
1
71
0
91
1
92
7
72
0
73
1
93
4
10
95.71219202438405
20
118.4730251460503
10
94.91219202438407
20
118.4730251460503
10
94.91219202438407
20
119.37305054610111
10
95.71219202438405
20
119.37305054610111
97
1
330

75
0
76
1
47
0.4128176842155181
98
1
10
34.90568961886538
20
22.81183545379326
450
0
451
0
460
0
461
0
452
1
462
1
453
2
463
0
63
5
421
255
463
1
63
7
421
16777215
470
LINEAR
1001
ACAD
1010
0
1020
0
1030
0
0
HATCH
5
84c
100
AcDbEntity
8
TopLayer
100
AcDbHatch
10
0
20
0
30
0
210
0
220
0
230
1
2
SOLID
70
1
71
0
91
1
92
7
72
0
73
1
93
4
10
95.71219202438405
20
118.4730251460503
10
94.91219202438407
20
118.4730251460503
10
94.91219202438407
20
119.37305054610111
10
95.71219202438405
20
119.37305054610111
97
1
330

75
0
76
1
47
0.4128176842155181
98
1
10
34.90568961886538
20
22.81183545379326
450
0
451
0
460
0
461
0
452
1
462
1
453
2
463
0
63
5
421
255
463
1
63
7
421
16777215
470
LINEAR
1001
ACAD
1010
0
1020
0
1030
0
0
HATCH
5
84f
100
AcDbEntity
8
TopSolderMaskLayer
100
AcDbHatch
10
0
20
0
30
0
210
0
220
0
230
1
2
SOLID
70
1
71
0
91
1
92
7
72
0
73
1
93
4
10
97.13759046227771
20
118.44762437840289
10
96.28679036067751
20
118.44762437840289
10
96.28679036067751
20
119.39845131374851
10
97.13759046227771
20
119.39845131374851
97
1
330

75
0
76
1
47
0.4128176842155181
98
1
10
34.90568961886538
20
22.81183545379326
450
0
451
0
460
0
461
0
452
1
462
1
453
2
463
0
63
5
421
255
463
1
63
7
421
16777215
470
LINEAR
1001
ACAD
1010
0
1020
0
1030
0
0
HATCH
5
852
100
AcDbEntity
8
TopPasteMaskLayer
100
AcDbHatch
10
0
20
0
30
0
210
0
220
0
230
1
2
SOLID
70
1
71
0
91
1
92
7
72
0
73
1
93
4
10
97.11219202438406
20
118.4730251460503
10
96.31219202438406
20
118.4730251460503
10
96.31219202438406
20
119.37305054610111
10
97.11219202438406
20
119.37305054610111
97
1
330

75
0
76
1
47
0.4128176842155181
98
1
10
34.90568961886538
20
22.81183545379326
450
0
451
0
460
0
461
0
452
1
462
1
453
2
463
0
63
5
421
255
463
1
63
7
421
16777215
470
LINEAR
1001
ACAD
1010
0
1020
0
1030
0
0
HATCH
5
855
100
AcDbEntity
8
TopLayer
100
AcDbHatch
10
0
20
0
30
0
210
0
220
0
230
1
2
SOLID
70
1
71
0
91
1
92
7
72
0
73
1
93
4
10
97.11219202438406
20
118.4730251460503
10
96.31219202438406
20
118.4730251460503
10
96.31219202438406
20
119.37305054610111
10
97.11219202438406
20
119.37305054610111
97
1
330

75
0
76
1
47
0.4128176842155181
98
1
10
34.90568961886538
20
22.81183545379326
450
0
451
0
460
0
461
0
452
1
462
1
453
2
463
0
63
5
421
255
463
1
63
7
421
16777215
470
LINEAR
1001
ACAD
1010
0
1020
0
1030
0
0
HATCH
5
858
100
AcDbEntity
8
TopSolderMaskLayer
100
AcDbHatch
10
0
20
0
30
0
210
0
220
0
230
1
2
SOLID
70
1
71
0
91
1
92
7
72
0
73
1
93
4
10
95.38696885882028
20
117.59144018288039
10
95.38696885882028
20
116.19062738125477
10
93.92616113720483
20
116.19062738125477
10
93.92616113720483
20
117.59144018288039
97
1
330

75
0
76
1
47
0.4128176842155181
98
1
10
34.90568961886538
20
22.81183545379326
450
0
451
0
460
0
461
0
452
1
462
1
453
2
463
0
63
5
421
255
463
1
63
7
421
16777215
470
LINEAR
1001
ACAD
1010
0
1020
0
1030
0
0
HATCH
5
85b
100
AcDbEntity
8
TopLayer
100
AcDbHatch
10
0
20
0
30
0
210
0
220
0
230
1
2
SOLID
70
1
71
0
91
1
92
7
72
0
73
1
93
4
10
95.36156972313945
20
117.56604013208029
10
95.36156972313945
20
116.21602743205489
10
93.95156210312422
20
116.21602743205489
10
93.95156210312422
20
117.56604013208029
97
1
330

75
0
76
1
47
0.4128176842155181
98
1
10
34.90568961886538
20
22.81183545379326
450
0
451
0
460
0
461
0
452
1
462
1
453
2
463
0
63
5
421
255
463
1
63
7
421
16777215
470
LINEAR
1001
ACAD
1010
0
1020
0
1030
0
0
HATCH
5
85e
100
AcDbEntity
8
TopSolderMaskLayer
100
AcDbHatch
10
0
20
0
30
0
210
0
220
0
230
1
2
SOLID
70
1
71
0
91
1
92
7
72
0
73
1
93
4
10
95.926213767545
20
117.59144018288039
10
95.926213767545
20
116.19062738125477
10
97.38702148916045
20
116.19062738125477
10
97.38702148916045
20
117.59144018288039
97
1
330

75
0
76
1
47
0.4128176842155181
98
1
10
34.90568961886538
20
22.81183545379326
450
0
451
0
460
0
461
0
452
1
462
1
453
2
463
0
63
5
421
255
463
1
63
7
421
16777215
470
LINEAR
1001
ACAD
1010
0
1020
0
1030
0
0
HATCH
5
861
100
AcDbEntity
8
TopLayer
100
AcDbHatch
10
0
20
0
30
0
210
0
220
0
230
1
2
SOLID
70
1
71
0
91
1
92
7
72
0
73
1
93
4
10
95.95161290322582
20
117.56604013208029
10
95.95161290322582
20
116.21602743205489
10
97.36162052324106
20
116.21602743205489
10
97.36162052324106
20
117.56604013208029
97
1
330

75
0
76
1
47
0.4128176842155181
98
1
10
34.90568961886538
20
22.81183545379326
450
0
451
0
460
0
461
0
452
1
462
1
453
2
463
0
63
5
421
255
463
1
63
7
421
16777215
470
LINEAR
1001
ACAD
1010
0
1020
0
1030
0
0
HATCH
5
864
100
AcDbEntity
8
TopSolderMaskLayer
100
AcDbHatch
10
0
20
0
30
0
210
0
220
0
230
1
2
SOLID
70
1
71
0
91
1
92
7
72
0
73
1
93
4
10
118.74043526796733
20
76.523165563177
10
119.59123536956753
20
76.523165563177
10
119.59123536956753
20
75.5723386278314
10
118.74043526796733
20
75.5723386278314
97
1
330

75
0
76
1
47
0.4128176842155181
98
1
10
34.90568961886538
20
22.81183545379326
450
0
451
0
460
0
461
0
452
1
462
1
453
2
463
0
63
5
421
255
463
1
63
7
421
16777215
470
LINEAR
1001
ACAD
1010
0
1020
0
1030
0
0
HATCH
5
867
100
AcDbEntity
8
TopPasteMaskLayer
100
AcDbHatch
10
0
20
0
30
0
210
0
220
0
230
1
2
SOLID
70
1
71
0
91
1
92
7
72
0
73
1
93
4
10
118.76583693167387
20
76.49776479552959
10
119.56583693167389
20
76.49776479552959
10
119.56583693167389
20
75.59773939547881
10
118.76583693167387
20
75.59773939547881
97
1
330

75
0
76
1
47
0.4128176842155181
98
1
10
34.90568961886538
20
22.81183545379326
450
0
451
0
460
0
461
0
452
1
462
1
453
2
463
0
63
5
421
255
463
1
63
7
421
16777215
470
LINEAR
1001
ACAD
1010
0
1020
0
1030
0
0
HATCH
5
86a
100
AcDbEntity
8
TopLayer
100
AcDbHatch
10
0
20
0
30
0
210
0
220
0
230
1
2
SOLID
70
1
71
0
91
1
92
7
72
0
73
1
93
4
10
118.76583693167387
20
76.49776479552959
10
119.56583693167389
20
76.49776479552959
10
119.56583693167389
20
75.59773939547881
10
118.76583693167387
20
75.59773939547881
97
1
330

75
0
76
1
47
0.4128176842155181
98
1
10
34.90568961886538
20
22.81183545379326
450
0
451
0
460
0
461
0
452
1
462
1
453
2
463
0
63
5
421
255
463
1
63
7
421
16777215
470
LINEAR
1001
ACAD
1010
0
1020
0
1030
0
0
HATCH
5
86d
100
AcDbEntity
8
TopSolderMaskLayer
100
AcDbHatch
10
0
20
0
30
0
210
0
220
0
230
1
2
SOLID
70
1
71
0
91
1
92
7
72
0
73
1
93
4
10
117.34043849378023
20
76.523165563177
10
118.19123859538043
20
76.523165563177
10
118.19123859538043
20
75.5723386278314
10
117.34043849378023
20
75.5723386278314
97
1
330

75
0
76
1
47
0.4128176842155181
98
1
10
34.90568961886538
20
22.81183545379326
450
0
451
0
460
0
461
0
452
1
462
1
453
2
463
0
63
5
421
255
463
1
63
7
421
16777215
470
LINEAR
1001
ACAD
1010
0
1020
0
1030
0
0
HATCH
5
870
100
AcDbEntity
8
TopPasteMaskLayer
100
AcDbHatch
10
0
20
0
30
0
210
0
220
0
230
1
2
SOLID
70
1
71
0
91
1
92
7
72
0
73
1
93
4
10
117.36583693167388
20
76.49776479552959
10
118.16583693167388
20
76.49776479552959
10
118.16583693167388
20
75.59773939547881
10
117.36583693167388
20
75.59773939547881
97
1
330

75
0
76
1
47
0.4128176842155181
98
1
10
34.90568961886538
20
22.81183545379326
450
0
451
0
460
0
461
0
452
1
462
1
453
2
463
0
63
5
421
255
463
1
63
7
421
16777215
470
LINEAR
1001
ACAD
1010
0
1020
0
1030
0
0
HATCH
5
873
100
AcDbEntity
8
TopLayer
100
AcDbHatch
10
0
20
0
30
0
210
0
220
0
230
1
2
SOLID
70
1
71
0
91
1
92
7
72
0
73
1
93
4
10
117.36583693167388
20
76.49776479552959
10
118.16583693167388
20
76.49776479552959
10
118.16583693167388
20
75.59773939547881
10
117.36583693167388
20
75.59773939547881
97
1
330

75
0
76
1
47
0.4128176842155181
98
1
10
34.90568961886538
20
22.81183545379326
450
0
451
0
460
0
461
0
452
1
462
1
453
2
463
0
63
5
421
255
463
1
63
7
421
16777215
470
LINEAR
1001
ACAD
1010
0
1020
0
1030
0
0
HATCH
5
876
100
AcDbEntity
8
TopSolderMaskLayer
100
AcDbHatch
10
0
20
0
30
0
210
0
220
0
230
1
2
SOLID
70
1
71
0
91
1
92
7
72
0
73
1
93
4
10
113.40002781186783
20
74.81358902717807
10
114.52083045347311
20
74.81358902717807
10
114.52083045347311
20
74.16278892557784
10
113.40002781186783
20
74.16278892557784
97
1
330

75
0
76
1
47
0.4128176842155181
98
1
10
34.90568961886538
20
22.81183545379326
450
0
451
0
460
0
461
0
452
1
462
1
453
2
463
0
63
5
421
255
463
1
63
7
421
16777215
470
LINEAR
1001
ACAD
1010
0
1020
0
1030
0
0
HATCH
5
879
100
AcDbEntity
8
TopPasteMaskLayer
100
AcDbHatch
10
0
20
0
30
0
210
0
220
0
230
1
2
SOLID
70
1
71
0
91
1
92
7
72
0
73
1
93
4
10
113.42542545085092
20
74.78818897637797
10
114.495427990856
20
74.78818897637797
10
114.495427990856
20
74.18818897637796
10
113.42542545085092
20
74.18818897637796
97
1
330

75
0
76
1
47
0.4128176842155181
98
1
10
34.90568961886538
20
22.81183545379326
450
0
451
0
460
0
461
0
452
1
462
1
453
2
463
0
63
5
421
255
463
1
63
7
421
16777215
470
LINEAR
1001
ACAD
1010
0
1020
0
1030
0
0
HATCH
5
87c
100
AcDbEntity
8
TopLayer
100
AcDbHatch
10
0
20
0
30
0
210
0
220
0
230
1
2
SOLID
70
1
71
0
91
1
92
7
72
0
73
1
93
4
10
113.42542545085092
20
74.78818897637797
10
114.495427990856
20
74.78818897637797
10
114.495427990856
20
74.18818897637796
10
113.42542545085092
20
74.18818897637796
97
1
330

75
0
76
1
47
0.4128176842155181
98
1
10
34.90568961886538
20
22.81183545379326
450
0
451
0
460
0
461
0
452
1
462
1
453
2
463
0
63
5
421
255
463
1
63
7
421
16777215
470
LINEAR
1001
ACAD
1010
0
1020
0
1030
0
0
HATCH
5
87f
100
AcDbEntity
8
TopSolderMaskLayer
100
AcDbHatch
10
0
20
0
30
0
210
0
220
0
230
1
2
SOLID
70
1
71
0
91
1
92
7
72
0
73
1
93
4
10
113.40002781186783
20
76.71351282702568
10
114.52083045347311
20
76.71351282702568
10
114.52083045347311
20
76.06271272542546
10
113.40002781186783
20
76.06271272542546
97
1
330

75
0
76
1
47
0.4128176842155181
98
1
10
34.90568961886538
20
22.81183545379326
450
0
451
0
460
0
461
0
452
1
462
1
453
2
463
0
63
5
421
255
463
1
63
7
421
16777215
470
LINEAR
1001
ACAD
1010
0
1020
0
1030
0
0
HATCH
5
882
100
AcDbEntity
8
TopPasteMaskLayer
100
AcDbHatch
10
0
20
0
30
0
210
0
220
0
230
1
2
SOLID
70
1
71
0
91
1
92
7
72
0
73
1
93
4
10
113.42542545085092
20
76.68811277622557
10
114.495427990856
20
76.68811277622557
10
114.495427990856
20
76.08811277622556
10
113.42542545085092
20
76.08811277622556
97
1
330

75
0
76
1
47
0.4128176842155181
98
1
10
34.90568961886538
20
22.81183545379326
450
0
451
0
460
0
461
0
452
1
462
1
453
2
463
0
63
5
421
255
463
1
63
7
421
16777215
470
LINEAR
1001
ACAD
1010
0
1020
0
1030
0
0
HATCH
5
885
100
AcDbEntity
8
TopLayer
100
AcDbHatch
10
0
20
0
30
0
210
0
220
0
230
1
2
SOLID
70
1
71
0
91
1
92
7
72
0
73
1
93
4
10
113.42542545085092
20
76.68811277622557
10
114.495427990856
20
76.68811277622557
10
114.495427990856
20
76.08811277622556
10
113.42542545085092
20
76.08811277622556
97
1
330

75
0
76
1
47
0.4128176842155181
98
1
10
34.90568961886538
20
22.81183545379326
450
0
451
0
460
0
461
0
452
1
462
1
453
2
463
0
63
5
421
255
463
1
63
7
421
16777215
470
LINEAR
1001
ACAD
1010
0
1020
0
1030
0
0
HATCH
5
888
100
AcDbEntity
8
TopSolderMaskLayer
100
AcDbHatch
10
0
20
0
30
0
210
0
220
0
230
1
2
SOLID
70
1
71
0
91
1
92
7
72
0
73
1
93
4
10
110.93002044822873
20
75.76355092710187
10
112.05082308983401
20
75.76355092710187
10
112.05082308983401
20
75.11275082550165
10
110.93002044822873
20
75.11275082550165
97
1
330

75
0
76
1
47
0.4128176842155181
98
1
10
34.90568961886538
20
22.81183545379326
450
0
451
0
460
0
461
0
452
1
462
1
453
2
463
0
63
5
421
255
463
1
63
7
421
16777215
470
LINEAR
1001
ACAD
1010
0
1020
0
1030
0
0
HATCH
5
88b
100
AcDbEntity
8
TopPasteMaskLayer
100
AcDbHatch
10
0
20
0
30
0
210
0
220
0
230
1
2
SOLID
70
1
71
0
91
1
92
7
72
0
73
1
93
4
10
110.95542291084584
20
75.73815087630176
10
112.02542545085092
20
75.73815087630176
10
112.02542545085092
20
75.13815087630176
10
110.95542291084584
20
75.13815087630176
97
1
330

75
0
76
1
47
0.4128176842155181
98
1
10
34.90568961886538
20
22.81183545379326
450
0
451
0
460
0
461
0
452
1
462
1
453
2
463
0
63
5
421
255
463
1
63
7
421
16777215
470
LINEAR
1001
ACAD
1010
0
1020
0
1030
0
0
HATCH
5
88e
100
AcDbEntity
8
TopLayer
100
AcDbHatch
10
0
20
0
30
0
210
0
220
0
230
1
2
SOLID
70
1
71
0
91
1
92
7
72
0
73
1
93
4
10
110.95542291084584
20
75.73815087630176
10
112.02542545085092
20
75.73815087630176
10
112.02542545085092
20
75.13815087630176
10
110.95542291084584
20
75.13815087630176
97
1
330

75
0
76
1
47
0.4128176842155181
98
1
10
34.90568961886538
20
22.81183545379326
450
0
451
0
460
0
461
0
452
1
462
1
453
2
463
0
63
5
421
255
463
1
63
7
421
16777215
470
LINEAR
1001
ACAD
1010
0
1020
0
1030
0
0
HATCH
5
891
100
AcDbEntity
8
TopSolderMaskLayer
100
AcDbHatch
10
0
20
0
30
0
210
0
220
0
230
1
2
SOLID
70
1
71
0
91
1
92
7
72
0
73
1
93
4
10
114.44207893085748
20
72.76755364536129
10
113.85357766045573
20
72.76755364536129
10
113.85357766045573
20
73.38639845200669
10
114.44207893085748
20
73.38639845200669
97
1
330

75
0
76
1
47
0.4128176842155181
98
1
10
34.90568961886538
20
22.81183545379326
450
0
451
0
460
0
461
0
452
1
462
1
453
2
463
0
63
5
421
255
463
1
63
7
421
16777215
470
LINEAR
1001
ACAD
1010
0
1020
0
1030
0
0
HATCH
5
894
100
AcDbEntity
8
TopLayer
100
AcDbHatch
10
0
20
0
30
0
210
0
220
0
230
1
2
SOLID
70
1
71
0
91
1
92
7
72
0
73
1
93
4
10
114.41783083566169
20
72.79415798831599
10
113.87782575565153
20
72.79415798831599
10
113.87782575565153
20
73.35979171958344
10
114.41783083566169
20
73.35979171958344
97
1
330

75
0
76
1
47
0.4128176842155181
98
1
10
34.90568961886538
20
22.81183545379326
450
0
451
0
460
0
461
0
452
1
462
1
453
2
463
0
63
5
421
255
463
1
63
7
421
16777215
470
LINEAR
1001
ACAD
1010
0
1020
0
1030
0
0
HATCH
5
897
100
AcDbEntity
8
TopSolderMaskLayer
100
AcDbHatch
10
0
20
0
30
0
210
0
220
0
230
1
2
SOLID
70
1
71
0
91
1
92
7
72
0
73
1
93
4
10
114.44207893085748
20
72.52073693121987
10
113.85357766045573
20
72.52073693121987
10
113.85357766045573
20
71.90189212457447
10
114.44207893085748
20
71.90189212457447
97
1
330

75
0
76
1
47
0.4128176842155181
98
1
10
34.90568961886538
20
22.81183545379326
450
0
451
0
460
0
461
0
452
1
462
1
453
2
463
0
63
5
421
255
463
1
63
7
421
16777215
470
LINEAR
1001
ACAD
1010
0
1020
0
1030
0
0
HATCH
5
89a
100
AcDbEntity
8
TopLayer
100
AcDbHatch
10
0
20
0
30
0
210
0
220
0
230
1
2
SOLID
70
1
71
0
91
1
92
7
72
0
73
1
93
4
10
114.41783083566169
20
72.49413258826519
10
113.87782575565153
20
72.49413258826519
10
113.87782575565153
20
71.92849885699772
10
114.41783083566169
20
71.92849885699772
97
1
330

75
0
76
1
47
0.4128176842155181
98
1
10
34.90568961886538
20
22.81183545379326
450
0
451
0
460
0
461
0
452
1
462
1
453
2
463
0
63
5
421
255
463
1
63
7
421
16777215
470
LINEAR
1001
ACAD
1010
0
1020
0
1030
0
0
HATCH
5
89d
100
AcDbEntity
8
TopSolderMaskLayer
100
AcDbHatch
10
0
20
0
30
0
210
0
220
0
230
1
2
SOLID
70
1
71
0
91
1
92
7
72
0
73
1
93
4
10
119.79718954767952
20
69.7775314448089
10
120.38569081808124
20
69.7775314448089
10
120.38569081808124
20
69.1586866381635
10
119.79718954767952
20
69.1586866381635
97
1
330

75
0
76
1
47
0.4128176842155181
98
1
10
34.90568961886538
20
22.81183545379326
450
0
451
0
460
0
461
0
452
1
462
1
453
2
463
0
63
5
421
255
463
1
63
7
421
16777215
470
LINEAR
1001
ACAD
1010
0
1020
0
1030
0
0
HATCH
5
8a0
100
AcDbEntity
8
TopLayer
100
AcDbHatch
10
0
20
0
30
0
210
0
220
0
230
1
2
SOLID
70
1
71
0
91
1
92
7
72
0
73
1
93
4
10
119.82143764287531
20
69.75092710185422
10
120.36144272288546
20
69.75092710185422
10
120.36144272288546
20
69.18529337058675
10
119.82143764287531
20
69.18529337058675
97
1
330

75
0
76
1
47
0.4128176842155181
98
1
10
34.90568961886538
20
22.81183545379326
450
0
451
0
460
0
461
0
452
1
462
1
453
2
463
0
63
5
421
255
463
1
63
7
421
16777215
470
LINEAR
1001
ACAD
1010
0
1020
0
1030
0
0
HATCH
5
8a3
100
AcDbEntity
8
TopSolderMaskLayer
100
AcDbHatch
10
0
20
0
30
0
210
0
220
0
230
1
2
SOLID
70
1
71
0
91
1
92
7
72
0
73
1
93
4
10
119.79718954767952
20
70.02434815895032
10
120.38569081808124
20
70.02434815895032
10
120.38569081808124
20
70.64319296559572
10
119.79718954767952
20
70.64319296559572
97
1
330

75
0
76
1
47
0.4128176842155181
98
1
10
34.90568961886538
20
22.81183545379326
450
0
451
0
460
0
461
0
452
1
462
1
453
2
463
0
63
5
421
255
463
1
63
7
421
16777215
470
LINEAR
1001
ACAD
1010
0
1020
0
1030
0
0
HATCH
5
8a6
100
AcDbEntity
8
TopLayer
100
AcDbHatch
10
0
20
0
30
0
210
0
220
0
230
1
2
SOLID
70
1
71
0
91
1
92
7
72
0
73
1
93
4
10
119.82143764287531
20
70.050952501905
10
120.36144272288546
20
70.050952501905
10
120.36144272288546
20
70.61658623317247
10
119.82143764287531
20
70.61658623317247
97
1
330

75
0
76
1
47
0.4128176842155181
98
1
10
34.90568961886538
20
22.81183545379326
450
0
451
0
460
0
461
0
452
1
462
1
453
2
463
0
63
5
421
255
463
1
63
7
421
16777215
470
LINEAR
1001
ACAD
1010
0
1020
0
1030
0
0
HATCH
5
8a9
100
AcDbEntity
8
TopSolderMaskLayer
100
AcDbHatch
10
0
20
0
30
0
210
0
220
0
230
1
2
SOLID
70
1
71
0
91
1
92
7
72
0
73
1
93
4
10
117.48094703562681
20
69.37485825480127
10
117.48094703562681
20
69.9493944886195
10
118.79032550691831
20
69.9493944886195
10
118.79032550691831
20
69.37485825480127
97
1
330

75
0
76
1
47
0.4128176842155181
98
1
10
34.90568961886538
20
22.81183545379326
450
0
451
0
460
0
461
0
452
1
462
1
453
2
463
0
63
5
421
255
463
1
63
7
421
16777215
470
LINEAR
1001
ACAD
1010
0
1020
0
1030
0
0
HATCH
5
8ac
100
AcDbEntity
8
TopPasteMaskLayer
100
AcDbHatch
10
0
20
0
30
0
210
0
220
0
230
1
2
SOLID
70
1
71
0
91
1
92
7
72
0
73
1
93
4
10
117.53619507239016
20
69.38653797307596
10
117.53619507239016
20
69.93771907543817
10
118.73507747015495
20
69.93771907543817
10
118.73507747015495
20
69.38653797307596
97
1
330

75
0
76
1
47
0.4128176842155181
98
1
10
34.90568961886538
20
22.81183545379326
450
0
451
0
460
0
461
0
452
1
462
1
453
2
463
0
63
5
421
255
463
1
63
7
421
16777215
470
LINEAR
1001
ACAD
1010
0
1020
0
1030
0
0
HATCH
5
8af
100
AcDbEntity
8
TopLayer
100
AcDbHatch
10
0
20
0
30
0
210
0
220
0
230
1
2
SOLID
70
1
71
0
91
1
92
7
72
0
73
1
93
4
10
117.53619507239016
20
69.38653797307596
10
117.53619507239016
20
69.93771907543817
10
118.73507747015495
20
69.93771907543817
10
118.73507747015495
20
69.38653797307596
97
1
330

75
0
76
1
47
0.4128176842155181
98
1
10
34.90568961886538
20
22.81183545379326
450
0
451
0
460
0
461
0
452
1
462
1
453
2
463
0
63
5
421
255
463
1
63
7
421
16777215
470
LINEAR
1001
ACAD
1010
0
1020
0
1030
0
0
HATCH
5
8b2
100
AcDbEntity
8
TopSolderMaskLayer
100
AcDbHatch
10
0
20
0
30
0
210
0
220
0
230
1
2
SOLID
70
1
71
0
91
1
92
7
72
0
73
1
93
4
10
117.48094703562681
20
70.32487310737335
10
117.48094703562681
20
70.89940934119157
10
118.79032550691831
20
70.89940934119157
10
118.79032550691831
20
70.32487310737335
97
1
330

75
0
76
1
47
0.4128176842155181
98
1
10
34.90568961886538
20
22.81183545379326
450
0
451
0
460
0
461
0
452
1
462
1
453
2
463
0
63
5
421
255
463
1
63
7
421
16777215
470
LINEAR
1001
ACAD
1010
0
1020
0
1030
0
0
HATCH
5
8b5
100
AcDbEntity
8
TopPasteMaskLayer
100
AcDbHatch
10
0
20
0
30
0
210
0
220
0
230
1
2
SOLID
70
1
71
0
91
1
92
7
72
0
73
1
93
4
10
117.53619507239016
20
70.33655067310136
10
117.53619507239016
20
70.88773177546355
10
118.73507747015495
20
70.88773177546355
10
118.73507747015495
20
70.33655067310136
97
1
330

75
0
76
1
47
0.4128176842155181
98
1
10
34.90568961886538
20
22.81183545379326
450
0
451
0
460
0
461
0
452
1
462
1
453
2
463
0
63
5
421
255
463
1
63
7
421
16777215
470
LINEAR
1001
ACAD
1010
0
1020
0
1030
0
0
HATCH
5
8b8
100
AcDbEntity
8
TopLayer
100
AcDbHatch
10
0
20
0
30
0
210
0
220
0
230
1
2
SOLID
70
1
71
0
91
1
92
7
72
0
73
1
93
4
10
117.53619507239016
20
70.33655067310136
10
117.53619507239016
20
70.88773177546355
10
118.73507747015495
20
70.88773177546355
10
118.73507747015495
20
70.33655067310136
97
1
330

75
0
76
1
47
0.4128176842155181
98
1
10
34.90568961886538
20
22.81183545379326
450
0
451
0
460
0
461
0
452
1
462
1
453
2
463
0
63
5
421
255
463
1
63
7
421
16777215
470
LINEAR
1001
ACAD
1010
0
1020
0
1030
0
0
HATCH
5
8bb
100
AcDbEntity
8
TopSolderMaskLayer
100
AcDbHatch
10
0
20
0
30
0
210
0
220
0
230
1
2
SOLID
70
1
71
0
91
1
92
7
72
0
73
1
93
4
10
117.48094703562681
20
71.2748879599454
10
117.48094703562681
20
71.84942419376364
10
118.79032550691831
20
71.84942419376364
10
118.79032550691831
20
71.2748879599454
97
1
330

75
0
76
1
47
0.4128176842155181
98
1
10
34.90568961886538
20
22.81183545379326
450
0
451
0
460
0
461
0
452
1
462
1
453
2
463
0
63
5
421
255
463
1
63
7
421
16777215
470
LINEAR
1001
ACAD
1010
0
1020
0
1030
0
0
HATCH
5
8be
100
AcDbEntity
8
TopPasteMaskLayer
100
AcDbHatch
10
0
20
0
30
0
210
0
220
0
230
1
2
SOLID
70
1
71
0
91
1
92
7
72
0
73
1
93
4
10
117.53619507239016
20
71.28656337312675
10
117.53619507239016
20
71.83774447548896
10
118.73507747015495
20
71.83774447548896
10
118.73507747015495
20
71.28656337312675
97
1
330

75
0
76
1
47
0.4128176842155181
98
1
10
34.90568961886538
20
22.81183545379326
450
0
451
0
460
0
461
0
452
1
462
1
453
2
463
0
63
5
421
255
463
1
63
7
421
16777215
470
LINEAR
1001
ACAD
1010
0
1020
0
1030
0
0
HATCH
5
8c1
100
AcDbEntity
8
TopLayer
100
AcDbHatch
10
0
20
0
30
0
210
0
220
0
230
1
2
SOLID
70
1
71
0
91
1
92
7
72
0
73
1
93
4
10
117.53619507239016
20
71.28656337312675
10
117.53619507239016
20
71.83774447548896
10
118.73507747015495
20
71.83774447548896
10
118.73507747015495
20
71.28656337312675
97
1
330

75
0
76
1
47
0.4128176842155181
98
1
10
34.90568961886538
20
22.81183545379326
450
0
451
0
460
0
461
0
452
1
462
1
453
2
463
0
63
5
421
255
463
1
63
7
421
16777215
470
LINEAR
1001
ACAD
1010
0
1020
0
1030
0
0
HATCH
5
8c4
100
AcDbEntity
8
TopSolderMaskLayer
100
AcDbHatch
10
0
20
0
30
0
210
0
220
0
230
1
2
SOLID
70
1
71
0
91
1
92
7
72
0
73
1
93
4
10
114.89014185401645
20
71.2748879599454
10
114.89014185401645
20
71.84942419376364
10
116.19952032530794
20
71.84942419376364
10
116.19952032530794
20
71.2748879599454
97
1
330

75
0
76
1
47
0.4128176842155181
98
1
10
34.90568961886538
20
22.81183545379326
450
0
451
0
460
0
461
0
452
1
462
1
453
2
463
0
63
5
421
255
463
1
63
7
421
16777215
470
LINEAR
1001
ACAD
1010
0
1020
0
1030
0
0
HATCH
5
8c7
100
AcDbEntity
8
TopPasteMaskLayer
100
AcDbHatch
10
0
20
0
30
0
210
0
220
0
230
1
2
SOLID
70
1
71
0
91
1
92
7
72
0
73
1
93
4
10
114.94538989077981
20
71.28656337312675
10
114.94538989077981
20
71.83774447548896
10
116.14427228854458
20
71.83774447548896
10
116.14427228854458
20
71.28656337312675
97
1
330

75
0
76
1
47
0.4128176842155181
98
1
10
34.90568961886538
20
22.81183545379326
450
0
451
0
460
0
461
0
452
1
462
1
453
2
463
0
63
5
421
255
463
1
63
7
421
16777215
470
LINEAR
1001
ACAD
1010
0
1020
0
1030
0
0
HATCH
5
8ca
100
AcDbEntity
8
TopLayer
100
AcDbHatch
10
0
20
0
30
0
210
0
220
0
230
1
2
SOLID
70
1
71
0
91
1
92
7
72
0
73
1
93
4
10
114.94538989077981
20
71.28656337312675
10
114.94538989077981
20
71.83774447548896
10
116.14427228854458
20
71.83774447548896
10
116.14427228854458
20
71.28656337312675
97
1
330

75
0
76
1
47
0.4128176842155181
98
1
10
34.90568961886538
20
22.81183545379326
450
0
451
0
460
0
461
0
452
1
462
1
453
2
463
0
63
5
421
255
463
1
63
7
421
16777215
470
LINEAR
1001
ACAD
1010
0
1020
0
1030
0
0
HATCH
5
8cd
100
AcDbEntity
8
TopSolderMaskLayer
100
AcDbHatch
10
0
20
0
30
0
210
0
220
0
230
1
2
SOLID
70
1
71
0
91
1
92
7
72
0
73
1
93
4
10
114.89014185401645
20
69.37485825480127
10
114.89014185401645
20
69.9493944886195
10
116.19952032530794
20
69.9493944886195
10
116.19952032530794
20
69.37485825480127
97
1
330

75
0
76
1
47
0.4128176842155181
98
1
10
34.90568961886538
20
22.81183545379326
450
0
451
0
460
0
461
0
452
1
462
1
453
2
463
0
63
5
421
255
463
1
63
7
421
16777215
470
LINEAR
1001
ACAD
1010
0
1020
0
1030
0
0
HATCH
5
8d0
100
AcDbEntity
8
TopPasteMaskLayer
100
AcDbHatch
10
0
20
0
30
0
210
0
220
0
230
1
2
SOLID
70
1
71
0
91
1
92
7
72
0
73
1
93
4
10
114.94538989077981
20
69.38653797307596
10
114.94538989077981
20
69.93771907543817
10
116.14427228854458
20
69.93771907543817
10
116.14427228854458
20
69.38653797307596
97
1
330

75
0
76
1
47
0.4128176842155181
98
1
10
34.90568961886538
20
22.81183545379326
450
0
451
0
460
0
461
0
452
1
462
1
453
2
463
0
63
5
421
255
463
1
63
7
421
16777215
470
LINEAR
1001
ACAD
1010
0
1020
0
1030
0
0
HATCH
5
8d3
100
AcDbEntity
8
TopLayer
100
AcDbHatch
10
0
20
0
30
0
210
0
220
0
230
1
2
SOLID
70
1
71
0
91
1
92
7
72
0
73
1
93
4
10
114.94538989077981
20
69.38653797307596
10
114.94538989077981
20
69.93771907543817
10
116.14427228854458
20
69.93771907543817
10
116.14427228854458
20
69.38653797307596
97
1
330

75
0
76
1
47
0.4128176842155181
98
1
10
34.90568961886538
20
22.81183545379326
450
0
451
0
460
0
461
0
452
1
462
1
453
2
463
0
63
5
421
255
463
1
63
7
421
16777215
470
LINEAR
1001
ACAD
1010
0
1020
0
1030
0
0
HATCH
5
8d6
100
AcDbEntity
8
TopSolderMaskLayer
100
AcDbHatch
10
0
20
0
30
0
210
0
220
0
230
1
2
SOLID
70
1
71
0
91
1
92
7
72
0
73
1
93
4
10
75.20716509542585
20
101.00000000000001
10
75.20716509542585
20
101.59080518161038
10
75.82359664719331
20
101.59080518161038
10
75.82359664719331
20
101.00000000000001
97
1
330

75
0
76
1
47
0.4128176842155181
98
1
10
34.90568961886538
20
22.81183545379326
450
0
451
0
460
0
461
0
452
1
462
1
453
2
463
0
63
5
421
255
463
1
63
7
421
16777215
470
LINEAR
1001
ACAD
1010
0
1020
0
1030
0
0
HATCH
5
8d9
100
AcDbEntity
8
TopLayer
100
AcDbHatch
10
0
20
0
30
0
210
0
220
0
230
1
2
SOLID
70
1
71
0
91
1
92
7
72
0
73
1
93
4
10
75.23256286512574
20
101.02540005080012
10
75.23256286512574
20
101.56540513081028
10
75.79819659639321
20
101.56540513081028
10
75.79819659639321
20
101.02540005080012
97
1
330

75
0
76
1
47
0.4128176842155181
98
1
10
34.90568961886538
20
22.81183545379326
450
0
451
0
460
0
461
0
452
1
462
1
453
2
463
0
63
5
421
255
463
1
63
7
421
16777215
470
LINEAR
1001
ACAD
1010
0
1020
0
1030
0
0
HATCH
5
8dc
100
AcDbEntity
8
TopSolderMaskLayer
100
AcDbHatch
10
0
20
0
30
0
210
0
220
0
230
1
2
SOLID
70
1
71
0
91
1
92
7
72
0
73
1
93
4
10
74.95793523477485
20
101.00000000000001
10
74.95793523477485
20
101.59080518161038
10
74.34150368300737
20
101.59080518161038
10
74.34150368300737
20
101.00000000000001
97
1
330

75
0
76
1
47
0.4128176842155181
98
1
10
34.90568961886538
20
22.81183545379326
450
0
451
0
460
0
461
0
452
1
462
1
453
2
463
0
63
5
421
255
463
1
63
7
421
16777215
470
LINEAR
1001
ACAD
1010
0
1020
0
1030
0
0
HATCH
5
8df
100
AcDbEntity
8
TopLayer
100
AcDbHatch
10
0
20
0
30
0
210
0
220
0
230
1
2
SOLID
70
1
71
0
91
1
92
7
72
0
73
1
93
4
10
74.93253746507494
20
101.02540005080012
10
74.93253746507494
20
101.56540513081028
10
74.36690373380749
20
101.56540513081028
10
74.36690373380749
20
101.02540005080012
97
1
330

75
0
76
1
47
0.4128176842155181
98
1
10
34.90568961886538
20
22.81183545379326
450
0
451
0
460
0
461
0
452
1
462
1
453
2
463
0
63
5
421
255
463
1
63
7
421
16777215
470
LINEAR
1001
ACAD
1010
0
1020
0
1030
0
0
HATCH
5
8e2
100
AcDbEntity
8
TopSolderMaskLayer
100
AcDbHatch
10
0
20
0
30
0
210
0
220
0
230
1
2
SOLID
70
1
71
0
91
1
92
7
72
0
73
1
93
4
10
77.64556997223559
20
102.06680213360428
10
77.64556997223559
20
102.65760731521465
10
78.26200152400305
20
102.65760731521465
10
78.26200152400305
20
102.06680213360428
97
1
330

75
0
76
1
47
0.4128176842155181
98
1
10
34.90568961886538
20
22.81183545379326
450
0
451
0
460
0
461
0
452
1
462
1
453
2
463
0
63
5
421
255
463
1
63
7
421
16777215
470
LINEAR
1001
ACAD
1010
0
1020
0
1030
0
0
HATCH
5
8e5
100
AcDbEntity
8
TopLayer
100
AcDbHatch
10
0
20
0
30
0
210
0
220
0
230
1
2
SOLID
70
1
71
0
91
1
92
7
72
0
73
1
93
4
10
77.67096774193548
20
102.09220218440439
10
77.67096774193548
20
102.63220726441453
10
78.23660147320295
20
102.63220726441453
10
78.23660147320295
20
102.09220218440439
97
1
330

75
0
76
1
47
0.4128176842155181
98
1
10
34.90568961886538
20
22.81183545379326
450
0
451
0
460
0
461
0
452
1
462
1
453
2
463
0
63
5
421
255
463
1
63
7
421
16777215
470
LINEAR
1001
ACAD
1010
0
1020
0
1030
0
0
HATCH
5
8e8
100
AcDbEntity
8
TopSolderMaskLayer
100
AcDbHatch
10
0
20
0
30
0
210
0
220
0
230
1
2
SOLID
70
1
71
0
91
1
92
7
72
0
73
1
93
4
10
77.39634011158459
20
102.06680213360428
10
77.39634011158459
20
102.65760731521465
10
76.77990855981712
20
102.65760731521465
10
76.77990855981712
20
102.06680213360428
97
1
330

75
0
76
1
47
0.4128176842155181
98
1
10
34.90568961886538
20
22.81183545379326
450
0
451
0
460
0
461
0
452
1
462
1
453
2
463
0
63
5
421
255
463
1
63
7
421
16777215
470
LINEAR
1001
ACAD
1010
0
1020
0
1030
0
0
HATCH
5
8eb
100
AcDbEntity
8
TopLayer
100
AcDbHatch
10
0
20
0
30
0
210
0
220
0
230
1
2
SOLID
70
1
71
0
91
1
92
7
72
0
73
1
93
4
10
77.37094234188469
20
102.09220218440439
10
77.37094234188469
20
102.63220726441453
10
76.80530861061723
20
102.63220726441453
10
76.80530861061723
20
102.09220218440439
97
1
330

75
0
76
1
47
0.4128176842155181
98
1
10
34.90568961886538
20
22.81183545379326
450
0
451
0
460
0
461
0
452
1
462
1
453
2
463
0
63
5
421
255
463
1
63
7
421
16777215
470
LINEAR
1001
ACAD
1010
0
1020
0
1030
0
0
HATCH
5
8ee
100
AcDbEntity
8
TopSolderMaskLayer
100
AcDbHatch
10
0
20
0
30
0
210
0
220
0
230
1
2
SOLID
70
1
71
0
91
1
92
7
72
0
73
1
93
4
10
116.84622075604003
20
73.96297409895256
10
116.54540795441443
20
73.96297409895256
10
116.54540795441443
20
74.36378690057818
10
116.84622075604003
20
74.36378690057818
97
1
330

75
0
76
1
47
0.4128176842155181
98
1
10
34.90568961886538
20
22.81183545379326
450
0
451
0
460
0
461
0
452
1
462
1
453
2
463
0
63
5
421
255
463
1
63
7
421
16777215
470
LINEAR
1001
ACAD
1010
0
1020
0
1030
0
0
HATCH
5
8f1
100
AcDbEntity
8
TopPasteMaskLayer
100
AcDbHatch
10
0
20
0
30
0
210
0
220
0
230
1
2
SOLID
70
1
71
0
91
1
92
7
72
0
73
1
93
4
10
116.8208026416053
20
73.98836677673356
10
116.5707899415799
20
73.98836677673356
10
116.5707899415799
20
74.33837947675897
10
116.8208026416053
20
74.33837947675897
97
1
330

75
0
76
1
47
0.4128176842155181
98
1
10
34.90568961886538
20
22.81183545379326
450
0
451
0
460
0
461
0
452
1
462
1
453
2
463
0
63
5
421
255
463
1
63
7
421
16777215
470
LINEAR
1001
ACAD
1010
0
1020
0
1030
0
0
HATCH
5
8f4
100
AcDbEntity
8
TopLayer
100
AcDbHatch
10
0
20
0
30
0
210
0
220
0
230
1
2
SOLID
70
1
71
0
91
1
92
7
72
0
73
1
93
4
10
116.8208026416053
20
73.98836677673356
10
116.5707899415799
20
73.98836677673356
10
116.5707899415799
20
74.33837947675897
10
116.8208026416053
20
74.33837947675897
97
1
330

75
0
76
1
47
0.4128176842155181
98
1
10
34.90568961886538
20
22.81183545379326
450
0
451
0
460
0
461
0
452
1
462
1
453
2
463
0
63
5
421
255
463
1
63
7
421
16777215
470
LINEAR
1001
ACAD
1010
0
1020
0
1030
0
0
HATCH
5
8f7
100
AcDbEntity
8
TopSolderMaskLayer
100
AcDbHatch
10
0
20
0
30
0
210
0
220
0
230
1
2
SOLID
70
1
71
0
91
1
92
7
72
0
73
1
93
4
10
117.34609375578603
20
73.96297409895256
10
117.0452809541604
20
73.96297409895256
10
117.0452809541604
20
74.36378690057818
10
117.34609375578603
20
74.36378690057818
97
1
330

75
0
76
1
47
0.4128176842155181
98
1
10
34.90568961886538
20
22.81183545379326
450
0
451
0
460
0
461
0
452
1
462
1
453
2
463
0
63
5
421
255
463
1
63
7
421
16777215
470
LINEAR
1001
ACAD
1010
0
1020
0
1030
0
0
HATCH
5
8fa
100
AcDbEntity
8
TopPasteMaskLayer
100
AcDbHatch
10
0
20
0
30
0
210
0
220
0
230
1
2
SOLID
70
1
71
0
91
1
92
7
72
0
73
1
93
4
10
117.3206756413513
20
73.98836677673356
10
117.07066294132589
20
73.98836677673356
10
117.07066294132589
20
74.33837947675897
10
117.3206756413513
20
74.33837947675897
97
1
330

75
0
76
1
47
0.4128176842155181
98
1
10
34.90568961886538
20
22.81183545379326
450
0
451
0
460
0
461
0
452
1
462
1
453
2
463
0
63
5
421
255
463
1
63
7
421
16777215
470
LINEAR
1001
ACAD
1010
0
1020
0
1030
0
0
HATCH
5
8fd
100
AcDbEntity
8
TopLayer
100
AcDbHatch
10
0
20
0
30
0
210
0
220
0
230
1
2
SOLID
70
1
71
0
91
1
92
7
72
0
73
1
93
4
10
117.3206756413513
20
73.98836677673356
10
117.07066294132589
20
73.98836677673356
10
117.07066294132589
20
74.33837947675897
10
117.3206756413513
20
74.33837947675897
97
1
330

75
0
76
1
47
0.4128176842155181
98
1
10
34.90568961886538
20
22.81183545379326
450
0
451
0
460
0
461
0
452
1
462
1
453
2
463
0
63
5
421
255
463
1
63
7
421
16777215
470
LINEAR
1001
ACAD
1010
0
1020
0
1030
0
0
HATCH
5
900
100
AcDbEntity
8
TopSolderMaskLayer
100
AcDbHatch
10
0
20
0
30
0
210
0
220
0
230
1
2
SOLID
70
1
71
0
91
1
92
7
72
0
73
1
93
4
10
117.84625131712927
20
73.96297409895256
10
117.54540795441442
20
73.96297409895256
10
117.54540795441442
20
74.36378690057818
10
117.84625131712927
20
74.36378690057818
97
1
330

75
0
76
1
47
0.4128176842155181
98
1
10
34.90568961886538
20
22.81183545379326
450
0
451
0
460
0
461
0
452
1
462
1
453
2
463
0
63
5
421
255
463
1
63
7
421
16777215
470
LINEAR
1001
ACAD
1010
0
1020
0
1030
0
0
HATCH
5
903
100
AcDbEntity
8
TopPasteMaskLayer
100
AcDbHatch
10
0
20
0
30
0
210
0
220
0
230
1
2
SOLID
70
1
71
0
91
1
92
7
72
0
73
1
93
4
10
117.82082804165609
20
73.98836677673356
10
117.57078994157989
20
73.98836677673356
10
117.57078994157989
20
74.33837947675897
10
117.82082804165609
20
74.33837947675897
97
1
330

75
0
76
1
47
0.4128176842155181
98
1
10
34.90568961886538
20
22.81183545379326
450
0
451
0
460
0
461
0
452
1
462
1
453
2
463
0
63
5
421
255
463
1
63
7
421
16777215
470
LINEAR
1001
ACAD
1010
0
1020
0
1030
0
0
HATCH
5
906
100
AcDbEntity
8
TopLayer
100
AcDbHatch
10
0
20
0
30
0
210
0
220
0
230
1
2
SOLID
70
1
71
0
91
1
92
7
72
0
73
1
93
4
10
117.82082804165609
20
73.98836677673356
10
117.57078994157989
20
73.98836677673356
10
117.57078994157989
20
74.33837947675897
10
117.82082804165609
20
74.33837947675897
97
1
330

75
0
76
1
47
0.4128176842155181
98
1
10
34.90568961886538
20
22.81183545379326
450
0
451
0
460
0
461
0
452
1
462
1
453
2
463
0
63
5
421
255
463
1
63
7
421
16777215
470
LINEAR
1001
ACAD
1010
0
1020
0
1030
0
0
HATCH
5
909
100
AcDbEntity
8
TopSolderMaskLayer
100
AcDbHatch
10
0
20
0
30
0
210
0
220
0
230
1
2
SOLID
70
1
71
0
91
1
92
7
72
0
73
1
93
4
10
117.54543851550369
20
73.76377952755907
10
117.84625131712927
20
73.76377952755907
10
117.84625131712927
20
73.36296672593346
10
117.54543851550369
20
73.36296672593346
97
1
330

75
0
76
1
47
0.4128176842155181
98
1
10
34.90568961886538
20
22.81183545379326
450
0
451
0
460
0
461
0
452
1
462
1
453
2
463
0
63
5
421
255
463
1
63
7
421
16777215
470
LINEAR
1001
ACAD
1010
0
1020
0
1030
0
0
HATCH
5
90c
100
AcDbEntity
8
TopPasteMaskLayer
100
AcDbHatch
10
0
20
0
30
0
210
0
220
0
230
1
2
SOLID
70
1
71
0
91
1
92
7
72
0
73
1
93
4
10
117.5708153416307
20
73.73837947675896
10
117.82082804165609
20
73.73837947675896
10
117.82082804165609
20
73.38836677673356
10
117.5708153416307
20
73.38836677673356
97
1
330

75
0
76
1
47
0.4128176842155181
98
1
10
34.90568961886538
20
22.81183545379326
450
0
451
0
460
0
461
0
452
1
462
1
453
2
463
0
63
5
421
255
463
1
63
7
421
16777215
470
LINEAR
1001
ACAD
1010
0
1020
0
1030
0
0
HATCH
5
90f
100
AcDbEntity
8
TopLayer
100
AcDbHatch
10
0
20
0
30
0
210
0
220
0
230
1
2
SOLID
70
1
71
0
91
1
92
7
72
0
73
1
93
4
10
117.5708153416307
20
73.73837947675896
10
117.82082804165609
20
73.73837947675896
10
117.82082804165609
20
73.38836677673356
10
117.5708153416307
20
73.38836677673356
97
1
330

75
0
76
1
47
0.4128176842155181
98
1
10
34.90568961886538
20
22.81183545379326
450
0
451
0
460
0
461
0
452
1
462
1
453
2
463
0
63
5
421
255
463
1
63
7
421
16777215
470
LINEAR
1001
ACAD
1010
0
1020
0
1030
0
0
HATCH
5
912
100
AcDbEntity
8
TopSolderMaskLayer
100
AcDbHatch
10
0
20
0
30
0
210
0
220
0
230
1
2
SOLID
70
1
71
0
91
1
92
7
72
0
73
1
93
4
10
117.0453115152497
20
73.76377952755907
10
117.34612431687528
20
73.76377952755907
10
117.34612431687528
20
73.36296672593346
10
117.0453115152497
20
73.36296672593346
97
1
330

75
0
76
1
47
0.4128176842155181
98
1
10
34.90568961886538
20
22.81183545379326
450
0
451
0
460
0
461
0
452
1
462
1
453
2
463
0
63
5
421
255
463
1
63
7
421
16777215
470
LINEAR
1001
ACAD
1010
0
1020
0
1030
0
0
HATCH
5
915
100
AcDbEntity
8
TopPasteMaskLayer
100
AcDbHatch
10
0
20
0
30
0
210
0
220
0
230
1
2
SOLID
70
1
71
0
91
1
92
7
72
0
73
1
93
4
10
117.07068834137671
20
73.73837947675896
10
117.32070104140209
20
73.73837947675896
10
117.32070104140209
20
73.38836677673356
10
117.07068834137671
20
73.38836677673356
97
1
330

75
0
76
1
47
0.4128176842155181
98
1
10
34.90568961886538
20
22.81183545379326
450
0
451
0
460
0
461
0
452
1
462
1
453
2
463
0
63
5
421
255
463
1
63
7
421
16777215
470
LINEAR
1001
ACAD
1010
0
1020
0
1030
0
0
HATCH
5
918
100
AcDbEntity
8
TopLayer
100
AcDbHatch
10
0
20
0
30
0
210
0
220
0
230
1
2
SOLID
70
1
71
0
91
1
92
7
72
0
73
1
93
4
10
117.07068834137671
20
73.73837947675896
10
117.32070104140209
20
73.73837947675896
10
117.32070104140209
20
73.38836677673356
10
117.07068834137671
20
73.38836677673356
97
1
330

75
0
76
1
47
0.4128176842155181
98
1
10
34.90568961886538
20
22.81183545379326
450
0
451
0
460
0
461
0
452
1
462
1
453
2
463
0
63
5
421
255
463
1
63
7
421
16777215
470
LINEAR
1001
ACAD
1010
0
1020
0
1030
0
0
HATCH
5
91b
100
AcDbEntity
8
TopSolderMaskLayer
100
AcDbHatch
10
0
20
0
30
0
210
0
220
0
230
1
2
SOLID
70
1
71
0
91
1
92
7
72
0
73
1
93
4
10
116.54543851550369
20
73.76377952755907
10
116.84625131712929
20
73.76377952755907
10
116.84625131712929
20
73.36296672593346
10
116.54543851550369
20
73.36296672593346
97
1
330

75
0
76
1
47
0.4128176842155181
98
1
10
34.90568961886538
20
22.81183545379326
450
0
451
0
460
0
461
0
452
1
462
1
453
2
463
0
63
5
421
255
463
1
63
7
421
16777215
470
LINEAR
1001
ACAD
1010
0
1020
0
1030
0
0
HATCH
5
91e
100
AcDbEntity
8
TopPasteMaskLayer
100
AcDbHatch
10
0
20
0
30
0
210
0
220
0
230
1
2
SOLID
70
1
71
0
91
1
92
7
72
0
73
1
93
4
10
116.5708153416307
20
73.73837947675896
10
116.8208280416561
20
73.73837947675896
10
116.8208280416561
20
73.38836677673356
10
116.5708153416307
20
73.38836677673356
97
1
330

75
0
76
1
47
0.4128176842155181
98
1
10
34.90568961886538
20
22.81183545379326
450
0
451
0
460
0
461
0
452
1
462
1
453
2
463
0
63
5
421
255
463
1
63
7
421
16777215
470
LINEAR
1001
ACAD
1010
0
1020
0
1030
0
0
HATCH
5
921
100
AcDbEntity
8
TopLayer
100
AcDbHatch
10
0
20
0
30
0
210
0
220
0
230
1
2
SOLID
70
1
71
0
91
1
92
7
72
0
73
1
93
4
10
116.5708153416307
20
73.73837947675896
10
116.8208280416561
20
73.73837947675896
10
116.8208280416561
20
73.38836677673356
10
116.5708153416307
20
73.38836677673356
97
1
330

75
0
76
1
47
0.4128176842155181
98
1
10
34.90568961886538
20
22.81183545379326
450
0
451
0
460
0
461
0
452
1
462
1
453
2
463
0
63
5
421
255
463
1
63
7
421
16777215
470
LINEAR
1001
ACAD
1010
0
1020
0
1030
0
0
HATCH
5
924
100
AcDbEntity
8
TopSolderMaskLayer
100
AcDbHatch
10
0
20
0
30
0
210
0
220
0
230
1
2
SOLID
70
1
71
0
91
1
92
7
72
0
73
1
93
4
10
124.78806425722418
20
71.12954025908053
10
124.78806425722418
20
71.72034544069089
10
125.40449580899164
20
71.72034544069089
10
125.40449580899164
20
71.12954025908053
97
1
330

75
0
76
1
47
0.4128176842155181
98
1
10
34.90568961886538
20
22.81183545379326
450
0
451
0
460
0
461
0
452
1
462
1
453
2
463
0
63
5
421
255
463
1
63
7
421
16777215
470
LINEAR
1001
ACAD
1010
0
1020
0
1030
0
0
HATCH
5
927
100
AcDbEntity
8
TopLayer
100
AcDbHatch
10
0
20
0
30
0
210
0
220
0
230
1
2
SOLID
70
1
71
0
91
1
92
7
72
0
73
1
93
4
10
124.81346202692407
20
71.15494030988063
10
124.81346202692407
20
71.69494538989078
10
125.37909575819154
20
71.69494538989078
10
125.37909575819154
20
71.15494030988063
97
1
330

75
0
76
1
47
0.4128176842155181
98
1
10
34.90568961886538
20
22.81183545379326
450
0
451
0
460
0
461
0
452
1
462
1
453
2
463
0
63
5
421
255
463
1
63
7
421
16777215
470
LINEAR
1001
ACAD
1010
0
1020
0
1030
0
0
HATCH
5
92a
100
AcDbEntity
8
TopSolderMaskLayer
100
AcDbHatch
10
0
20
0
30
0
210
0
220
0
230
1
2
SOLID
70
1
71
0
91
1
92
7
72
0
73
1
93
4
10
124.53883439657318
20
71.12954025908053
10
124.53883439657318
20
71.72034544069089
10
123.9224028448057
20
71.72034544069089
10
123.9224028448057
20
71.12954025908053
97
1
330

75
0
76
1
47
0.4128176842155181
98
1
10
34.90568961886538
20
22.81183545379326
450
0
451
0
460
0
461
0
452
1
462
1
453
2
463
0
63
5
421
255
463
1
63
7
421
16777215
470
LINEAR
1001
ACAD
1010
0
1020
0
1030
0
0
HATCH
5
92d
100
AcDbEntity
8
TopLayer
100
AcDbHatch
10
0
20
0
30
0
210
0
220
0
230
1
2
SOLID
70
1
71
0
91
1
92
7
72
0
73
1
93
4
10
124.51343662687327
20
71.15494030988063
10
124.51343662687327
20
71.69494538989078
10
123.9478028956058
20
71.69494538989078
10
123.9478028956058
20
71.15494030988063
97
1
330

75
0
76
1
47
0.4128176842155181
98
1
10
34.90568961886538
20
22.81183545379326
450
0
451
0
460
0
461
0
452
1
462
1
453
2
463
0
63
5
421
255
463
1
63
7
421
16777215
470
LINEAR
1001
ACAD
1010
0
1020
0
1030
0
0
HATCH
5
930
100
AcDbEntity
8
TopSolderMaskLayer
100
AcDbHatch
10
0
20
0
30
0
210
0
220
0
230
1
2
SOLID
70
1
71
0
91
1
92
7
72
0
73
1
93
4
10
97.50840969791504
20
74.32994665989332
10
97.50840969791504
20
74.9207518415037
10
98.1248412496825
20
74.9207518415037
10
98.1248412496825
20
74.32994665989332
97
1
330

75
0
76
1
47
0.4128176842155181
98
1
10
34.90568961886538
20
22.81183545379326
450
0
451
0
460
0
461
0
452
1
462
1
453
2
463
0
63
5
421
255
463
1
63
7
421
16777215
470
LINEAR
1001
ACAD
1010
0
1020
0
1030
0
0
HATCH
5
933
100
AcDbEntity
8
TopLayer
100
AcDbHatch
10
0
20
0
30
0
210
0
220
0
230
1
2
SOLID
70
1
71
0
91
1
92
7
72
0
73
1
93
4
10
97.53380746761493
20
74.35534671069344
10
97.53380746761493
20
74.89535179070359
10
98.0994411988824
20
74.89535179070359
10
98.0994411988824
20
74.35534671069344
97
1
330

75
0
76
1
47
0.4128176842155181
98
1
10
34.90568961886538
20
22.81183545379326
450
0
451
0
460
0
461
0
452
1
462
1
453
2
463
0
63
5
421
255
463
1
63
7
421
16777215
470
LINEAR
1001
ACAD
1010
0
1020
0
1030
0
0
HATCH
5
936
100
AcDbEntity
8
TopSolderMaskLayer
100
AcDbHatch
10
0
20
0
30
0
210
0
220
0
230
1
2
SOLID
70
1
71
0
91
1
92
7
72
0
73
1
93
4
10
97.25917983726404
20
74.32994665989332
10
97.25917983726404
20
74.9207518415037
10
96.64274828549657
20
74.9207518415037
10
96.64274828549657
20
74.32994665989332
97
1
330

75
0
76
1
47
0.4128176842155181
98
1
10
34.90568961886538
20
22.81183545379326
450
0
451
0
460
0
461
0
452
1
462
1
453
2
463
0
63
5
421
255
463
1
63
7
421
16777215
470
LINEAR
1001
ACAD
1010
0
1020
0
1030
0
0
HATCH
5
939
100
AcDbEntity
8
TopLayer
100
AcDbHatch
10
0
20
0
30
0
210
0
220
0
230
1
2
SOLID
70
1
71
0
91
1
92
7
72
0
73
1
93
4
10
97.23378206756415
20
74.35534671069344
10
97.23378206756415
20
74.89535179070359
10
96.66814833629668
20
74.89535179070359
10
96.66814833629668
20
74.35534671069344
97
1
330

75
0
76
1
47
0.4128176842155181
98
1
10
34.90568961886538
20
22.81183545379326
450
0
451
0
460
0
461
0
452
1
462
1
453
2
463
0
63
5
421
255
463
1
63
7
421
16777215
470
LINEAR
1001
ACAD
1010
0
1020
0
1030
0
0
HATCH
5
93c
100
AcDbEntity
8
TopSolderMaskLayer
100
AcDbHatch
10
0
20
0
30
0
210
0
220
0
230
1
2
SOLID
70
1
71
0
91
1
92
7
72
0
73
1
93
4
10
97.50840969791504
20
75.498348996698
10
97.50840969791504
20
76.08915417830838
10
98.1248412496825
20
76.08915417830838
10
98.1248412496825
20
75.498348996698
97
1
330

75
0
76
1
47
0.4128176842155181
98
1
10
34.90568961886538
20
22.81183545379326
450
0
451
0
460
0
461
0
452
1
462
1
453
2
463
0
63
5
421
255
463
1
63
7
421
16777215
470
LINEAR
1001
ACAD
1010
0
1020
0
1030
0
0
HATCH
5
93f
100
AcDbEntity
8
TopLayer
100
AcDbHatch
10
0
20
0
30
0
210
0
220
0
230
1
2
SOLID
70
1
71
0
91
1
92
7
72
0
73
1
93
4
10
97.53380746761493
20
75.5237490474981
10
97.53380746761493
20
76.06375412750828
10
98.0994411988824
20
76.06375412750828
10
98.0994411988824
20
75.5237490474981
97
1
330

75
0
76
1
47
0.4128176842155181
98
1
10
34.90568961886538
20
22.81183545379326
450
0
451
0
460
0
461
0
452
1
462
1
453
2
463
0
63
5
421
255
463
1
63
7
421
16777215
470
LINEAR
1001
ACAD
1010
0
1020
0
1030
0
0
HATCH
5
942
100
AcDbEntity
8
TopSolderMaskLayer
100
AcDbHatch
10
0
20
0
30
0
210
0
220
0
230
1
2
SOLID
70
1
71
0
91
1
92
7
72
0
73
1
93
4
10
97.25917983726404
20
75.498348996698
10
97.25917983726404
20
76.08915417830838
10
96.64274828549657
20
76.08915417830838
10
96.64274828549657
20
75.498348996698
97
1
330

75
0
76
1
47
0.4128176842155181
98
1
10
34.90568961886538
20
22.81183545379326
450
0
451
0
460
0
461
0
452
1
462
1
453
2
463
0
63
5
421
255
463
1
63
7
421
16777215
470
LINEAR
1001
ACAD
1010
0
1020
0
1030
0
0
HATCH
5
945
100
AcDbEntity
8
TopLayer
100
AcDbHatch
10
0
20
0
30
0
210
0
220
0
230
1
2
SOLID
70
1
71
0
91
1
92
7
72
0
73
1
93
4
10
97.23378206756415
20
75.5237490474981
10
97.23378206756415
20
76.06375412750828
10
96.66814833629668
20
76.06375412750828
10
96.66814833629668
20
75.5237490474981
97
1
330

75
0
76
1
47
0.4128176842155181
98
1
10
34.90568961886538
20
22.81183545379326
450
0
451
0
460
0
461
0
452
1
462
1
453
2
463
0
63
5
421
255
463
1
63
7
421
16777215
470
LINEAR
1001
ACAD
1010
0
1020
0
1030
0
0
HATCH
5
948
100
AcDbEntity
8
TopSolderMaskLayer
100
AcDbHatch
10
0
20
0
30
0
210
0
220
0
230
1
2
SOLID
70
1
71
0
91
1
92
7
72
0
73
1
93
4
10
96.19237770365977
20
110.53162306324614
10
96.19237770365977
20
109.94081788163578
10
95.57594615189231
20
109.94081788163578
10
95.57594615189231
20
110.53162306324614
97
1
330

75
0
76
1
47
0.4128176842155181
98
1
10
34.90568961886538
20
22.81183545379326
450
0
451
0
460
0
461
0
452
1
462
1
453
2
463
0
63
5
421
255
463
1
63
7
421
16777215
470
LINEAR
1001
ACAD
1010
0
1020
0
1030
0
0
HATCH
5
94b
100
AcDbEntity
8
TopLayer
100
AcDbHatch
10
0
20
0
30
0
210
0
220
0
230
1
2
SOLID
70
1
71
0
91
1
92
7
72
0
73
1
93
4
10
96.16697993395988
20
110.50622301244604
10
96.16697993395988
20
109.96621793243588
10
95.60134620269241
20
109.96621793243588
10
95.60134620269241
20
110.50622301244604
97
1
330

75
0
76
1
47
0.4128176842155181
98
1
10
34.90568961886538
20
22.81183545379326
450
0
451
0
460
0
461
0
452
1
462
1
453
2
463
0
63
5
421
255
463
1
63
7
421
16777215
470
LINEAR
1001
ACAD
1010
0
1020
0
1030
0
0
HATCH
5
94e
100
AcDbEntity
8
TopSolderMaskLayer
100
AcDbHatch
10
0
20
0
30
0
210
0
220
0
230
1
2
SOLID
70
1
71
0
91
1
92
7
72
0
73
1
93
4
10
96.44160756431077
20
110.53162306324614
10
96.44160756431077
20
109.94081788163578
10
97.05803911607825
20
109.94081788163578
10
97.05803911607825
20
110.53162306324614
97
1
330

75
0
76
1
47
0.4128176842155181
98
1
10
34.90568961886538
20
22.81183545379326
450
0
451
0
460
0
461
0
452
1
462
1
453
2
463
0
63
5
421
255
463
1
63
7
421
16777215
470
LINEAR
1001
ACAD
1010
0
1020
0
1030
0
0
HATCH
5
951
100
AcDbEntity
8
TopLayer
100
AcDbHatch
10
0
20
0
30
0
210
0
220
0
230
1
2
SOLID
70
1
71
0
91
1
92
7
72
0
73
1
93
4
10
96.46700533401068
20
110.50622301244604
10
96.46700533401068
20
109.96621793243588
10
97.03263906527813
20
109.96621793243588
10
97.03263906527813
20
110.50622301244604
97
1
330

75
0
76
1
47
0.4128176842155181
98
1
10
34.90568961886538
20
22.81183545379326
450
0
451
0
460
0
461
0
452
1
462
1
453
2
463
0
63
5
421
255
463
1
63
7
421
16777215
470
LINEAR
1001
ACAD
1010
0
1020
0
1030
0
0
HATCH
5
954
100
AcDbEntity
8
TopSolderMaskLayer
100
AcDbHatch
10
0
20
0
30
0
210
0
220
0
230
1
2
SOLID
70
1
71
0
91
1
92
7
72
0
73
1
93
4
10
105.77599577897104
20
117.12248291593357
10
108.02682186713348
20
117.12248291593357
10
108.02682186713348
20
115.57168281433339
10
105.77599577897104
20
115.57168281433339
97
1
330

75
0
76
1
47
0.4128176842155181
98
1
10
34.90568961886538
20
22.81183545379326
450
0
451
0
460
0
461
0
452
1
462
1
453
2
463
0
63
5
421
255
463
1
63
7
421
16777215
470
LINEAR
1001
ACAD
1010
0
1020
0
1030
0
0
HATCH
5
957
100
AcDbEntity
8
TopPasteMaskLayer
100
AcDbHatch
10
0
20
0
30
0
210
0
220
0
230
1
2
SOLID
70
1
71
0
91
1
92
7
72
0
73
1
93
4
10
105.80139700279402
20
117.097078994158
10
108.00142240284481
20
117.097078994158
10
108.00142240284481
20
115.59707899415801
10
105.80139700279402
20
115.59707899415801
97
1
330

75
0
76
1
47
0.4128176842155181
98
1
10
34.90568961886538
20
22.81183545379326
450
0
451
0
460
0
461
0
452
1
462
1
453
2
463
0
63
5
421
255
463
1
63
7
421
16777215
470
LINEAR
1001
ACAD
1010
0
1020
0
1030
0
0
HATCH
5
95a
100
AcDbEntity
8
TopLayer
100
AcDbHatch
10
0
20
0
30
0
210
0
220
0
230
1
2
SOLID
70
1
71
0
91
1
92
7
72
0
73
1
93
4
10
105.80139700279402
20
117.097078994158
10
108.00142240284481
20
117.097078994158
10
108.00142240284481
20
115.59707899415801
10
105.80139700279402
20
115.59707899415801
97
1
330

75
0
76
1
47
0.4128176842155181
98
1
10
34.90568961886538
20
22.81183545379326
450
0
451
0
460
0
461
0
452
1
462
1
453
2
463
0
63
5
421
255
463
1
63
7
421
16777215
470
LINEAR
1001
ACAD
1010
0
1020
0
1030
0
0
HATCH
5
95d
100
AcDbEntity
8
TopSolderMaskLayer
100
AcDbHatch
10
0
20
0
30
0
210
0
220
0
230
1
2
SOLID
70
1
71
0
91
1
92
7
72
0
73
1
93
4
10
114.37602293855616
20
117.12248291593357
10
116.62682304015637
20
117.12248291593357
10
116.62682304015637
20
115.57168281433339
10
114.37602293855616
20
115.57168281433339
97
1
330

75
0
76
1
47
0.4128176842155181
98
1
10
34.90568961886538
20
22.81183545379326
450
0
451
0
460
0
461
0
452
1
462
1
453
2
463
0
63
5
421
255
463
1
63
7
421
16777215
470
LINEAR
1001
ACAD
1010
0
1020
0
1030
0
0
HATCH
5
960
100
AcDbEntity
8
TopPasteMaskLayer
100
AcDbHatch
10
0
20
0
30
0
210
0
220
0
230
1
2
SOLID
70
1
71
0
91
1
92
7
72
0
73
1
93
4
10
114.40142240284482
20
117.097078994158
10
116.60142240284482
20
117.097078994158
10
116.60142240284482
20
115.59707899415801
10
114.40142240284482
20
115.59707899415801
97
1
330

75
0
76
1
47
0.4128176842155181
98
1
10
34.90568961886538
20
22.81183545379326
450
0
451
0
460
0
461
0
452
1
462
1
453
2
463
0
63
5
421
255
463
1
63
7
421
16777215
470
LINEAR
1001
ACAD
1010
0
1020
0
1030
0
0
HATCH
5
963
100
AcDbEntity
8
TopLayer
100
AcDbHatch
10
0
20
0
30
0
210
0
220
0
230
1
2
SOLID
70
1
71
0
91
1
92
7
72
0
73
1
93
4
10
114.40142240284482
20
117.097078994158
10
116.60142240284482
20
117.097078994158
10
116.60142240284482
20
115.59707899415801
10
114.40142240284482
20
115.59707899415801
97
1
330

75
0
76
1
47
0.4128176842155181
98
1
10
34.90568961886538
20
22.81183545379326
450
0
451
0
460
0
461
0
452
1
462
1
453
2
463
0
63
5
421
255
463
1
63
7
421
16777215
470
LINEAR
1001
ACAD
1010
0
1020
0
1030
0
0
HATCH
5
966
100
AcDbEntity
8
TopSolderMaskLayer
100
AcDbHatch
10
0
20
0
30
0
210
0
220
0
230
1
2
SOLID
70
1
71
0
91
1
92
7
72
0
73
1
93
4
10
105.77599577897104
20
112.62235591567958
10
108.02682186713348
20
112.62235591567958
10
108.02682186713348
20
111.07155581407937
10
105.77599577897104
20
111.07155581407937
97
1
330

75
0
76
1
47
0.4128176842155181
98
1
10
34.90568961886538
20
22.81183545379326
450
0
451
0
460
0
461
0
452
1
462
1
453
2
463
0
63
5
421
255
463
1
63
7
421
16777215
470
LINEAR
1001
ACAD
1010
0
1020
0
1030
0
0
HATCH
5
969
100
AcDbEntity
8
TopPasteMaskLayer
100
AcDbHatch
10
0
20
0
30
0
210
0
220
0
230
1
2
SOLID
70
1
71
0
91
1
92
7
72
0
73
1
93
4
10
105.80139700279402
20
112.596951993904
10
108.00142240284481
20
112.596951993904
10
108.00142240284481
20
111.096951993904
10
105.80139700279402
20
111.096951993904
97
1
330

75
0
76
1
47
0.4128176842155181
98
1
10
34.90568961886538
20
22.81183545379326
450
0
451
0
460
0
461
0
452
1
462
1
453
2
463
0
63
5
421
255
463
1
63
7
421
16777215
470
LINEAR
1001
ACAD
1010
0
1020
0
1030
0
0
HATCH
5
96c
100
AcDbEntity
8
TopLayer
100
AcDbHatch
10
0
20
0
30
0
210
0
220
0
230
1
2
SOLID
70
1
71
0
91
1
92
7
72
0
73
1
93
4
10
105.80139700279402
20
112.596951993904
10
108.00142240284481
20
112.596951993904
10
108.00142240284481
20
111.096951993904
10
105.80139700279402
20
111.096951993904
97
1
330

75
0
76
1
47
0.4128176842155181
98
1
10
34.90568961886538
20
22.81183545379326
450
0
451
0
460
0
461
0
452
1
462
1
453
2
463
0
63
5
421
255
463
1
63
7
421
16777215
470
LINEAR
1001
ACAD
1010
0
1020
0
1030
0
0
HATCH
5
96f
100
AcDbEntity
8
TopSolderMaskLayer
100
AcDbHatch
10
0
20
0
30
0
210
0
220
0
230
1
2
SOLID
70
1
71
0
91
1
92
7
72
0
73
1
93
4
10
114.37602293855616
20
112.62235591567958
10
116.62682304015637
20
112.62235591567958
10
116.62682304015637
20
111.07155581407937
10
114.37602293855616
20
111.07155581407937
97
1
330

75
0
76
1
47
0.4128176842155181
98
1
10
34.90568961886538
20
22.81183545379326
450
0
451
0
460
0
461
0
452
1
462
1
453
2
463
0
63
5
421
255
463
1
63
7
421
16777215
470
LINEAR
1001
ACAD
1010
0
1020
0
1030
0
0
HATCH
5
972
100
AcDbEntity
8
TopPasteMaskLayer
100
AcDbHatch
10
0
20
0
30
0
210
0
220
0
230
1
2
SOLID
70
1
71
0
91
1
92
7
72
0
73
1
93
4
10
114.40142240284482
20
112.596951993904
10
116.60142240284482
20
112.596951993904
10
116.60142240284482
20
111.096951993904
10
114.40142240284482
20
111.096951993904
97
1
330

75
0
76
1
47
0.4128176842155181
98
1
10
34.90568961886538
20
22.81183545379326
450
0
451
0
460
0
461
0
452
1
462
1
453
2
463
0
63
5
421
255
463
1
63
7
421
16777215
470
LINEAR
1001
ACAD
1010
0
1020
0
1030
0
0
HATCH
5
975
100
AcDbEntity
8
TopLayer
100
AcDbHatch
10
0
20
0
30
0
210
0
220
0
230
1
2
SOLID
70
1
71
0
91
1
92
7
72
0
73
1
93
4
10
114.40142240284482
20
112.596951993904
10
116.60142240284482
20
112.596951993904
10
116.60142240284482
20
111.096951993904
10
114.40142240284482
20
111.096951993904
97
1
330

75
0
76
1
47
0.4128176842155181
98
1
10
34.90568961886538
20
22.81183545379326
450
0
451
0
460
0
461
0
452
1
462
1
453
2
463
0
63
5
421
255
463
1
63
7
421
16777215
470
LINEAR
1001
ACAD
1010
0
1020
0
1030
0
  0
CIRCLE
  5
9f4
330
1F
100
AcDbEntity
  8
TopSolderMaskLayer
100
AcDbCircle
 10
67.81813563627128
 20
79.95935991871985
 30
0.0
 40
0.5158750317500634
0
HATCH
5
9f6
100
AcDbEntity
8
TopSolderMaskLayer
100
AcDbHatch
10
0
20
0
30
0
210
0
220
0
230
1
2
SOLID
70
1
71
0
91
1
92
7
72
0
73
1
93
4
10
66.99273558547117
20
80.7721615443231
10
68.64353568707139
20
80.7721615443231
10
68.64353568707139
20
79.14655829311658
10
66.99273558547117
20
79.14655829311658
97
1
330

75
0
76
1
47
0.4128176842155181
98
1
10
34.90568961886538
20
22.81183545379326
450
0
451
0
460
0
461
0
452
1
462
1
453
2
463
0
63
5
421
255
463
1
63
7
421
16777215
470
LINEAR
1001
ACAD
1010
0
1020
0
1030
0
  0
CIRCLE
  5
9f7
330
1F
100
AcDbEntity
  8
BottomSolderMaskLayer
100
AcDbCircle
 10
67.81813563627128
 20
79.95935991871985
 30
0.0
 40
0.5158750317500634
0
HATCH
5
9f9
100
AcDbEntity
8
BottomSolderMaskLayer
100
AcDbHatch
10
0
20
0
30
0
210
0
220
0
230
1
2
SOLID
70
1
71
0
91
1
92
7
72
0
73
1
93
4
10
66.99273558547117
20
80.7721615443231
10
68.64353568707139
20
80.7721615443231
10
68.64353568707139
20
79.14655829311658
10
66.99273558547117
20
79.14655829311658
97
1
330

75
0
76
1
47
0.4128176842155181
98
1
10
34.90568961886538
20
22.81183545379326
450
0
451
0
460
0
461
0
452
1
462
1
453
2
463
0
63
5
421
255
463
1
63
7
421
16777215
470
LINEAR
1001
ACAD
1010
0
1020
0
1030
0
  0
CIRCLE
  5
9fa
330
1F
100
AcDbEntity
  8
Multi-Layer
100
AcDbCircle
 10
67.81813563627128
 20
79.95935991871985
 30
0.0
 40
0.5
0
HATCH
5
9fc
100
AcDbEntity
8
Multi-Layer
100
AcDbHatch
10
0
20
0
30
0
210
0
220
0
230
1
2
SOLID
70
1
71
0
91
1
92
7
72
0
73
1
93
4
10
67.01813563627128
20
80.746761493523
10
68.61813563627129
20
80.746761493523
10
68.61813563627129
20
79.1719583439167
10
67.01813563627128
20
79.1719583439167
97
1
330

75
0
76
1
47
0.4128176842155181
98
1
10
34.90568961886538
20
22.81183545379326
450
0
451
0
460
0
461
0
452
1
462
1
453
2
463
0
63
5
421
255
463
1
63
7
421
16777215
470
LINEAR
1001
ACAD
1010
0
1020
0
1030
0
  0
CIRCLE
  5
a7b
330
1F
100
AcDbEntity
  8
TopSolderMaskLayer
100
AcDbCircle
 10
67.81813563627128
 20
107.747015494031
 30
0.0
 40
0.5158750317500634
0
HATCH
5
a7d
100
AcDbEntity
8
TopSolderMaskLayer
100
AcDbHatch
10
0
20
0
30
0
210
0
220
0
230
1
2
SOLID
70
1
71
0
91
1
92
7
72
0
73
1
93
4
10
66.99273558547117
20
108.55981711963426
10
68.64353568707139
20
108.55981711963426
10
68.64353568707139
20
106.93421386842775
10
66.99273558547117
20
106.93421386842775
97
1
330

75
0
76
1
47
0.4128176842155181
98
1
10
34.90568961886538
20
22.81183545379326
450
0
451
0
460
0
461
0
452
1
462
1
453
2
463
0
63
5
421
255
463
1
63
7
421
16777215
470
LINEAR
1001
ACAD
1010
0
1020
0
1030
0
  0
CIRCLE
  5
a7e
330
1F
100
AcDbEntity
  8
BottomSolderMaskLayer
100
AcDbCircle
 10
67.81813563627128
 20
107.747015494031
 30
0.0
 40
0.5158750317500634
0
HATCH
5
a80
100
AcDbEntity
8
BottomSolderMaskLayer
100
AcDbHatch
10
0
20
0
30
0
210
0
220
0
230
1
2
SOLID
70
1
71
0
91
1
92
7
72
0
73
1
93
4
10
66.99273558547117
20
108.55981711963426
10
68.64353568707139
20
108.55981711963426
10
68.64353568707139
20
106.93421386842775
10
66.99273558547117
20
106.93421386842775
97
1
330

75
0
76
1
47
0.4128176842155181
98
1
10
34.90568961886538
20
22.81183545379326
450
0
451
0
460
0
461
0
452
1
462
1
453
2
463
0
63
5
421
255
463
1
63
7
421
16777215
470
LINEAR
1001
ACAD
1010
0
1020
0
1030
0
  0
CIRCLE
  5
a81
330
1F
100
AcDbEntity
  8
Multi-Layer
100
AcDbCircle
 10
67.81813563627128
 20
107.747015494031
 30
0.0
 40
0.5
0
HATCH
5
a83
100
AcDbEntity
8
Multi-Layer
100
AcDbHatch
10
0
20
0
30
0
210
0
220
0
230
1
2
SOLID
70
1
71
0
91
1
92
7
72
0
73
1
93
4
10
67.01813563627128
20
108.53441706883416
10
68.61813563627129
20
108.53441706883416
10
68.61813563627129
20
106.95961391922786
10
67.01813563627128
20
106.95961391922786
97
1
330

75
0
76
1
47
0.4128176842155181
98
1
10
34.90568961886538
20
22.81183545379326
450
0
451
0
460
0
461
0
452
1
462
1
453
2
463
0
63
5
421
255
463
1
63
7
421
16777215
470
LINEAR
1001
ACAD
1010
0
1020
0
1030
0
0
HATCH
5
a86
100
AcDbEntity
8
TopSolderMaskLayer
100
AcDbHatch
10
0
20
0
30
0
210
0
220
0
230
1
2
SOLID
70
1
71
0
91
1
92
7
72
0
73
1
93
4
10
98.87759554228788
20
73.62755977196542
10
99.72839564388808
20
73.62755977196542
10
99.72839564388808
20
72.6767328366198
10
98.87759554228788
20
72.6767328366198
97
1
330

75
0
76
1
47
0.4128176842155181
98
1
10
34.90568961886538
20
22.81183545379326
450
0
451
0
460
0
461
0
452
1
462
1
453
2
463
0
63
5
421
255
463
1
63
7
421
16777215
470
LINEAR
1001
ACAD
1010
0
1020
0
1030
0
0
HATCH
5
a89
100
AcDbEntity
8
TopPasteMaskLayer
100
AcDbHatch
10
0
20
0
30
0
210
0
220
0
230
1
2
SOLID
70
1
71
0
91
1
92
7
72
0
73
1
93
4
10
98.90299720599442
20
73.60215900431803
10
99.70299720599444
20
73.60215900431803
10
99.70299720599444
20
72.70213360426722
10
98.90299720599442
20
72.70213360426722
97
1
330

75
0
76
1
47
0.4128176842155181
98
1
10
34.90568961886538
20
22.81183545379326
450
0
451
0
460
0
461
0
452
1
462
1
453
2
463
0
63
5
421
255
463
1
63
7
421
16777215
470
LINEAR
1001
ACAD
1010
0
1020
0
1030
0
0
HATCH
5
a8c
100
AcDbEntity
8
TopLayer
100
AcDbHatch
10
0
20
0
30
0
210
0
220
0
230
1
2
SOLID
70
1
71
0
91
1
92
7
72
0
73
1
93
4
10
98.90299720599442
20
73.60215900431803
10
99.70299720599444
20
73.60215900431803
10
99.70299720599444
20
72.70213360426722
10
98.90299720599442
20
72.70213360426722
97
1
330

75
0
76
1
47
0.4128176842155181
98
1
10
34.90568961886538
20
22.81183545379326
450
0
451
0
460
0
461
0
452
1
462
1
453
2
463
0
63
5
421
255
463
1
63
7
421
16777215
470
LINEAR
1001
ACAD
1010
0
1020
0
1030
0
0
HATCH
5
a8f
100
AcDbEntity
8
TopSolderMaskLayer
100
AcDbHatch
10
0
20
0
30
0
210
0
220
0
230
1
2
SOLID
70
1
71
0
91
1
92
7
72
0
73
1
93
4
10
97.47759876810078
20
73.62755977196542
10
98.32839886970096
20
73.62755977196542
10
98.32839886970096
20
72.6767328366198
10
97.47759876810078
20
72.6767328366198
97
1
330

75
0
76
1
47
0.4128176842155181
98
1
10
34.90568961886538
20
22.81183545379326
450
0
451
0
460
0
461
0
452
1
462
1
453
2
463
0
63
5
421
255
463
1
63
7
421
16777215
470
LINEAR
1001
ACAD
1010
0
1020
0
1030
0
0
HATCH
5
a92
100
AcDbEntity
8
TopPasteMaskLayer
100
AcDbHatch
10
0
20
0
30
0
210
0
220
0
230
1
2
SOLID
70
1
71
0
91
1
92
7
72
0
73
1
93
4
10
97.50299720599443
20
73.60215900431803
10
98.30299720599442
20
73.60215900431803
10
98.30299720599442
20
72.70213360426722
10
97.50299720599443
20
72.70213360426722
97
1
330

75
0
76
1
47
0.4128176842155181
98
1
10
34.90568961886538
20
22.81183545379326
450
0
451
0
460
0
461
0
452
1
462
1
453
2
463
0
63
5
421
255
463
1
63
7
421
16777215
470
LINEAR
1001
ACAD
1010
0
1020
0
1030
0
0
HATCH
5
a95
100
AcDbEntity
8
TopLayer
100
AcDbHatch
10
0
20
0
30
0
210
0
220
0
230
1
2
SOLID
70
1
71
0
91
1
92
7
72
0
73
1
93
4
10
97.50299720599443
20
73.60215900431803
10
98.30299720599442
20
73.60215900431803
10
98.30299720599442
20
72.70213360426722
10
97.50299720599443
20
72.70213360426722
97
1
330

75
0
76
1
47
0.4128176842155181
98
1
10
34.90568961886538
20
22.81183545379326
450
0
451
0
460
0
461
0
452
1
462
1
453
2
463
0
63
5
421
255
463
1
63
7
421
16777215
470
LINEAR
1001
ACAD
1010
0
1020
0
1030
0
0
HATCH
5
a98
100
AcDbEntity
8
TopSolderMaskLayer
100
AcDbHatch
10
0
20
0
30
0
210
0
220
0
230
1
2
SOLID
70
1
71
0
91
1
92
7
72
0
73
1
93
4
10
93.05980851746651
20
70.26436124733293
10
93.71060861906672
20
70.26436124733293
10
93.71060861906672
20
68.91356114573271
10
93.05980851746651
20
68.91356114573271
97
1
330

75
0
76
1
47
0.4128176842155181
98
1
10
34.90568961886538
20
22.81183545379326
450
0
451
0
460
0
461
0
452
1
462
1
453
2
463
0
63
5
421
255
463
1
63
7
421
16777215
470
LINEAR
1001
ACAD
1010
0
1020
0
1030
0
0
HATCH
5
a9b
100
AcDbEntity
8
TopPasteMaskLayer
100
AcDbHatch
10
0
20
0
30
0
210
0
220
0
230
1
2
SOLID
70
1
71
0
91
1
92
7
72
0
73
1
93
4
10
93.08521717043435
20
70.23896367792736
10
93.68521717043436
20
70.23896367792736
10
93.68521717043436
20
68.93896367792736
10
93.08521717043435
20
68.93896367792736
97
1
330

75
0
76
1
47
0.4128176842155181
98
1
10
34.90568961886538
20
22.81183545379326
450
0
451
0
460
0
461
0
452
1
462
1
453
2
463
0
63
5
421
255
463
1
63
7
421
16777215
470
LINEAR
1001
ACAD
1010
0
1020
0
1030
0
0
HATCH
5
a9e
100
AcDbEntity
8
TopLayer
100
AcDbHatch
10
0
20
0
30
0
210
0
220
0
230
1
2
SOLID
70
1
71
0
91
1
92
7
72
0
73
1
93
4
10
93.08521717043435
20
70.23896367792736
10
93.68521717043436
20
70.23896367792736
10
93.68521717043436
20
68.93896367792736
10
93.08521717043435
20
68.93896367792736
97
1
330

75
0
76
1
47
0.4128176842155181
98
1
10
34.90568961886538
20
22.81183545379326
450
0
451
0
460
0
461
0
452
1
462
1
453
2
463
0
63
5
421
255
463
1
63
7
421
16777215
470
LINEAR
1001
ACAD
1010
0
1020
0
1030
0
0
HATCH
5
aa1
100
AcDbEntity
8
TopSolderMaskLayer
100
AcDbHatch
10
0
20
0
30
0
210
0
220
0
230
1
2
SOLID
70
1
71
0
91
1
92
7
72
0
73
1
93
4
10
91.9598149690923
20
70.26436124733293
10
92.61061507069252
20
70.26436124733293
10
92.61061507069252
20
68.91356114573271
10
91.9598149690923
20
68.91356114573271
97
1
330

75
0
76
1
47
0.4128176842155181
98
1
10
34.90568961886538
20
22.81183545379326
450
0
451
0
460
0
461
0
452
1
462
1
453
2
463
0
63
5
421
255
463
1
63
7
421
16777215
470
LINEAR
1001
ACAD
1010
0
1020
0
1030
0
0
HATCH
5
aa4
100
AcDbEntity
8
TopPasteMaskLayer
100
AcDbHatch
10
0
20
0
30
0
210
0
220
0
230
1
2
SOLID
70
1
71
0
91
1
92
7
72
0
73
1
93
4
10
91.98521717043435
20
70.23896367792736
10
92.58521717043435
20
70.23896367792736
10
92.58521717043435
20
68.93896367792736
10
91.98521717043435
20
68.93896367792736
97
1
330

75
0
76
1
47
0.4128176842155181
98
1
10
34.90568961886538
20
22.81183545379326
450
0
451
0
460
0
461
0
452
1
462
1
453
2
463
0
63
5
421
255
463
1
63
7
421
16777215
470
LINEAR
1001
ACAD
1010
0
1020
0
1030
0
0
HATCH
5
aa7
100
AcDbEntity
8
TopLayer
100
AcDbHatch
10
0
20
0
30
0
210
0
220
0
230
1
2
SOLID
70
1
71
0
91
1
92
7
72
0
73
1
93
4
10
91.98521717043435
20
70.23896367792736
10
92.58521717043435
20
70.23896367792736
10
92.58521717043435
20
68.93896367792736
10
91.98521717043435
20
68.93896367792736
97
1
330

75
0
76
1
47
0.4128176842155181
98
1
10
34.90568961886538
20
22.81183545379326
450
0
451
0
460
0
461
0
452
1
462
1
453
2
463
0
63
5
421
255
463
1
63
7
421
16777215
470
LINEAR
1001
ACAD
1010
0
1020
0
1030
0
0
HATCH
5
aaa
100
AcDbEntity
8
TopSolderMaskLayer
100
AcDbHatch
10
0
20
0
30
0
210
0
220
0
230
1
2
SOLID
70
1
71
0
91
1
92
7
72
0
73
1
93
4
10
90.85982142071812
20
70.26436124733293
10
91.51062152231833
20
70.26436124733293
10
91.51062152231833
20
68.91356114573271
10
90.85982142071812
20
68.91356114573271
97
1
330

75
0
76
1
47
0.4128176842155181
98
1
10
34.90568961886538
20
22.81183545379326
450
0
451
0
460
0
461
0
452
1
462
1
453
2
463
0
63
5
421
255
463
1
63
7
421
16777215
470
LINEAR
1001
ACAD
1010
0
1020
0
1030
0
0
HATCH
5
aad
100
AcDbEntity
8
TopPasteMaskLayer
100
AcDbHatch
10
0
20
0
30
0
210
0
220
0
230
1
2
SOLID
70
1
71
0
91
1
92
7
72
0
73
1
93
4
10
90.88521717043434
20
70.23896367792736
10
91.48521717043435
20
70.23896367792736
10
91.48521717043435
20
68.93896367792736
10
90.88521717043434
20
68.93896367792736
97
1
330

75
0
76
1
47
0.4128176842155181
98
1
10
34.90568961886538
20
22.81183545379326
450
0
451
0
460
0
461
0
452
1
462
1
453
2
463
0
63
5
421
255
463
1
63
7
421
16777215
470
LINEAR
1001
ACAD
1010
0
1020
0
1030
0
0
HATCH
5
ab0
100
AcDbEntity
8
TopLayer
100
AcDbHatch
10
0
20
0
30
0
210
0
220
0
230
1
2
SOLID
70
1
71
0
91
1
92
7
72
0
73
1
93
4
10
90.88521717043434
20
70.23896367792736
10
91.48521717043435
20
70.23896367792736
10
91.48521717043435
20
68.93896367792736
10
90.88521717043434
20
68.93896367792736
97
1
330

75
0
76
1
47
0.4128176842155181
98
1
10
34.90568961886538
20
22.81183545379326
450
0
451
0
460
0
461
0
452
1
462
1
453
2
463
0
63
5
421
255
463
1
63
7
421
16777215
470
LINEAR
1001
ACAD
1010
0
1020
0
1030
0
0
HATCH
5
ab3
100
AcDbEntity
8
TopSolderMaskLayer
100
AcDbHatch
10
0
20
0
30
0
210
0
220
0
230
1
2
SOLID
70
1
71
0
91
1
92
7
72
0
73
1
93
4
10
89.75980636692456
20
70.26436124733293
10
90.41060646852478
20
70.26436124733293
10
90.41060646852478
20
68.91356114573271
10
89.75980636692456
20
68.91356114573271
97
1
330

75
0
76
1
47
0.4128176842155181
98
1
10
34.90568961886538
20
22.81183545379326
450
0
451
0
460
0
461
0
452
1
462
1
453
2
463
0
63
5
421
255
463
1
63
7
421
16777215
470
LINEAR
1001
ACAD
1010
0
1020
0
1030
0
0
HATCH
5
ab6
100
AcDbEntity
8
TopPasteMaskLayer
100
AcDbHatch
10
0
20
0
30
0
210
0
220
0
230
1
2
SOLID
70
1
71
0
91
1
92
7
72
0
73
1
93
4
10
89.78521717043435
20
70.23896367792736
10
90.38521717043436
20
70.23896367792736
10
90.38521717043436
20
68.93896367792736
10
89.78521717043435
20
68.93896367792736
97
1
330

75
0
76
1
47
0.4128176842155181
98
1
10
34.90568961886538
20
22.81183545379326
450
0
451
0
460
0
461
0
452
1
462
1
453
2
463
0
63
5
421
255
463
1
63
7
421
16777215
470
LINEAR
1001
ACAD
1010
0
1020
0
1030
0
0
HATCH
5
ab9
100
AcDbEntity
8
TopLayer
100
AcDbHatch
10
0
20
0
30
0
210
0
220
0
230
1
2
SOLID
70
1
71
0
91
1
92
7
72
0
73
1
93
4
10
89.78521717043435
20
70.23896367792736
10
90.38521717043436
20
70.23896367792736
10
90.38521717043436
20
68.93896367792736
10
89.78521717043435
20
68.93896367792736
97
1
330

75
0
76
1
47
0.4128176842155181
98
1
10
34.90568961886538
20
22.81183545379326
450
0
451
0
460
0
461
0
452
1
462
1
453
2
463
0
63
5
421
255
463
1
63
7
421
16777215
470
LINEAR
1001
ACAD
1010
0
1020
0
1030
0
0
HATCH
5
abc
100
AcDbEntity
8
TopSolderMaskLayer
100
AcDbHatch
10
0
20
0
30
0
210
0
220
0
230
1
2
SOLID
70
1
71
0
91
1
92
7
72
0
73
1
93
4
10
88.65981281855038
20
70.26436124733293
10
89.31061292015058
20
70.26436124733293
10
89.31061292015058
20
68.91356114573271
10
88.65981281855038
20
68.91356114573271
97
1
330

75
0
76
1
47
0.4128176842155181
98
1
10
34.90568961886538
20
22.81183545379326
450
0
451
0
460
0
461
0
452
1
462
1
453
2
463
0
63
5
421
255
463
1
63
7
421
16777215
470
LINEAR
1001
ACAD
1010
0
1020
0
1030
0
0
HATCH
5
abf
100
AcDbEntity
8
TopPasteMaskLayer
100
AcDbHatch
10
0
20
0
30
0
210
0
220
0
230
1
2
SOLID
70
1
71
0
91
1
92
7
72
0
73
1
93
4
10
88.68521717043436
20
70.23896367792736
10
89.28521717043435
20
70.23896367792736
10
89.28521717043435
20
68.93896367792736
10
88.68521717043436
20
68.93896367792736
97
1
330

75
0
76
1
47
0.4128176842155181
98
1
10
34.90568961886538
20
22.81183545379326
450
0
451
0
460
0
461
0
452
1
462
1
453
2
463
0
63
5
421
255
463
1
63
7
421
16777215
470
LINEAR
1001
ACAD
1010
0
1020
0
1030
0
0
HATCH
5
ac2
100
AcDbEntity
8
TopLayer
100
AcDbHatch
10
0
20
0
30
0
210
0
220
0
230
1
2
SOLID
70
1
71
0
91
1
92
7
72
0
73
1
93
4
10
88.68521717043436
20
70.23896367792736
10
89.28521717043435
20
70.23896367792736
10
89.28521717043435
20
68.93896367792736
10
88.68521717043436
20
68.93896367792736
97
1
330

75
0
76
1
47
0.4128176842155181
98
1
10
34.90568961886538
20
22.81183545379326
450
0
451
0
460
0
461
0
452
1
462
1
453
2
463
0
63
5
421
255
463
1
63
7
421
16777215
470
LINEAR
1001
ACAD
1010
0
1020
0
1030
0
0
HATCH
5
ac5
100
AcDbEntity
8
TopSolderMaskLayer
100
AcDbHatch
10
0
20
0
30
0
210
0
220
0
230
1
2
SOLID
70
1
71
0
91
1
92
7
72
0
73
1
93
4
10
87.55981927017618
20
70.26436124733293
10
88.2106193717764
20
70.26436124733293
10
88.2106193717764
20
68.91356114573271
10
87.55981927017618
20
68.91356114573271
97
1
330

75
0
76
1
47
0.4128176842155181
98
1
10
34.90568961886538
20
22.81183545379326
450
0
451
0
460
0
461
0
452
1
462
1
453
2
463
0
63
5
421
255
463
1
63
7
421
16777215
470
LINEAR
1001
ACAD
1010
0
1020
0
1030
0
0
HATCH
5
ac8
100
AcDbEntity
8
TopPasteMaskLayer
100
AcDbHatch
10
0
20
0
30
0
210
0
220
0
230
1
2
SOLID
70
1
71
0
91
1
92
7
72
0
73
1
93
4
10
87.58521717043435
20
70.23896367792736
10
88.18521717043436
20
70.23896367792736
10
88.18521717043436
20
68.93896367792736
10
87.58521717043435
20
68.93896367792736
97
1
330

75
0
76
1
47
0.4128176842155181
98
1
10
34.90568961886538
20
22.81183545379326
450
0
451
0
460
0
461
0
452
1
462
1
453
2
463
0
63
5
421
255
463
1
63
7
421
16777215
470
LINEAR
1001
ACAD
1010
0
1020
0
1030
0
0
HATCH
5
acb
100
AcDbEntity
8
TopLayer
100
AcDbHatch
10
0
20
0
30
0
210
0
220
0
230
1
2
SOLID
70
1
71
0
91
1
92
7
72
0
73
1
93
4
10
87.58521717043435
20
70.23896367792736
10
88.18521717043436
20
70.23896367792736
10
88.18521717043436
20
68.93896367792736
10
87.58521717043435
20
68.93896367792736
97
1
330

75
0
76
1
47
0.4128176842155181
98
1
10
34.90568961886538
20
22.81183545379326
450
0
451
0
460
0
461
0
452
1
462
1
453
2
463
0
63
5
421
255
463
1
63
7
421
16777215
470
LINEAR
1001
ACAD
1010
0
1020
0
1030
0
0
HATCH
5
ace
100
AcDbEntity
8
TopSolderMaskLayer
100
AcDbHatch
10
0
20
0
30
0
210
0
220
0
230
1
2
SOLID
70
1
71
0
91
1
92
7
72
0
73
1
93
4
10
86.45982572180199
20
70.26436124733293
10
87.11062582340219
20
70.26436124733293
10
87.11062582340219
20
68.91356114573271
10
86.45982572180199
20
68.91356114573271
97
1
330

75
0
76
1
47
0.4128176842155181
98
1
10
34.90568961886538
20
22.81183545379326
450
0
451
0
460
0
461
0
452
1
462
1
453
2
463
0
63
5
421
255
463
1
63
7
421
16777215
470
LINEAR
1001
ACAD
1010
0
1020
0
1030
0
0
HATCH
5
ad1
100
AcDbEntity
8
TopPasteMaskLayer
100
AcDbHatch
10
0
20
0
30
0
210
0
220
0
230
1
2
SOLID
70
1
71
0
91
1
92
7
72
0
73
1
93
4
10
86.48521717043435
20
70.23896367792736
10
87.08521717043435
20
70.23896367792736
10
87.08521717043435
20
68.93896367792736
10
86.48521717043435
20
68.93896367792736
97
1
330

75
0
76
1
47
0.4128176842155181
98
1
10
34.90568961886538
20
22.81183545379326
450
0
451
0
460
0
461
0
452
1
462
1
453
2
463
0
63
5
421
255
463
1
63
7
421
16777215
470
LINEAR
1001
ACAD
1010
0
1020
0
1030
0
0
HATCH
5
ad4
100
AcDbEntity
8
TopLayer
100
AcDbHatch
10
0
20
0
30
0
210
0
220
0
230
1
2
SOLID
70
1
71
0
91
1
92
7
72
0
73
1
93
4
10
86.48521717043435
20
70.23896367792736
10
87.08521717043435
20
70.23896367792736
10
87.08521717043435
20
68.93896367792736
10
86.48521717043435
20
68.93896367792736
97
1
330

75
0
76
1
47
0.4128176842155181
98
1
10
34.90568961886538
20
22.81183545379326
450
0
451
0
460
0
461
0
452
1
462
1
453
2
463
0
63
5
421
255
463
1
63
7
421
16777215
470
LINEAR
1001
ACAD
1010
0
1020
0
1030
0
0
HATCH
5
ad7
100
AcDbEntity
8
TopSolderMaskLayer
100
AcDbHatch
10
0
20
0
30
0
210
0
220
0
230
1
2
SOLID
70
1
71
0
91
1
92
7
72
0
73
1
93
4
10
85.35981066800845
20
70.26436124733293
10
86.01061076960865
20
70.26436124733293
10
86.01061076960865
20
68.91356114573271
10
85.35981066800845
20
68.91356114573271
97
1
330

75
0
76
1
47
0.4128176842155181
98
1
10
34.90568961886538
20
22.81183545379326
450
0
451
0
460
0
461
0
452
1
462
1
453
2
463
0
63
5
421
255
463
1
63
7
421
16777215
470
LINEAR
1001
ACAD
1010
0
1020
0
1030
0
0
HATCH
5
ada
100
AcDbEntity
8
TopPasteMaskLayer
100
AcDbHatch
10
0
20
0
30
0
210
0
220
0
230
1
2
SOLID
70
1
71
0
91
1
92
7
72
0
73
1
93
4
10
85.38521717043436
20
70.23896367792736
10
85.98521717043435
20
70.23896367792736
10
85.98521717043435
20
68.93896367792736
10
85.38521717043436
20
68.93896367792736
97
1
330

75
0
76
1
47
0.4128176842155181
98
1
10
34.90568961886538
20
22.81183545379326
450
0
451
0
460
0
461
0
452
1
462
1
453
2
463
0
63
5
421
255
463
1
63
7
421
16777215
470
LINEAR
1001
ACAD
1010
0
1020
0
1030
0
0
HATCH
5
add
100
AcDbEntity
8
TopLayer
100
AcDbHatch
10
0
20
0
30
0
210
0
220
0
230
1
2
SOLID
70
1
71
0
91
1
92
7
72
0
73
1
93
4
10
85.38521717043436
20
70.23896367792736
10
85.98521717043435
20
70.23896367792736
10
85.98521717043435
20
68.93896367792736
10
85.38521717043436
20
68.93896367792736
97
1
330

75
0
76
1
47
0.4128176842155181
98
1
10
34.90568961886538
20
22.81183545379326
450
0
451
0
460
0
461
0
452
1
462
1
453
2
463
0
63
5
421
255
463
1
63
7
421
16777215
470
LINEAR
1001
ACAD
1010
0
1020
0
1030
0
0
HATCH
5
ae0
100
AcDbEntity
8
TopSolderMaskLayer
100
AcDbHatch
10
0
20
0
30
0
210
0
220
0
230
1
2
SOLID
70
1
71
0
91
1
92
7
72
0
73
1
93
4
10
84.25981711963423
20
70.26436124733293
10
84.91061722123446
20
70.26436124733293
10
84.91061722123446
20
68.91356114573271
10
84.25981711963423
20
68.91356114573271
97
1
330

75
0
76
1
47
0.4128176842155181
98
1
10
34.90568961886538
20
22.81183545379326
450
0
451
0
460
0
461
0
452
1
462
1
453
2
463
0
63
5
421
255
463
1
63
7
421
16777215
470
LINEAR
1001
ACAD
1010
0
1020
0
1030
0
0
HATCH
5
ae3
100
AcDbEntity
8
TopPasteMaskLayer
100
AcDbHatch
10
0
20
0
30
0
210
0
220
0
230
1
2
SOLID
70
1
71
0
91
1
92
7
72
0
73
1
93
4
10
84.28521717043435
20
70.23896367792736
10
84.88521717043436
20
70.23896367792736
10
84.88521717043436
20
68.93896367792736
10
84.28521717043435
20
68.93896367792736
97
1
330

75
0
76
1
47
0.4128176842155181
98
1
10
34.90568961886538
20
22.81183545379326
450
0
451
0
460
0
461
0
452
1
462
1
453
2
463
0
63
5
421
255
463
1
63
7
421
16777215
470
LINEAR
1001
ACAD
1010
0
1020
0
1030
0
0
HATCH
5
ae6
100
AcDbEntity
8
TopLayer
100
AcDbHatch
10
0
20
0
30
0
210
0
220
0
230
1
2
SOLID
70
1
71
0
91
1
92
7
72
0
73
1
93
4
10
84.28521717043435
20
70.23896367792736
10
84.88521717043436
20
70.23896367792736
10
84.88521717043436
20
68.93896367792736
10
84.28521717043435
20
68.93896367792736
97
1
330

75
0
76
1
47
0.4128176842155181
98
1
10
34.90568961886538
20
22.81183545379326
450
0
451
0
460
0
461
0
452
1
462
1
453
2
463
0
63
5
421
255
463
1
63
7
421
16777215
470
LINEAR
1001
ACAD
1010
0
1020
0
1030
0
0
HATCH
5
ae9
100
AcDbEntity
8
TopSolderMaskLayer
100
AcDbHatch
10
0
20
0
30
0
210
0
220
0
230
1
2
SOLID
70
1
71
0
91
1
92
7
72
0
73
1
93
4
10
82.85982034544715
20
69.46413881491358
10
84.11062044704735
20
69.46413881491358
10
84.11062044704735
20
68.01333871331337
10
82.85982034544715
20
68.01333871331337
97
1
330

75
0
76
1
47
0.4128176842155181
98
1
10
34.90568961886538
20
22.81183545379326
450
0
451
0
460
0
461
0
452
1
462
1
453
2
463
0
63
5
421
255
463
1
63
7
421
16777215
470
LINEAR
1001
ACAD
1010
0
1020
0
1030
0
0
HATCH
5
aec
100
AcDbEntity
8
TopPasteMaskLayer
100
AcDbHatch
10
0
20
0
30
0
210
0
220
0
230
1
2
SOLID
70
1
71
0
91
1
92
7
72
0
73
1
93
4
10
82.88521717043434
20
69.43873507747016
10
84.08521717043435
20
69.43873507747016
10
84.08521717043435
20
68.03873507747016
10
82.88521717043434
20
68.03873507747016
97
1
330

75
0
76
1
47
0.4128176842155181
98
1
10
34.90568961886538
20
22.81183545379326
450
0
451
0
460
0
461
0
452
1
462
1
453
2
463
0
63
5
421
255
463
1
63
7
421
16777215
470
LINEAR
1001
ACAD
1010
0
1020
0
1030
0
0
HATCH
5
aef
100
AcDbEntity
8
TopLayer
100
AcDbHatch
10
0
20
0
30
0
210
0
220
0
230
1
2
SOLID
70
1
71
0
91
1
92
7
72
0
73
1
93
4
10
82.88521717043434
20
69.43873507747016
10
84.08521717043435
20
69.43873507747016
10
84.08521717043435
20
68.03873507747016
10
82.88521717043434
20
68.03873507747016
97
1
330

75
0
76
1
47
0.4128176842155181
98
1
10
34.90568961886538
20
22.81183545379326
450
0
451
0
460
0
461
0
452
1
462
1
453
2
463
0
63
5
421
255
463
1
63
7
421
16777215
470
LINEAR
1001
ACAD
1010
0
1020
0
1030
0
0
HATCH
5
af2
100
AcDbEntity
8
TopSolderMaskLayer
100
AcDbHatch
10
0
20
0
30
0
210
0
220
0
230
1
2
SOLID
70
1
71
0
91
1
92
7
72
0
73
1
93
4
10
97.5398483786215
20
69.46413881491358
10
98.79064848022169
20
69.46413881491358
10
98.79064848022169
20
68.01333871331337
10
97.5398483786215
20
68.01333871331337
97
1
330

75
0
76
1
47
0.4128176842155181
98
1
10
34.90568961886538
20
22.81183545379326
450
0
451
0
460
0
461
0
452
1
462
1
453
2
463
0
63
5
421
255
463
1
63
7
421
16777215
470
LINEAR
1001
ACAD
1010
0
1020
0
1030
0
0
HATCH
5
af5
100
AcDbEntity
8
TopPasteMaskLayer
100
AcDbHatch
10
0
20
0
30
0
210
0
220
0
230
1
2
SOLID
70
1
71
0
91
1
92
7
72
0
73
1
93
4
10
97.56525273050548
20
69.43873507747016
10
98.76525273050547
20
69.43873507747016
10
98.76525273050547
20
68.03873507747016
10
97.56525273050548
20
68.03873507747016
97
1
330

75
0
76
1
47
0.4128176842155181
98
1
10
34.90568961886538
20
22.81183545379326
450
0
451
0
460
0
461
0
452
1
462
1
453
2
463
0
63
5
421
255
463
1
63
7
421
16777215
470
LINEAR
1001
ACAD
1010
0
1020
0
1030
0
0
HATCH
5
af8
100
AcDbEntity
8
TopLayer
100
AcDbHatch
10
0
20
0
30
0
210
0
220
0
230
1
2
SOLID
70
1
71
0
91
1
92
7
72
0
73
1
93
4
10
97.56525273050548
20
69.43873507747016
10
98.76525273050547
20
69.43873507747016
10
98.76525273050547
20
68.03873507747016
10
97.56525273050548
20
68.03873507747016
97
1
330

75
0
76
1
47
0.4128176842155181
98
1
10
34.90568961886538
20
22.81183545379326
450
0
451
0
460
0
461
0
452
1
462
1
453
2
463
0
63
5
421
255
463
1
63
7
421
16777215
470
LINEAR
1001
ACAD
1010
0
1020
0
1030
0
0
HATCH
5
afb
100
AcDbEntity
8
TopSolderMaskLayer
100
AcDbHatch
10
0
20
0
30
0
210
0
220
0
230
1
2
SOLID
70
1
71
0
91
1
92
7
72
0
73
1
93
4
10
98.21920458894681
20
60.06233430531378
10
99.47000469054703
20
60.06233430531378
10
99.47000469054703
20
58.01153420371357
10
98.21920458894681
20
58.01153420371357
97
1
330

75
0
76
1
47
0.4128176842155181
98
1
10
34.90568961886538
20
22.81183545379326
450
0
451
0
460
0
461
0
452
1
462
1
453
2
463
0
63
5
421
255
463
1
63
7
421
16777215
470
LINEAR
1001
ACAD
1010
0
1020
0
1030
0
0
HATCH
5
afe
100
AcDbEntity
8
TopPasteMaskLayer
100
AcDbHatch
10
0
20
0
30
0
210
0
220
0
230
1
2
SOLID
70
1
71
0
91
1
92
7
72
0
73
1
93
4
10
98.244602489205
20
60.03693167386336
10
99.44460248920498
20
60.03693167386336
10
99.44460248920498
20
58.03693167386336
10
98.244602489205
20
58.03693167386336
97
1
330

75
0
76
1
47
0.4128176842155181
98
1
10
34.90568961886538
20
22.81183545379326
450
0
451
0
460
0
461
0
452
1
462
1
453
2
463
0
63
5
421
255
463
1
63
7
421
16777215
470
LINEAR
1001
ACAD
1010
0
1020
0
1030
0
0
HATCH
5
b01
100
AcDbEntity
8
TopLayer
100
AcDbHatch
10
0
20
0
30
0
210
0
220
0
230
1
2
SOLID
70
1
71
0
91
1
92
7
72
0
73
1
93
4
10
98.244602489205
20
60.03693167386336
10
99.44460248920498
20
60.03693167386336
10
99.44460248920498
20
58.03693167386336
10
98.244602489205
20
58.03693167386336
97
1
330

75
0
76
1
47
0.4128176842155181
98
1
10
34.90568961886538
20
22.81183545379326
450
0
451
0
460
0
461
0
452
1
462
1
453
2
463
0
63
5
421
255
463
1
63
7
421
16777215
470
LINEAR
1001
ACAD
1010
0
1020
0
1030
0
0
HATCH
5
b04
100
AcDbEntity
8
TopSolderMaskLayer
100
AcDbHatch
10
0
20
0
30
0
210
0
220
0
230
1
2
SOLID
70
1
71
0
91
1
92
7
72
0
73
1
93
4
10
82.69915964778167
20
60.06233430531378
10
83.94995974938188
20
60.06233430531378
10
83.94995974938188
20
58.01153420371357
10
82.69915964778167
20
58.01153420371357
97
1
330

75
0
76
1
47
0.4128176842155181
98
1
10
34.90568961886538
20
22.81183545379326
450
0
451
0
460
0
461
0
452
1
462
1
453
2
463
0
63
5
421
255
463
1
63
7
421
16777215
470
LINEAR
1001
ACAD
1010
0
1020
0
1030
0
0
HATCH
5
b07
100
AcDbEntity
8
TopPasteMaskLayer
100
AcDbHatch
10
0
20
0
30
0
210
0
220
0
230
1
2
SOLID
70
1
71
0
91
1
92
7
72
0
73
1
93
4
10
82.7245618491237
20
60.03693167386336
10
83.9245618491237
20
60.03693167386336
10
83.9245618491237
20
58.03693167386336
10
82.7245618491237
20
58.03693167386336
97
1
330

75
0
76
1
47
0.4128176842155181
98
1
10
34.90568961886538
20
22.81183545379326
450
0
451
0
460
0
461
0
452
1
462
1
453
2
463
0
63
5
421
255
463
1
63
7
421
16777215
470
LINEAR
1001
ACAD
1010
0
1020
0
1030
0
0
HATCH
5
b0a
100
AcDbEntity
8
TopLayer
100
AcDbHatch
10
0
20
0
30
0
210
0
220
0
230
1
2
SOLID
70
1
71
0
91
1
92
7
72
0
73
1
93
4
10
82.7245618491237
20
60.03693167386336
10
83.9245618491237
20
60.03693167386336
10
83.9245618491237
20
58.03693167386336
10
82.7245618491237
20
58.03693167386336
97
1
330

75
0
76
1
47
0.4128176842155181
98
1
10
34.90568961886538
20
22.81183545379326
450
0
451
0
460
0
461
0
452
1
462
1
453
2
463
0
63
5
421
255
463
1
63
7
421
16777215
470
LINEAR
1001
ACAD
1010
0
1020
0
1030
0
0
HATCH
5
b0d
100
AcDbEntity
8
TopSolderMaskLayer
100
AcDbHatch
10
0
20
0
30
0
210
0
220
0
230
1
2
SOLID
70
1
71
0
91
1
92
7
72
0
73
1
93
4
10
107.22501798146213
20
67.65344208616415
10
107.22501798146213
20
69.4052320311841
10
108.48333649809918
20
69.4052320311841
10
108.48333649809918
20
67.65344208616415
97
1
330

75
0
76
1
47
0.4128176842155181
98
1
10
34.90568961886538
20
22.81183545379326
450
0
451
0
460
0
461
0
452
1
462
1
453
2
463
0
63
5
421
255
463
1
63
7
421
16777215
470
LINEAR
1001
ACAD
1010
0
1020
0
1030
0
0
HATCH
5
b10
100
AcDbEntity
8
TopLayer
100
AcDbHatch
10
0
20
0
30
0
210
0
220
0
230
1
2
SOLID
70
1
71
0
91
1
92
7
72
0
73
1
93
4
10
107.25041910083822
20
67.67884175768351
10
107.25041910083822
20
69.37983235966472
10
108.45793751587505
20
69.37983235966472
10
108.45793751587505
20
67.67884175768351
97
1
330

75
0
76
1
47
0.4128176842155181
98
1
10
34.90568961886538
20
22.81183545379326
450
0
451
0
460
0
461
0
452
1
462
1
453
2
463
0
63
5
421
255
463
1
63
7
421
16777215
470
LINEAR
1001
ACAD
1010
0
1020
0
1030
0
0
HATCH
5
b13
100
AcDbEntity
8
TopSolderMaskLayer
100
AcDbHatch
10
0
20
0
30
0
210
0
220
0
230
1
2
SOLID
70
1
71
0
91
1
92
7
72
0
73
1
93
4
10
105.52580752018889
20
67.65344208616415
10
105.52580752018889
20
69.4052320311841
10
104.26748900355184
20
69.4052320311841
10
104.26748900355184
20
67.65344208616415
97
1
330

75
0
76
1
47
0.4128176842155181
98
1
10
34.90568961886538
20
22.81183545379326
450
0
451
0
460
0
461
0
452
1
462
1
453
2
463
0
63
5
421
255
463
1
63
7
421
16777215
470
LINEAR
1001
ACAD
1010
0
1020
0
1030
0
0
HATCH
5
b16
100
AcDbEntity
8
TopLayer
100
AcDbHatch
10
0
20
0
30
0
210
0
220
0
230
1
2
SOLID
70
1
71
0
91
1
92
7
72
0
73
1
93
4
10
105.5004064008128
20
67.67884175768351
10
105.5004064008128
20
69.37983235966472
10
104.29288798577598
20
69.37983235966472
10
104.29288798577598
20
67.67884175768351
97
1
330

75
0
76
1
47
0.4128176842155181
98
1
10
34.90568961886538
20
22.81183545379326
450
0
451
0
460
0
461
0
452
1
462
1
453
2
463
0
63
5
421
255
463
1
63
7
421
16777215
470
LINEAR
1001
ACAD
1010
0
1020
0
1030
0
0
HATCH
5
b19
100
AcDbEntity
8
TopSolderMaskLayer
100
AcDbHatch
10
0
20
0
30
0
210
0
220
0
230
1
2
SOLID
70
1
71
0
91
1
92
7
72
0
73
1
93
4
10
105.85341523825664
20
69.99024675977348
10
105.85341523825664
20
71.74203670479346
10
107.1117337548937
20
71.74203670479346
10
107.1117337548937
20
69.99024675977348
97
1
330

75
0
76
1
47
0.4128176842155181
98
1
10
34.90568961886538
20
22.81183545379326
450
0
451
0
460
0
461
0
452
1
462
1
453
2
463
0
63
5
421
255
463
1
63
7
421
16777215
470
LINEAR
1001
ACAD
1010
0
1020
0
1030
0
0
HATCH
5
b1c
100
AcDbEntity
8
TopLayer
100
AcDbHatch
10
0
20
0
30
0
210
0
220
0
230
1
2
SOLID
70
1
71
0
91
1
92
7
72
0
73
1
93
4
10
105.87881635763273
20
70.01564643129286
10
105.87881635763273
20
71.71663703327408
10
107.08633477266956
20
71.71663703327408
10
107.08633477266956
20
70.01564643129286
97
1
330

75
0
76
1
47
0.4128176842155181
98
1
10
34.90568961886538
20
22.81183545379326
450
0
451
0
460
0
461
0
452
1
462
1
453
2
463
0
63
5
421
255
463
1
63
7
421
16777215
470
LINEAR
1001
ACAD
1010
0
1020
0
1030
0
0
HATCH
5
b1f
100
AcDbEntity
8
TopSolderMaskLayer
100
AcDbHatch
10
0
20
0
30
0
210
0
220
0
230
1
2
SOLID
70
1
71
0
91
1
92
7
72
0
73
1
93
4
10
104.1542047769834
20
69.99024675977348
10
104.1542047769834
20
71.74203670479346
10
102.89588626034636
20
71.74203670479346
10
102.89588626034636
20
69.99024675977348
97
1
330

75
0
76
1
47
0.4128176842155181
98
1
10
34.90568961886538
20
22.81183545379326
450
0
451
0
460
0
461
0
452
1
462
1
453
2
463
0
63
5
421
255
463
1
63
7
421
16777215
470
LINEAR
1001
ACAD
1010
0
1020
0
1030
0
0
HATCH
5
b22
100
AcDbEntity
8
TopLayer
100
AcDbHatch
10
0
20
0
30
0
210
0
220
0
230
1
2
SOLID
70
1
71
0
91
1
92
7
72
0
73
1
93
4
10
104.12880365760734
20
70.01564643129286
10
104.12880365760734
20
71.71663703327408
10
102.92128524257049
20
71.71663703327408
10
102.92128524257049
20
70.01564643129286
97
1
330

75
0
76
1
47
0.4128176842155181
98
1
10
34.90568961886538
20
22.81183545379326
450
0
451
0
460
0
461
0
452
1
462
1
453
2
463
0
63
5
421
255
463
1
63
7
421
16777215
470
LINEAR
1001
ACAD
1010
0
1020
0
1030
0
  0
CIRCLE
  5
b86
330
1F
100
AcDbEntity
  8
Multi-Layer
100
AcDbCircle
 10
122.93649987299976
 20
132.74498348996698
 30
0.0
 40
0.30500381000762006
  0
CIRCLE
  5
b87
330
1F
100
AcDbEntity
  8
Hole
100
AcDbCircle
 10
122.93649987299976
 20
132.74498348996698
 30
0.0
 40
0.15001270002540007
  0
CIRCLE
  5
b88
330
1F
100
AcDbEntity
  8
Multi-Layer
100
AcDbCircle
 10
118.02641605283212
 20
72.89636779273559
 30
0.0
 40
0.30500381000762006
  0
CIRCLE
  5
b89
330
1F
100
AcDbEntity
  8
Hole
100
AcDbCircle
 10
118.02641605283212
 20
72.89636779273559
 30
0.0
 40
0.15001270002540007
  0
CIRCLE
  5
b8a
330
1F
100
AcDbEntity
  8
Multi-Layer
100
AcDbCircle
 10
79.82169164338329
 20
88.54686309372619
 30
0.0
 40
0.30500381000762006
  0
CIRCLE
  5
b8b
330
1F
100
AcDbEntity
  8
Hole
100
AcDbCircle
 10
79.82169164338329
 20
88.54686309372619
 30
0.0
 40
0.15001270002540007
  0
CIRCLE
  5
b8c
330
1F
100
AcDbEntity
  8
Multi-Layer
100
AcDbCircle
 10
110.54076708153418
 20
70.83870967741936
 30
0.0
 40
0.30500381000762006
  0
CIRCLE
  5
b8d
330
1F
100
AcDbEntity
  8
Hole
100
AcDbCircle
 10
110.54076708153418
 20
70.83870967741936
 30
0.0
 40
0.15001270002540007
  0
CIRCLE
  5
b8e
330
1F
100
AcDbEntity
  8
Multi-Layer
100
AcDbCircle
 10
103.69494538989079
 20
74.36347472694946
 30
0.0
 40
0.30500381000762006
  0
CIRCLE
  5
b8f
330
1F
100
AcDbEntity
  8
Hole
100
AcDbCircle
 10
103.69494538989079
 20
74.36347472694946
 30
0.0
 40
0.15001270002540007
  0
CIRCLE
  5
b90
330
1F
100
AcDbEntity
  8
Multi-Layer
100
AcDbCircle
 10
105.81737363474728
 20
75.88392176784355
 30
0.0
 40
0.30500381000762006
  0
CIRCLE
  5
b91
330
1F
100
AcDbEntity
  8
Hole
100
AcDbCircle
 10
105.81737363474728
 20
75.88392176784355
 30
0.0
 40
0.15001270002540007
  0
CIRCLE
  5
b92
330
1F
100
AcDbEntity
  8
Multi-Layer
100
AcDbCircle
 10
118.77673355346712
 20
133.85877571755145
 30
0.0
 40
0.3500127000254001
  0
CIRCLE
  5
b93
330
1F
100
AcDbEntity
  8
Hole
100
AcDbCircle
 10
118.77673355346712
 20
133.85877571755145
 30
0.0
 40
0.32999745999492003
  0
CIRCLE
  5
b94
330
1F
100
AcDbEntity
  8
Multi-Layer
100
AcDbCircle
 10
106.1216662433325
 20
133.6954533909068
 30
0.0
 40
0.3500127000254001
  0
CIRCLE
  5
b95
330
1F
100
AcDbEntity
  8
Hole
100
AcDbCircle
 10
106.1216662433325
 20
133.6954533909068
 30
0.0
 40
0.32999745999492003
  0
CIRCLE
  5
b96
330
1F
100
AcDbEntity
  8
Multi-Layer
100
AcDbCircle
 10
95.05003810007621
 20
81.04013208026417
 30
0.0
 40
0.30500381000762006
  0
CIRCLE
  5
b97
330
1F
100
AcDbEntity
  8
Hole
100
AcDbCircle
 10
95.05003810007621
 20
81.04013208026417
 30
0.0
 40
0.15001270002540007
  0
CIRCLE
  5
b98
330
1F
100
AcDbEntity
  8
Multi-Layer
100
AcDbCircle
 10
76.3261366522733
 20
106.6220472440945
 30
0.0
 40
0.30500381000762006
  0
CIRCLE
  5
b99
330
1F
100
AcDbEntity
  8
Hole
100
AcDbCircle
 10
76.3261366522733
 20
106.6220472440945
 30
0.0
 40
0.15001270002540007
  0
CIRCLE
  5
b9a
330
1F
100
AcDbEntity
  8
Multi-Layer
100
AcDbCircle
 10
89.40817881635765
 20
80.38938277876557
 30
0.0
 40
0.30500381000762006
  0
CIRCLE
  5
b9b
330
1F
100
AcDbEntity
  8
Hole
100
AcDbCircle
 10
89.40817881635765
 20
80.38938277876557
 30
0.0
 40
0.15001270002540007
  0
CIRCLE
  5
b9c
330
1F
100
AcDbEntity
  8
Multi-Layer
100
AcDbCircle
 10
120.3962407924816
 20
132.15240030480064
 30
0.0
 40
0.30500381000762006
  0
CIRCLE
  5
b9d
330
1F
100
AcDbEntity
  8
Hole
100
AcDbCircle
 10
120.3962407924816
 20
132.15240030480064
 30
0.0
 40
0.15001270002540007
  0
CIRCLE
  5
b9e
330
1F
100
AcDbEntity
  8
Multi-Layer
100
AcDbCircle
 10
103.58140716281434
 20
111.9728219456439
 30
0.0
 40
0.30500381000762006
  0
CIRCLE
  5
b9f
330
1F
100
AcDbEntity
  8
Hole
100
AcDbCircle
 10
103.58140716281434
 20
111.9728219456439
 30
0.0
 40
0.15001270002540007
  0
CIRCLE
  5
ba0
330
1F
100
AcDbEntity
  8
Multi-Layer
100
AcDbCircle
 10
74.57454914909832
 20
136.46456692913387
 30
0.0
 40
0.30500381000762006
  0
CIRCLE
  5
ba1
330
1F
100
AcDbEntity
  8
Hole
100
AcDbCircle
 10
74.57454914909832
 20
136.46456692913387
 30
0.0
 40
0.15001270002540007
  0
CIRCLE
  5
ba2
330
1F
100
AcDbEntity
  8
Multi-Layer
100
AcDbCircle
 10
102.61645923291847
 20
136.23291846583697
 30
0.0
 40
0.30500381000762006
  0
CIRCLE
  5
ba3
330
1F
100
AcDbEntity
  8
Hole
100
AcDbCircle
 10
102.61645923291847
 20
136.23291846583697
 30
0.0
 40
0.15001270002540007
  0
CIRCLE
  5
ba4
330
1F
100
AcDbEntity
  8
Multi-Layer
100
AcDbCircle
 10
101.04165608331218
 20
112.77038354076709
 30
0.0
 40
0.30500381000762006
  0
CIRCLE
  5
ba5
330
1F
100
AcDbEntity
  8
Hole
100
AcDbCircle
 10
101.04165608331218
 20
112.77038354076709
 30
0.0
 40
0.15001270002540007
  0
CIRCLE
  5
ba6
330
1F
100
AcDbEntity
  8
Multi-Layer
100
AcDbCircle
 10
91.18516637033275
 20
76.18491236982474
 30
0.0
 40
0.30500381000762006
  0
CIRCLE
  5
ba7
330
1F
100
AcDbEntity
  8
Hole
100
AcDbCircle
 10
91.18516637033275
 20
76.18491236982474
 30
0.0
 40
0.15001270002540007
  0
CIRCLE
  5
ba8
330
1F
100
AcDbEntity
  8
Multi-Layer
100
AcDbCircle
 10
96.95097790195582
 20
76.55397510795022
 30
0.0
 40
0.30500381000762006
  0
CIRCLE
  5
ba9
330
1F
100
AcDbEntity
  8
Hole
100
AcDbCircle
 10
96.95097790195582
 20
76.55397510795022
 30
0.0
 40
0.15001270002540007
  0
CIRCLE
  5
baa
330
1F
100
AcDbEntity
  8
Multi-Layer
100
AcDbCircle
 10
74.16814833629668
 20
68.37693675387351
 30
0.0
 40
2.5
  0
CIRCLE
  5
bab
330
1F
100
AcDbEntity
  8
Multi-Layer
100
AcDbCircle
 10
92.35458470916943
 20
130.65786131572264
 30
0.0
 40
1.4998729997459996
  0
CIRCLE
  5
bac
330
1F
100
AcDbEntity
  8
Multi-Layer
100
AcDbCircle
 10
60.50292100584202
 20
111.20142240284483
 30
0.0
 40
1.4998729997459996
  0
CIRCLE
  5
bad
330
1F
100
AcDbEntity
  8
Multi-Layer
100
AcDbCircle
 10
122.02184404368809
 20
113.69062738125479
 30
0.0
 40
2.5
  0
CIRCLE
  5
bae
330
1F
100
AcDbEntity
  8
Multi-Layer
100
AcDbCircle
 10
131.4706629413259
 20
107.5946151892304
 30
0.0
 40
1.4998729997459996
  0
CIRCLE
  5
baf
330
1F
100
AcDbEntity
  8
Multi-Layer
100
AcDbCircle
 10
131.62306324612652
 20
79.80695961391923
 30
0.0
 40
1.4998729997459996
  0
CIRCLE
  5
bb0
330
1F
100
AcDbEntity
  8
Multi-Layer
100
AcDbCircle
 10
86.13462026924056
 20
58.83489966979935
 30
0.0
 40
0.5
  0
CIRCLE
  5
bb1
330
1F
100
AcDbEntity
  8
Multi-Layer
100
AcDbCircle
 10
94.13462026924056
 20
58.837439674879356
 30
0.0
 40
0.5
  0
LWPOLYLINE
  5
bb2
330
1F
100
AcDbEntity
  8
Multi-Layer
100
AcDbPolyline
 90
439
 70
 1
 43
0
 10
47.904495808991626
 20
54.559309118618216
 10
47.90761400631464
 20
54.701939308536424
 10
47.912777867229565
 20
54.84451009366121
 10
47.91998632911489
 20
54.986992135715276
 10
47.92923790861024
 20
55.129356114682885
 10
47.9405307019216
 20
55.27157273484338
 10
47.95386238521314
 20
55.41361273079967
 10
47.96923021508535
 20
55.55544687350046
 10
47.986631029139595
 20
55.69704597625502
 10
48.00606124662892
 20
55.83838090073927
 10
48.0275168691948
 20
55.9794225629918
 10
48.05099348169005
 20
56.12014193939888
 10
48.07648625308727
 20
56.26051007266686
 10
48.103989937473024
 20
56.40049807778108
 10
48.133498875127344
 20
56.54007714794978
 10
48.165006993688394
 20
56.679218560532064
 10
48.19850780940201
 20
56.817893682948345
 10
48.23399442845596
 20
56.95607397857246
 10
48.27145954839857
 20
57.093731012603904
 10
48.31089545964137
 20
57.230836457919175
 10
48.35229404704565
 20
57.36736210090092
 10
48.39564679159232
 20
57.503279847243775
 10
48.440944772135026
 20
57.638561727735585
 10
48.488178667235886
 20
57.77317990401297
 10
48.53733875708372
 20
57.90710667428987
 10
48.58841492549414
 20
58.04031447905805
 10
48.641396661991315
 20
58.17277590675831
 10
48.69627306397078
 20
58.304463699421255
 10
48.753032838943
 20
58.4353507582764
 10
48.81166430685713
 20
58.56541014932865
 10
48.87215540250455
 20
58.694615108900734
 10
48.93449367800167
 20
58.822939049140636
 10
48.9986663053514
 20
58.950355563492906
 10
49.06466007908296
 20
59.076838432132554
 10
49.13246141896931
 20
59.20236162736063
 10
49.202056372821616
 20
59.32689931896017
 10
49.27343061936043
 20
59.4504258795116
 10
49.346569471162695
 20
59.572915889666284
 10
49.42145787768411
 20
59.6943441433774
 10
49.49808042835627
 20
59.81468565308682
 10
49.5764213557578
 20
59.93391565486706
 10
49.6564645388591
 20
60.0520096135172
 10
49.738193506339584
 20
60.16894322761178
 10
49.82159143997729
 20
60.28469243450155
 10
49.90664117810965
 20
60.39923341526505
 10
49.99332521916509
 20
60.512542599610136
 10
50.08162572526442
 20
60.62459667072425
 10
50.17152452589167
 20
60.735372570072585
 10
50.263003121633055
 20
60.84484750214305
 10
50.35604268798391
 20
60.95299893913717
 10
50.45062407922237
 20
61.05980462560584
 10
50.546727832349184
 20
61.165242583029105
 10
50.6443341710928
 20
61.269291114338856
 10
50.74342300997897
 20
61.37192880838367
 10
50.84397395846393
 20
61.47313454433488
 10
50.945966325130364
 20
61.5728874960327
 10
51.049379121945314
 20
61.67116713627196
 10
51.1541910685791
 20
61.76795324102613
 10
51.26038059678438
 20
61.863225893609055
 10
51.3679258548345
 20
61.95696548877344
 10
51.476804712020126
 20
62.049152736745164
 10
51.58699476320333
 20
62.13976866719281
 10
51.6984733334281
 20
62.228794633131336
 10
51.81121748258646
 20
62.31621231475929
 10
51.92520401013902
 20
62.40200372322866
 10
52.04040945988926
 20
62.48615120434659
 10
52.15681012481031
 20
62.56863744220834
 10
52.274382051923425
 20
62.649445462760504
 10
52.393101047227006
 20
62.728558637293936
 10
52.512942680675266
 20
62.80596068586566
 10
52.63388229120549
 20
62.88163568064892
 10
52.755894991812745
 20
62.955568049210825
 10
52.878955674671154
 20
63.027742577716865
 10
53.00303901630063
 20
63.09814441406161
 10
53.128119482777905
 20
63.16675907092497
 10
53.25417133499093
 20
63.233572428753426
 10
53.381168633935495
 20
63.29857073866556
 10
53.50908524605295
 20
63.36174062528127
 10
53.637894848607985
 20
63.42306908947418
 10
53.76757093510534
 20
63.48254351104664
 10
53.89808682074431
 20
63.540151651326674
 10
54.02941564790998
 20
63.595881655686455
 10
54.16153039169995
 20
63.64972205598177
 10
54.29440386548557
 20
63.701661772911976
 10
54.428008726506434
 20
63.75169011829983
 10
54.56231748149691
 20
63.79979679729096
 10
54.6973024923438
 20
63.845971910472336
 10
54.83293598177368
 20
63.89020595590935
 10
54.96919003906891
 20
63.93248983110118
 10
55.106036625811136
 20
63.97281483485383
 10
55.24344758165105
 20
64.01117266907075
 10
55.3813946301032
 20
64.04755544046034
 10
55.519849384364804
 20
64.08195566216031
 10
55.65878335315714
 20
64.1143662552783
 10
55.798167946588514
 20
64.14478055034853
 10
55.93797448203751
 20
64.17319228870433
 10
56.078174190055286
 20
64.19959562376599
 10
56.21873822028581
 20
64.22398512224389
 10
56.35963764740262
 20
64.24635576525658
 10
56.5008434770612
 20
64.26670294936355
 10
56.64232665186533
 20
64.2850224875125
 10
56.784058057346634
 20
64.30131060990107
 10
56.92600852795569
 20
64.31556396475239
 10
57.06814885306377
 20
64.32777961900499
 10
57.2104497829738
 20
64.33795505891634
 10
57.352882034939384
 20
64.34608819058
 10
57.495416299190644
 20
64.35217734035669
 10
57.638023244965524
 20
64.35622125521854
 10
57.780673526545556
 20
64.358219103007
 10
57.92333778929462
 20
64.35817047260413
 10
58.06598667569952
 20
64.3560753740171
 10
58.20859083141124
 20
64.35193423837616
 10
58.35112091128545
 20
64.34574791784604
 10
58.49354758542117
 20
64.33751768545038
 10
58.63584154519631
 20
64.32724523480996
 10
58.777973509298796
 20
64.31493267979408
 10
58.91991422975209
 20
64.30058255408558
 10
59.061634497933845
 20
64.28419781065949
 10
59.2031051505865
 20
64.26578182117534
 10
59.34429707581847
 20
64.24533837528334
 10
59.48518121909482
 20
64.22287167984457
 10
59.62572858921611
 20
64.19838635806524
 10
59.76591026428424
 20
64.17188744854536
 10
59.90569739765398
 20
64.14338040424191
 10
60.04506122386908
 20
64.1128710913467
 10
60.183973064581586
 20
64.08036578807922
 10
60.322404334453346
 20
64.0458711833947
 10
60.46032654703827
 20
64.0093943756077
 10
60.59771132064429
 20
63.97094287093139
 10
60.73453038417375
 20
63.93052458193287
 10
60.87075558294111
 20
63.888147825905
 10
61.00635888446649
 20
63.843821323154806
 10
61.14131238424437
 20
63.79755419520904
 10
61.27558831148568
 20
63.74935596293713
 10
61.409159034832506
 20
63.69923654459199
 10
61.54199706804411
 20
63.647206253769035
 10
61.67407507565304
 20
63.59327579728381
 10
61.80536587859024
 20
63.5374562729688
 10
61.935842459777966
 20
63.479759167389645
 10
62.065477969689375
 20
63.42019635348148
 10
62.194245731873636
 20
63.35878008810572
 10
62.32211924844541
 20
63.29552300952777
 10
62.44907220553762
 20
63.23043813481641
 10
62.575078478716286
 20
63.163538857165065
 10
62.70011213835648
 20
63.09483894313579
 10
62.82414745497809
 20
63.02435252982636
 10
62.947158904540444
 20
62.952094121961146
 10
63.069121173694704
 20
62.878078588906305
 10
63.19000916499281
 20
62.80232116160997
 10
63.30979800205205
 20
62.72483742946803
 10
63.42846303467416
 20
62.64564333711613
 10
63.54597984391783
 20
62.56475518114854
 10
63.66232424712364
 20
62.48218960676472
 10
63.777472302890416
 20
62.39796360434396
 10
63.89140031600183
 20
62.31209450594916
 10
64.00408484230248
 20
62.22459998176024
 10
64.11550269352222
 20
62.1354980364379
 10
64.22563094204783
 20
62.04480700541868
 10
64.33444692564109
 20
61.952545551141824
 10
64.44192825210223
 20
61.85873265920899
 10
64.54805280387778
 20
61.7633876344773
 10
64.65279874261196
 20
61.66653009708684
 10
64.75614451364058
 20
61.56817997842321
 10
64.85806885042653
 20
61.46835751701601
 10
64.95855077893607
 20
61.36708325437416
 10
65.05756962195487
 20
61.264378030758856
 10
65.15510500334292
 20
61.1602629808951
 10
65.25113685222765
 20
61.05475952962247
 10
65.34564540713393
 20
60.947889387486455
 10
65.43861122005084
 20
60.83967454627072
 10
65.53001516043354
 20
60.73013727447172
 10
65.61983841913992
 20
60.61930011271623
 10
65.70806251230131
 20
60.50718586912293
 10
65.79466928512599
 20
60.39381761460896
 10
65.87964091563506
 20
60.279218678142364
 10
65.96295991832999
 20
60.16341264194142
 10
66.04460914779065
 20
60.046423336621956
 10
66.12457180220356
 20
59.92827483629339
 10
66.20283142681943
 20
59.808991453604804
 10
66.2793719173391
 20
59.68859773474183
 10
66.35417752322765
 20
59.5671184543756
 10
66.42723285095538
 20
59.44457861056452
 10
66.4985228671656
 20
59.32100341961022
 10
66.56803290176825
 20
59.196418310868495
 10
66.63574865095856
 20
59.07084892151645
 10
66.70165618016061
 20
58.9443210912769
 10
66.76574192689479
 20
58.81686085710101
 10
66.82799270356864
 20
58.68849444781045
 10
66.88839570019064
 20
58.55924827869998
 10
66.94693848700621
 20
58.42914894610171
 10
67.00360901705561
 20
58.29822322191212
 10
67.05839562865283
 20
58.16649804808288
 10
67.11128704778547
 20
58.034000531076764
 10
67.16227239043457
 20
57.90075793628966
 10
67.21134116481447
 20
57.76679768243985
 10
67.25848327353174
 20
57.632147335925865
 10
67.30368901566301
 20
57.49683460515374
 10
67.34694908875129
 20
57.36088733483526
 10
67.3882545907202
 20
57.22433350025803
 10
67.42759702170578
 20
57.087201201528686
 10
67.46496828580574
 20
56.94951865779049
 10
67.50036069274532
 20
56.81131420141635
 10
67.53376695945984
 20
56.67261627217857
 10
67.5651802115934
 20
56.53345341139653
 10
67.5945939849135
 20
56.393854256063406
 10
67.62200222664127
 20
56.25384753295326
 10
67.64739929669695
 20
56.11346205270962
 10
67.67077996886057
 20
55.97272670391684
 10
67.69213943184741
 20
55.83167044715535
 10
67.71147329029796
 20
55.69032230904217
 10
67.7287775656826
 20
55.5487113762578
 10
67.74404869712009
 20
55.40686678956071
 10
67.75728354211044
 20
55.2648177377908
 10
67.76847937718159
 20
55.122593451862876
 10
67.77763389844979
 20
54.98022319875149
 10
67.78474522209373
 20
54.8377362754684
 10
67.78981188474216
 20
54.6951620030338
 10
67.79283284377512
 20
54.55252972044262
 10
67.79380747753831
 20
54.40986877862716
 10
67.79273558547118
 20
54.267208534417115
 10
67.78961738814817
 20
54.12457834449891
 10
67.78445352723324
 20
53.98200755937412
 10
67.77724506534791
 20
53.83952551732005
 10
67.76799348585257
 20
53.69716153835244
 10
67.7567006925412
 20
53.55494491819194
 10
67.74336900924966
 20
53.412904922235654
 10
67.72800117937746
 20
53.27107077953487
 10
67.7106003653232
 20
53.1294716767803
 10
67.69117014783389
 20
52.98813675229605
 10
67.669714525268
 20
52.84709509004352
 10
67.64623791277275
 20
52.70637571363644
 10
67.62074514137554
 20
52.566007580368456
 10
67.59324145698977
 20
52.42601957525424
 10
67.56373251933545
 20
52.28644050508553
 10
67.53222440077441
 20
52.147299092503246
 10
67.4987235850608
 20
52.008623970086965
 10
67.46323696600683
 20
51.87044367446285
 10
67.42577184606424
 20
51.7327866404314
 10
67.38633593482142
 20
51.59568119511613
 10
67.34493734741714
 20
51.45915555213438
 10
67.30158460287048
 20
51.32323780579153
 10
67.25628662232778
 20
51.18795592529972
 10
67.2090527272269
 20
51.05333774902233
 10
67.15989263737909
 20
50.919410978745425
 10
67.10881646896864
 20
50.78620317397725
 10
67.05583473247147
 20
50.65374174627698
 10
67.00095833049201
 20
50.52205395361404
 10
66.94419855551978
 20
50.391166894758896
 10
66.88556708760565
 20
50.26110750370664
 10
66.82507599195823
 20
50.131902544134554
 10
66.76273771646112
 20
50.00357860389465
 10
66.69856508911138
 20
49.87616208954238
 10
66.6325713153798
 20
49.749679220902735
 10
66.56476997549348
 20
49.62415602567466
 10
66.49517502164117
 20
49.49961833407511
 10
66.42380077510235
 20
49.37609177352368
 10
66.35066192330008
 20
49.253601763369
 10
66.27577351677867
 20
49.13217350965788
 10
66.19915096610652
 20
49.01183199994846
 10
66.12081003870496
 20
48.892601998168224
 10
66.04076685560368
 20
48.77450803951808
 10
65.95903788812318
 20
48.6575744254235
 10
65.87563995448548
 20
48.54182521853374
 10
65.79059021635311
 20
48.42728423777023
 10
65.70390617529767
 20
48.313975053425146
 10
65.61560566919835
 20
48.20192098231102
 10
65.52570686857109
 20
48.0911450829627
 10
65.4342282728297
 20
47.98167015089223
 10
65.34118870647885
 20
47.87351871389811
 10
65.24660731524037
 20
47.76671302742944
 10
65.15050356211357
 20
47.66127507000618
 10
65.05289722336995
 20
47.557226538696426
 10
64.95380838448378
 20
47.4545888446516
 10
64.85325743599883
 20
47.3533831087004
 10
64.75126506933239
 20
47.25363015700258
 10
64.64785227251744
 20
47.15535051676332
 10
64.54304032588364
 20
47.058564412009154
 10
64.43685079767836
 20
46.96329175942622
 10
64.32930553962824
 20
46.86955216426184
 10
64.2204266824426
 20
46.77736491629011
 10
64.11023663125941
 20
46.68674898584247
 10
63.99875806103464
 20
46.597723019903945
 10
63.88601391187628
 20
46.510305338275984
 10
63.772027384323714
 20
46.42451392980662
 10
63.65682193457347
 20
46.34036644868869
 10
63.54042126965241
 20
46.25788021082694
 10
63.42284934253931
 20
46.17707219027478
 10
63.30413034723573
 20
46.097959015741345
 10
63.18428871378746
 20
46.020556967169625
 10
63.06334910325723
 20
45.94488197238636
 10
62.94133640264998
 20
45.87094960382446
 10
62.81827571979156
 20
45.79877507531842
 10
62.694192378162086
 20
45.728373238973674
 10
62.569111911684814
 20
45.659758582110314
 10
62.44306005947178
 20
45.592945224281856
 10
62.31606276052722
 20
45.52794691436973
 10
62.18814614840976
 20
45.46477702775402
 10
62.05933654585471
 20
45.4034485635611
 10
61.929660459357365
 20
45.34397414198863
 10
61.799144573718394
 20
45.28636600170861
 10
61.66781574655272
 20
45.23063599734884
 10
61.53570100276276
 20
45.17679559705352
 10
61.40282752897713
 20
45.12485588012332
 10
61.26922266795627
 20
45.07482753473547
 10
61.13491391296579
 20
45.02672085574434
 10
60.99992890211889
 20
44.98054574256297
 10
60.86429541268901
 20
44.936311697125944
 10
60.72804135539379
 20
44.894027821934124
 10
60.59119476865156
 20
44.853702818181475
 10
60.45378381281166
 20
44.81534498396456
 10
60.315836764359496
 20
44.77896221257496
 10
60.17738201009789
 20
44.744561990874985
 10
60.03844804130556
 20
44.71215139775701
 10
59.89906344787418
 20
44.68173710268678
 10
59.75925691242519
 20
44.65332536433098
 10
59.619057204407405
 20
44.62692202926932
 10
59.47849317417689
 20
44.60253253079143
 10
59.33759374706007
 20
44.580161887778736
 10
59.196387917401495
 20
44.559814703671776
 10
59.05490474259736
 20
44.54149516552281
 10
58.913173337116056
 20
44.525207043134266
 10
58.771222866507
 20
44.510953688282946
 10
58.62908254139893
 20
44.49873803403033
 10
58.4867816114889
 20
44.488562594118996
 10
58.3443493595233
 20
44.48042946245532
 10
58.201815095272046
 20
44.474340312678635
 10
58.059208149497174
 20
44.47029639781679
 10
57.91655786791714
 20
44.46829855002832
 10
57.77389360516808
 20
44.4683471804312
 10
57.63124471876317
 20
44.47044227901825
 10
57.48864056305145
 20
44.474583414659165
 10
57.34611048317724
 20
44.480769735189305
 10
57.20368380904152
 20
44.48899996758496
 10
57.061389849266384
 20
44.49927241822538
 10
56.9192578851639
 20
44.511584973241256
 10
56.77731716471061
 20
44.525935098949766
 10
56.635596896528845
 20
44.54231984237585
 10
56.49412624387619
 20
44.56073583186
 10
56.352934318644216
 20
44.581179277752
 10
56.21205017536788
 20
44.60364597319077
 10
56.07150280524658
 20
44.62813129497012
 10
55.93132113017845
 20
44.65463020448999
 10
55.79153399680872
 20
44.683137248793436
 10
55.652170170593614
 20
44.71364656168865
 10
55.513258329881104
 20
44.74615186495615
 10
55.37482706000935
 20
44.78064646964066
 10
55.23690484742443
 20
44.817123277427655
 10
55.09952007381842
 20
44.85557478210397
 10
54.96270101028894
 20
44.895993071102495
 10
54.8264758115216
 20
44.938369827130366
 10
54.690872509996204
 20
44.98269632988056
 10
54.55591901021832
 20
45.02896345782633
 10
54.42164308297702
 20
45.077161690098244
 10
54.28807235963019
 20
45.12728110844338
 10
54.155234326418594
 20
45.17931139926634
 10
54.023156318809654
 20
45.233241855751565
 10
53.89186551587246
 20
45.28906138006658
 10
53.76138893468474
 20
45.346758485645736
 10
53.63175342477333
 20
45.406321299553895
 10
53.50298566258907
 20
45.467737564929664
 10
53.375112146017294
 20
45.530994643507604
 10
53.24815918892509
 20
45.59607951821897
 10
53.122152915746426
 20
45.662978795870316
 10
52.99711925610624
 20
45.73167870989958
 10
52.87308393948463
 20
45.802165123209015
 10
52.750072489922275
 20
45.874423531074235
 10
52.628110220768015
 20
45.948439064129076
 10
52.507222229469924
 20
46.024196491425414
 10
52.38743339241068
 20
46.10168022356735
 10
52.26876835978857
 20
46.180874315919255
 10
52.151251550544906
 20
46.26176247188683
 10
52.034907147339084
 20
46.34432804627066
 10
51.91975909157232
 20
46.428554048691424
 10
51.80583107846091
 20
46.51442314708622
 10
51.69314655216026
 20
46.60191767127514
 10
51.58172870094052
 20
46.69101961659748
 10
51.47160045241491
 20
46.7817106476167
 10
51.36278446882165
 20
46.87397210189356
 10
51.25530314236052
 20
46.9677849938264
 10
51.14917859058496
 20
47.06313001855809
 10
51.044432651850784
 20
47.15998755594854
 10
50.94108688082217
 20
47.25833767461218
 10
50.83916254403622
 20
47.35816013601938
 10
50.738680615526675
 20
47.45943439866123
 10
50.63966177250788
 20
47.562139622276526
 10
50.54212639111982
 20
47.66625467214028
 10
50.446094542235116
 20
47.77175812341291
 10
50.351585987328825
 20
47.878628265548926
 10
50.25862017441191
 20
47.98684310676466
 10
50.167216234029226
 20
48.09638037856366
 10
50.07739297532284
 20
48.20721754031915
 10
49.989168882161444
 20
48.31933178391245
 10
49.90256210933677
 20
48.43270003842642
 10
49.8175904788277
 20
48.54729897489303
 10
49.734271476132776
 20
48.66310501109396
 10
49.652622246672124
 20
48.780094316413425
 10
49.57265959225921
 20
48.89824281674199
 10
49.494399967643346
 20
49.017526199430584
 10
49.41785947712366
 20
49.13791991829355
 10
49.34305387123513
 20
49.25939919865978
 10
49.2699985435074
 20
49.381939042470854
 10
49.198708527297164
 20
49.50551423342515
 10
49.12919849269453
 20
49.630099342166886
 10
49.06148274350422
 20
49.75566873151893
 10
48.99557521430217
 20
49.88219656175848
 10
48.93148946756799
 20
50.00965679593436
 10
48.86923869089415
 20
50.138023205224926
 10
48.808835694272155
 20
50.26726937433539
 10
48.75029290745657
 20
50.397368706933655
 10
48.69362237740717
 20
50.52829443112325
 10
48.63883576580995
 20
50.66001960495249
 10
48.58594434667733
 20
50.7925171219586
 10
48.53495900402823
 20
50.92575971674571
 10
48.48589022964832
 20
51.05971997059551
 10
48.43874812093105
 20
51.1943703171095
 10
48.39354237879977
 20
51.32968304788162
 10
48.350282305711495
 20
51.4656303182001
 10
48.3089768037426
 20
51.60218415277733
 10
48.26963437275702
 20
51.73931645150667
 10
48.23226310865705
 20
51.87699899524486
 10
48.19687070171747
 20
52.01520345161901
 10
48.16346443500296
 20
52.15390138085678
 10
48.1320511828694
 20
52.293064241638824
 10
48.10263740954929
 20
52.43266339697195
 10
48.075229167821526
 20
52.57267012008209
 10
48.04983209776586
 20
52.713055600325724
 10
48.026451425602225
 20
52.853790949118505
 10
48.0050919626154
 20
52.99484720587999
 10
47.98575810416483
 20
53.13619534399317
 10
47.9684538287802
 20
53.27780627677754
 10
47.95318269734272
 20
53.41965086347464
 10
47.93994785235236
 20
53.56169991524454
 10
47.92875201728121
 20
53.70392420117246
 10
47.91959749601301
 20
53.84629445428385
 10
47.91248617236908
 20
53.98878137756693
 10
47.90741950972063
 20
54.13135565000153
 10
47.904398550687695
 20
54.2739879325927
 10
47.90342391692451
 20
54.416648874408175
 10
47.90449580899162
 20
54.55930911861813
  0
LWPOLYLINE
  5
bb3
330
1F
100
AcDbEntity
  8
Multi-Layer
100
AcDbPolyline
 90
439
 70
 1
 43
0
 10
127.25425450850905
 20
54.559309118618245
 10
127.25737270386368
 20
54.70193930993315
 10
127.26253656284987
 20
54.84451009648204
 10
127.2697450228465
 20
54.98699213998673
 10
127.2789966004935
 20
55.12935612043066
 10
127.29028939199725
 20
55.271572742092296
 10
127.30362107352221
 20
55.41361273957369
 10
127.31898890166921
 20
55.555446883822675
 10
127.33638971403991
 20
55.69704598814766
 10
127.3558199298876
 20
55.838380914223656
 10
127.37727555085408
 20
55.97942257808842
 10
127.40075216179234
 20
56.120141956127306
 10
127.42624493167523
 20
56.26051009104579
 10
127.45374861458957
 20
56.40049809782832
 10
127.48325755081552
 20
56.54007716968226
 10
127.51476566799147
 20
56.6792185839658
 10
127.54826648236342
 20
56.81789370809848
 10
127.58375310011925
 20
56.95607400545324
 10
127.62121821880743
 20
57.093731041228665
 10
127.66065412883962
 20
57.23083648830036
 10
127.70205271507717
 20
57.36736213305009
 10
127.7454054585011
 20
57.50327988117157
 10
127.79070343796509
 20
57.63856176345178
 10
127.83793733203133
 20
57.77317994152643
 10
127.88709742088867
 20
57.90710671360855
 10
127.9381735883527
 20
58.04031452018903
 10
127.99115532394761
 20
58.17277594970777
 10
128.04603172506893
 20
58.304463744194464
 10
128.10279149922704
 20
58.43535080487778
 10
128.16142296637105
 20
58.56541019776171
 10
128.22191406129232
 20
58.69461515916808
 10
128.28425233610713
 20
58.822939101244025
 10
128.3484249628183
 20
58.950355617433196
 10
128.41441873595494
 20
59.07683848790975
 10
128.48222007528983
 20
59.20236168497384
 10
128.55181502863405
 20
59.32689937840765
 10
128.62318927470793
 20
59.45042594079074
 10
128.69632812608828
 20
59.5729159527736
 10
128.77121653223054
 20
59.69434420830857
 10
128.8478390825661
 20
59.814685719836675
 10
128.92618000967343
 20
59.933915723429564
 10
129.0062231925226
 20
60.05200968388551
 10
129.08795215979285
 20
60.168943299778206
 10
129.17135009326185
 20
60.28469250845757
 10
129.25639983126678
 20
60.39923349100132
 10
129.34308387223575
 20
60.512542677116514
 10
129.4313843782893
 20
60.62459674998977
 10
129.52128317891103
 20
60.73537265108549
 10
129.61276177468687
 20
60.844847584890786
 10
129.7058013411118
 20
60.95299902360641
 10
129.80038273246356
 20
61.05980471178248
 10
129.89648648574249
 20
61.16524267089825
 10
129.99409282467667
 20
61.269291203884876
 10
130.09318166379134
 20
61.37192889959018
 10
130.19373261254245
 20
61.47313463718473
 10
130.2957249795121
 20
61.572887590508046
 10
130.39913777666695
 20
61.67116723235419
 10
130.5039497236768
 20
61.76795333869595
 10
130.61013925229386
 20
61.863225992846466
 10
130.71768451079097
 20
61.95696558955773
 10
130.82656336845827
 20
62.04915283905494
 10
130.9367534201573
 20
62.139768771006025
 10
131.04823199093153
 20
62.22879473842525
 10
131.16097614067243
 20
62.31621242151054
 10
131.27496266884006
 20
62.40200383141321
 10
131.39016811923727
 20
62.48615131393981
 10
131.5065687848367
 20
62.568637553184956
 10
131.62414071265897
 20
62.64944557509464
 10
131.74285970870184
 20
62.72855875095913
 10
131.862701342919
 20
62.80596080083486
 10
131.983640954247
 20
62.88163579689449
 10
132.10565365568033
 20
62.95556816670461
 10
132.22871433939244
 20
63.02774269643013
 10
132.35279768190264
 20
63.0981445339651
 10
132.47787814928694
 20
63.1667591919889
 10
132.6039300024326
 20
63.23357255094752
 10
132.7309273023348
 20
63.298570861959035
 10
132.85884391543414
 20
63.36174074964286
 10
132.98765351899465
 20
63.423069214872186
 10
133.11732960652034
 20
63.48254363744888
 10
133.24784549320975
 20
63.54015177870051
 10
133.3791743214473
 20
63.595881783998855
 10
133.51128906632982
 20
63.649722185199295
 10
133.6441625412279
 20
63.70166190300076
 10
133.77776740338047
 20
63.75169024922565
 10
133.91207615952106
 20
63.79979692901924
 10
134.04706117153574
 20
63.8459720429681
 10
134.1826946621503
 20
63.89020608913733
 10
134.31894872064638
 20
63.932489965025745
 10
134.45579530860482
 20
63.97281496943907
 10
134.5932062656755
 20
64.01117280428045
 10
134.73115331537218
 20
64.04755557625802
 10
134.86960807089133
 20
64.08195579850921
 10
135.0085420409534
 20
64.1143663921414
 10
135.14792663566587
 20
64.14478068768861
 10
135.28773317240655
 20
64.17319242648394
 10
135.42793288172578
 20
64.19959576194746
 10
135.56849691326667
 20
64.2239852607894
 10
135.70939634170205
 20
64.24635590412812
 10
135.85060217268645
 20
64.26670308852296
 10
135.9920853488229
 20
64.28502262692147
 10
136.13381675564221
 20
64.30131074952116
 10
136.2757672275941
 20
64.31556410454509
 10
136.41790755404898
 20
64.32777975893168
 10
136.56020848530898
 20
64.3379551989383
 10
136.7026407386269
 20
64.3460883306585
 10
136.84517500423198
 20
64.35217748045292
 10
136.98778195136134
 20
64.35622139529366
 10
137.13043223429568
 20
64.35821924302219
 10
137.27309649839808
 20
64.35817061252052
 10
137.4157453861544
 20
64.3560755137959
 10
137.55834954321492
 20
64.3519343779786
 10
137.7008796244344
 20
64.34574805723338
 10
137.84330629991106
 20
64.33751782458397
 10
137.985600261022
 20
64.32724537365122
 10
138.1277322264542
 20
64.31493281830454
 10
138.26967294823044
 20
64.30058269222688
 10
138.41139321772746
 20
64.28419794839341
 10
138.55286387168687
 20
64.2657819584638
 10
138.6940557982163
 20
64.24533851208844
 10
138.83493994278
 20
64.22287181612855
 10
138.9754873141777
 20
64.19838649379057
 10
139.11566899051047
 20
64.17188758367472
 10
139.25545612513233
 20
64.1433805387382
 10
139.39481995258615
 20
64.11287122517305
 10
139.53373179452322
 20
64.08036592119902
 10
139.67216306560462
 20
64.04587131577163
 10
139.8100852793834
 20
64.00939450720571
 10
139.94747005416676
 20
63.970943001714744
 10
140.08428911885625
 20
63.93052471186614
 10
140.22051431876554
 20
63.8881479549531
 10
140.35611762141406
 20
63.84382145128299
 10
140.49107112229544
 20
63.79755432238292
 10
140.62534705061987
 20
63.74935608912271
 10
140.75891777502872
 20
63.69923666975566
 10
140.8917558092805
 20
63.64720637787758
 10
141.02383381790705
 20
63.593275920304464
 10
141.15512462183852
 20
63.53745639486918
 10
141.28560120399655
 20
63.47975928813787
 10
141.41523671485348
 20
63.42019647304611
 10
141.54400447795783
 20
63.358780206455776
 10
141.67187799542359
 20
63.29552312663279
 10
141.79883095338297
 20
63.230438250646415
 10
141.92483722740133
 20
63.163538971690606
 10
142.04987088785305
 20
63.09483905632793
 10
142.1739062052574
 20
63.024352641656726
 10
142.29691765557303
 20
62.952094232401905
 10
142.41887992545048
 20
62.87807869793019
 10
142.53976791744108
 20
62.80232126919031
 10
142.6595567551615
 20
62.72483753557874
 10
142.77822178841288
 20
62.64564344173173
 10
142.89573859825327
 20
62.56475528424417
 10
143.01208300202273
 20
62.48218970831613
 10
143.12723105831944
 20
62.39796370432756
 10
143.24115907192657
 20
62.31209460434201
 10
143.35384359868817
 20
62.22460007854006
 10
143.46526145033357
 20
62.13549813158307
 10
143.57538969924897
 20
62.04480709890828
 10
143.68420568319567
 20
61.95254564295563
 10
143.79168700997346
 20
61.85873274932746
 10
143.8978115620283
 20
61.76338772288164
 10
144.002557501004
 20
61.66653018375897
 10
144.10590327223582
 20
61.56818006334577
 10
144.20782760918632
 20
61.4683576001724
 10
144.30830953782126
 20
61.36708333574852
 10
144.40732838092592
 20
61.26437811033612
 10
144.50486376235986
 20
61.16026305866092
 10
144.60089561125014
 20
61.054759605563326
 10
144.69540416612122
 20
60.947889461589575
 10
144.7883699789619
 20
60.839674618524164
 10
144.8797739192269
 20
60.73013734486433
 10
144.96959717777384
 20
60.619300181237655
 10
145.05782127073368
 20
60.50718593576364
 10
145.14442804331443
 20
60.39381767936026
 10
145.2293996735369
 20
60.27921874099638
 10
145.31271867590232
 20
60.16341270289112
 10
145.39436790499022
 20
60.046423395661165
 10
145.47433055898694
 20
59.928274893416756
 10
145.55259018314294
 20
59.80899150880784
 10
145.62913067315887
 20
59.68859778802094
 10
145.70393627849958
 20
59.56711850572801
 10
145.77699160563523
 20
59.44457865998835
 10
145.84828162120897
 20
59.321003467104454
 10
145.91779165513054
 20
59.196418356433
 10
145.9855074035951
 20
59.070848965151995
 10
146.05141493202657
 20
58.94432113298511
 10
146.11550067794525
 20
58.81686089688442
 10
146.17775145375862
 20
58.68849448567249
 10
146.23815444947508
 20
58.55924831464497
 10
146.29669723533996
 20
58.42914898013487
 10
146.35336776439357
 20
58.29822325403956
 10
146.40815437494985
 20
58.16649807831165
 10
146.46104579299634
 20
58.03400055941477
 10
146.51203113451416
 20
57.90075796274574
 10
146.5610999077177
 20
57.76679770702376
 10
146.60824201521353
 20
57.632147358648254
 10
146.6534477560784
 20
57.496834626026164
 10
146.69670782785533
 20
57.3608873538702
 10
146.7380133284681
 20
57.22433351746885
 10
146.77735575805286
 20
57.087201216929685
 10
146.81472702070744
 20
56.94951867139686
 10
146.85011942615725
 20
56.81131421324419
 10
146.88352569133772
 20
56.67261628224488
 10
146.91493894189324
 20
56.53345341971923
 10
146.94435271359143
 20
56.393854262661314
 10
146.97176095365367
 20
56.25384753784608
 10
146.9971580220004
 20
56.11346205591797
 10
147.02053869241198
 20
55.97272670546223
 10
147.04189815360385
 20
55.83167044706016
 10
147.0612320102169
 20
55.6903223073297
 10
147.07853628372175
 20
55.548711372952205
 10
147.09380741323747
 20
55.40686678468706
 10
147.10704225626444
 20
55.26481773137501
 10
147.1182380893309
 20
55.12259344393175
 10
147.12739260855352
 20
54.9802231893327
 10
147.13450393011138
 20
54.83773626459047
 10
147.1395705906336
 20
54.69516199072611
 10
147.14259154750064
 20
54.55252970673541
 10
147.14356617905864
 20
54.40986876355151
 10
147.14249428498857
 20
54.26720853441709
 10
147.13937608963394
 20
54.12457834310218
 10
147.13421223064773
 20
53.9820075565533
 10
147.1270037706511
 20
53.839525513048606
 10
147.11775219300412
 20
53.69716153260468
 10
147.10645940150036
 20
53.55494491094304
 10
147.09312771997537
 20
53.41290491346165
 10
147.0777598918284
 20
53.27107076921267
 10
147.06035907945773
 20
53.129471664887696
 10
147.04092886361
 20
52.98813673881169
 10
147.01947324264353
 20
52.847095074946935
 10
146.99599663170528
 20
52.70637569690805
 10
146.97050386182238
 20
52.56600756198957
 10
146.94300017890805
 20
52.42601955520705
 10
146.91349124268208
 20
52.2864404833531
 10
146.88198312550614
 20
52.14729906906956
 10
146.8484823111342
 20
52.008623944936886
 10
146.81299569337835
 20
51.870443647582135
 10
146.77553057469018
 20
51.73278661180671
 10
146.736094664658
 20
51.59568116473501
 10
146.69469607842046
 20
51.45915551998529
 10
146.6513433349965
 20
51.3232377718638
 10
146.60604535553253
 20
51.18795588958359
 10
146.5588114614663
 20
51.05333771150895
 10
146.50965137260897
 20
50.91941093942683
 10
146.4585752051449
 20
50.78620313284635
 10
146.40559346955
 20
50.65374170332762
 10
146.3507170684287
 20
50.52205390884092
 10
146.2939572942706
 20
50.39116684815761
 10
146.2353258271266
 20
50.26110745527369
 10
146.1748347322053
 20
50.131902493867315
 10
146.1124964573905
 20
50.00357855179137
 10
146.04832383067935
 20
49.8761620356022
 10
145.9823300575427
 20
49.74967916512565
 10
145.9145287182078
 20
49.62415596806156
 10
145.8449337648636
 20
49.49961827462774
 10
145.77355951878974
 20
49.376091712244666
 10
145.7004206674094
 20
49.253601700261804
 10
145.62553226126713
 20
49.13217344472683
 10
145.54890971093153
 20
49.01183193319873
 10
145.4705687838242
 20
48.89260192960584
 10
145.39052560097505
 20
48.774507969149894
 10
145.30879663370482
 20
48.6575743532572
 10
145.22539870023581
 20
48.54182514457784
 10
145.1403489622309
 20
48.42728416203409
 10
145.0536649212619
 20
48.3139749759189
 10
144.96536441520837
 20
48.20192090304564
 10
144.87546561458663
 20
48.09114500194992
 10
144.7839870188108
 20
47.98167006814462
 10
144.69094745238587
 20
47.87351862942901
 10
144.59636606103413
 20
47.76671294125293
 10
144.50026230775518
 20
47.66127498213716
 10
144.40265596882105
 20
47.55722644915054
 10
144.30356712970635
 20
47.454588753445236
 10
144.20301618095525
 20
47.35338301585068
 10
144.1010238139856
 20
47.25363006252738
 10
143.99761101683077
 20
47.15535042068122
 10
143.89279906982088
 20
47.05856431433946
 10
143.78660954120383
 20
46.96329166018895
 10
143.67906428270675
 20
46.86955206347769
 10
143.57018542503945
 20
46.777364813980476
 10
143.45999537334043
 20
46.68674888202939
 10
143.34851680256622
 20
46.597722914610166
 10
143.2357726528253
 20
46.510305231524875
 10
143.1217861246577
 20
46.424513821622206
 10
143.00658067426045
 20
46.34036633909561
 10
142.89018000866102
 20
46.25788009985046
 10
142.77260808083878
 20
46.17707207794078
 10
142.65388908479588
 20
46.097958902076286
 10
142.53404745057875
 20
46.020556852200556
 10
142.41310783925073
 20
45.94488185614092
 10
142.29109513781742
 20
45.8709494863308
 10
142.1680344541053
 20
45.79877495660528
 10
142.04395111159513
 20
45.72837311907032
 10
141.91887064421084
 20
45.65975846104651
 10
141.79281879106514
 20
45.59294510208788
 10
141.66582149116294
 20
45.527946791076374
 10
141.5379048780636
 20
45.46477690339254
 10
141.4090952745031
 20
45.40344843816322
 10
141.27941918697744
 20
45.34397401558653
 10
141.148903300288
 20
45.2863658743349
 10
141.01757447205048
 20
45.23063586903655
 10
140.88545972716796
 20
45.1767954678361
 10
140.75258625226985
 20
45.12485575003463
 10
140.6189813901173
 20
45.074827403809735
 10
140.48467263397671
 20
45.02672072401615
 10
140.34968762196203
 20
44.98054561006728
 10
140.21405413134747
 20
44.93631156389805
 10
140.07780007285137
 20
44.894027688009636
 10
139.940953484893
 20
44.8537026835963
 10
139.80354252782232
 20
44.815344848754926
 10
139.6655954781256
 20
44.77896207677736
 10
139.52714072260645
 20
44.74456185452616
 10
139.38820675254442
 20
44.71215126089397
 10
139.2488221578319
 20
44.68173696534676
 10
139.10901562109126
 20
44.653325226551424
 10
138.96881591177203
 20
44.62692189108789
 10
138.8282518802311
 20
44.60253239224595
 10
138.68735245179573
 20
44.58016174890723
 10
138.5461466208113
 20
44.5598145645124
 10
138.40466344467487
 20
44.54149502611387
 10
138.26293203785556
 20
44.52520690351419
 10
138.12098156590372
 20
44.51095354849026
 10
137.9788412394488
 20
44.49873789410366
 10
137.8365403081888
 20
44.488562454097035
 10
137.6941080548709
 20
44.48042932237683
 10
137.5515737892658
 20
44.47434017258242
 10
137.40896684213646
 20
44.47029625774167
 10
137.2663165592021
 20
44.46829841001314
 10
137.12365229509973
 20
44.46834704051479
 10
136.98100340734337
 20
44.47044213923943
 10
136.83839925028286
 20
44.47458327505672
 10
136.69586916906337
 20
44.48076959580195
 10
136.55344249358672
 20
44.488999828451355
 10
136.4111485324758
 20
44.499272279384094
 10
136.26901656704356
 20
44.51158483473078
 10
136.12707584526734
 20
44.52593496080843
 10
135.98535557577034
 20
44.5423197046419
 10
135.8438849218109
 20
44.56073569457151
 10
135.70269299528147
 20
44.58117914094687
 10
135.56180885071777
 20
44.60364583690676
 10
135.42126147932007
 20
44.62813115924474
 10
135.28107980298728
 20
44.65463006936058
 10
135.14129266836545
 20
44.683137114297104
 10
135.00192884091163
 20
44.71364642786225
 10
134.86301699897456
 20
44.74615173183627
 10
134.72458572789319
 20
44.780646337263654
 10
134.58666351411438
 20
44.81712314582957
 10
134.44927873933102
 20
44.855574651320545
 10
134.31245967464153
 20
44.89599294116914
 10
134.17623447473224
 20
44.938369698082184
 10
134.04063117208372
 20
44.98269620175228
 10
133.90567767120234
 20
45.02896333065235
 10
133.7714017428779
 20
45.07716156391256
 10
133.63783101846903
 20
45.12728098327961
 10
133.50499298421727
 20
45.17931127515768
 10
133.37291497559073
 20
45.233241732730804
 10
133.24162417165923
 20
45.28906125816608
 10
133.11114758950126
 20
45.34675836489739
 10
132.98151207864427
 20
45.40632117998915
 10
132.85274431553992
 20
45.46773744657948
 10
132.72487079807416
 20
45.530994526402466
 10
132.59791784011477
 20
45.59607940238884
 10
132.47191156609645
 20
45.66297868134465
 10
132.34687790564467
 20
45.73167859670732
 10
132.22284258824035
 20
45.80216501137853
 10
132.0998311379247
 20
45.87442342063335
 10
131.97786886804727
 20
45.94843895510506
 10
131.85698087605664
 20
46.02419638384493
 10
131.73719203833625
 20
46.1016801174565
 10
131.61852700508487
 20
46.18087421130352
 10
131.50101019524445
 20
46.261762368791075
 10
131.38466579147502
 20
46.34432794471911
 10
131.26951773517828
 20
46.428553948707695
 10
131.15558972157115
 20
46.51442304869323
 10
131.04290519480955
 20
46.60191757449519
 10
130.93148734316415
 20
46.691019521452176
 10
130.82135909424875
 20
46.781710554126974
 10
130.71254311030202
 20
46.873972010079626
 10
130.60506178352426
 20
46.96778490370779
 10
130.4989372314694
 20
47.06312993015361
 10
130.39419129249373
 20
47.159987469276274
 10
130.29084552126187
 20
47.258337589689475
 10
130.18892118431137
 20
47.35816005286285
 10
130.08843925567643
 20
47.45943431728672
 10
129.98942041257177
 20
47.56213954269913
 10
129.89188503113783
 20
47.66625459437433
 10
129.79585318224755
 20
47.77175804747193
 10
129.70134462737644
 20
47.87862819144568
 10
129.6083788145358
 20
47.98684303451109
 10
129.51697487427077
 20
48.09638030817092
 10
129.42715161572386
 20
48.207217471797605
 10
129.33892752276398
 20
48.319331717271616
 10
129.25232075018323
 20
48.43269997367499
 10
129.16734911996076
 20
48.547298912038876
 10
129.08403011759535
 20
48.663104950144124
 10
129.00238088850745
 20
48.780094257374095
 10
128.92241823451073
 20
48.8982427596185
 10
128.84415861035473
 20
49.01752614422741
 10
128.76761812033877
 20
49.137919865014325
 10
128.69281251499805
 20
49.25939914730725
 10
128.6197571878624
 20
49.381938993046916
 10
128.54846717228867
 20
49.505514185930814
 10
128.4789571383671
 20
49.63009929660227
 10
128.41124138990256
 20
49.75566868788327
 10
128.34533386147106
 20
49.88219652005016
 10
128.2812481155524
 20
50.00965675615085
 10
128.21899733973902
 20
50.13802316736278
 10
128.15859434402256
 20
50.26726933839031
 10
128.10005155815765
 20
50.3973686729004
 10
128.04338102910404
 20
50.528294398995705
 10
127.98859441854779
 20
50.660019574723634
 10
127.93570300050129
 20
50.79251709362051
 10
127.88471765898345
 20
50.92575969028954
 10
127.83564888577992
 20
51.05971994601152
 10
127.78850677828409
 20
51.194370294387035
 10
127.74330103741924
 20
51.329683027009125
 10
127.70004096564227
 20
51.46563029916509
 10
127.65873546502952
 20
51.60218413556644
 10
127.61939303544476
 20
51.73931643610561
 10
127.58202177279018
 20
51.87699898163844
 10
127.54662936734037
 20
52.015203439791115
 10
127.51322310215987
 20
52.15390137079041
 10
127.48180985160437
 20
52.29306423331607
 10
127.45239607990618
 20
52.432663390373996
 10
127.42498783984395
 20
52.572670115189226
 10
127.3995907714972
 20
52.71305559711734
 10
127.37621010108565
 20
52.85379094757308
 10
127.35485063989375
 20
52.99484720597515
 10
127.33551678328071
 20
53.136195345705616
 10
127.31821250977588
 20
53.27780628008311
 10
127.30294138026015
 20
53.41965086834826
 10
127.2897065372332
 20
53.56169992166031
 10
127.2785107041667
 20
53.703924209103576
 10
127.26935618494409
 20
53.84629446370263
 10
127.26224486338623
 20
53.988781388444856
 10
127.25717820286401
 20
54.13135566230922
 10
127.25415724599698
 20
54.27398794629992
 10
127.25318261443896
 20
54.41664888948383
 10
127.25425450875007
 20
54.55930913503032
0
HATCH
5
bb5
100
AcDbEntity
8
Document
100
AcDbHatch
10
0
20
0
30
0
210
0
220
0
230
1
2
SOLID
70
1
71
0
91
1
92
7
72
0
73
1
93
4
10
123.08864617729238
20
60.75692151384303
10
123.74904749809501
20
60.75692151384303
10
123.74904749809501
20
60.604521209042424
10
123.08864617729238
20
60.604521209042424
97
1
330

75
0
76
1
47
0.4128176842155181
98
1
10
34.90568961886538
20
22.81183545379326
450
0
451
0
460
0
461
0
452
1
462
1
453
2
463
0
63
5
421
255
463
1
63
7
421
16777215
470
LINEAR
1001
ACAD
1010
0
1020
0
1030
0
0
HATCH
5
bb7
100
AcDbEntity
8
Document
100
AcDbHatch
10
0
20
0
30
0
210
0
220
0
230
1
2
SOLID
70
1
71
0
91
1
92
7
72
0
73
1
93
4
10
123.36380492760986
20
60.38016256032513
10
123.36380492760986
20
61.04056388112777
10
123.51620523241048
20
61.04056388112777
10
123.51620523241048
20
60.38016256032513
97
1
330

75
0
76
1
47
0.4128176842155181
98
1
10
34.90568961886538
20
22.81183545379326
450
0
451
0
460
0
461
0
452
1
462
1
453
2
463
0
63
5
421
255
463
1
63
7
421
16777215
470
LINEAR
1001
ACAD
1010
0
1020
0
1030
0
0
HATCH
5
bb9
100
AcDbEntity
8
Document
100
AcDbHatch
10
0
20
0
30
0
210
0
220
0
230
1
2
SOLID
70
1
71
0
91
1
92
7
72
0
73
1
93
4
10
121.23489966979936
20
60.70495300990603
10
121.895300990602
20
60.70495300990603
10
121.895300990602
20
60.55255270510542
10
121.23489966979936
20
60.55255270510542
97
1
330

75
0
76
1
47
0.4128176842155181
98
1
10
34.90568961886538
20
22.81183545379326
450
0
451
0
460
0
461
0
452
1
462
1
453
2
463
0
63
5
421
255
463
1
63
7
421
16777215
470
LINEAR
1001
ACAD
1010
0
1020
0
1030
0
0
HATCH
5
bbb
100
AcDbEntity
8
TopSilkLayer
100
AcDbHatch
10
0
20
0
30
0
210
0
220
0
230
1
2
SOLID
70
1
71
0
91
1
92
7
72
0
73
1
93
4
10
120.50203200406402
20
66.40414020828044
10
119.9735331470663
20
66.40414020828044
10
119.9735331470663
20
66.86134112268225
10
120.50203200406402
20
66.86134112268225
97
1
330

75
0
76
1
47
0.4128176842155181
98
1
10
34.90568961886538
20
22.81183545379326
450
0
451
0
460
0
461
0
452
1
462
1
453
2
463
0
63
5
421
255
463
1
63
7
421
16777215
470
LINEAR
1001
ACAD
1010
0
1020
0
1030
0
0
HATCH
5
bbd
100
AcDbEntity
8
TopSilkLayer
100
AcDbHatch
10
0
20
0
30
0
210
0
220
0
230
1
2
SOLID
70
1
71
0
91
1
92
7
72
0
73
1
93
4
10
117.5472440944882
20
66.40414020828044
10
118.0757429514859
20
66.40414020828044
10
118.0757429514859
20
66.86134112268225
10
117.5472440944882
20
66.86134112268225
97
1
330

75
0
76
1
47
0.4128176842155181
98
1
10
34.90568961886538
20
22.81183545379326
450
0
451
0
460
0
461
0
452
1
462
1
453
2
463
0
63
5
421
255
463
1
63
7
421
16777215
470
LINEAR
1001
ACAD
1010
0
1020
0
1030
0
0
HATCH
5
bbf
100
AcDbEntity
8
Document
100
AcDbHatch
10
0
20
0
30
0
210
0
220
0
230
1
2
SOLID
70
1
71
0
91
1
92
7
72
0
73
1
93
4
10
118.92527305054611
20
66.20538481076963
10
119.1240030480061
20
66.20538481076963
10
119.1240030480061
20
65.41038862077724
10
118.92527305054611
20
65.41038862077724
97
1
330

75
0
76
1
47
0.4128176842155181
98
1
10
34.90568961886538
20
22.81183545379326
450
0
451
0
460
0
461
0
452
1
462
1
453
2
463
0
63
5
421
255
463
1
63
7
421
16777215
470
LINEAR
1001
ACAD
1010
0
1020
0
1030
0
0
HATCH
5
bc1
100
AcDbEntity
8
Document
100
AcDbHatch
10
0
20
0
30
0
210
0
220
0
230
1
2
SOLID
70
1
71
0
91
1
92
7
72
0
73
1
93
4
10
118.92527305054611
20
61.30287020574042
10
119.1240030480061
20
61.30287020574042
10
119.1240030480061
20
62.0978663957328
10
118.92527305054611
20
62.0978663957328
97
1
330

75
0
76
1
47
0.4128176842155181
98
1
10
34.90568961886538
20
22.81183545379326
450
0
451
0
460
0
461
0
452
1
462
1
453
2
463
0
63
5
421
255
463
1
63
7
421
16777215
470
LINEAR
1001
ACAD
1010
0
1020
0
1030
0
0
HATCH
5
bc3
100
AcDbEntity
8
Document
100
AcDbHatch
10
0
20
0
30
0
210
0
220
0
230
1
2
SOLID
70
1
71
0
91
1
92
7
72
0
73
1
93
4
10
118.36212852425706
20
61.60099060198121
10
119.68714757429517
20
61.60099060198121
10
119.68714757429517
20
61.799745999492
10
118.36212852425706
20
61.799745999492
97
1
330

75
0
76
1
47
0.4128176842155181
98
1
10
34.90568961886538
20
22.81183545379326
450
0
451
0
460
0
461
0
452
1
462
1
453
2
463
0
63
5
421
255
463
1
63
7
421
16777215
470
LINEAR
1001
ACAD
1010
0
1020
0
1030
0
0
HATCH
5
bc5
100
AcDbEntity
8
TopPasteMaskLayer
100
AcDbHatch
10
0
20
0
30
0
210
0
220
0
230
1
2
SOLID
70
1
71
0
91
1
92
7
72
0
73
1
93
8
10
123.61404622809248
20
64.8477266954534
10
123.61404622809248
20
64.38773177546355
10
123.57404114808232
20
64.3477266954534
10
123.07340614681232
20
64.3477266954534
10
123.03340106680214
20
64.38773177546355
10
123.03340106680214
20
64.8477266954534
10
123.07340614681232
20
64.88773177546356
10
123.57404114808232
20
64.88773177546356
97
1
330

75
0
76
1
47
0.4128176842155181
98
1
10
34.90568961886538
20
22.81183545379326
450
0
451
0
460
0
461
0
452
1
462
1
453
2
463
0
63
5
421
255
463
1
63
7
421
16777215
470
LINEAR
1001
ACAD
1010
0
1020
0
1030
0
0
HATCH
5
bc7
100
AcDbEntity
8
TopPasteMaskLayer
100
AcDbHatch
10
0
20
0
30
0
210
0
220
0
230
1
2
SOLID
70
1
71
0
91
1
92
7
72
0
73
1
93
8
10
123.88404876809754
20
64.8477266954534
10
123.88404876809754
20
64.38773177546355
10
123.92405384810772
20
64.3477266954534
10
124.42468884937772
20
64.3477266954534
10
124.46469392938788
20
64.38773177546355
10
124.46469392938788
20
64.8477266954534
10
124.42468884937772
20
64.88773177546356
10
123.92405384810772
20
64.88773177546356
97
1
330

75
0
76
1
47
0.4128176842155181
98
1
10
34.90568961886538
20
22.81183545379326
450
0
451
0
460
0
461
0
452
1
462
1
453
2
463
0
63
5
421
255
463
1
63
7
421
16777215
470
LINEAR
1001
ACAD
1010
0
1020
0
1030
0
0
HATCH
5
bc9
100
AcDbEntity
8
TopPasteMaskLayer
100
AcDbHatch
10
0
20
0
30
0
210
0
220
0
230
1
2
SOLID
70
1
71
0
91
1
92
7
72
0
73
1
93
8
10
105.02562865125732
20
73.63698247396495
10
104.57561595123191
20
73.63698247396495
10
104.52562865125732
20
73.70695961391924
10
104.52562865125732
20
74.18696977393955
10
104.57561595123191
20
74.23698247396496
10
105.02562865125732
20
74.23698247396496
10
105.07561595123192
20
74.18696977393955
10
105.07561595123192
20
73.70695961391924
97
1
330

75
0
76
1
47
0.4128176842155181
98
1
10
34.90568961886538
20
22.81183545379326
450
0
451
0
460
0
461
0
452
1
462
1
453
2
463
0
63
5
421
255
463
1
63
7
421
16777215
470
LINEAR
1001
ACAD
1010
0
1020
0
1030
0
0
HATCH
5
bcb
100
AcDbEntity
8
TopPasteMaskLayer
100
AcDbHatch
10
0
20
0
30
0
210
0
220
0
230
1
2
SOLID
70
1
71
0
91
1
92
7
72
0
73
1
93
8
10
105.02562865125732
20
72.67696215392432
10
104.57561595123191
20
72.67696215392432
10
104.52562865125732
20
72.72697485394971
10
104.52562865125732
20
73.20695961391924
10
104.57561595123191
20
73.27696215392432
10
105.02562865125732
20
73.27696215392432
10
105.07561595123192
20
73.20695961391924
10
105.07561595123192
20
72.72697485394971
97
1
330

75
0
76
1
47
0.4128176842155181
98
1
10
34.90568961886538
20
22.81183545379326
450
0
451
0
460
0
461
0
452
1
462
1
453
2
463
0
63
5
421
255
463
1
63
7
421
16777215
470
LINEAR
1001
ACAD
1010
0
1020
0
1030
0
0
HATCH
5
bcd
100
AcDbEntity
8
Document
100
AcDbHatch
10
0
20
0
30
0
210
0
220
0
230
1
2
SOLID
70
1
71
0
91
1
92
7
72
0
73
1
93
4
10
96.65659131318263
20
115.20340360680723
10
96.85659131318265
20
115.20340360680723
10
96.85659131318265
20
113.80340360680722
10
96.65659131318263
20
113.80340360680722
97
1
330

75
0
76
1
47
0.4128176842155181
98
1
10
34.90568961886538
20
22.81183545379326
450
0
451
0
460
0
461
0
452
1
462
1
453
2
463
0
63
5
421
255
463
1
63
7
421
16777215
470
LINEAR
1001
ACAD
1010
0
1020
0
1030
0
0
HATCH
5
bcf
100
AcDbEntity
8
Document
100
AcDbHatch
10
0
20
0
30
0
210
0
220
0
230
1
2
SOLID
70
1
71
0
91
1
92
7
72
0
73
1
93
4
10
96.29123698247398
20
114.40922021844045
10
97.29123698247398
20
114.40922021844045
10
97.29123698247398
20
114.55920751841506
10
96.29123698247398
20
114.55920751841506
97
1
330

75
0
76
1
47
0.4128176842155181
98
1
10
34.90568961886538
20
22.81183545379326
450
0
451
0
460
0
461
0
452
1
462
1
453
2
463
0
63
5
421
255
463
1
63
7
421
16777215
470
LINEAR
1001
ACAD
1010
0
1020
0
1030
0
0
HATCH
5
bd1
100
AcDbEntity
8
Document
100
AcDbHatch
10
0
20
0
30
0
210
0
220
0
230
1
2
SOLID
70
1
71
0
91
1
92
7
72
0
73
1
93
4
10
94.05659131318264
20
114.50342900685803
10
95.05659131318264
20
114.50342900685803
10
95.05659131318264
20
114.65341630683263
10
94.05659131318264
20
114.65341630683263
97
1
330

75
0
76
1
47
0.4128176842155181
98
1
10
34.90568961886538
20
22.81183545379326
450
0
451
0
460
0
461
0
452
1
462
1
453
2
463
0
63
5
421
255
463
1
63
7
421
16777215
470
LINEAR
1001
ACAD
1010
0
1020
0
1030
0
0
HATCH
5
bd3
100
AcDbEntity
8
Document
100
AcDbHatch
10
0
20
0
30
0
210
0
220
0
230
1
2
SOLID
70
1
71
0
91
1
92
7
72
0
73
1
93
4
10
124.29184658369319
20
69.88971297942597
10
124.49184658369317
20
69.88971297942597
10
124.49184658369317
20
68.48971297942597
10
124.29184658369319
20
68.48971297942597
97
1
330

75
0
76
1
47
0.4128176842155181
98
1
10
34.90568961886538
20
22.81183545379326
450
0
451
0
460
0
461
0
452
1
462
1
453
2
463
0
63
5
421
255
463
1
63
7
421
16777215
470
LINEAR
1001
ACAD
1010
0
1020
0
1030
0
0
HATCH
5
bd5
100
AcDbEntity
8
Document
100
AcDbHatch
10
0
20
0
30
0
210
0
220
0
230
1
2
SOLID
70
1
71
0
91
1
92
7
72
0
73
1
93
4
10
123.92649225298452
20
69.0955295910592
10
124.92649225298452
20
69.0955295910592
10
124.92649225298452
20
69.24551689103379
10
123.92649225298452
20
69.24551689103379
97
1
330

75
0
76
1
47
0.4128176842155181
98
1
10
34.90568961886538
20
22.81183545379326
450
0
451
0
460
0
461
0
452
1
462
1
453
2
463
0
63
5
421
255
463
1
63
7
421
16777215
470
LINEAR
1001
ACAD
1010
0
1020
0
1030
0
0
HATCH
5
bd7
100
AcDbEntity
8
Document
100
AcDbHatch
10
0
20
0
30
0
210
0
220
0
230
1
2
SOLID
70
1
71
0
91
1
92
7
72
0
73
1
93
4
10
121.69184658369318
20
69.18973837947676
10
122.69184658369318
20
69.18973837947676
10
122.69184658369318
20
69.33972567945136
10
121.69184658369318
20
69.33972567945136
97
1
330

75
0
76
1
47
0.4128176842155181
98
1
10
34.90568961886538
20
22.81183545379326
450
0
451
0
460
0
461
0
452
1
462
1
453
2
463
0
63
5
421
255
463
1
63
7
421
16777215
470
LINEAR
1001
ACAD
1010
0
1020
0
1030
0
0
HATCH
5
bd9
100
AcDbEntity
8
TopPasteMaskLayer
100
AcDbHatch
10
0
20
0
30
0
210
0
220
0
230
1
2
SOLID
70
1
71
0
91
1
92
7
72
0
73
1
93
12
10
97.36156972313945
20
117.53103886207774
10
97.36156972313945
20
116.25105410210823
10
97.31155702311405
20
116.20104140208282
10
96.16154432308866
20
116.20104140208282
10
96.11155702311406
20
116.25105410210823
10
96.10652781305564
20
116.66108712217425
10
96.55654051308105
20
116.66108712217425
10
96.55654051308105
20
117.11107442214886
10
96.11653543307088
20
117.11107442214886
10
96.11155702311406
20
117.53103886207774
10
96.16154432308866
20
117.58105156210314
10
97.31155702311405
20
117.58105156210314
97
1
330

75
0
76
1
47
0.4128176842155181
98
1
10
34.90568961886538
20
22.81183545379326
450
0
451
0
460
0
461
0
452
1
462
1
453
2
463
0
63
5
421
255
463
1
63
7
421
16777215
470
LINEAR
1001
ACAD
1010
0
1020
0
1030
0
0
HATCH
5
bdb
100
AcDbEntity
8
TopPasteMaskLayer
100
AcDbHatch
10
0
20
0
30
0
210
0
220
0
230
1
2
SOLID
70
1
71
0
91
1
92
7
72
0
73
1
93
12
10
93.95161290322582
20
116.25102870205741
10
93.95161290322582
20
117.53101346202695
10
94.00162560325123
20
117.58102616205234
10
95.15163830327663
20
117.58102616205234
10
95.20162560325123
20
117.53101346202695
10
95.20665481330964
20
117.1209804419609
10
94.75664211328423
20
117.1209804419609
10
94.75664211328423
20
116.6709931419863
10
95.1966471932944
20
116.6709931419863
10
95.20162560325123
20
116.25102870205741
10
95.15163830327663
20
116.20101600203202
10
94.00162560325123
20
116.20101600203202
97
1
330

75
0
76
1
47
0.4128176842155181
98
1
10
34.90568961886538
20
22.81183545379326
450
0
451
0
460
0
461
0
452
1
462
1
453
2
463
0
63
5
421
255
463
1
63
7
421
16777215
470
LINEAR
1001
ACAD
1010
0
1020
0
1030
0
0
HATCH
5
bdd
100
AcDbEntity
8
TopPasteMaskLayer
100
AcDbHatch
10
0
20
0
30
0
210
0
220
0
230
1
2
SOLID
70
1
71
0
91
1
92
7
72
0
73
1
93
8
10
114.37782575565153
20
72.77914655829312
10
113.91783083566169
20
72.77914655829312
10
113.87782575565153
20
72.8191516383033
10
113.87782575565153
20
73.3197866395733
10
113.91783083566169
20
73.35979171958344
10
114.37782575565153
20
73.35979171958344
10
114.41783083566169
20
73.3197866395733
10
114.41783083566169
20
72.8191516383033
97
1
330

75
0
76
1
47
0.4128176842155181
98
1
10
34.90568961886538
20
22.81183545379326
450
0
451
0
460
0
461
0
452
1
462
1
453
2
463
0
63
5
421
255
463
1
63
7
421
16777215
470
LINEAR
1001
ACAD
1010
0
1020
0
1030
0
0
HATCH
5
bdf
100
AcDbEntity
8
TopPasteMaskLayer
100
AcDbHatch
10
0
20
0
30
0
210
0
220
0
230
1
2
SOLID
70
1
71
0
91
1
92
7
72
0
73
1
93
8
10
114.37782575565153
20
72.50914401828804
10
113.91783083566169
20
72.50914401828804
10
113.87782575565153
20
72.46913893827788
10
113.87782575565153
20
71.96850393700788
10
113.91783083566169
20
71.92849885699772
10
114.37782575565153
20
71.92849885699772
10
114.41783083566169
20
71.96850393700788
10
114.41783083566169
20
72.46913893827788
97
1
330

75
0
76
1
47
0.4128176842155181
98
1
10
34.90568961886538
20
22.81183545379326
450
0
451
0
460
0
461
0
452
1
462
1
453
2
463
0
63
5
421
255
463
1
63
7
421
16777215
470
LINEAR
1001
ACAD
1010
0
1020
0
1030
0
0
HATCH
5
be1
100
AcDbEntity
8
TopPasteMaskLayer
100
AcDbHatch
10
0
20
0
30
0
210
0
220
0
230
1
2
SOLID
70
1
71
0
91
1
92
7
72
0
73
1
93
8
10
119.86144272288546
20
69.76593853187707
10
120.3214376428753
20
69.76593853187707
10
120.36144272288546
20
69.72593345186692
10
120.36144272288546
20
69.22529845059691
10
120.3214376428753
20
69.18529337058675
10
119.86144272288546
20
69.18529337058675
10
119.82143764287531
20
69.22529845059691
10
119.82143764287531
20
69.72593345186692
97
1
330

75
0
76
1
47
0.4128176842155181
98
1
10
34.90568961886538
20
22.81183545379326
450
0
451
0
460
0
461
0
452
1
462
1
453
2
463
0
63
5
421
255
463
1
63
7
421
16777215
470
LINEAR
1001
ACAD
1010
0
1020
0
1030
0
0
HATCH
5
be3
100
AcDbEntity
8
TopPasteMaskLayer
100
AcDbHatch
10
0
20
0
30
0
210
0
220
0
230
1
2
SOLID
70
1
71
0
91
1
92
7
72
0
73
1
93
8
10
119.86144272288546
20
70.03594107188215
10
120.3214376428753
20
70.03594107188215
10
120.36144272288546
20
70.07594615189231
10
120.36144272288546
20
70.57658115316232
10
120.3214376428753
20
70.61658623317247
10
119.86144272288546
20
70.61658623317247
10
119.82143764287531
20
70.57658115316232
10
119.82143764287531
20
70.07594615189231
97
1
330

75
0
76
1
47
0.4128176842155181
98
1
10
34.90568961886538
20
22.81183545379326
450
0
451
0
460
0
461
0
452
1
462
1
453
2
463
0
63
5
421
255
463
1
63
7
421
16777215
470
LINEAR
1001
ACAD
1010
0
1020
0
1030
0
0
HATCH
5
be5
100
AcDbEntity
8
TopPasteMaskLayer
100
AcDbHatch
10
0
20
0
30
0
210
0
220
0
230
1
2
SOLID
70
1
71
0
91
1
92
7
72
0
73
1
93
8
10
75.21755143510289
20
101.06540513081028
10
75.21755143510289
20
101.5254000508001
10
75.25755651511304
20
101.56540513081028
10
75.75819151638304
20
101.56540513081028
10
75.79819659639321
20
101.5254000508001
10
75.79819659639321
20
101.06540513081028
10
75.75819151638304
20
101.02540005080012
10
75.25755651511304
20
101.02540005080012
97
1
330

75
0
76
1
47
0.4128176842155181
98
1
10
34.90568961886538
20
22.81183545379326
450
0
451
0
460
0
461
0
452
1
462
1
453
2
463
0
63
5
421
255
463
1
63
7
421
16777215
470
LINEAR
1001
ACAD
1010
0
1020
0
1030
0
0
HATCH
5
be7
100
AcDbEntity
8
TopPasteMaskLayer
100
AcDbHatch
10
0
20
0
30
0
210
0
220
0
230
1
2
SOLID
70
1
71
0
91
1
92
7
72
0
73
1
93
8
10
74.9475488950978
20
101.06540513081028
10
74.9475488950978
20
101.5254000508001
10
74.90754381508764
20
101.56540513081028
10
74.40690881381764
20
101.56540513081028
10
74.36690373380749
20
101.5254000508001
10
74.36690373380749
20
101.06540513081028
10
74.40690881381764
20
101.02540005080012
10
74.90754381508764
20
101.02540005080012
97
1
330

75
0
76
1
47
0.4128176842155181
98
1
10
34.90568961886538
20
22.81183545379326
450
0
451
0
460
0
461
0
452
1
462
1
453
2
463
0
63
5
421
255
463
1
63
7
421
16777215
470
LINEAR
1001
ACAD
1010
0
1020
0
1030
0
0
HATCH
5
be9
100
AcDbEntity
8
TopPasteMaskLayer
100
AcDbHatch
10
0
20
0
30
0
210
0
220
0
230
1
2
SOLID
70
1
71
0
91
1
92
7
72
0
73
1
93
8
10
77.65595631191263
20
102.13220726441453
10
77.65595631191263
20
102.59220218440439
10
77.6959613919228
20
102.63220726441453
10
78.1965963931928
20
102.63220726441453
10
78.23660147320295
20
102.59220218440439
10
78.23660147320295
20
102.13220726441453
10
78.1965963931928
20
102.09220218440439
10
77.6959613919228
20
102.09220218440439
97
1
330

75
0
76
1
47
0.4128176842155181
98
1
10
34.90568961886538
20
22.81183545379326
450
0
451
0
460
0
461
0
452
1
462
1
453
2
463
0
63
5
421
255
463
1
63
7
421
16777215
470
LINEAR
1001
ACAD
1010
0
1020
0
1030
0
0
HATCH
5
beb
100
AcDbEntity
8
TopPasteMaskLayer
100
AcDbHatch
10
0
20
0
30
0
210
0
220
0
230
1
2
SOLID
70
1
71
0
91
1
92
7
72
0
73
1
93
8
10
77.38595377190755
20
102.13220726441453
10
77.38595377190755
20
102.59220218440439
10
77.3459486918974
20
102.63220726441453
10
76.84531369062739
20
102.63220726441453
10
76.80530861061723
20
102.59220218440439
10
76.80530861061723
20
102.13220726441453
10
76.84531369062739
20
102.09220218440439
10
77.3459486918974
20
102.09220218440439
97
1
330

75
0
76
1
47
0.4128176842155181
98
1
10
34.90568961886538
20
22.81183545379326
450
0
451
0
460
0
461
0
452
1
462
1
453
2
463
0
63
5
421
255
463
1
63
7
421
16777215
470
LINEAR
1001
ACAD
1010
0
1020
0
1030
0
0
HATCH
5
bed
100
AcDbEntity
8
TopPasteMaskLayer
100
AcDbHatch
10
0
20
0
30
0
210
0
220
0
230
1
2
SOLID
70
1
71
0
91
1
92
7
72
0
73
1
93
8
10
124.7984505969012
20
71.19494538989079
10
124.7984505969012
20
71.65494030988063
10
124.83845567691137
20
71.69494538989078
10
125.33909067818136
20
71.69494538989078
10
125.37909575819154
20
71.65494030988063
10
125.37909575819154
20
71.19494538989079
10
125.33909067818136
20
71.15494030988063
10
124.83845567691137
20
71.15494030988063
97
1
330

75
0
76
1
47
0.4128176842155181
98
1
10
34.90568961886538
20
22.81183545379326
450
0
451
0
460
0
461
0
452
1
462
1
453
2
463
0
63
5
421
255
463
1
63
7
421
16777215
470
LINEAR
1001
ACAD
1010
0
1020
0
1030
0
0
HATCH
5
bef
100
AcDbEntity
8
TopPasteMaskLayer
100
AcDbHatch
10
0
20
0
30
0
210
0
220
0
230
1
2
SOLID
70
1
71
0
91
1
92
7
72
0
73
1
93
8
10
124.52844805689614
20
71.19494538989079
10
124.52844805689614
20
71.65494030988063
10
124.48844297688596
20
71.69494538989078
10
123.98780797561597
20
71.69494538989078
10
123.9478028956058
20
71.65494030988063
10
123.9478028956058
20
71.19494538989079
10
123.98780797561597
20
71.15494030988063
10
124.48844297688596
20
71.15494030988063
97
1
330

75
0
76
1
47
0.4128176842155181
98
1
10
34.90568961886538
20
22.81183545379326
450
0
451
0
460
0
461
0
452
1
462
1
453
2
463
0
63
5
421
255
463
1
63
7
421
16777215
470
LINEAR
1001
ACAD
1010
0
1020
0
1030
0
0
HATCH
5
bf1
100
AcDbEntity
8
TopPasteMaskLayer
100
AcDbHatch
10
0
20
0
30
0
210
0
220
0
230
1
2
SOLID
70
1
71
0
91
1
92
7
72
0
73
1
93
8
10
97.5187960375921
20
74.39535179070359
10
97.5187960375921
20
74.85534671069342
10
97.55880111760224
20
74.89535179070359
10
98.05943611887226
20
74.89535179070359
10
98.0994411988824
20
74.85534671069342
10
98.0994411988824
20
74.39535179070359
10
98.05943611887226
20
74.35534671069344
10
97.55880111760224
20
74.35534671069344
97
1
330

75
0
76
1
47
0.4128176842155181
98
1
10
34.90568961886538
20
22.81183545379326
450
0
451
0
460
0
461
0
452
1
462
1
453
2
463
0
63
5
421
255
463
1
63
7
421
16777215
470
LINEAR
1001
ACAD
1010
0
1020
0
1030
0
0
HATCH
5
bf3
100
AcDbEntity
8
TopPasteMaskLayer
100
AcDbHatch
10
0
20
0
30
0
210
0
220
0
230
1
2
SOLID
70
1
71
0
91
1
92
7
72
0
73
1
93
8
10
97.248793497587
20
74.39535179070359
10
97.248793497587
20
74.85534671069342
10
97.20878841757686
20
74.89535179070359
10
96.70815341630684
20
74.89535179070359
10
96.66814833629668
20
74.85534671069342
10
96.66814833629668
20
74.39535179070359
10
96.70815341630684
20
74.35534671069344
10
97.20878841757686
20
74.35534671069344
97
1
330

75
0
76
1
47
0.4128176842155181
98
1
10
34.90568961886538
20
22.81183545379326
450
0
451
0
460
0
461
0
452
1
462
1
453
2
463
0
63
5
421
255
463
1
63
7
421
16777215
470
LINEAR
1001
ACAD
1010
0
1020
0
1030
0
0
HATCH
5
bf5
100
AcDbEntity
8
TopPasteMaskLayer
100
AcDbHatch
10
0
20
0
30
0
210
0
220
0
230
1
2
SOLID
70
1
71
0
91
1
92
7
72
0
73
1
93
8
10
97.5187960375921
20
75.56375412750828
10
97.5187960375921
20
76.0237490474981
10
97.55880111760224
20
76.06375412750828
10
98.05943611887226
20
76.06375412750828
10
98.0994411988824
20
76.0237490474981
10
98.0994411988824
20
75.56375412750828
10
98.05943611887226
20
75.5237490474981
10
97.55880111760224
20
75.5237490474981
97
1
330

75
0
76
1
47
0.4128176842155181
98
1
10
34.90568961886538
20
22.81183545379326
450
0
451
0
460
0
461
0
452
1
462
1
453
2
463
0
63
5
421
255
463
1
63
7
421
16777215
470
LINEAR
1001
ACAD
1010
0
1020
0
1030
0
0
HATCH
5
bf7
100
AcDbEntity
8
TopPasteMaskLayer
100
AcDbHatch
10
0
20
0
30
0
210
0
220
0
230
1
2
SOLID
70
1
71
0
91
1
92
7
72
0
73
1
93
8
10
97.248793497587
20
75.56375412750828
10
97.248793497587
20
76.0237490474981
10
97.20878841757686
20
76.06375412750828
10
96.70815341630684
20
76.06375412750828
10
96.66814833629668
20
76.0237490474981
10
96.66814833629668
20
75.56375412750828
10
96.70815341630684
20
75.5237490474981
10
97.20878841757686
20
75.5237490474981
97
1
330

75
0
76
1
47
0.4128176842155181
98
1
10
34.90568961886538
20
22.81183545379326
450
0
451
0
460
0
461
0
452
1
462
1
453
2
463
0
63
5
421
255
463
1
63
7
421
16777215
470
LINEAR
1001
ACAD
1010
0
1020
0
1030
0
0
HATCH
5
bf9
100
AcDbEntity
8
TopPasteMaskLayer
100
AcDbHatch
10
0
20
0
30
0
210
0
220
0
230
1
2
SOLID
70
1
71
0
91
1
92
7
72
0
73
1
93
8
10
96.18199136398273
20
110.46621793243588
10
96.18199136398273
20
110.00622301244603
10
96.14198628397259
20
109.96621793243588
10
95.64135128270259
20
109.96621793243588
10
95.60134620269241
20
110.00622301244603
10
95.60134620269241
20
110.46621793243588
10
95.64135128270259
20
110.50622301244604
10
96.14198628397259
20
110.50622301244604
97
1
330

75
0
76
1
47
0.4128176842155181
98
1
10
34.90568961886538
20
22.81183545379326
450
0
451
0
460
0
461
0
452
1
462
1
453
2
463
0
63
5
421
255
463
1
63
7
421
16777215
470
LINEAR
1001
ACAD
1010
0
1020
0
1030
0
0
HATCH
5
bfb
100
AcDbEntity
8
TopPasteMaskLayer
100
AcDbHatch
10
0
20
0
30
0
210
0
220
0
230
1
2
SOLID
70
1
71
0
91
1
92
7
72
0
73
1
93
8
10
96.45199390398781
20
110.46621793243588
10
96.45199390398781
20
110.00622301244603
10
96.49199898399799
20
109.96621793243588
10
96.99263398526799
20
109.96621793243588
10
97.03263906527813
20
110.00622301244603
10
97.03263906527813
20
110.46621793243588
10
96.99263398526799
20
110.50622301244604
10
96.49199898399799
20
110.50622301244604
97
1
330

75
0
76
1
47
0.4128176842155181
98
1
10
34.90568961886538
20
22.81183545379326
450
0
451
0
460
0
461
0
452
1
462
1
453
2
463
0
63
5
421
255
463
1
63
7
421
16777215
470
LINEAR
1001
ACAD
1010
0
1020
0
1030
0
0
HATCH
5
bfd
100
AcDbEntity
8
Document
100
AcDbHatch
10
0
20
0
30
0
210
0
220
0
230
1
2
SOLID
70
1
71
0
91
1
92
7
72
0
73
1
93
5
10
84.08455676911356
20
54.646913893827794
10
84.08455676911356
20
66.1469392938786
10
85.08458216916435
20
66.1469392938786
10
85.08458216916435
20
54.646913893827794
10
84.08455676911356
20
54.646913893827794
97
1
330

75
0
76
1
47
0.4128176842155181
98
1
10
34.90568961886538
20
22.81183545379326
450
0
451
0
460
0
461
0
452
1
462
1
453
2
463
0
63
5
421
255
463
1
63
7
421
16777215
470
LINEAR
1001
ACAD
1010
0
1020
0
1030
0
0
HATCH
5
bff
100
AcDbEntity
8
Document
100
AcDbHatch
10
0
20
0
30
0
210
0
220
0
230
1
2
SOLID
70
1
71
0
91
1
92
7
72
0
73
1
93
4
10
98.08460756921515
20
54.646913893827794
10
98.08460756921515
20
66.1469392938786
10
97.08458216916435
20
66.1469392938786
10
97.08458216916435
20
54.646913893827794
97
1
330

75
0
76
1
47
0.4128176842155181
98
1
10
34.90568961886538
20
22.81183545379326
450
0
451
0
460
0
461
0
452
1
462
1
453
2
463
0
63
5
421
255
463
1
63
7
421
16777215
470
LINEAR
1001
ACAD
1010
0
1020
0
1030
0
0
HATCH
5
c01
100
AcDbEntity
8
Document
100
AcDbHatch
10
0
20
0
30
0
210
0
220
0
230
1
2
SOLID
70
1
71
0
91
1
92
7
72
0
73
1
93
4
10
85.08458216916435
20
66.1469392938786
10
97.08458216916435
20
66.1469392938786
10
97.08458216916435
20
65.14693929387859
10
85.08458216916435
20
65.14693929387859
97
1
330

75
0
76
1
47
0.4128176842155181
98
1
10
34.90568961886538
20
22.81183545379326
450
0
451
0
460
0
461
0
452
1
462
1
453
2
463
0
63
5
421
255
463
1
63
7
421
16777215
470
LINEAR
1001
ACAD
1010
0
1020
0
1030
0
0
HATCH
5
c03
100
AcDbEntity
8
TopPasteMaskLayer
100
AcDbHatch
10
0
20
0
30
0
210
0
220
0
230
1
2
SOLID
70
1
71
0
91
1
92
7
72
0
73
1
93
16
10
107.25041910083822
20
67.77884175768352
10
107.25041910083822
20
68.14015748031497
10
107.35041910083821
20
68.24015748031496
10
107.56098552197106
20
68.24015748031496
10
107.66098552197107
20
68.34015748031497
10
107.66098552197107
20
68.71851663703329
10
107.56098552197106
20
68.81851663703328
10
107.35041910083821
20
68.81851663703328
10
107.25041910083822
20
68.91851663703328
10
107.25041910083822
20
69.27983235966474
10
107.35041910083821
20
69.37983235966472
10
108.35793751587505
20
69.37983235966472
10
108.45793751587505
20
69.27983235966474
10
108.45793751587505
20
67.77884175768352
10
108.35793751587505
20
67.67884175768351
10
107.35041910083821
20
67.67884175768351
97
1
330

75
0
76
1
47
0.4128176842155181
98
1
10
34.90568961886538
20
22.81183545379326
450
0
451
0
460
0
461
0
452
1
462
1
453
2
463
0
63
5
421
255
463
1
63
7
421
16777215
470
LINEAR
1001
ACAD
1010
0
1020
0
1030
0
0
HATCH
5
c05
100
AcDbEntity
8
TopPasteMaskLayer
100
AcDbHatch
10
0
20
0
30
0
210
0
220
0
230
1
2
SOLID
70
1
71
0
91
1
92
7
72
0
73
1
93
16
10
105.5004064008128
20
67.77884175768352
10
105.5004064008128
20
68.14015748031497
10
105.40040640081283
20
68.24015748031496
10
105.18983997967997
20
68.24015748031496
10
105.08983997967997
20
68.34015748031497
10
105.08983997967997
20
68.71851663703329
10
105.18983997967997
20
68.81851663703328
10
105.40040640081283
20
68.81851663703328
10
105.5004064008128
20
68.91851663703328
10
105.5004064008128
20
69.27983235966474
10
105.40040640081283
20
69.37983235966472
10
104.39288798577599
20
69.37983235966472
10
104.29288798577598
20
69.27983235966474
10
104.29288798577598
20
67.77884175768352
10
104.39288798577599
20
67.67884175768351
10
105.40040640081283
20
67.67884175768351
97
1
330

75
0
76
1
47
0.4128176842155181
98
1
10
34.90568961886538
20
22.81183545379326
450
0
451
0
460
0
461
0
452
1
462
1
453
2
463
0
63
5
421
255
463
1
63
7
421
16777215
470
LINEAR
1001
ACAD
1010
0
1020
0
1030
0
0
HATCH
5
c07
100
AcDbEntity
8
TopPasteMaskLayer
100
AcDbHatch
10
0
20
0
30
0
210
0
220
0
230
1
2
SOLID
70
1
71
0
91
1
92
7
72
0
73
1
93
16
10
105.87881635763273
20
70.11564643129287
10
105.87881635763273
20
70.47696215392432
10
105.97881635763274
20
70.57696215392431
10
106.18938277876558
20
70.57696215392431
10
106.28938277876557
20
70.67696215392432
10
106.28938277876557
20
71.05532131064263
10
106.18938277876558
20
71.15532131064263
10
105.97881635763274
20
71.15532131064263
10
105.87881635763273
20
71.25532131064263
10
105.87881635763273
20
71.61663703327407
10
105.97881635763274
20
71.71663703327408
10
106.98633477266955
20
71.71663703327408
10
107.08633477266956
20
71.61663703327407
10
107.08633477266956
20
70.11564643129287
10
106.98633477266955
20
70.01564643129286
10
105.97881635763274
20
70.01564643129286
97
1
330

75
0
76
1
47
0.4128176842155181
98
1
10
34.90568961886538
20
22.81183545379326
450
0
451
0
460
0
461
0
452
1
462
1
453
2
463
0
63
5
421
255
463
1
63
7
421
16777215
470
LINEAR
1001
ACAD
1010
0
1020
0
1030
0
0
HATCH
5
c09
100
AcDbEntity
8
TopPasteMaskLayer
100
AcDbHatch
10
0
20
0
30
0
210
0
220
0
230
1
2
SOLID
70
1
71
0
91
1
92
7
72
0
73
1
93
16
10
104.12880365760734
20
70.11564643129287
10
104.12880365760734
20
70.47696215392432
10
104.02880365760733
20
70.57696215392431
10
103.81823723647449
20
70.57696215392431
10
103.7182372364745
20
70.67696215392432
10
103.7182372364745
20
71.05532131064263
10
103.81823723647449
20
71.15532131064263
10
104.02880365760733
20
71.15532131064263
10
104.12880365760734
20
71.25532131064263
10
104.12880365760734
20
71.61663703327407
10
104.02880365760733
20
71.71663703327408
10
103.0212852425705
20
71.71663703327408
10
102.92128524257049
20
71.61663703327407
10
102.92128524257049
20
70.11564643129287
10
103.0212852425705
20
70.01564643129286
10
104.02880365760733
20
70.01564643129286
97
1
330

75
0
76
1
47
0.4128176842155181
98
1
10
34.90568961886538
20
22.81183545379326
450
0
451
0
460
0
461
0
452
1
462
1
453
2
463
0
63
5
421
255
463
1
63
7
421
16777215
470
LINEAR
1001
ACAD
1010
0
1020
0
1030
0
  0
ENDSEC
  0
SECTION
  2
OBJECTS
  0
DICTIONARY
  5
C
330
0
100
AcDbDictionary
281
     1
  3
ACAD_CIP_PREVIOUS_PRODUCT_INFO
350
216
  3
ACAD_COLOR
350
6B
  3
ACAD_DETAILVIEWSTYLE
350
21B
  3
ACAD_GROUP
350
D
  3
ACAD_LAYOUT
350
1A
  3
ACAD_MATERIAL
350
6A
  3
ACAD_MLEADERSTYLE
350
12D
  3
ACAD_MLINESTYLE
350
17
  3
ACAD_PLOTSETTINGS
350
19
  3
ACAD_PLOTSTYLENAME
350
E
  3
ACAD_SCALELIST
350
10C
  3
ACAD_SECTIONVIEWSTYLE
350
219
  3
ACAD_TABLESTYLE
350
7E
  3
ACAD_VISUALSTYLE
350
EF
  3
ACDB_RECOMPOSE_DATA
350
27D
  3
AcDbVariableDictionary
350
5E
  3
AcDsDecomposeData
350
283
  0
DICTIONARY
  5
1FF
330
2
100
AcDbDictionary
280
     1
281
     1
  3
ACAD_LAYERSTATES
360
200
  0
DICTIONARY
  5
13C
330
10
100
AcDbDictionary
280
     1
281
     1
  0
DICTIONARY
  5
1CE
330
1F
100
AcDbDictionary
280
     1
281
     1
  0
XRECORD
  5
216
102
{ACAD_REACTORS
330
C
102
}
330
C
100
AcDbXrecord
280
     1
300
ACD
300
2017
300
ACD_F_S
  0
DICTIONARY
  5
6B
102
{ACAD_REACTORS
330
C
102
}
330
C
100
AcDbDictionary
281
     1
  0
DICTIONARY
  5
21B
102
{ACAD_REACTORS
330
C
102
}
330
C
100
AcDbDictionary
281
     1
  3
Metric50
350
21C
  0
DICTIONARY
  5
D
102
{ACAD_REACTORS
330
C
102
}
330
C
100
AcDbDictionary
281
     1
  0
DICTIONARY
  5
1A
102
{ACAD_REACTORS
330
C
102
}
330
C
100
AcDbDictionary
281
     1
  3
Model
350
22
  3
布局1
350
D3
  3
布局2
350
D7
  0
DICTIONARY
  5
6A
102
{ACAD_REACTORS
330
C
102
}
330
C
100
AcDbDictionary
281
     1
  3
ByBlock
350
ED
  3
ByLayer
350
EC
  3
Global
350
EE
  0
DICTIONARY
  5
12D
102
{ACAD_REACTORS
330
C
102
}
330
C
100
AcDbDictionary
281
     1
  3
Annotative
350
13B
  3
Standard
350
12E
  0
DICTIONARY
  5
17
102
{ACAD_REACTORS
330
C
102
}
330
C
100
AcDbDictionary
281
     1
  3
Standard
350
18
  0
DICTIONARY
  5
19
102
{ACAD_REACTORS
330
C
102
}
330
C
100
AcDbDictionary
281
     1
  0
ACDBDICTIONARYWDFLT
  5
E
102
{ACAD_REACTORS
330
C
102
}
330
C
100
AcDbDictionary
281
     1
  3
Normal
350
F
100
AcDbDictionaryWithDefault
340
F
  0
DICTIONARY
  5
10C
102
{ACAD_REACTORS
330
C
102
}
330
C
100
AcDbDictionary
281
     1
  3
A0
350
10D
  3
A1
350
1BE
  3
A2
350
1BF
  3
A3
350
1C0
  3
A4
350
1C1
  3
A5
350
1C2
  3
A6
350
1C3
  3
A7
350
1C4
  3
A8
350
1C5
  3
A9
350
1C6
  3
B0
350
1C7
  3
B1
350
1C8
  3
B2
350
1C9
  3
B3
350
1CA
  3
B4
350
1CB
  3
B5
350
1CC
  3
B6
350
1CD
  0
DICTIONARY
  5
219
102
{ACAD_REACTORS
330
C
102
}
330
C
100
AcDbDictionary
281
     1
  3
Metric50
350
21A
  0
DICTIONARY
  5
7E
102
{ACAD_REACTORS
330
C
102
}
330
C
100
AcDbDictionary
281
     1
  3
Standard
350
7F
  0
DICTIONARY
  5
EF
102
{ACAD_REACTORS
330
C
102
}
330
C
100
AcDbDictionary
281
     1
  3
2dWireframe
350
F5
  3
Basic
350
F4
  3
Brighten
350
FB
  3
ColorChange
350
FF
  3
Conceptual
350
F8
  3
Dim
350
FA
  3
EdgeColorOff
350
1E6
  3
Facepattern
350
FE
  3
Flat
350
F0
  3
FlatWithEdges
350
F1
  3
Gouraud
350
F2
  3
GouraudWithEdges
350
F3
  3
Hidden
350
F7
  3
JitterOff
350
1E4
  3
Linepattern
350
FD
  3
OverhangOff
350
1E5
  3
Realistic
350
F9
  3
Shaded
350
1F3
  3
Shaded with edges
350
1F2
  3
Shades of Gray
350
1EF
  3
Sketchy
350
1F0
  3
Thicken
350
FC
  3
Wireframe
350
F6
  3
X-Ray
350
1F1
  0
XRECORD
  5
27D
102
{ACAD_REACTORS
330
C
102
}
330
C
100
AcDbXrecord
280
     1
 90
        1
330
7F
  0
DICTIONARY
  5
5E
102
{ACAD_REACTORS
330
C
102
}
330
C
100
AcDbDictionary
281
     1
  3
CANNOSCALE
350
146
  3
CENTEREXE
350
259
  3
CENTERLTYPEFILE
350
25A
  3
CMLEADERSTYLE
350
145
  3
CTABLESTYLE
350
84
  3
CVIEWDETAILSTYLE
350
227
  3
CVIEWSECTIONSTYLE
350
228
  3
DIMASSOC
350
5F
  3
HIDETEXT
350
63
  3
LAYEREVAL
350
1AE
  3
LAYERNOTIFY
350
1AF
  3
XCLIPFRAME
350
27B
  0
DICTIONARY
  5
283
102
{ACAD_REACTORS
330
C
102
}
330
C
100
AcDbDictionary
281
     1
  3
AcDsRecords
350
285
  3
AcDsSchemas
350
284
1001
ACAD
1070
     2
  0
DICTIONARY
  5
200
102
{ACAD_REACTORS
330
1FF
102
}
330
1FF
100
AcDbDictionary
281
     1
  0
ACDBDETAILVIEWSTYLE
  5
21C
102
{ACAD_XDICTIONARY
360
236
102
}
102
{ACAD_REACTORS
330
21B
102
}
330
21B
100
AcDbModelDocViewStyle
 70
     0
  3
Metric50
290
     0
100
AcDbDetailViewStyle
 70
     0
 71
     0
 90
        3
 71
     1
340
11
 62
   256
 40
5.0
340
0
 62
   256
 40
5.0
300

 40
0.0
280
     1
 71
     2
340
16
 90
       25
 62
   256
 71
     3
340
11
 62
   256
 40
5.0
 90
        0
 40
15.0
 90
        1
300
%<AcVar ViewDetailId>% (%<AcVar ViewScale  "%sn">%)
 71
     4
340
16
 90
       25
 62
   256
340
16
 90
       25
 62
   256
280
     0
  0
LAYOUT
  5
22
102
{ACAD_XDICTIONARY
360
205
102
}
102
{ACAD_REACTORS
330
1A
102
}
330
1A
100
AcDbPlotSettings
  1

  2
none_device
  4
ISO_A4_(210.00_x_297.00_MM)
  6

 40
7.5
 41
20.0
 42
7.5
 43
20.0
 44
210.0
 45
297.0
 46
11.54999923706054
 47
-13.65000009536743
 48
0.0
 49
0.0
140
0.0
141
0.0
142
1.0
143
8.704084754739808
 70
 11952
 72
     1
 73
     0
 74
     0
  7

 75
     0
147
0.1148885871608098
 76
     0
 77
     2
 78
   300
148
0.0
149
0.0
100
AcDbLayout
  1
Model
 70
     1
 71
     0
 10
0.0
 20
0.0
 11
12.0
 21
9.0
 12
0.0
 22
0.0
 32
0.0
 14
0.0
 24
0.0
 34
0.0
 15
0.0
 25
0.0
 35
0.0
146
0.0
 13
0.0
 23
0.0
 33
0.0
 16
1.0
 26
0.0
 36
0.0
 17
0.0
 27
1.0
 37
0.0
 76
     0
330
1F
331
EA
1001
ACAD_PSEXT
1000
None
1000
None
1000
Not applicable
1000
The layout will not be plotted unless a new plotter configuration name is selected.
1070
     0
  0
LAYOUT
  5
D3
102
{ACAD_REACTORS
330
1A
102
}
330
1A
100
AcDbPlotSettings
  1

  2
C:Documents and SettingsasasApplication DataAutodeskAutoCAD 2005R16.1enuplottersDefault Windows System Printer.pc3
  4

  6

 40
0.0
 41
0.0
 42
0.0
 43
0.0
 44
0.0
 45
0.0
 46
0.0
 47
0.0
 48
0.0
 49
0.0
140
0.0
141
0.0
142
1.0
143
1.0
 70
   688
 72
     0
 73
     0
 74
     5
  7

 75
    16
147
1.0
 76
     0
 77
     2
 78
   300
148
0.0
149
0.0
100
AcDbLayout
  1
布局1
 70
     1
 71
     1
 10
0.0
 20
0.0
 11
12.0
 21
9.0
 12
0.0
 22
0.0
 32
0.0
 14
0.0
 24
0.0
 34
0.0
 15
0.0
 25
0.0
 35
0.0
146
0.0
 13
0.0
 23
0.0
 33
0.0
 16
1.0
 26
0.0
 36
0.0
 17
0.0
 27
1.0
 37
0.0
 76
     0
330
D2
  0
LAYOUT
  5
D7
102
{ACAD_REACTORS
330
1A
102
}
330
1A
100
AcDbPlotSettings
  1

  2
C:Documents and SettingsasasApplication DataAutodeskAutoCAD 2005R16.1enuplottersDefault Windows System Printer.pc3
  4

  6

 40
0.0
 41
0.0
 42
0.0
 43
0.0
 44
0.0
 45
0.0
 46
0.0
 47
0.0
 48
0.0
 49
0.0
140
0.0
141
0.0
142
1.0
143
1.0
 70
   688
 72
     0
 73
     0
 74
     5
  7

 75
    16
147
1.0
 76
     0
 77
     2
 78
   300
148
0.0
149
0.0
100
AcDbLayout
  1
布局2
 70
     1
 71
     2
 10
0.0
 20
0.0
 11
12.0
 21
9.0
 12
0.0
 22
0.0
 32
0.0
 14
0.0
 24
0.0
 34
0.0
 15
0.0
 25
0.0
 35
0.0
146
0.0
 13
0.0
 23
0.0
 33
0.0
 16
1.0
 26
0.0
 36
0.0
 17
0.0
 27
1.0
 37
0.0
 76
     0
330
D6
  0
MATERIAL
  5
ED
102
{ACAD_XDICTIONARY
360
1F9
102
}
102
{ACAD_REACTORS
330
6A
102
}
330
6A
100
AcDbMaterial
  1
ByBlock
 94
       63
  0
MATERIAL
  5
EC
102
{ACAD_XDICTIONARY
360
1F7
102
}
102
{ACAD_REACTORS
330
6A
102
}
330
6A
100
AcDbMaterial
  1
ByLayer
 94
       63
  0
MATERIAL
  5
EE
102
{ACAD_XDICTIONARY
360
173
102
}
102
{ACAD_REACTORS
330
6A
102
}
330
6A
100
AcDbMaterial
  1
Global
 43
0.0007999999797903
 43
0.0
 43
0.0
 43
0.0
 43
0.0
 43
0.0007999999797903
 43
0.0
 43
0.0
 43
0.0
 43
0.0
 43
1.0
 43
0.0
 43
0.0
 43
0.0
 43
0.0
 43
1.0
 49
0.0007999999797903
 49
0.0
 49
0.0
 49
0.0
 49
0.0
 49
0.0007999999797903
 49
0.0
 49
0.0
 49
0.0
 49
0.0
 49
1.0
 49
0.0
 49
0.0
 49
0.0
 49
0.0
 49
1.0
142
0.0007999999797903
142
0.0
142
0.0
142
0.0
142
0.0
142
0.0007999999797903
142
0.0
142
0.0
142
0.0
142
0.0
142
1.0
142
0.0
142
0.0
142
0.0
142
0.0
142
1.0
144
0.0007999999797903
144
0.0
144
0.0
144
0.0
144
0.0
144
0.0007999999797903
144
0.0
144
0.0
144
0.0
144
0.0
144
1.0
144
0.0
144
0.0
144
0.0
144
0.0
144
1.0
 94
       63
1001
ACAD
1070
    -1
1070
     3
1070
     0
1000

1071
        0
1070
     0
  0
MLEADERSTYLE
  5
13B
102
{ACAD_REACTORS
330
12D
102
}
330
12D
100
AcDbMLeaderStyle
170
     2
171
     1
172
     0
 90
        2
 40
0.0
 41
0.0
173
     1
 91
-1056964608
340
14
 92
       -2
290
     1
 42
2.0
291
     1
 43
8.0
  3
Standard
 44
4.0
300

342
11
174
     1
178
     1
175
     1
176
     0
 93
-1056964608
 45
4.0
292
     0
297
     0
 46
4.0
 94
-1056964608
 47
1.0
 49
1.0
140
1.0
293
     1
141
0.0
294
     1
177
     0
142
1.0
295
     0
296
     1
143
3.75
1001
ACAD_MLEADERVER
1070
     2
  0
MLEADERSTYLE
  5
12E
102
{ACAD_REACTORS
330
12D
102
}
330
12D
100
AcDbMLeaderStyle
170
     2
171
     1
172
     0
 90
        2
 40
0.0
 41
0.0
173
     1
 91
-1056964608
340
14
 92
       -2
290
     1
 42
2.0
291
     1
 43
8.0
  3
Standard
 44
4.0
300

342
11
174
     1
178
     1
175
     1
176
     0
 93
-1056964608
 45
4.0
292
     0
297
     0
 46
4.0
 94
-1056964608
 47
1.0
 49
1.0
140
1.0
293
     1
141
0.0
294
     1
177
     0
142
1.0
295
     0
296
     0
143
3.75
1001
ACAD_MLEADERVER
1070
     2
  0
MLINESTYLE
  5
18
102
{ACAD_REACTORS
330
17
102
}
330
17
100
AcDbMlineStyle
  2
STANDARD
 70
     0
  3

 62
   256
 51
90.0
 52
90.0
 71
     2
 49
0.5
 62
   256
  6
BYLAYER
 49
-0.5
 62
   256
  6
BYLAYER
  0
ACDBPLACEHOLDER
  5
F
102
{ACAD_REACTORS
330
E
102
}
330
E
  0
SCALE
  5
10D
102
{ACAD_REACTORS
330
10C
102
}
330
10C
100
AcDbScale
 70
     0
300
1:1
140
1.0
141
1.0
290
     1
  0
SCALE
  5
1BE
102
{ACAD_REACTORS
330
10C
102
}
330
10C
100
AcDbScale
 70
     0
300
1:2
140
1.0
141
2.0
290
     0
  0
SCALE
  5
1BF
102
{ACAD_REACTORS
330
10C
102
}
330
10C
100
AcDbScale
 70
     0
300
1:4
140
1.0
141
4.0
290
     0
  0
SCALE
  5
1C0
102
{ACAD_REACTORS
330
10C
102
}
330
10C
100
AcDbScale
 70
     0
300
1:5
140
1.0
141
5.0
290
     0
  0
SCALE
  5
1C1
102
{ACAD_REACTORS
330
10C
102
}
330
10C
100
AcDbScale
 70
     0
300
1:8
140
1.0
141
8.0
290
     0
  0
SCALE
  5
1C2
102
{ACAD_REACTORS
330
10C
102
}
330
10C
100
AcDbScale
 70
     0
300
1:10
140
1.0
141
10.0
290
     0
  0
SCALE
  5
1C3
102
{ACAD_REACTORS
330
10C
102
}
330
10C
100
AcDbScale
 70
     0
300
1:16
140
1.0
141
16.0
290
     0
  0
SCALE
  5
1C4
102
{ACAD_REACTORS
330
10C
102
}
330
10C
100
AcDbScale
 70
     0
300
1:20
140
1.0
141
20.0
290
     0
  0
SCALE
  5
1C5
102
{ACAD_REACTORS
330
10C
102
}
330
10C
100
AcDbScale
 70
     0
300
1:30
140
1.0
141
30.0
290
     0
  0
SCALE
  5
1C6
102
{ACAD_REACTORS
330
10C
102
}
330
10C
100
AcDbScale
 70
     0
300
1:40
140
1.0
141
40.0
290
     0
  0
SCALE
  5
1C7
102
{ACAD_REACTORS
330
10C
102
}
330
10C
100
AcDbScale
 70
     0
300
1:50
140
1.0
141
50.0
290
     0
  0
SCALE
  5
1C8
102
{ACAD_REACTORS
330
10C
102
}
330
10C
100
AcDbScale
 70
     0
300
1:100
140
1.0
141
100.0
290
     0
  0
SCALE
  5
1C9
102
{ACAD_REACTORS
330
10C
102
}
330
10C
100
AcDbScale
 70
     0
300
2:1
140
2.0
141
1.0
290
     0
  0
SCALE
  5
1CA
102
{ACAD_REACTORS
330
10C
102
}
330
10C
100
AcDbScale
 70
     0
300
4:1
140
4.0
141
1.0
290
     0
  0
SCALE
  5
1CB
102
{ACAD_REACTORS
330
10C
102
}
330
10C
100
AcDbScale
 70
     0
300
8:1
140
8.0
141
1.0
290
     0
  0
SCALE
  5
1CC
102
{ACAD_REACTORS
330
10C
102
}
330
10C
100
AcDbScale
 70
     0
300
10:1
140
10.0
141
1.0
290
     0
  0
SCALE
  5
1CD
102
{ACAD_REACTORS
330
10C
102
}
330
10C
100
AcDbScale
 70
     0
300
100:1
140
100.0
141
1.0
290
     0
  0
ACDBSECTIONVIEWSTYLE
  5
21A
102
{ACAD_XDICTIONARY
360
234
102
}
102
{ACAD_REACTORS
330
219
102
}
330
219
100
AcDbModelDocViewStyle
 70
     0
  3
Metric50
290
     0
100
AcDbSectionViewStyle
 70
     0
 71
     0
 90
      102
 71
     1
340
11
 62
   256
 40
5.0
340
0
340
0
 62
   256
 40
5.0
300
I, O, Q, S, X, Z
 40
10.0
 90
        0
 40
2.5
 90
        0
 71
     2
340
16
 90
       25
 62
   256
340
16
 90
       50
 62
   256
 40
5.0
 40
2.5
 40
5.0
 71
     3
340
11
 62
   256
 40
5.0
 90
        0
 40
15.0
 90
        1
300
%<AcVar ViewSectionStartId>%-%<AcVar ViewSectionEndId>% (%<AcVar ViewScale  "%sn">%)
 71
     4
 62
   256
 62
   257
300
ANSI31
 40
1.0
 90
        0
290
     0
290
     0
 90
        6
 40
0.0
 40
1.570796326794896
 40
0.2617993877991494
 40
1.308996938995747
 40
-0.2617993877991494
 40
1.832595714594046
  0
TABLESTYLE
  5
7F
102
{ACAD_XDICTIONARY
360
162
102
}
102
{ACAD_REACTORS
330
7E
102
}
330
7E
100
AcDbTableStyle
  3
Standard
 70
     0
 71
     0
 40
1.5
 41
1.5
280
     0
281
     0
  7
Standard
140
4.5
170
     2
 62
     0
 63
     7
283
     0
 90
      512
 91
        0
  1

274
    -2
284
     1
 64
     0
275
    -2
285
     1
 65
     0
276
    -2
286
     1
 66
     0
277
    -2
287
     1
 67
     0
278
    -2
288
     1
 68
     0
279
    -2
289
     1
 69
     0
  7
Standard
140
6.0
170
     5
 62
     0
 63
     7
283
     0
 90
      512
 91
        0
  1

274
    -2
284
     1
 64
     0
275
    -2
285
     1
 65
     0
276
    -2
286
     1
 66
     0
277
    -2
287
     1
 67
     0
278
    -2
288
     1
 68
     0
279
    -2
289
     1
 69
     0
  7
Standard
140
4.5
170
     5
 62
     0
 63
     7
283
     0
 90
      512
 91
        0
  1

274
    -2
284
     1
 64
     0
275
    -2
285
     1
 65
     0
276
    -2
286
     1
 66
     0
277
    -2
287
     1
 67
     0
278
    -2
288
     1
 68
     0
279
    -2
289
     1
 69
     0
  0
VISUALSTYLE
  5
F5
102
{ACAD_XDICTIONARY
360
290
102
}
102
{ACAD_REACTORS
330
EF
102
}
330
EF
100
AcDbVisualStyle
  2
2dWireframe
 70
     4
 71
     0
 72
     2
 73
     1
 90
        0
 40
-0.6
 41
-30.0
 62
     5
 63
     7
421
 16777215
 74
     1
 91
        4
 64
     7
 65
   257
 75
     1
175
     1
 42
1.0
 92
        0
 66
   257
 43
1.0
 76
     1
 77
     6
 78
     2
 67
     7
 79
     5
170
     0
171
     0
290
     0
174
     0
 93
        1
 44
0.0
173
     0
291
     0
 45
0.0
1001
ACAD
1000
AcDbSavedByObjectVersion
1070
     0
  0
VISUALSTYLE
  5
F4
102
{ACAD_XDICTIONARY
360
28E
102
}
102
{ACAD_REACTORS
330
EF
102
}
330
EF
100
AcDbVisualStyle
  2
Basic
 70
     7
 71
     1
 72
     0
 73
     1
 90
        0
 40
-0.6
 41
-30.0
 62
     5
 63
     7
421
 16777215
 74
     0
 91
        4
 64
     7
 65
   257
 75
     1
175
     1
 42
1.0
 92
        8
 66
     7
 43
1.0
 76
     1
 77
     6
 78
     2
 67
     7
 79
     5
170
     0
171
     0
290
     0
174
     0
 93
        1
 44
0.0
173
     0
291
     1
 45
0.0
1001
ACAD
1000
AcDbSavedByObjectVersion
1070
     0
  0
VISUALSTYLE
  5
FB
102
{ACAD_XDICTIONARY
360
29C
102
}
102
{ACAD_REACTORS
330
EF
102
}
330
EF
100
AcDbVisualStyle
  2
Brighten
 70
    12
 71
     2
 72
     2
 73
     1
 90
        0
 40
-0.6
 41
-30.0
 62
     5
 63
     7
421
 16777215
 74
     1
 91
        4
 64
     7
 65
   257
 75
     1
175
     1
 42
1.0
 92
        8
 66
     7
 43
1.0
 76
     1
 77
     6
 78
     2
 67
     7
 79
     5
170
     0
171
     0
290
     0
174
     0
 93
        1
 44
50.0
173
     0
291
     1
 45
0.0
1001
ACAD
1000
AcDbSavedByObjectVersion
1070
     0
  0
VISUALSTYLE
  5
FF
102
{ACAD_XDICTIONARY
360
2A4
102
}
102
{ACAD_REACTORS
330
EF
102
}
330
EF
100
AcDbVisualStyle
  2
ColorChange
 70
    16
 71
     2
 72
     2
 73
     3
 90
        0
 40
-0.6
 41
-30.0
 62
     5
 63
     8
421
  8421504
 74
     1
 91
        4
 64
     7
 65
   257
 75
     1
175
     1
 42
1.0
 92
        8
 66
     8
424
  8421504
 43
1.0
 76
     1
 77
     6
 78
     2
 67
     7
 79
     5
170
     0
171
     0
290
     0
174
     0
 93
        1
 44
0.0
173
     0
291
     1
 45
0.0
1001
ACAD
1000
AcDbSavedByObjectVersion
1070
     0
  0
VISUALSTYLE
  5
F8
102
{ACAD_XDICTIONARY
360
296
102
}
102
{ACAD_REACTORS
330
EF
102
}
330
EF
100
AcDbVisualStyle
  2
Conceptual
 70
     9
 71
     3
 72
     2
 73
     1
 90
        0
 40
-0.6
 41
-30.0
 62
     5
 63
     7
421
 16777215
 74
     2
 91
        2
 64
     7
 65
   257
 75
     1
175
     1
 42
40.0
 92
        8
 66
     7
 43
1.0
 76
     1
 77
     6
 78
     2
 67
     7
 79
     3
170
     0
171
     0
290
     0
174
     0
 93
        1
 44
0.0
173
     0
291
     0
 45
0.0
1001
ACAD
1000
AcDbSavedByObjectVersion
1070
     0
  0
VISUALSTYLE
  5
FA
102
{ACAD_XDICTIONARY
360
29A
102
}
102
{ACAD_REACTORS
330
EF
102
}
330
EF
100
AcDbVisualStyle
  2
Dim
 70
    11
 71
     2
 72
     2
 73
     1
 90
        0
 40
-0.6
 41
-30.0
 62
     5
 63
     7
421
 16777215
 74
     1
 91
        4
 64
     7
 65
   257
 75
     1
175
     1
 42
1.0
 92
        8
 66
     7
 43
1.0
 76
     1
 77
     6
 78
     2
 67
     7
 79
     5
170
     0
171
     0
290
     0
174
     0
 93
        1
 44
-50.0
173
     0
291
     1
 45
0.0
1001
ACAD
1000
AcDbSavedByObjectVersion
1070
     0
  0
VISUALSTYLE
  5
1E6
102
{ACAD_XDICTIONARY
360
2AA
102
}
102
{ACAD_REACTORS
330
EF
102
}
330
EF
100
AcDbVisualStyle
  2
EdgeColorOff
 70
    22
 71
     2
 72
     2
 73
     0
 90
        0
 40
-0.6
 41
-30.0
 62
     5
 63
     7
421
 16777215
 74
     1
 91
        4
 64
     7
 65
   257
 75
     1
175
     1
 42
1.0
 92
        8
 66
     7
 43
1.0
 76
     1
 77
     6
 78
     2
 67
     7
 79
     5
170
     0
171
     0
290
     0
174
     0
 93
        1
 44
0.0
173
     0
291
     1
 45
0.0
1001
ACAD
1000
AcDbSavedByObjectVersion
1070
     0
  0
VISUALSTYLE
  5
FE
102
{ACAD_XDICTIONARY
360
2A2
102
}
102
{ACAD_REACTORS
330
EF
102
}
330
EF
100
AcDbVisualStyle
  2
Facepattern
 70
    15
 71
     2
 72
     2
 73
     1
 90
        0
 40
-0.6
 41
-30.0
 62
     5
 63
     7
421
 16777215
 74
     1
 91
        4
 64
     7
 65
   257
 75
     1
175
     1
 42
1.0
 92
        8
 66
     7
 43
1.0
 76
     1
 77
     6
 78
     2
 67
     7
 79
     5
170
     0
171
     0
290
     0
174
     0
 93
        1
 44
0.0
173
     0
291
     1
 45
0.0
1001
ACAD
1000
AcDbSavedByObjectVersion
1070
     0
  0
VISUALSTYLE
  5
F0
102
{ACAD_XDICTIONARY
360
286
102
}
102
{ACAD_REACTORS
330
EF
102
}
330
EF
100
AcDbVisualStyle
  2
Flat
 70
     0
 71
     2
 72
     1
 73
     1
 90
        2
 40
-0.6
 41
30.0
 62
     5
 63
     7
421
 16777215
 74
     0
 91
        0
 64
     7
 65
   257
 75
     1
175
     1
 42
1.0
 92
        8
 66
     7
 43
1.0
 76
     1
 77
     6
 78
     2
 67
     7
 79
     5
170
     0
171
     0
290
     0
174
     0
 93
       13
 44
0.0
173
     0
291
     1
 45
0.0
1001
ACAD
1000
AcDbSavedByObjectVersion
1070
     0
  0
VISUALSTYLE
  5
F1
102
{ACAD_XDICTIONARY
360
288
102
}
102
{ACAD_REACTORS
330
EF
102
}
330
EF
100
AcDbVisualStyle
  2
FlatWithEdges
 70
     1
 71
     2
 72
     1
 73
     1
 90
        2
 40
-0.6
 41
30.0
 62
     5
 63
     7
421
 16777215
 74
     1
 91
        0
 64
     7
 65
   257
 75
     1
175
     1
 42
1.0
 92
        0
 66
   257
 43
1.0
 76
     1
 77
     6
 78
     2
 67
     7
 79
     5
170
     0
171
     0
290
     0
174
     0
 93
       13
 44
0.0
173
     0
291
     1
 45
0.0
1001
ACAD
1000
AcDbSavedByObjectVersion
1070
     0
  0
VISUALSTYLE
  5
F2
102
{ACAD_XDICTIONARY
360
28A
102
}
102
{ACAD_REACTORS
330
EF
102
}
330
EF
100
AcDbVisualStyle
  2
Gouraud
 70
     2
 71
     2
 72
     2
 73
     1
 90
        2
 40
-0.6
 41
30.0
 62
     5
 63
     7
421
 16777215
 74
     0
 91
        0
 64
     7
 65
   257
 75
     1
175
     1
 42
1.0
 92
        0
 66
     7
 43
1.0
 76
     1
 77
     6
 78
     2
 67
     7
 79
     5
170
     0
171
     0
290
     0
174
     0
 93
       13
 44
0.0
173
     0
291
     1
 45
0.0
1001
ACAD
1000
AcDbSavedByObjectVersion
1070
     0
  0
VISUALSTYLE
  5
F3
102
{ACAD_XDICTIONARY
360
28C
102
}
102
{ACAD_REACTORS
330
EF
102
}
330
EF
100
AcDbVisualStyle
  2
GouraudWithEdges
 70
     3
 71
     2
 72
     2
 73
     1
 90
        2
 40
-0.6
 41
30.0
 62
     5
 63
     7
421
 16777215
 74
     1
 91
        0
 64
     7
 65
   257
 75
     1
175
     1
 42
1.0
 92
        0
 66
   257
 43
1.0
 76
     1
 77
     6
 78
     2
 67
     7
 79
     5
170
     0
171
     0
290
     0
174
     0
 93
       13
 44
0.0
173
     0
291
     1
 45
0.0
1001
ACAD
1000
AcDbSavedByObjectVersion
1070
     0
  0
VISUALSTYLE
  5
F7
102
{ACAD_XDICTIONARY
360
294
102
}
102
{ACAD_REACTORS
330
EF
102
}
330
EF
100
AcDbVisualStyle
  2
Hidden
 70
     6
 71
     1
 72
     2
 73
     2
 90
        0
 40
-0.6
 41
-30.0
 62
     5
 63
     7
421
 16777215
 74
     2
 91
        2
 64
     7
 65
   257
 75
     2
175
     1
 42
40.0
 92
        0
 66
   257
 43
1.0
 76
     1
 77
     6
 78
     2
 67
     7
 79
     3
170
     0
171
     0
290
     0
174
     0
 93
        1
 44
0.0
173
     0
291
     0
 45
0.0
1001
ACAD
1000
AcDbSavedByObjectVersion
1070
     0
  0
VISUALSTYLE
  5
1E4
102
{ACAD_XDICTIONARY
360
2A6
102
}
102
{ACAD_REACTORS
330
EF
102
}
330
EF
100
AcDbVisualStyle
  2
JitterOff
 70
    20
 71
     2
 72
     2
 73
     0
 90
        0
 40
-0.6
 41
-30.0
 62
     5
 63
     7
421
 16777215
 74
     1
 91
        4
 64
     7
 65
   257
 75
     1
175
     1
 42
1.0
 92
       10
 66
     7
 43
1.0
 76
     1
 77
     6
 78
     2
 67
     7
 79
     5
170
     0
171
     0
290
     0
174
     0
 93
        1
 44
0.0
173
     0
291
     1
 45
0.0
1001
ACAD
1000
AcDbSavedByObjectVersion
1070
     0
  0
VISUALSTYLE
  5
FD
102
{ACAD_XDICTIONARY
360
2A0
102
}
102
{ACAD_REACTORS
330
EF
102
}
330
EF
100
AcDbVisualStyle
  2
Linepattern
 70
    14
 71
     2
 72
     2
 73
     1
 90
        0
 40
-0.6
 41
-30.0
 62
     5
 63
     7
421
 16777215
 74
     1
 91
        4
 64
     7
 65
   257
 75
     7
175
     7
 42
1.0
 92
        8
 66
     7
 43
1.0
 76
     1
 77
     6
 78
     2
 67
     7
 79
     5
170
     0
171
     0
290
     0
174
     0
 93
        1
 44
0.0
173
     0
291
     1
 45
0.0
1001
ACAD
1000
AcDbSavedByObjectVersion
1070
     0
  0
VISUALSTYLE
  5
1E5
102
{ACAD_XDICTIONARY
360
2A8
102
}
102
{ACAD_REACTORS
330
EF
102
}
330
EF
100
AcDbVisualStyle
  2
OverhangOff
 70
    21
 71
     2
 72
     2
 73
     0
 90
        0
 40
-0.6
 41
-30.0
 62
     5
 63
     7
421
 16777215
 74
     1
 91
        4
 64
     7
 65
   257
 75
     1
175
     1
 42
1.0
 92
        9
 66
     7
 43
1.0
 76
     1
 77
     6
 78
     2
 67
     7
 79
     5
170
     0
171
     0
290
     0
174
     0
 93
        1
 44
0.0
173
     0
291
     1
 45
0.0
1001
ACAD
1000
AcDbSavedByObjectVersion
1070
     0
  0
VISUALSTYLE
  5
F9
102
{ACAD_XDICTIONARY
360
298
102
}
102
{ACAD_REACTORS
330
EF
102
}
330
EF
100
AcDbVisualStyle
  2
Realistic
 70
     8
 71
     2
 72
     3
 73
     0
 90
        2
 40
-0.6
 41
30.0
 62
     5
 63
     7
421
 16777215
 74
     0
 91
        0
 64
     7
 65
   257
 75
     1
175
     1
 42
1.0
 92
        8
 66
   257
 43
1.0
 76
     1
 77
     6
 78
     2
 67
     7
 79
     3
170
     0
171
     0
290
     0
174
     0
 93
       13
 44
0.0
173
     0
291
     0
 45
0.0
1001
ACAD
1000
AcDbSavedByObjectVersion
1070
     0
  0
VISUALSTYLE
  5
1F3
102
{ACAD_XDICTIONARY
360
2B4
102
}
102
{ACAD_REACTORS
330
EF
102
}
330
EF
100
AcDbVisualStyle
  2
Shaded
 70
    27
 71
     2
 72
     2
 73
     1
 90
        2
 40
-0.6
 41
30.0
 62
     5
 63
     7
421
 16777215
 74
     0
 91
        4
 64
     7
 65
   257
 75
     1
175
     1
 42
1.0
 92
        8
 66
   257
 43
1.0
 76
     1
 77
     6
 78
     2
 67
     8
425
  7895160
 79
     3
170
     0
171
     0
290
     0
174
     0
 93
        5
 44
0.0
173
     0
291
     0
 45
0.0
1001
ACAD
1000
AcDbSavedByObjectVersion
1070
     0
  0
VISUALSTYLE
  5
1F2
102
{ACAD_XDICTIONARY
360
2B2
102
}
102
{ACAD_REACTORS
330
EF
102
}
330
EF
100
AcDbVisualStyle
  2
Shaded with edges
 70
    26
 71
     2
 72
     2
 73
     1
 90
        2
 40
-0.6
 41
30.0
 62
     5
 63
     7
421
 16777215
 74
     1
 91
        2
 64
     7
 65
   257
 75
     2
175
     1
 42
1.0
 92
        8
 66
   257
 43
1.0
 76
     1
 77
     6
 78
     2
 67
     7
 79
     3
170
     0
171
     0
290
     0
174
     0
 93
        5
 44
0.0
173
     0
291
     0
 45
0.0
1001
ACAD
1000
AcDbSavedByObjectVersion
1070
     0
  0
VISUALSTYLE
  5
1EF
102
{ACAD_XDICTIONARY
360
2AC
102
}
102
{ACAD_REACTORS
330
EF
102
}
330
EF
100
AcDbVisualStyle
  2
Shades of Gray
 70
    23
 71
     2
 72
     2
 73
     3
 90
        0
 40
-0.6
 41
-30.0
 62
     5
 63
     7
421
 16777215
 74
     2
 91
        2
 64
     7
 65
     7
 75
     1
175
     1
 42
40.0
 92
        8
 66
     7
 43
1.0
 76
     1
 77
     6
 78
     2
 67
     7
 79
     3
170
     0
171
     0
290
     0
174
     0
 93
        1
 44
0.0
173
     0
291
     0
 45
0.0
1001
ACAD
1000
AcDbSavedByObjectVersion
1070
     0
  0
VISUALSTYLE
  5
1F0
102
{ACAD_XDICTIONARY
360
2AE
102
}
102
{ACAD_REACTORS
330
EF
102
}
330
EF
100
AcDbVisualStyle
  2
Sketchy
 70
    24
 71
     1
 72
     2
 73
     2
 90
        0
 40
-0.6
 41
-30.0
 62
     5
 63
     7
421
 16777215
 74
     2
 91
        2
 64
     7
 65
     7
 75
     1
175
     1
 42
40.0
 92
       11
 66
     7
 43
1.0
 76
     1
 77
     6
 78
     2
 67
     7
 79
     6
170
     0
171
     0
290
     0
174
     0
 93
        1
 44
0.0
173
     0
291
     0
 45
0.0
1001
ACAD
1000
AcDbSavedByObjectVersion
1070
     0
  0
VISUALSTYLE
  5
FC
102
{ACAD_XDICTIONARY
360
29E
102
}
102
{ACAD_REACTORS
330
EF
102
}
330
EF
100
AcDbVisualStyle
  2
Thicken
 70
    13
 71
     2
 72
     2
 73
     1
 90
        0
 40
-0.6
 41
-30.0
 62
     5
 63
     7
421
 16777215
 74
     1
 91
        4
 64
     7
 65
   257
 75
     1
175
     1
 42
1.0
 92
       12
 66
     7
 43
1.0
 76
     1
 77
     6
 78
     2
 67
     7
 79
     5
170
     0
171
     0
290
     0
174
     0
 93
        1
 44
0.0
173
     0
291
     1
 45
0.0
1001
ACAD
1000
AcDbSavedByObjectVersion
1070
     0
  0
VISUALSTYLE
  5
F6
102
{ACAD_XDICTIONARY
360
292
102
}
102
{ACAD_REACTORS
330
EF
102
}
330
EF
100
AcDbVisualStyle
  2
Wireframe
 70
     5
 71
     0
 72
     2
 73
     0
 90
        0
 40
-0.6
 41
-30.0
 62
     5
 63
     7
421
 16777215
 74
     1
 91
        4
 64
     7
 65
   257
 75
     1
175
     1
 42
1.0
 92
        0
 66
   257
 43
1.0
 76
     1
 77
     6
 78
     2
 67
     7
 79
     3
170
     0
171
     0
290
     0
174
     0
 93
        1
 44
0.0
173
     0
291
     0
 45
0.0
1001
ACAD
1000
AcDbSavedByObjectVersion
1070
     0
  0
VISUALSTYLE
  5
1F1
102
{ACAD_XDICTIONARY
360
2B0
102
}
102
{ACAD_REACTORS
330
EF
102
}
330
EF
100
AcDbVisualStyle
  2
X-Ray
 70
    25
 71
     2
 72
     2
 73
     1
 90
        1
 40
0.5
 41
-30.0
 62
     5
 63
     7
421
 16777215
 74
     1
 91
        0
 64
     7
 65
   257
 75
     1
175
     1
 42
1.0
 92
        8
 66
     7
 43
1.0
 76
     1
 77
     6
 78
     2
 67
     7
 79
     3
170
     0
171
     0
290
     0
174
     0
 93
       13
 44
0.0
173
     0
291
     0
 45
0.0
1001
ACAD
1000
AcDbSavedByObjectVersion
1070
     0
  0
DICTIONARYVAR
  5
146
102
{ACAD_REACTORS
330
5E
102
}
330
5E
100
DictionaryVariables
280
     0
  1
1:1
  0
DICTIONARYVAR
  5
259
102
{ACAD_REACTORS
330
5E
102
}
330
5E
100
DictionaryVariables
280
     0
  1
3.500000
  0
DICTIONARYVAR
  5
25A
102
{ACAD_REACTORS
330
5E
102
}
330
5E
100
DictionaryVariables
280
     0
  1
acadiso.lin
  0
DICTIONARYVAR
  5
145
102
{ACAD_REACTORS
330
5E
102
}
330
5E
100
DictionaryVariables
280
     0
  1
STANDARD
  0
DICTIONARYVAR
  5
84
102
{ACAD_REACTORS
330
5E
102
}
330
5E
100
DictionaryVariables
280
     0
  1
STANDARD
  0
DICTIONARYVAR
  5
227
102
{ACAD_REACTORS
330
5E
102
}
330
5E
100
DictionaryVariables
280
     0
  1
Metric50
  0
DICTIONARYVAR
  5
228
102
{ACAD_REACTORS
330
5E
102
}
330
5E
100
DictionaryVariables
280
     0
  1
Metric50
  0
DICTIONARYVAR
  5
5F
102
{ACAD_REACTORS
330
5E
102
}
330
5E
100
DictionaryVariables
280
     0
  1
2
  0
DICTIONARYVAR
  5
63
102
{ACAD_REACTORS
330
5E
102
}
330
5E
100
DictionaryVariables
280
     0
  1
1
  0
DICTIONARYVAR
  5
1AE
102
{ACAD_REACTORS
330
5E
102
}
330
5E
100
DictionaryVariables
280
     0
  1
0
  0
DICTIONARYVAR
  5
1AF
102
{ACAD_REACTORS
330
5E
102
}
330
5E
100
DictionaryVariables
280
     0
  1
0
  0
DICTIONARYVAR
  5
27B
102
{ACAD_REACTORS
330
5E
102
}
330
5E
100
DictionaryVariables
280
     0
  1
2
  0
DICTIONARY
  5
285
102
{ACAD_REACTORS
330
283
102
}
330
283
100
AcDbDictionary
281
     1
  0
DICTIONARY
  5
284
102
{ACAD_REACTORS
330
283
102
}
330
283
100
AcDbDictionary
281
     1
  3
1923465580128
350
27E
  3
1923465580144
350
27F
  3
1923465580160
350
280
  3
1923465580176
350
281
  3
1923465580192
350
282
  0
DICTIONARY
  5
236
330
21C
100
AcDbDictionary
280
     1
281
     1
  3
ACAD_XREC_ROUNDTRIP
360
2B7
  0
DICTIONARY
  5
205
330
22
100
AcDbDictionary
280
     1
281
     1
  0
DICTIONARY
  5
1F9
330
ED
100
AcDbDictionary
280
     1
281
     1
  3
FBXASSET
360
1FA
  0
DICTIONARY
  5
1F7
330
EC
100
AcDbDictionary
280
     1
281
     1
  3
FBXASSET
360
1F8
  0
DICTIONARY
  5
173
330
EE
100
AcDbDictionary
280
     1
281
     1
  3
BUMPTILE
360
175
  3
DIFFUSETILE
360
174
  3
FBXASSET
360
1FB
  3
OPACITYTILE
360
176
  3
REFLECTIONTILE
360
177
  0
DICTIONARY
  5
234
330
21A
100
AcDbDictionary
280
     1
281
     1
  3
ACAD_XREC_ROUNDTRIP
360
2B6
  0
DICTIONARY
  5
162
330
7F
100
AcDbDictionary
280
     1
281
     1
  3
ACAD_ROUNDTRIP_2008_TABLESTYLE_CELLSTYLEMAP
360
27C
  0
DICTIONARY
  5
290
330
F5
100
AcDbDictionary
280
     1
281
     1
  3
ACAD_XREC_ROUNDTRIP
360
291
  0
DICTIONARY
  5
28E
330
F4
100
AcDbDictionary
280
     1
281
     1
  3
ACAD_XREC_ROUNDTRIP
360
28F
  0
DICTIONARY
  5
29C
330
FB
100
AcDbDictionary
280
     1
281
     1
  3
ACAD_XREC_ROUNDTRIP
360
29D
  0
DICTIONARY
  5
2A4
330
FF
100
AcDbDictionary
280
     1
281
     1
  3
ACAD_XREC_ROUNDTRIP
360
2A5
  0
DICTIONARY
  5
296
330
F8
100
AcDbDictionary
280
     1
281
     1
  3
ACAD_XREC_ROUNDTRIP
360
297
  0
DICTIONARY
  5
29A
330
FA
100
AcDbDictionary
280
     1
281
     1
  3
ACAD_XREC_ROUNDTRIP
360
29B
  0
DICTIONARY
  5
2AA
330
1E6
100
AcDbDictionary
280
     1
281
     1
  3
ACAD_XREC_ROUNDTRIP
360
2AB
  0
DICTIONARY
  5
2A2
330
FE
100
AcDbDictionary
280
     1
281
     1
  3
ACAD_XREC_ROUNDTRIP
360
2A3
  0
DICTIONARY
  5
286
330
F0
100
AcDbDictionary
280
     1
281
     1
  3
ACAD_XREC_ROUNDTRIP
360
287
  0
DICTIONARY
  5
288
330
F1
100
AcDbDictionary
280
     1
281
     1
  3
ACAD_XREC_ROUNDTRIP
360
289
  0
DICTIONARY
  5
28A
330
F2
100
AcDbDictionary
280
     1
281
     1
  3
ACAD_XREC_ROUNDTRIP
360
28B
  0
DICTIONARY
  5
28C
330
F3
100
AcDbDictionary
280
     1
281
     1
  3
ACAD_XREC_ROUNDTRIP
360
28D
  0
DICTIONARY
  5
294
330
F7
100
AcDbDictionary
280
     1
281
     1
  3
ACAD_XREC_ROUNDTRIP
360
295
  0
DICTIONARY
  5
2A6
330
1E4
100
AcDbDictionary
280
     1
281
     1
  3
ACAD_XREC_ROUNDTRIP
360
2A7
  0
DICTIONARY
  5
2A0
330
FD
100
AcDbDictionary
280
     1
281
     1
  3
ACAD_XREC_ROUNDTRIP
360
2A1
  0
DICTIONARY
  5
2A8
330
1E5
100
AcDbDictionary
280
     1
281
     1
  3
ACAD_XREC_ROUNDTRIP
360
2A9
  0
DICTIONARY
  5
298
330
F9
100
AcDbDictionary
280
     1
281
     1
  3
ACAD_XREC_ROUNDTRIP
360
299
  0
DICTIONARY
  5
2B4
330
1F3
100
AcDbDictionary
280
     1
281
     1
  3
ACAD_XREC_ROUNDTRIP
360
2B5
  0
DICTIONARY
  5
2B2
330
1F2
100
AcDbDictionary
280
     1
281
     1
  3
ACAD_XREC_ROUNDTRIP
360
2B3
  0
DICTIONARY
  5
2AC
330
1EF
100
AcDbDictionary
280
     1
281
     1
  3
ACAD_XREC_ROUNDTRIP
360
2AD
  0
DICTIONARY
  5
2AE
330
1F0
100
AcDbDictionary
280
     1
281
     1
  3
ACAD_XREC_ROUNDTRIP
360
2AF
  0
DICTIONARY
  5
29E
330
FC
100
AcDbDictionary
280
     1
281
     1
  3
ACAD_XREC_ROUNDTRIP
360
29F
  0
DICTIONARY
  5
292
330
F6
100
AcDbDictionary
280
     1
281
     1
  3
ACAD_XREC_ROUNDTRIP
360
293
  0
DICTIONARY
  5
2B0
330
1F1
100
AcDbDictionary
280
     1
281
     1
  3
ACAD_XREC_ROUNDTRIP
360
2B1
  0
XRECORD
  5
27E
102
{ACAD_REACTORS
330
284
102
}
330
284
100
AcDbXrecord
280
     1
  1
AcDb_Thumbnail_Schema
102
{ATTRRECORD
341
27F
  2
AcDbDs::TreatedAsObjectData
280
     1
291
     1
102
ATTRRECORD}
102
{ATTRRECORD
341
280
  2
AcDbDs::Legacy
280
     1
291
     1
102
ATTRRECORD}
  2
AcDbDs::ID
280
    10
 91
        8
102
{ATTRRECORD
341
281
  2
AcDs:Indexable
280
     1
291
     1
102
ATTRRECORD}
102
{ATTRRECORD
341
282
  2
AcDbDs::HandleAttribute
280
     7
282
     1
102
ATTRRECORD}
  2
Thumbnail_Data
280
    15
 91
        0
  0
XRECORD
  5
27F
102
{ACAD_REACTORS
330
284
102
}
330
284
100
AcDbXrecord
280
     1
  1
AcDbDs::TreatedAsObjectDataSchema
  2
AcDbDs::TreatedAsObjectData
280
     1
 91
        0
  0
XRECORD
  5
280
102
{ACAD_REACTORS
330
284
102
}
330
284
100
AcDbXrecord
280
     1
  1
AcDbDs::LegacySchema
  2
AcDbDs::Legacy
280
     1
 91
        0
  0
XRECORD
  5
281
102
{ACAD_REACTORS
330
284
102
}
330
284
100
AcDbXrecord
280
     1
  1
AcDbDs::IndexedPropertySchema
  2
AcDs:Indexable
280
     1
 91
        0
  0
XRECORD
  5
282
102
{ACAD_REACTORS
330
284
102
}
330
284
100
AcDbXrecord
280
     1
  1
AcDbDs::HandleAttributeSchema
  2
AcDbDs::HandleAttribute
280
     7
 91
        1
284
     1
  0
XRECORD
  5
2B7
102
{ACAD_REACTORS
330
236
102
}
330
236
100
AcDbXrecord
280
     1
102
DISPLAYNAME
  1
Metric50
102
FLAGS
 90
        0
  0
XRECORD
  5
1FA
102
{ACAD_REACTORS
330
1F9
102
}
330
1F9
100
AcDbXrecord
280
     1
 70
     1
 90
429727718
  1
D62C5603-E3A1-4AEA-B7FB-FE5D8D0755AF
310
504B03040A0000080000CC70623B3DEE336E79000000790000001B0000006175746F6465736B2D64657369676E2D7061636B6167652E786D6C3C3F786D6C2076657273696F6E3D22312E302220656E636F64696E673D227574662D3822203F3E3C666F726D6174733E3C666F726D61743E687474703A2F2F736368656D612E
310
6175746F6465736B2E636F6D2F64657369676E2D7061636B6167652F323030393C2F666F726D61743E3C2F666F726D6174733E504B0304140006080800CC70623BD486FD9CA0000000F4000000130000005B436F6E74656E745F54797065735D2E786D6C7D8EC10E82300C865F65E91D8A1E8C310C0EEA1BF002731658846E
310
D98AC1B77784ABF1D8FE5FBFBF75BBCE937A534CCEB38643598122B6FEE978D0B0485F9C41B54DDD7D022595594E1A469170414C76A4D9A4D207E29CF43ECE46F218070CC6BECC4078ACAA135ACF422C856C0E68EA1BF5669944DDD7BCDE7B1F8E415D77AECB980613C2E4AC91FC167A2B244592486606FC29C8FD7F045B9A
310
EF7053A7E60B504B0304140006080800CC70623B853B8169EB0000007C01000008000000636F72652E786D6C8D90416EC3201045AF62CDB6C206821CC7C244919D9CA01740401C94182C03558F5F9C3852BBEB6A467FFE9B197D7EFC9E1EC5975982F5AE035262288C535E5B377690E21535501C055FBC8FBF6C503839990E
310
5619041F179FE64D52DE45E362569DD7661365082642A11EB9E920A89B99642953CC8E702F67A9EE7234257977194EC9EAE275C4EABCCF5EAD5940D4AC6F0E35A568B8F43562CD7046CD199FD07E60174276A7BE677B5EADB0E0D14EEFFB6A31321A0D82627C4084204C3F096B71DD52F6819B16635EADF63F509AF53FA164
310
5DDCD1EDDD17164090FCC8732078B56691CB33A85CD7DCC40F504B0304140006080800CC70623B55019EA25F0000007C00000007000000636E782E786D6C4DCB3B0E80201045D1AD90E915ED2CF8AC45050C11660C8261F98AB1B07AC9C97D42D718D865D3E909258CFD00CCE24AC6E326A164D74DC0B4128928FF32603847
310
2BA13128B1252AC747C6BAB984FC68F0B87FE8960A5C09FE86CFB69FBA01504B0304140006080800CC70623BDBABAAF470010000D40300000C0000006662782F636F72652E786D6CC553D16E823014FD95A6AF4B694182CC941A83FA05FB810A9511A125A5257EFE2E82712ECEB8A7F100CD39F7F69E734AF9FADC366850B6
310
AF8DCE7018308C942E4C59EB2AC3DE1D498AD15A706B8CFB56869196ADCAF00863C12B6B7C374385D14E6907A836A59A41D9F7CA615434B0C8705F7CAA5606D23BA8E84F41278B93AC54100640439DE0BDB320004D43C63716C7C399D30917DCFBBA9CD9BA8469F5B156168B24CED3F7248AC8769F27244EB73B92EED8862C
310
B7F13E0C179B3C8F979C8ECD82BBBABDAA2BAC924E9558448CBD9330242CFA08E3154B5651FCC6D215639C8EE5774DBE2B5F6CF2B5768B68963BB5F5588420E442FC700B1139D4CB01F450C1E918227C2E09DF070D8140C84E1E9AAB8F1340832A9CB13130A5F1376A908D57309505ECF2A0DF179C4E9D30F5B239B87E3823
310
7A79C6F31DE1A8A5AEC08474B03C7837EAE4938639B44E5932B833D2C6B6B279CDC613877FA26EE21F4A2A4C63EC7F29A2F301D1F9F7A0E37D145F504B0304140006080800CC70623B9C113CC27E0000009D0000000B0000006662782F636E782E786D6C4DCCDF0A83201C86E15B91DFB94BFB330DD428C8FB886521330DA7
310
6397BF1A1DECE883878F57749FCDA1B7892F1BBC047A23808C7F84D9FA55424E0BE6803A256208E9EF06C84F9B91703228B1C690F78B66B34CD9A5439DF5CF0BFBF65E35BCA1B8D6A5C6F540381E886698B5741C695F9503EBA150A2F8958E3DC3EA0B504B0304140006080800CC70623B7DF2F77C2A010000120200003100
310
00006662782F41393633353835312D344632462D344230382D423046372D3739314545314133324237412F636F72652E786D6C8D51DB8EC22014FC15C2939B0D2DB4B45643319AE817EC0F6041255A68B86CFCFC856D4D76DF7CE190393373060EDB3DC707F856CE6B6B7A480A0C81328395DA5C7B18C3057510EC3873D686
310
3F34088C18550F330C39BB3A1BA7051AAC09CA84841A2BD5020AEF55806078A44B0FFD7053A328440C89E1EFC52486BBB8AA8214A99D789CF9E05200300FC927E4FB4D5B375D43103D5527440FB843077C5AA3F5861C8F645F5787F59E95B390B318B55CE45AA638FAA2957BD7248B390B7A7CC51F9C124149C82B8C378810
310
84AB2F42B7B8DD56F413775B8C5999E9FF4471926F8AA236A1AE96B8B3CC434E5839373893369E1FAF30EA395917409EB7F26AF8801C171837A4A6AC9C89E9F9C9B1A58BA30FD6A5EF5DDDCF894B9AD9B6A59C957943A9FCAE2FD5BC4DFE03504B0304140006080800CC70623BAD7543B64E01000033030000300000006662
310
782F41393633353835312D344632462D344230382D423046372D3739314545314133324237412F636E782E786D6CD593CD6EC32010845F0571AD6CE3D48AD20813A9873E410FBD12D82434182C7EAAE6EDBB2424CD25871E7B41D6EC30B3FA84F9E67BB2E40B4234DE8DB46F1925E094D7C6ED479AD3AE5951B2113C789FEE
310
6C943839C1488B4C05DF079FE72A69D8C96C13AAD6B8631503449F83828872B949AC57D26200B826A308D316B4064D6E46FCDA41C05550DC9E483A00797BFD207EFB092A45DE9514C1BBD22178396BD39D891265658C238DEA00936C654E5E433CB65A26D9F6EDB5EBC14EBF49A45CB856E66048291F6939A9A81BB5C89177
310
38143CA680F4AA299D66A042CEB3354A2684DC9D8D178FE0D9B8B41CAAD720F880EE7EF93C0C18769E099ECC04D5A102C8049A8A05632F4DDF376CF1DE0F6BB65C2F8627B65A33C6BB62177CEBBDAD973006829F89F22E814B54F4BC2BE347F8AA8F681390B50FA73F804400B5F542E796F19FF974E7F78DB802FE05E20750
310
4B0304140006080800CC70623BE75B7789680500003C100000340000006662782F41393633353835312D344632462D344230382D423046372D3739314545314133324237412F6F626A656374732E786D6CAD575B8F9B3818FD2B887D06C22499CB8AA1CA655245D5B455A356FB305264C061D8018C6C3393D95FBFC7600890
310
A4CD5EF210B0B1BFEBF98E3F7B1FF6596ABC522E1296DF9BAE3D320D9A872C4AF2F8DE2CE5CEBA358D0FBEC719939D65A691938CDE9B6ADAF4BD98B3B2D05311DD91329583D9D5FC0F438434A7A611A644887B5384CF34233629258BA878B12322891DEFF6B66BD70BFB62634E8AE781D082709A4B588AF91C528CDA28B73F
310
1C998EEF39EABBEFA97FBD6A7C7E9553F9D3D79FE442923C3C523610337627CB87ABE99D359D4CC6D6E4FACAB5E6ABF9D2726FC6A3C5F56271377BB88362213924694B38DD99FE47C48627A1E7D49F5A8BB5E1A74C0A599ED3B0F21F1E56366B89112D681E218F0915D0D6F17AD41FBA2A369DCF6335D62ABBD39779D5DDD1
310
11D4D8DE3CBB96B2E04FB8202E41051754A1AA8E8F76B4C6DFE810B580B1547F4B84911149794252234D024EF8BBE963A95AE27B3D310A9D5C215C7960FAEE415ED75694C6AFB17BCACA5D99A60A9AA65F217B0BFC53292ACB92BF283FAD0D3621576592CB5BED907C2FA8E9DF794E35E97BEA31BED21FEB401ABB94C44839
310
DCACBF0E1C5DA8DA5B2F4DFFD32AD86F543D9E565E7056502E157C00AD2671CD534549AB752FCA9CDA00677A313F04E51B22FF19E57B300579E3C97EB29F682D92935CEC18CF901B7B54FD8C51F362B56FC72FE0B3C1EAE335EDCCBF5AEC39ADB17DC238973F804BA5E6F6BFE7AF1FB32E523BE9F3BD571418E3631DCA4D48
310
5250CF639223210A9446CA30052EDF057BD35F8329C1ECD84552BF0DC8D18BE7BCE23BFE6BD960AB4A7DE79923A103BEBD80F911CBAA2C60DB19B01CF164A5583B772EE6D3FFA56666CBCDA74DC97724A48F9A58967497E489C4D979006FD7A05E227A1EBDD0F737C623387A9C844D3709995625106D157315F8B8392CD4E0
310
A0B9A720C4BE9829CEF37EA1E13111214D53925356365ADA634861B52519DD27A00AEB808EAF0628E6F435519D446F45CF2C9CF5214F0A15B2F6D06B79DA3EE3CBF7F56780D2F4E7EF73A0F5E5B02A38D07DC852C6B7C1FBB6664213E0C39E3EBA7FF4E1AD23EA2829407C85E586727488B751B2DB9502BC7B228A3FD68B6E
310
A65A22397E690AA8D158D7E404EC8CDA235CC3B7D1898680131CEC2CDF2638C65196279577750F15884AEE19F94199155B92B13297978469D4F8D358DF0AEF7631E28DC8F0D9F437D5D39A83B2231A1D52D543813A824EF8D44BCFF2FA6A31BD1E8DAD87F1CCB526B3879935BF59CDADD5C37479BB1CDD4CA7B3556B516589
310
EF352754B706114D9C885EC9131DE6EFEB43D99AFE2391C2F958179413D7CFEF6B1B6DB1E7600F00DE6E5C67454A339A4BA2E0FBA85ED26F045D454F463DBFCE484C2F90F2E5E3666003662ED8F755951A7D1BECD5B30B550B2785C8E7320B7292A4838DDA71BBC863ED7613CAF659337A3354231D4FF4A182A54904C2898C
310
98B28C4AD0CE056CCF332A80986E571EE9DBC305BB5FEB7E509220A58D25CF042D712A806AC0AD0C657FDEF80D2D9CEAA2EE4D1C76F60BFE74219A06527D6F82DF6412526107381E55E353090704D085B52408A8913C4ED159D79BDA71BB4BC506F4831350EB6F975CD22D69BF7AC49B91A2C0A9DDA3D5CA36AD20FC478E37
310
E61844E2352865EBCB61A275A65283CAAA9DD27703B4102F5AF51EF5F573B75CBB5AD38BC845F7A49F82A0966A49C2E3EA5EA0ECD326CD965F1DB402C6FA8B51A4658C5C5E2EC9E214602E55810345408596591009A82E7E7FFACA19EEA299B14A0081A705CB3296EBC14CDF658DCD336EA6D1136881AAEB87B81AB9EE53D5
310
F5EB8BC8362082DA24122F98680A4E7930C01A0079749CEA14382A0783E5EBA5A10F8C098456A03D6A4AEB6BB881E2513747552A5DB22C7EDAF83BD5528081A365F7FF06504B0304140006080000CC70623B000000000000000000000000350000006662782F41393633353835312D344632462D344230382D423046372D37
310
39314545314133324237412F76657274696365732E62696E504B0304140006080800CC70623BF270F1330600000004000000360000006662782F41393633353835312D344632462D344230382D423046372D3739314545314133324237412F747269616E676C65732E62696E636660600000504B0304140006080000CC7062
310
3B000000000000000000000000370000006662782F41393633353835312D344632462D344230382D423046372D3739314545314133324237412F617474726962757465732E62696E504B0304140006080800CC70623B08DA0BD19000000041010000360000006662782F41393633353835312D344632462D344230382D4230
310
46372D3739314545314133324237412F6469726563746F72792E786D6C858F410AC3201045AF22B36F53E9A60B35CBEEBAE80D244E44489C6234F4F835464A48035D0DF398FF9F8AF63D0E6CC63039F212F8F9020C7D47C6792B21C5FE7403D62A1188E2E60C98D7234A5830286103A55745067B9D86B8A3CF9C7F90C11DE6
310
07FB144396D7B6A82D282E9A152AD114D5EF2CB866EEE831B8EEA07A7BB5A8D7D61A2BAAEB7FD5F70921FF497D00504B0304140006080800CC70623BEDD1DC58FD000000A00100003B0000006662782F41393633353835312D344632462D344230382D423046372D3739314545314133324237412F7265736F75726365732F
310
636F72652E786D6C8D504B6E833010BD0A9A6D65B00922041947112427E8052C33A156828DFCA97AFC9A40A576D7CDCCE87D344F8F9FBFE667F689CE6B6B3A6039850C8DB2A336530731DC4903D95970676DF82583CCC8193B5861107C72362E3BA4AC096842428D1D7107A5F7182053CF7474E0D507CE32973124857FE48B
310
540F3961CEF244279DE03EB81420DB9EAC1384436FA353E879B1B182C7A8C75DA3C7F453DF353A1075D537A7BA6464B8F535A99AE14A9A2BBD90E350DD183B5CFABE3AF262350B1EF4FC9351399401471025A527C218A1E53BAB5A5AB765F5469B96525EACF23FA6B88CFF34456DC2A1DCE36E360F82A5202F42F062ED2BAD
310
579969AFDD8A6F504B010214000A0000080000CC70623B3DEE336E79000000790000001B00000000000000000000000000000000006175746F6465736B2D64657369676E2D7061636B6167652E786D6C504B01021400140006080800CC70623BD486FD9CA0000000F40000001300000000000000000000000000B20000005B
310
436F6E74656E745F54797065735D2E786D6C504B01021400140006080800CC70623B853B8169EB0000007C010000080000000000000000000000000083010000636F72652E786D6C504B01021400140006080800CC70623B55019EA25F0000007C000000070000000000000000000000000094020000636E782E786D6C504B
310
01021400140006080800CC70623BDBABAAF470010000D40300000C00000000000000000000000000180300006662782F636F72652E786D6C504B01021400140006080800CC70623B9C113CC27E0000009D0000000B00000000000000000000000000B20400006662782F636E782E786D6C504B01021400140006080800CC70
310
623B7DF2F77C2A010000120200003100000000000000000000000000590500006662782F41393633353835312D344632462D344230382D423046372D3739314545314133324237412F636F72652E786D6C504B01021400140006080800CC70623BAD7543B64E010000330300003000000000000000000000000000D2060000
310
6662782F41393633353835312D344632462D344230382D423046372D3739314545314133324237412F636E782E786D6C504B01021400140006080800CC70623BE75B7789680500003C10000034000000000000000000000000006E0800006662782F41393633353835312D344632462D344230382D423046372D3739314545
310
314133324237412F6F626A656374732E786D6C504B01021400140006080000CC70623B0000000000000000000000003500000000000000000000000000280E00006662782F41393633353835312D344632462D344230382D423046372D3739314545314133324237412F76657274696365732E62696E504B01021400140006
310
080800CC70623BF270F133060000000400000036000000000000000000000000007B0E00006662782F41393633353835312D344632462D344230382D423046372D3739314545314133324237412F747269616E676C65732E62696E504B01021400140006080000CC70623B0000000000000000000000003700000000000000
310
000000000000D50E00006662782F41393633353835312D344632462D344230382D423046372D3739314545314133324237412F617474726962757465732E62696E504B01021400140006080800CC70623B08DA0BD1900000004101000036000000000000000000000000002A0F00006662782F41393633353835312D344632
310
462D344230382D423046372D3739314545314133324237412F6469726563746F72792E786D6C504B01021400140006080800CC70623BEDD1DC58FD000000A00100003B000000000000000000000000000E1000006662782F41393633353835312D344632462D344230382D423046372D3739314545314133324237412F7265
310
736F75726365732F636F72652E786D6C504B0506000000000E000E0080040000641100000000
  0
XRECORD
  5
1F8
102
{ACAD_REACTORS
330
1F7
102
}
330
1F7
100
AcDbXrecord
280
     1
 70
     1
 90
429727718
  1
30362254-06B7-45E0-A893-8CFA70E3D6BC
310
504B03040A0000080000CC70623B3DEE336E79000000790000001B0000006175746F6465736B2D64657369676E2D7061636B6167652E786D6C3C3F786D6C2076657273696F6E3D22312E302220656E636F64696E673D227574662D3822203F3E3C666F726D6174733E3C666F726D61743E687474703A2F2F736368656D612E
310
6175746F6465736B2E636F6D2F64657369676E2D7061636B6167652F323030393C2F666F726D61743E3C2F666F726D6174733E504B0304140006080800CC70623BD486FD9CA0000000F4000000130000005B436F6E74656E745F54797065735D2E786D6C7D8EC10E82300C865F65E91D8A1E8C310C0EEA1BF002731658846E
310
D98AC1B77784ABF1D8FE5FBFBF75BBCE937A534CCEB38643598122B6FEE978D0B0485F9C41B54DDD7D022595594E1A469170414C76A4D9A4D207E29CF43ECE46F218070CC6BECC4078ACAA135ACF422C856C0E68EA1BF5669944DDD7BCDE7B1F8E415D77AECB980613C2E4AC91FC167A2B244592486606FC29C8FD7F045B9A
310
EF7053A7E60B504B0304140006080800CC70623B1EC5D7A3EB0000007C01000008000000636F72652E786D6C8D90416EC3201045AF82665B6103C6756C6122AB4D4ED00B204C5C94182C03558F5F9C3852BBEB6A467FFE9B197D71FC9E6FE8CBACC17AD7032D0820E3B41FAD9B7A48F1820F808E52ACDEC75F36404ECDA687
310
4D0629A6D5A76597B477D1B89855E747B38B2A041301E95B6E7A08FAD3CCAA50296647B8168BD2573599823EBB0CA76447F43862C7BCCF5EAC59410E4DDD9C7973C2755553CCCFA4C603E3040F1565ED3B1FDE4E432BCA0D9622DAF9795FAF464533826484B498524CD807E51D79ED187F21878E10516EF63F505AC67F42C9
310
BA58B1FDDD071640D2FCC87D2045B96591CB3DA85CB7DCE40F504B0304140006080800CC70623B55019EA25F0000007C00000007000000636E782E786D6C4DCB3B0E80201045D1AD90E915ED2CF8AC45050C11660C8261F98AB1B07AC9C97D42D718D865D3E909258CFD00CCE24AC6E326A164D74DC0B4128928FF32603847
310
2BA13128B1252AC747C6BAB984FC68F0B87FE8960A5C09FE86CFB69FBA01504B0304140006080800CC70623B8C9102E971010000D40300000C0000006662782F636F72652E786D6CC5535B6E833010BC8AE5DF0A6C08340F1947A84D4ED00B38C6A128602363A31CBFCB234A53A551FA553EC09AD9F5CE8C31DB9E9B1AF5CA
310
7695D1198E428A91D2D214952E33ECDD315861B4E5CC1AE3BE9561A445A3323CC098B3D21ADFCE9034DA29ED00D5A6503328BA4E398C640D8B0C77F253352214DE4145770A5B214FA2546114020D759C75CE8200340D19DE981F0F6746269C33EFAB6266AB02A655C74A59CCF365BADC27CB5D902ED22848F6340DF238A141
310
BE88E2F57B92BFEDF23523433367AE6A2EEAA455C2A902F398D2751045018D3FA264435F3771F242571B4A1919CA6F9A7C5B3CD9E42BED16F12C776AEB308F40C848FC700B1139D4891EF410CEC810227CC6846F8386402064270EF5C5C709A05E49676C024C61FC95EA45ED154CA5211D1FF4FB8291A913A68E9B83EBBB33
310
E2A7673CDE118E5AE8124C0807CB8377834E366998436B950D7A7746DAD846D4CFD978E0F04FD455FC5D49D2D4C6FE9722321F10997F0F32DC47FE05504B0304140006080800CC70623BFFEA85907E0000009D0000000B0000006662782F636E782E786D6C4DCCD10A83201886E15B91FFDC95D95A811AB6F23E625948A6C3
310
E9D8E5AF46073BFAE0E1E365ED67B3E8ADC3CB78C7815C7240DA3DFC64DCC221C519D7805AC182F7F1EF06C88D9BE6703008B6049F9E274D7A1E938DBB5AE3D6131B2589BA0D3D965551E0B2EA732C9B9A624AAEB41E3A557677029960D9AFB4EF11165F504B0304140006080800CC70623B4FEEA4082C0100001202000031
310
0000006662782F39464131463745442D413632322D343644302D413938332D3331353338454246344243312F636F72652E786D6C8D515B6EC32010BC0AE2AB55850DD871ED0813254D72825EC00192A2C460F1A872FC42ED48ED5F7E00CDCECCCEB26C731F6FE05B39AFADE921293004CA082BB5B9F43086336A21D870E6AC
310
0D7F68109861543DCC30E4ECE26C9C164858139409093556AA051CBC570102714B8F1E7AF1A5C6A11862480C7F2DA6415C878B2A4891CA89C7990F2E050073937C42DE1DB7E4F87ED8A36D4329AA9B3D46DBAEAD504556557BD81DEBDD0761E52CE42C462D17B996298E3E6BE59E35C962CE821E1FF18553435012728A7187
310
0841987E927A8D9B35ADDF70BBC6989599FE4F1427F9A4286A132ABAC49D651EF234CD5CE04CDA78BA3DC2A8FB645D00B9DF8B57E215725C60BCA2A463E54C4CE327C7A65E1C7DB02E7DEFCBF594B864C5CA6CDBD49C957943E9FA5D5FBAF336F90F504B0304140006080800CC70623BAD7543B64E01000033030000300000
310
006662782F39464131463745442D413632322D343644302D413938332D3331353338454246344243312F636E782E786D6CD593CD6EC32010845F0571AD6CE3D48AD20813A9873E410FBD12D82434182C7EAAE6EDBB2424CD25871E7B41D6EC30B3FA84F9E67BB2E40B4234DE8DB46F1925E094D7C6ED479AD3AE5951B2113C
310
789FEE6C943839C1488B4C05DF079FE72A69D8C96C13AAD6B8631503449F83828872B949AC57D26200B826A308D316B4064D6E46FCDA41C05550DC9E483A00797BFD207EFB092A45DE9514C1BBD22178396BD39D891265658C238DEA00936C654E5E433CB65A26D9F6EDB5EBC14EBF49A45CB856E66048291F6939A9A81BB5
310
C8917738143CA680F4AA299D66A042CEB3354A2684DC9D8D178FE0D9B8B41CAAD720F880EE7EF93C0C18769E099ECC04D5A102C8049A8A05632F4DDF376CF1DE0F6BB65C2F8627B65A33C6BB62177CEBBDAD973006829F89F22E814B54F4BC2BE347F8AA8F681390B50FA73F804400B5F542E796F19FF974E7F78DB802FE05
310
E207504B0304140006080800CC70623B16AB87BA640500003C100000340000006662782F39464131463745442D413632322D343644302D413938332D3331353338454246344243312F6F626A656374732E786D6CAD575B6FA33818FD2B887DE6924B3BED8A326A92B68A663B534DD4D13E548A0C38942D60649B369D5FBFC7
310
600890A493BDE42160637FD7F31D7FF63E6FB3D478A55C242CBF3247B66B1A340F5994E4F19559CA8D75611A9F7D8F33263BCB4C232719BD32D5B4E97B316765A1A722BA21652A07B3B7B33F0D11D29C9A46981221AE4C113ED38CD8A4942CA2E2C58E882476BCD9DA23BB5ED8171B73523C0F841684D35CC252CCE79062D4
310
468DFA43D7747CCF51DF7D4FFDEB5593E3AB9CCA9FBEFE241792E4E19EB28198C968BAB8199F5D5A67D3E9C49A9E8F47D6EC76B6B0469F26EEFC7C3EBFBCBEB98462213924694B38DD98FE1D62C393D073EA4FADC5DAF04326852CCF6958F90F0F2B9BB5C48816348F90C7840A68EB78EDF68723159BCEE7891A6B95DDE9D3
310
BCEAEEE8086A6C6F9E5D4B59F0175C10A7A0820BAA5055C7473B5AE3CFDD452D602CD5DF12616444529E90D448938013FE6EFA58AA96F85E4F8C42275708571E98FE6827AF6B2B4AE3D7D83D64E5A64C53054DD3AF90BD06FEA9149565C94FCA0F6B834DC85599E4F2423B24DF0B6AFA979E534DFA9E7A4CC6FA631D486393
310
921829879BF5D781A373557BCB85E97FB90DB62B558F8795179C15944B051F40AB495CF35451D26A4727654E6D8033BD98EF82F21D91FF8AF2DD9982BCF1643BDD4EB516C9492E368C67C88DED563FC36D5EACF66DFF057C3658BDBFA69DF9578B3DA735B64F18C7F20770A9D45CFCF7FCF563D6456A277DBEF78A02637CA2
310
43B90A490AEAB94F72244481D24819A6C0E59B606BFA4B3025981DBB48EAB701D97BF19C577CC77F2D1B6C55A9EF3C732474C0B727303F625995056C3B02963D9EAC146BE78EC5FCEC7FA999EBC5EACBAAE41B12D27B4D2C0BBA49F244E2ECDC81B76B502F113D8F5EE8FB1BE3111CDD4FC2AA9B844CAB1288B68AB90A7CDC
310
1C166AB0D3DC5310625FCC14E779BFD0709F8890A629C9292B1B2DED31A4B0DA928CEE135085754027E3018A397D4D5427D15BD1330B677DC8934285AC3DF45A9EB68FF8F2B8FC0A509AFEECFD0FF2DE25CC6047F7214B195F07EFEB9A094D800F7BFAE8FED187B78EA8A3A400F115961BCAD1215E47C966530AF0EE8128FE
310
58CEBB996A8964FFA529A046635D9353B0336A8F700DDF46271A024E70B0B37C9DE01847591E54DED53D54202AB947E4076556AC49C6CA5C9E1226B7F1A7B1BE15DEED62C41B91E1B3E9AFAAA735036547343A925075041DF0A9979E893B391F8FCFA6967B3EFB644DCF6E5CEBFAE272625DCC6FAF3FB93793C5F90CE1EF57
310
407342756B10D1C489E8953CD1617E5CEECAD6F4EF8914CE5D5D504E5C3F1F9736DA62CFC11E00BCDDB8CC8A9466349744C1F75EBDA4DF09BA8A9E8C7A7E9991989E20E5DBDD6A6003664ED8F7A04A8DBE0DF6EAD9B9AA858342E47399053949D2C146EDB85DE4B176BB0965FBAC19BD19AA918E27FA50C1D22402E144464C
310
59462568E704B6E71915404CB72B8FF4EDE184DDAF753F284990D2C6926782963815403548A70C657FDEF80D2D9CEAA2AE4C1C76F60BFE74219A06527D6582DF6412526107381E55E353090704D085B52408D0933C4ED159D79BDA71BB4BC506F4831350EB6F979CD22D69BF7AC49B91A2C0A9DDA3D5CA36AD20FC478E37E6
310
1844E2352865EBCB6EA275A652E3836BE04EFB400BF1A2556F515F1FBB35B2AB35BD889C744FFA1004B5544B121E57F70215746DD2F5E2C1412B602CBF19455AC6C8E5E9922C4E01E65215385004546899059180EAFCF7A707CE7017CD8CDB0410789AB32C63B91E5CEBBBACB17AC6CD347A022D5075FD106377347AAABA7E
310
7D11590744509B44E205134DC1290F06580320F78E537D3D73540E06CB970B431F185308AD40BBD794D6D77003C5A36E8EAA54BA64597CD8F83BD552A080A365F7FF06504B0304140006080000CC70623B000000000000000000000000350000006662782F39464131463745442D413632322D343644302D413938332D3331
310
353338454246344243312F76657274696365732E62696E504B0304140006080800CC70623BF270F1330600000004000000360000006662782F39464131463745442D413632322D343644302D413938332D3331353338454246344243312F747269616E676C65732E62696E636660600000504B0304140006080000CC70623B
310
000000000000000000000000370000006662782F39464131463745442D413632322D343644302D413938332D3331353338454246344243312F617474726962757465732E62696E504B0304140006080800CC70623B08DA0BD19000000041010000360000006662782F39464131463745442D413632322D343644302D413938
310
332D3331353338454246344243312F6469726563746F72792E786D6C858F410AC3201045AF22B36F53E9A60B35CBEEBAE80D244E44489C6234F4F835464A48035D0DF398FF9F8AF63D0E6CC63039F212F8F9020C7D47C6792B21C5FE7403D62A1188E2E60C98D7234A5830286103A55745067B9D86B8A3CF9C7F90C11DE607
310
FB144396D7B6A82D282E9A152AD114D5EF2CB866EEE831B8EEA07A7BB5A8D7D61A2BAAEB7FD5F70921FF497D00504B0304140006080800CC70623B0D6EF93BFE000000A00100003B0000006662782F39464131463745442D413632322D343644302D413938332D3331353338454246344243312F7265736F75726365732F63
310
6F72652E786D6C8D50596E833010BD0A9ADFCA60B334011947A8694ED00B586642AC041B79A97AFC9A40A5F6AF3F33A3B7689E1E3F7DCD8FEC139DD7D6F4C0720A191A65476DA61E62B892236427C19DB5E1970C322367EC618541F0C9D9B8EC90B226A009093576C41D94DE63804C3DD2D18357379C652E63480A7FCF17A9
310
EE72C29CE5894E3AC17D702940B63D59270887DE46A7D0F36263058F518FBB468FE9A7BE6A7420864373B8D4873369AA8691FA421B3294352543C5CAF65C0F6FEF43CB8BD52C78D0F34F46E550061C419494B6843142CB0F5677F4B52BEB177AEC28E5C52AFF638ACBF84F53D42654E51E77B379102C05791282176B5F693D
310
CB4C7BED567C03504B010214000A0000080000CC70623B3DEE336E79000000790000001B00000000000000000000000000000000006175746F6465736B2D64657369676E2D7061636B6167652E786D6C504B01021400140006080800CC70623BD486FD9CA0000000F40000001300000000000000000000000000B20000005B
310
436F6E74656E745F54797065735D2E786D6C504B01021400140006080800CC70623B1EC5D7A3EB0000007C010000080000000000000000000000000083010000636F72652E786D6C504B01021400140006080800CC70623B55019EA25F0000007C000000070000000000000000000000000094020000636E782E786D6C504B
310
01021400140006080800CC70623B8C9102E971010000D40300000C00000000000000000000000000180300006662782F636F72652E786D6C504B01021400140006080800CC70623BFFEA85907E0000009D0000000B00000000000000000000000000B30400006662782F636E782E786D6C504B01021400140006080800CC70
310
623B4FEEA4082C0100001202000031000000000000000000000000005A0500006662782F39464131463745442D413632322D343644302D413938332D3331353338454246344243312F636F72652E786D6C504B01021400140006080800CC70623BAD7543B64E010000330300003000000000000000000000000000D5060000
310
6662782F39464131463745442D413632322D343644302D413938332D3331353338454246344243312F636E782E786D6C504B01021400140006080800CC70623B16AB87BA640500003C1000003400000000000000000000000000710800006662782F39464131463745442D413632322D343644302D413938332D3331353338
310
454246344243312F6F626A656374732E786D6C504B01021400140006080000CC70623B0000000000000000000000003500000000000000000000000000270E00006662782F39464131463745442D413632322D343644302D413938332D3331353338454246344243312F76657274696365732E62696E504B01021400140006
310
080800CC70623BF270F133060000000400000036000000000000000000000000007A0E00006662782F39464131463745442D413632322D343644302D413938332D3331353338454246344243312F747269616E676C65732E62696E504B01021400140006080000CC70623B0000000000000000000000003700000000000000
310
000000000000D40E00006662782F39464131463745442D413632322D343644302D413938332D3331353338454246344243312F617474726962757465732E62696E504B01021400140006080800CC70623B08DA0BD190000000410100003600000000000000000000000000290F00006662782F39464131463745442D413632
310
322D343644302D413938332D3331353338454246344243312F6469726563746F72792E786D6C504B01021400140006080800CC70623B0D6EF93BFE000000A00100003B000000000000000000000000000D1000006662782F39464131463745442D413632322D343644302D413938332D3331353338454246344243312F7265
310
736F75726365732F636F72652E786D6C504B0506000000000E000E0080040000641100000000
  0
XRECORD
  5
175
102
{ACAD_REACTORS
330
173
102
}
330
173
100
AcDbXrecord
280
     1
270
     1
271
     1
  0
XRECORD
  5
174
102
{ACAD_REACTORS
330
173
102
}
330
173
100
AcDbXrecord
280
     1
270
     1
271
     1
  0
XRECORD
  5
1FB
102
{ACAD_REACTORS
330
173
102
}
330
173
100
AcDbXrecord
280
     1
 70
     0
 90
1673772943
  1
ECE7A1D2-D628-4531-984C-D00F80459256
310
504B03040A0000080000CC70623B3DEE336E79000000790000001B0000006175746F6465736B2D64657369676E2D7061636B6167652E786D6C3C3F786D6C2076657273696F6E3D22312E302220656E636F64696E673D227574662D3822203F3E3C666F726D6174733E3C666F726D61743E687474703A2F2F736368656D612E
310
6175746F6465736B2E636F6D2F64657369676E2D7061636B6167652F323030393C2F666F726D61743E3C2F666F726D6174733E504B0304140006080800CC70623BD486FD9CA0000000F4000000130000005B436F6E74656E745F54797065735D2E786D6C7D8EC10E82300C865F65E91D8A1E8C310C0EEA1BF002731658846E
310
D98AC1B77784ABF1D8FE5FBFBF75BBCE937A534CCEB38643598122B6FEE978D0B0485F9C41B54DDD7D022595594E1A469170414C76A4D9A4D207E29CF43ECE46F218070CC6BECC4078ACAA135ACF422C856C0E68EA1BF5669944DDD7BCDE7B1F8E415D77AECB980613C2E4AC91FC167A2B244592486606FC29C8FD7F045B9A
310
EF7053A7E60B504B0304140006080800CC70623BD9DDAED0EC0000007C01000008000000636F72652E786D6C8D90416EC3201045AF82665B61836D9CD8C2444DD39CA01740405C94182C03558F5F9C3852BBEB6A467FFE9B197D7EF89E6EE8CB2CC17A37002D0820E394D7D68D03A478C17B4007C117EFE32F1B20272733C0
310
2A83E0E3E2D3BC49CABB685CCCAAF3DA6CA20CC14440EA969B0182FA34932C648AD911AEC52CD5558EA6A0CF2EC329598D1E47ACCEFBECC59A050463A7EA5833865FEBDD0E37353BE3EE8DBDE3F6786A48D375FBF6CC78B9C282473B3DEFABC5C86834888A900E538A49F5419B9EB47DD5BC907D4F082F57FB1F28CDFA9F50
310
B22ED6D5F6EE030B20687EE43E10BC5CB3C8E51E54AE6B6EE207504B0304140006080800CC70623B55019EA25F0000007C00000007000000636E782E786D6C4DCB3B0E80201045D1AD90E915ED2CF8AC45050C11660C8261F98AB1B07AC9C97D42D718D865D3E909258CFD00CCE24AC6E326A164D74DC0B4128928FF326038
310
472BA13128B1252AC747C6BAB984FC68F0B87FE8960A5C09FE86CFB69FBA01504B0304140006080800CC70623BA24EB22D72010000D40300000C0000006662782F636F72652E786D6CC5535B6E833010BC8AE5DF0A6C5E49888CA3A6694ED00B38E05014B091B1518EDFE511A5A9D228FD2A1F60CDEC7A67C6986DCE4D8D7A
310
69BA4AAB0C073EC548AA5C17952A33ECECD15B61B4E1CC686DBF9561A44423333CC098B3D268D7CE50AE9595CA02AA74216750749DB418E5352C32DCE59FB211BE70162ABA93DF8AFC244AE9073ED050C759670D0840D390E18DF9F1706664C23973AE2A66B62A605A75ACA4C13C4976E1364A12EF355A2EBD384AF65EFA96
310
BC7B8BED2EA6719AAE16FB8491A199335B351775B991C2CA02F390D2D40B028F861F41BCA68B7518BFD0D59A524686F29B26D7164F36B94AD9289CE54E6D1DE6010819891F6E21228B3AD1831EC219194284CF98F06DD01008846CC5A1BEF83801D4CBDC6A1303536877A57A513B0953A94FC707FDBE6064EA84A9E3E6E0FA
310
EE8CF0E9198F7784A316AA0413C2C2F2E0ECA0934D1AE6D05A69BCDE9E91D2A611F573361E38FC1375157F5752AE6B6DFE4B11990F88CCBF0719EE23FF02504B0304140006080800CC70623B408A7D3B7C0000009D0000000B0000006662782F636E782E786D6C4DCCD10A83201886E15B91FFDC552A92A0064DBC8F581632
310
D3703A76F9ABD1C18E3E78F878E5F0D9027ABBFCF2292AE86E2D20171F69F6715550CB827B40839639A5F2770314A7CD293819B45C73AAFB45B35BA61ACAA1C1C7E7855C58C15BC331339661262CC762340413D68D77DA5B42298546CBE6573AF60CEB2F504B0304140006080800CC70623B449FB9BD290100001202000031
310
0000006662782F36394639363044362D344446342D343946362D394244322D3234314243333846323333332F636F72652E786D6C8D515B6EC32010BC0AE22B55850D98B871848994463E412FE002495162B07854397EA176A4F62F3F2C9A9D991D587EB84F37F0AD7D30CEF6905418026DA553C65E7A98E219ED203808EE9D
310
8B7F6810D871D23D2C3014FCE25D9A57483A1BB58D19B54EE9151C43D0110279CB971E06F9A5A7B11A53CC8C70ADE6515EC78BAE4895DB992778883E0700CB907242D17643D7E2538BD869608875438BBAE38922CAC8F1BDD90DB4691A5E2F42C153326A951B95E398B3D1FE599322163C9AE9115F7A3D46ADA0A018778810
310
84E907617BDCEE297BC5BB3DC6BC2EF47FA234AB2745C9D8D8D035EE220B50105E2F0DC1954B9FB747187D9F9D8FA0CCDB042D5FA0C015C65B42DF78BD10F3F3B363CB56C7109DCFDFBBB97E662ED92EB62D13BC2E1BCAE5777DB9966D8A1F504B0304140006080800CC70623BAD7543B64E01000033030000300000006662
310
782F36394639363044362D344446342D343946362D394244322D3234314243333846323333332F636E782E786D6CD593CD6EC32010845F0571AD6CE3D48AD20813A9873E410FBD12D82434182C7EAAE6EDBB2424CD25871E7B41D6EC30B3FA84F9E67BB2E40B4234DE8DB46F1925E094D7C6ED479AD3AE5951B2113C789FEE
310
6C943839C1488B4C05DF079FE72A69D8C96C13AAD6B8631503449F83828872B949AC57D26200B826A308D316B4064D6E46FCDA41C05550DC9E483A00797BFD207EFB092A45DE9514C1BBD22178396BD39D891265658C238DEA00936C654E5E433CB65A26D9F6EDB5EBC14EBF49A45CB856E66048291F6939A9A81BB5C89177
310
38143CA680F4AA299D66A042CEB3354A2684DC9D8D178FE0D9B8B41CAAD720F880EE7EF93C0C18769E099ECC04D5A102C8049A8A05632F4DDF376CF1DE0F6BB65C2F8627B65A33C6BB62177CEBBDAD973006829F89F22E814B54F4BC2BE347F8AA8F681390B50FA73F804400B5F542E796F19FF974E7F78DB802FE05E20750
310
4B0304140006080800CC70623B8D05915C650500003B100000340000006662782F36394639363044362D344446342D343946362D394244322D3234314243333846323333332F6F626A656374732E786D6CAD575B6FA33814FE2B887D06429276DA1565D4266D158D3A339A6846FB502932E050B66023DB74D2FDF5FB190C01
310
9276B2973C046C8ECFF53B17071F77456EBD502133CEAE6CDF9DD81665314F32965ED995DA3A17B6F5310C04E7AA47665B8C14F4CAD6DB7618A48257A5D94AE89654B91AEDDEDDFC61C998326A5B714EA4BCB265FC440BE2924AF184CA6737218AB8E976E7FA6E4338649B0A523E8D98964450A6A029F619B8588D52FE7039
310
B1BD30F0F4F730D0FF866AF6369557DB33949F31A9088B0F848DD8CCFCF9F2767A76E99CCDE733677E3EF59D9BBB9BA5E37F984D16E78BC5E5F5ED25044B25C0C96822E8D60EEFE11B91C581D77CEA34368A1F5329E68CD1B8B61F16D63A1B8E092D294B10C78C4A48EB593D192E7DED9BDEE7995E1B91FDEDD3ACEA9FE831
310
6A756F9F7D4D79F4274C90A7A04248AA51D5F8C718DAE06FB2F75AC4796EBE65D22A88A22223B995679120E2D50E41AA49C260C046A35368846B0BECD0DFF3EBEB8AD4F835768F69B9ADF25C43D30E6B646F807FAA64AD59F61715C7A54127C4AACA98BA3006A9D792DAE165E0D59B61A01FB3A9F9D838D2DAE62445C86166
310
F37564E842E7DE6A69879FEEA2DD5AE7E371E1A5E025154AC307D06A03D73EB5978C58FFA4C8E9033066E0F3BD53BEC1F39F91BE7B55103791EDE6BBB991A2046172CB4581D8B893FA674DDA17A77B3B7C413D1B511FD2743BFF8A38F03A658705E3ADF8015C3A3417FF3D7E439FF591DA0B5F18BC20C1B8981957AE6392A3
310
F43C640C01D1A0B4728E2DD4F26DB4B3C3152A252A3B4E913CEC1C72F012782FF88EFF8637AA552DBEF76408E8A8DE9E50F9E1CB3A2DA0DB1B6039A893B56063DC5B3E3FFB5F72E67AB9FEB4AEC496C4F4C1149625DD662C53E89D7BF0F6151A046260D1337DFDC94502430F83B0EE07A130A224BCAD7DAE1D9FB6CD422FF6
310
920702629C4BB9AE79C12F243C6432A6794E18E5552BA56B431AAB5D91317302B2B071E86C3A42B1A02F999E24061403B5D0EB639195DA655DD3EBEAB4FB862DDF579F014AD0E73C22F99E28DA57FB98E75C6CA2D74D53086D600F4786E0FE3144B771A8A7B900F03594DB8A633CBC49B2EDB69228BB479CF863B5E807AAAB
310
23872F6DFEB4129B949CA33823F58830E86D65621E10047D9DB34D862E8EAC3C2ABC2F7B2C40D67CDFE01F5545B92105AF983AC54D93D69E56FB8E797F88913F898A9FEC705D3F9D1B54EC8426FB500D40A03BD0119B06E1B95DDC7EB8F6975367793EBD70E66733DFB9BC982F9CE564727731999F5D4ECFCE3B8D6A4DC2A0
310
6D50FD148437D110834A64C6CDDF57FBACB5C307A2A477DFE4939736CFEF2B175371E0E10CF0DD1D5C15654E0BCA14D1E87DD02FF93782A162C0A3D95F1524A52770F972BF1EE9809D13CE7DD599467F8ECE9ADD85CE85A34CD45355448C64F9E8A031DC2D596ACC6E5DD93D9B82DE2EF5CAF81363A8E47996A0DE24564A79
310
4115AACE09C55E14540231FDA13C319787134EBF34E3A022514E5B4D9E0826E25C02D5805B15ABE1BEF51B26383D445DD9E875EE33FE4C22DA16427D65A3BCA92CA6D28DD01DF5DC53330704308475351050232CCD31583787BA75774AFB06E5070DD0C8EF484E19968C5D83BA5B90B244D31E54D55A372320FE4786B7EA58
310
44E135AA5467CB7EA333A61683CC6A8C3257034C10CF46F40EF9F5BE59BE5BD30C3C72D235E95D10345C1D45445A5F0BB47E46A5EBE5570F9380B5FA629579952296A773720405982B9DE04011506178964401AA8BDF1FBF0A8EAB6861DD6580C0E38217056766716DAEB2D6FA0917D3E4116581EADB879C4E7CFFB11EFACD
310
3D641311495D92C8676CB409A72D18610D803CE8A626049E8EC1887CB5B44CC39883690DDA8399B4B9855B481E7D71D4A9D22F96E5BB73BF5793020C02137BF837504B0304140006080000CC70623B000000000000000000000000350000006662782F36394639363044362D344446342D343946362D394244322D32343142
310
43333846323333332F76657274696365732E62696E504B0304140006080800CC70623BF270F1330600000004000000360000006662782F36394639363044362D344446342D343946362D394244322D3234314243333846323333332F747269616E676C65732E62696E636660600000504B0304140006080000CC70623B0000
310
00000000000000000000370000006662782F36394639363044362D344446342D343946362D394244322D3234314243333846323333332F617474726962757465732E62696E504B0304140006080800CC70623B08DA0BD19000000041010000360000006662782F36394639363044362D344446342D343946362D394244322D
310
3234314243333846323333332F6469726563746F72792E786D6C858F410AC3201045AF22B36F53E9A60B35CBEEBAE80D244E44489C6234F4F835464A48035D0DF398FF9F8AF63D0E6CC63039F212F8F9020C7D47C6792B21C5FE7403D62A1188E2E60C98D7234A5830286103A55745067B9D86B8A3CF9C7F90C11DE607FB14
310
4396D7B6A82D282E9A152AD114D5EF2CB866EEE831B8EEA07A7BB5A8D7D61A2BAAEB7FD5F70921FF497D00504B0304140006080800CC70623BCA768048FE000000A00100003B0000006662782F36394639363044362D344446342D343946362D394244322D3234314243333846323333332F7265736F75726365732F636F72
310
652E786D6C8D50596E833010BD0A9ADFCA60D600328E9AA639412F609909B1126CE4A5EAF16B0295DABFFECC8CDEA2797AECF8353F924FB44E193D409E5248504B332A3D0D10FC95B4901C39B3C6F85F3248B49871801506CE266BC2B243D2688FDA47549B11775038871E12F988C7004EDE7016A9083E2ADC3D5D84BC8B09
310
D33C8D74D471E6BC8D0192EDC93A815B742658898E651BCB59086ADC356A8C3FD555A1055ED7E7E254D615792D0F075295F585746FF53B694EE78A565DD736979A65AB9933AFE69F8CD2A2F038022F28ED489E135A7CE4554F9BBEA85E68DB53CAB255FEC71496F19FA6A0B42F8B3DEE6673C0F318E4497096AD7DC5F52C33
310
EEB55BFE0D504B010214000A0000080000CC70623B3DEE336E79000000790000001B00000000000000000000000000000000006175746F6465736B2D64657369676E2D7061636B6167652E786D6C504B01021400140006080800CC70623BD486FD9CA0000000F40000001300000000000000000000000000B20000005B436F
310
6E74656E745F54797065735D2E786D6C504B01021400140006080800CC70623BD9DDAED0EC0000007C010000080000000000000000000000000083010000636F72652E786D6C504B01021400140006080800CC70623B55019EA25F0000007C000000070000000000000000000000000095020000636E782E786D6C504B0102
310
1400140006080800CC70623BA24EB22D72010000D40300000C00000000000000000000000000190300006662782F636F72652E786D6C504B01021400140006080800CC70623B408A7D3B7C0000009D0000000B00000000000000000000000000B50400006662782F636E782E786D6C504B01021400140006080800CC70623B
310
449FB9BD290100001202000031000000000000000000000000005A0500006662782F36394639363044362D344446342D343946362D394244322D3234314243333846323333332F636F72652E786D6C504B01021400140006080800CC70623BAD7543B64E010000330300003000000000000000000000000000D20600006662
310
782F36394639363044362D344446342D343946362D394244322D3234314243333846323333332F636E782E786D6C504B01021400140006080800CC70623B8D05915C650500003B10000034000000000000000000000000006E0800006662782F36394639363044362D344446342D343946362D394244322D32343142433338
310
46323333332F6F626A656374732E786D6C504B01021400140006080000CC70623B0000000000000000000000003500000000000000000000000000250E00006662782F36394639363044362D344446342D343946362D394244322D3234314243333846323333332F76657274696365732E62696E504B010214001400060808
310
00CC70623BF270F13306000000040000003600000000000000000000000000780E00006662782F36394639363044362D344446342D343946362D394244322D3234314243333846323333332F747269616E676C65732E62696E504B01021400140006080000CC70623B00000000000000000000000037000000000000000000
310
00000000D20E00006662782F36394639363044362D344446342D343946362D394244322D3234314243333846323333332F617474726962757465732E62696E504B01021400140006080800CC70623B08DA0BD190000000410100003600000000000000000000000000270F00006662782F36394639363044362D344446342D
310
343946362D394244322D3234314243333846323333332F6469726563746F72792E786D6C504B01021400140006080800CC70623BCA768048FE000000A00100003B000000000000000000000000000B1000006662782F36394639363044362D344446342D343946362D394244322D3234314243333846323333332F7265736F
310
75726365732F636F72652E786D6C504B0506000000000E000E0080040000621100000000
  0
XRECORD
  5
176
102
{ACAD_REACTORS
330
173
102
}
330
173
100
AcDbXrecord
280
     1
270
     1
271
     1
  0
XRECORD
  5
177
102
{ACAD_REACTORS
330
173
102
}
330
173
100
AcDbXrecord
280
     1
270
     1
271
     1
  0
XRECORD
  5
2B6
102
{ACAD_REACTORS
330
234
102
}
330
234
100
AcDbXrecord
280
     1
102
DISPLAYNAME
  1
Metric50
102
FLAGS
 90
        0
  0
CELLSTYLEMAP
  5
27C
102
{ACAD_REACTORS
330
162
102
}
330
162
100
AcDbCellStyleMap
 90
        3
300
CELLSTYLE
  1
TABLEFORMAT_BEGIN
 90
        5
170
     1
 91
        0
 92
    32768
 62
   257
 93
        1
300
CONTENTFORMAT
  1
CONTENTFORMAT_BEGIN
 90
        0
 91
        0
 92
      512
 93
        0
300

 40
0.0
140
1.0
 94
        5
 62
     0
340
11
144
6.0
309
CONTENTFORMAT_END
171
     1
301
MARGIN
  1
CELLMARGIN_BEGIN
 40
1.5
 40
1.5
 40
1.5
 40
1.5
 40
4.5
 40
4.5
309
CELLMARGIN_END
 94
        6
 95
        1
302
GRIDFORMAT
  1
GRIDFORMAT_BEGIN
 90
        0
 91
        1
 62
     0
 92
       -2
340
14
 93
        0
 40
1.125
309
GRIDFORMAT_END
 95
        2
302
GRIDFORMAT
  1
GRIDFORMAT_BEGIN
 90
        0
 91
        1
 62
     0
 92
       -2
340
14
 93
        0
 40
1.125
309
GRIDFORMAT_END
 95
        4
302
GRIDFORMAT
  1
GRIDFORMAT_BEGIN
 90
        0
 91
        1
 62
     0
 92
       -2
340
14
 93
        0
 40
1.125
309
GRIDFORMAT_END
 95
        8
302
GRIDFORMAT
  1
GRIDFORMAT_BEGIN
 90
        0
 91
        1
 62
     0
 92
       -2
340
14
 93
        0
 40
1.125
309
GRIDFORMAT_END
 95
       16
302
GRIDFORMAT
  1
GRIDFORMAT_BEGIN
 90
        0
 91
        1
 62
     0
 92
       -2
340
14
 93
        0
 40
1.125
309
GRIDFORMAT_END
 95
       32
302
GRIDFORMAT
  1
GRIDFORMAT_BEGIN
 90
        0
 91
        1
 62
     0
 92
       -2
340
14
 93
        0
 40
1.125
309
GRIDFORMAT_END
309
TABLEFORMAT_END
  1
CELLSTYLE_BEGIN
 90
        1
 91
        1
300
_TITLE
309
CELLSTYLE_END
300
CELLSTYLE
  1
TABLEFORMAT_BEGIN
 90
        5
170
     1
 91
        0
 92
        0
 62
   257
 93
        1
300
CONTENTFORMAT
  1
CONTENTFORMAT_BEGIN
 90
        0
 91
        0
 92
      512
 93
        0
300

 40
0.0
140
1.0
 94
        5
 62
     0
340
11
144
4.5
309
CONTENTFORMAT_END
171
     1
301
MARGIN
  1
CELLMARGIN_BEGIN
 40
1.5
 40
1.5
 40
1.5
 40
1.5
 40
4.5
 40
4.5
309
CELLMARGIN_END
 94
        6
 95
        1
302
GRIDFORMAT
  1
GRIDFORMAT_BEGIN
 90
        0
 91
        1
 62
     0
 92
       -2
340
14
 93
        0
 40
1.125
309
GRIDFORMAT_END
 95
        2
302
GRIDFORMAT
  1
GRIDFORMAT_BEGIN
 90
        0
 91
        1
 62
     0
 92
       -2
340
14
 93
        0
 40
1.125
309
GRIDFORMAT_END
 95
        4
302
GRIDFORMAT
  1
GRIDFORMAT_BEGIN
 90
        0
 91
        1
 62
     0
 92
       -2
340
14
 93
        0
 40
1.125
309
GRIDFORMAT_END
 95
        8
302
GRIDFORMAT
  1
GRIDFORMAT_BEGIN
 90
        0
 91
        1
 62
     0
 92
       -2
340
14
 93
        0
 40
1.125
309
GRIDFORMAT_END
 95
       16
302
GRIDFORMAT
  1
GRIDFORMAT_BEGIN
 90
        0
 91
        1
 62
     0
 92
       -2
340
14
 93
        0
 40
1.125
309
GRIDFORMAT_END
 95
       32
302
GRIDFORMAT
  1
GRIDFORMAT_BEGIN
 90
        0
 91
        1
 62
     0
 92
       -2
340
14
 93
        0
 40
1.125
309
GRIDFORMAT_END
309
TABLEFORMAT_END
  1
CELLSTYLE_BEGIN
 90
        2
 91
        1
300
_HEADER
309
CELLSTYLE_END
300
CELLSTYLE
  1
TABLEFORMAT_BEGIN
 90
        5
170
     1
 91
        0
 92
        0
 62
   257
 93
        1
300
CONTENTFORMAT
  1
CONTENTFORMAT_BEGIN
 90
        0
 91
        0
 92
      512
 93
        0
300

 40
0.0
140
1.0
 94
        2
 62
     0
340
11
144
4.5
309
CONTENTFORMAT_END
171
     1
301
MARGIN
  1
CELLMARGIN_BEGIN
 40
1.5
 40
1.5
 40
1.5
 40
1.5
 40
4.5
 40
4.5
309
CELLMARGIN_END
 94
        6
 95
        1
302
GRIDFORMAT
  1
GRIDFORMAT_BEGIN
 90
        0
 91
        1
 62
     0
 92
       -2
340
14
 93
        0
 40
1.125
309
GRIDFORMAT_END
 95
        2
302
GRIDFORMAT
  1
GRIDFORMAT_BEGIN
 90
        0
 91
        1
 62
     0
 92
       -2
340
14
 93
        0
 40
1.125
309
GRIDFORMAT_END
 95
        4
302
GRIDFORMAT
  1
GRIDFORMAT_BEGIN
 90
        0
 91
        1
 62
     0
 92
       -2
340
14
 93
        0
 40
1.125
309
GRIDFORMAT_END
 95
        8
302
GRIDFORMAT
  1
GRIDFORMAT_BEGIN
 90
        0
 91
        1
 62
     0
 92
       -2
340
14
 93
        0
 40
1.125
309
GRIDFORMAT_END
 95
       16
302
GRIDFORMAT
  1
GRIDFORMAT_BEGIN
 90
        0
 91
        1
 62
     0
 92
       -2
340
14
 93
        0
 40
1.125
309
GRIDFORMAT_END
 95
       32
302
GRIDFORMAT
  1
GRIDFORMAT_BEGIN
 90
        0
 91
        1
 62
     0
 92
       -2
340
14
 93
        0
 40
1.125
309
GRIDFORMAT_END
309
TABLEFORMAT_END
  1
CELLSTYLE_BEGIN
 90
        3
 91
        2
300
_DATA
309
CELLSTYLE_END
  0
XRECORD
  5
291
102
{ACAD_REACTORS
330
290
102
}
330
290
100
AcDbXrecord
280
     1
102
RTVSPost2010Prop28
280
     1
102
RTVSPost2010PropOp28
 70
     1
102
RTVSPost2010Prop29
280
     1
102
RTVSPost2010PropOp29
 70
     1
102
RTVSPost2010Prop30
280
     0
102
RTVSPost2010PropOp30
 70
     1
102
RTVSPost2010Prop31
280
     0
102
RTVSPost2010PropOp31
 70
     1
102
RTVSPost2010Prop32
280
     0
102
RTVSPost2010PropOp32
 70
     1
102
RTVSPost2010Prop33
280
     0
102
RTVSPost2010PropOp33
 70
     1
102
RTVSPost2010Prop34
280
     0
102
RTVSPost2010PropOp34
 70
     1
102
RTVSPost2010Prop35
280
     0
102
RTVSPost2010PropOp35
 70
     1
102
RTVSPost2010Prop36
280
     0
102
RTVSPost2010PropOp36
 70
     1
102
RTVSPost2010Prop37
 90
       50
102
RTVSPost2010PropOp37
 70
     1
102
RTVSPost2010Prop38
140
0.0
102
RTVSPost2010PropOp38
 70
     1
102
RTVSPost2010Prop39
140
1.0
102
RTVSPost2010PropOp39
 70
     1
102
RTVSPost2010Prop40
 90
        0
102
RTVSPost2010PropOp40
 70
     1
102
RTVSPost2010Prop41ColorIndex
 90
       18
102
RTVSPost2010Prop41ColorRGB
 90
        0
102
RTVSPost2010PropOp41
 70
     1
102
RTVSPost2010Prop42
 90
       50
102
RTVSPost2010PropOp42
 70
     1
102
RTVSPost2010Prop43
 90
        3
102
RTVSPost2010PropOp43
 70
     1
102
RTVSPost2010Prop44ColorIndex
 90
        5
102
RTVSPost2010Prop44ColorRGB
 90
      255
102
RTVSPost2010PropOp44
 70
     1
102
RTVSPost2010Prop45
280
     0
102
RTVSPost2010PropOp45
 70
     1
102
RTVSPost2010Prop46
 90
       50
102
RTVSPost2010PropOp46
 70
     1
102
RTVSPost2010Prop47
 90
       50
102
RTVSPost2010PropOp47
 70
     1
102
RTVSPost2010Prop48
 90
       50
102
RTVSPost2010PropOp48
 70
     1
102
RTVSPost2010Prop49
280
     0
102
RTVSPost2010PropOp49
 70
     1
102
RTVSPost2010Prop50
 90
       50
102
RTVSPost2010PropOp50
 70
     1
102
RTVSPost2010Prop51ColorIndex
 90
      256
102
RTVSPost2010Prop51ColorRGB
 90
-16777216
102
RTVSPost2010PropOp51
 70
     0
102
RTVSPost2010Prop52
140
1.0
102
RTVSPost2010PropOp52
 70
     0
102
RTVSPost2010Prop53
 90
        2
102
RTVSPost2010PropOp53
 70
     1
102
RTVSPost2010Prop54
  1
strokes_ogs.tif
102
RTVSPost2010PropOp54
 70
     1
102
RTVSPost2010Prop55
280
     0
102
RTVSPost2010PropOp55
 70
     1
102
RTVSPost2010Prop56
140
1.0
102
RTVSPost2010PropOp56
 70
     1
102
RTVSPost2010Prop57
140
1.0
102
RTVSPost2010PropOp57
 70
     1
102
RTVSPropertyOp0
 70
     1
102
RTVSPropertyOp1
 70
     1
102
RTVSPropertyOp2
 70
     1
102
RTVSPropertyOp3
 70
     1
102
RTVSPropertyOp4
 70
     1
102
RTVSPropertyOp5
 70
     1
102
RTVSPropertyOp6
 70
     1
102
RTVSPropertyOp7
 70
     1
102
RTVSPropertyOp8
 70
     1
102
RTVSPropertyOp9
 70
     1
102
RTVSPropertyOp10
 70
     1
102
RTVSPropertyOp11
 70
     1
102
RTVSPropertyOp12
 70
     1
102
RTVSPropertyOp13
 70
     1
102
RTVSPropertyOp14
 70
     1
102
RTVSPropertyOp15
 70
     1
102
RTVSPropertyOp16
 70
     1
102
RTVSPropertyOp17
 70
     1
102
RTVSPropertyOp18
 70
     1
102
RTVSPropertyOp19
 70
     1
102
RTVSPropertyOp20
 70
     1
102
RTVSPropertyOp21
 70
     1
102
RTVSPropertyOp22
 70
     1
102
RTVSPropertyOp23
 70
     1
102
RTVSPropertyOp24
 70
     1
102
RTVSPropertyOp25
 70
     1
102
RTVSPropertyOp26
 70
     1
102
RTVSPropertyOp27
 70
     1
102
RTVSPropertyOp28
 70
     1
102
RTVSPropertyOp29
 70
     1
102
RTVSPropertyOp30
 70
     1
102
RTVSPropertyOp31
 70
     1
102
RTVSPropertyOp32
 70
     1
102
RTVSPropertyOp33
 70
     1
102
RTVSPropertyOp34
 70
     1
102
RTVSPropertyOp35
 70
     1
102
RTVSPropertyOp36
 70
     1
102
RTVSPropertyOp37
 70
     1
102
RTVSPropertyOp38
 70
     1
102
RTVSPropertyOp39
 70
     1
102
RTVSPropertyOp40
 70
     1
102
RTVSPropertyOp41
 70
     1
102
RTVSPropertyOp42
 70
     1
102
RTVSPropertyOp43
 70
     1
102
RTVSPropertyOp44
 70
     1
102
RTVSPropertyOp45
 70
     1
102
RTVSPropertyOp46
 70
     1
102
RTVSPropertyOp47
 70
     1
102
RTVSPropertyOp48
 70
     1
102
RTVSPropertyOp49
 70
     1
102
RTVSPropertyOp50
 70
     1
102
RTVSPropertyOp51
 70
     0
102
RTVSPropertyOp52
 70
     0
102
RTVSPropertyOp53
 70
     1
102
RTVSPropertyOp54
 70
     1
102
RTVSPropertyOp55
 70
     1
102
RTVSPropertyOp56
 70
     1
102
RTVSPropertyOp57
 70
     1
102
RTVSPropertyOp58
 70
     1
102
RTVSPropertyOp59
 70
     1
102
RTVSPropertyOp60
 70
     1
102
RTVSPropertyOp61
 70
     1
102
RTVSPropertyOp62
 70
     1
  0
XRECORD
  5
28F
102
{ACAD_REACTORS
330
28E
102
}
330
28E
100
AcDbXrecord
280
     1
102
RTVSPost2010Prop28
280
     0
102
RTVSPost2010PropOp28
 70
     1
102
RTVSPost2010Prop29
280
     1
102
RTVSPost2010PropOp29
 70
     1
102
RTVSPost2010Prop30
280
     1
102
RTVSPost2010PropOp30
 70
     1
102
RTVSPost2010Prop31
280
     0
102
RTVSPost2010PropOp31
 70
     1
102
RTVSPost2010Prop32
280
     0
102
RTVSPost2010PropOp32
 70
     1
102
RTVSPost2010Prop33
280
     0
102
RTVSPost2010PropOp33
 70
     1
102
RTVSPost2010Prop34
280
     0
102
RTVSPost2010PropOp34
 70
     1
102
RTVSPost2010Prop35
280
     0
102
RTVSPost2010PropOp35
 70
     1
102
RTVSPost2010Prop36
280
     0
102
RTVSPost2010PropOp36
 70
     1
102
RTVSPost2010Prop37
 90
       50
102
RTVSPost2010PropOp37
 70
     1
102
RTVSPost2010Prop38
140
0.0
102
RTVSPost2010PropOp38
 70
     1
102
RTVSPost2010Prop39
140
1.0
102
RTVSPost2010PropOp39
 70
     1
102
RTVSPost2010Prop40
 90
        0
102
RTVSPost2010PropOp40
 70
     1
102
RTVSPost2010Prop41ColorIndex
 90
       18
102
RTVSPost2010Prop41ColorRGB
 90
        0
102
RTVSPost2010PropOp41
 70
     1
102
RTVSPost2010Prop42
 90
       50
102
RTVSPost2010PropOp42
 70
     1
102
RTVSPost2010Prop43
 90
        3
102
RTVSPost2010PropOp43
 70
     1
102
RTVSPost2010Prop44ColorIndex
 90
        5
102
RTVSPost2010Prop44ColorRGB
 90
      255
102
RTVSPost2010PropOp44
 70
     1
102
RTVSPost2010Prop45
280
     0
102
RTVSPost2010PropOp45
 70
     1
102
RTVSPost2010Prop46
 90
       50
102
RTVSPost2010PropOp46
 70
     1
102
RTVSPost2010Prop47
 90
       50
102
RTVSPost2010PropOp47
 70
     1
102
RTVSPost2010Prop48
 90
       50
102
RTVSPost2010PropOp48
 70
     1
102
RTVSPost2010Prop49
280
     0
102
RTVSPost2010PropOp49
 70
     1
102
RTVSPost2010Prop50
 90
       50
102
RTVSPost2010PropOp50
 70
     1
102
RTVSPost2010Prop51ColorIndex
 90
      256
102
RTVSPost2010Prop51ColorRGB
 90
-16777216
102
RTVSPost2010PropOp51
 70
     0
102
RTVSPost2010Prop52
140
1.0
102
RTVSPost2010PropOp52
 70
     0
102
RTVSPost2010Prop53
 90
        2
102
RTVSPost2010PropOp53
 70
     1
102
RTVSPost2010Prop54
  1
strokes_ogs.tif
102
RTVSPost2010PropOp54
 70
     1
102
RTVSPost2010Prop55
280
     0
102
RTVSPost2010PropOp55
 70
     1
102
RTVSPost2010Prop56
140
1.0
102
RTVSPost2010PropOp56
 70
     1
102
RTVSPost2010Prop57
140
1.0
102
RTVSPost2010PropOp57
 70
     1
102
RTVSPropertyOp0
 70
     1
102
RTVSPropertyOp1
 70
     1
102
RTVSPropertyOp2
 70
     1
102
RTVSPropertyOp3
 70
     1
102
RTVSPropertyOp4
 70
     1
102
RTVSPropertyOp5
 70
     1
102
RTVSPropertyOp6
 70
     1
102
RTVSPropertyOp7
 70
     1
102
RTVSPropertyOp8
 70
     1
102
RTVSPropertyOp9
 70
     1
102
RTVSPropertyOp10
 70
     1
102
RTVSPropertyOp11
 70
     1
102
RTVSPropertyOp12
 70
     1
102
RTVSPropertyOp13
 70
     1
102
RTVSPropertyOp14
 70
     1
102
RTVSPropertyOp15
 70
     1
102
RTVSPropertyOp16
 70
     1
102
RTVSPropertyOp17
 70
     1
102
RTVSPropertyOp18
 70
     1
102
RTVSPropertyOp19
 70
     1
102
RTVSPropertyOp20
 70
     1
102
RTVSPropertyOp21
 70
     1
102
RTVSPropertyOp22
 70
     1
102
RTVSPropertyOp23
 70
     1
102
RTVSPropertyOp24
 70
     1
102
RTVSPropertyOp25
 70
     1
102
RTVSPropertyOp26
 70
     1
102
RTVSPropertyOp27
 70
     1
102
RTVSPropertyOp28
 70
     1
102
RTVSPropertyOp29
 70
     1
102
RTVSPropertyOp30
 70
     1
102
RTVSPropertyOp31
 70
     1
102
RTVSPropertyOp32
 70
     1
102
RTVSPropertyOp33
 70
     1
102
RTVSPropertyOp34
 70
     1
102
RTVSPropertyOp35
 70
     1
102
RTVSPropertyOp36
 70
     1
102
RTVSPropertyOp37
 70
     1
102
RTVSPropertyOp38
 70
     1
102
RTVSPropertyOp39
 70
     1
102
RTVSPropertyOp40
 70
     1
102
RTVSPropertyOp41
 70
     1
102
RTVSPropertyOp42
 70
     1
102
RTVSPropertyOp43
 70
     1
102
RTVSPropertyOp44
 70
     1
102
RTVSPropertyOp45
 70
     1
102
RTVSPropertyOp46
 70
     1
102
RTVSPropertyOp47
 70
     1
102
RTVSPropertyOp48
 70
     1
102
RTVSPropertyOp49
 70
     1
102
RTVSPropertyOp50
 70
     1
102
RTVSPropertyOp51
 70
     0
102
RTVSPropertyOp52
 70
     0
102
RTVSPropertyOp53
 70
     1
102
RTVSPropertyOp54
 70
     1
102
RTVSPropertyOp55
 70
     1
102
RTVSPropertyOp56
 70
     1
102
RTVSPropertyOp57
 70
     1
102
RTVSPropertyOp58
 70
     1
102
RTVSPropertyOp59
 70
     1
102
RTVSPropertyOp60
 70
     1
102
RTVSPropertyOp61
 70
     1
102
RTVSPropertyOp62
 70
     1
  0
XRECORD
  5
29D
102
{ACAD_REACTORS
330
29C
102
}
330
29C
100
AcDbXrecord
280
     1
102
RTVSPost2010Prop28
280
     0
102
RTVSPost2010PropOp28
 70
     1
102
RTVSPost2010Prop29
280
     1
102
RTVSPost2010PropOp29
 70
     1
102
RTVSPost2010Prop30
280
     1
102
RTVSPost2010PropOp30
 70
     1
102
RTVSPost2010Prop31
280
     0
102
RTVSPost2010PropOp31
 70
     1
102
RTVSPost2010Prop32
280
     0
102
RTVSPost2010PropOp32
 70
     1
102
RTVSPost2010Prop33
280
     0
102
RTVSPost2010PropOp33
 70
     1
102
RTVSPost2010Prop34
280
     0
102
RTVSPost2010PropOp34
 70
     1
102
RTVSPost2010Prop35
280
     0
102
RTVSPost2010PropOp35
 70
     1
102
RTVSPost2010Prop36
280
     0
102
RTVSPost2010PropOp36
 70
     1
102
RTVSPost2010Prop37
 90
       50
102
RTVSPost2010PropOp37
 70
     1
102
RTVSPost2010Prop38
140
0.0
102
RTVSPost2010PropOp38
 70
     1
102
RTVSPost2010Prop39
140
1.0
102
RTVSPost2010PropOp39
 70
     1
102
RTVSPost2010Prop40
 90
        0
102
RTVSPost2010PropOp40
 70
     1
102
RTVSPost2010Prop41ColorIndex
 90
       18
102
RTVSPost2010Prop41ColorRGB
 90
        0
102
RTVSPost2010PropOp41
 70
     1
102
RTVSPost2010Prop42
 90
       50
102
RTVSPost2010PropOp42
 70
     1
102
RTVSPost2010Prop43
 90
        3
102
RTVSPost2010PropOp43
 70
     1
102
RTVSPost2010Prop44ColorIndex
 90
        5
102
RTVSPost2010Prop44ColorRGB
 90
      255
102
RTVSPost2010PropOp44
 70
     1
102
RTVSPost2010Prop45
280
     0
102
RTVSPost2010PropOp45
 70
     1
102
RTVSPost2010Prop46
 90
       50
102
RTVSPost2010PropOp46
 70
     1
102
RTVSPost2010Prop47
 90
       50
102
RTVSPost2010PropOp47
 70
     1
102
RTVSPost2010Prop48
 90
       50
102
RTVSPost2010PropOp48
 70
     1
102
RTVSPost2010Prop49
280
     0
102
RTVSPost2010PropOp49
 70
     1
102
RTVSPost2010Prop50
 90
       50
102
RTVSPost2010PropOp50
 70
     1
102
RTVSPost2010Prop51ColorIndex
 90
      256
102
RTVSPost2010Prop51ColorRGB
 90
-16777216
102
RTVSPost2010PropOp51
 70
     0
102
RTVSPost2010Prop52
140
1.0
102
RTVSPost2010PropOp52
 70
     0
102
RTVSPost2010Prop53
 90
        2
102
RTVSPost2010PropOp53
 70
     1
102
RTVSPost2010Prop54
  1
strokes_ogs.tif
102
RTVSPost2010PropOp54
 70
     1
102
RTVSPost2010Prop55
280
     0
102
RTVSPost2010PropOp55
 70
     1
102
RTVSPost2010Prop56
140
1.0
102
RTVSPost2010PropOp56
 70
     1
102
RTVSPost2010Prop57
140
1.0
102
RTVSPost2010PropOp57
 70
     1
102
RTVSPropertyOp0
 70
     1
102
RTVSPropertyOp1
 70
     1
102
RTVSPropertyOp2
 70
     1
102
RTVSPropertyOp3
 70
     1
102
RTVSPropertyOp4
 70
     1
102
RTVSPropertyOp5
 70
     1
102
RTVSPropertyOp6
 70
     1
102
RTVSPropertyOp7
 70
     1
102
RTVSPropertyOp8
 70
     1
102
RTVSPropertyOp9
 70
     1
102
RTVSPropertyOp10
 70
     1
102
RTVSPropertyOp11
 70
     1
102
RTVSPropertyOp12
 70
     1
102
RTVSPropertyOp13
 70
     1
102
RTVSPropertyOp14
 70
     1
102
RTVSPropertyOp15
 70
     1
102
RTVSPropertyOp16
 70
     1
102
RTVSPropertyOp17
 70
     1
102
RTVSPropertyOp18
 70
     1
102
RTVSPropertyOp19
 70
     1
102
RTVSPropertyOp20
 70
     1
102
RTVSPropertyOp21
 70
     1
102
RTVSPropertyOp22
 70
     1
102
RTVSPropertyOp23
 70
     1
102
RTVSPropertyOp24
 70
     1
102
RTVSPropertyOp25
 70
     1
102
RTVSPropertyOp26
 70
     1
102
RTVSPropertyOp27
 70
     1
102
RTVSPropertyOp28
 70
     1
102
RTVSPropertyOp29
 70
     1
102
RTVSPropertyOp30
 70
     1
102
RTVSPropertyOp31
 70
     1
102
RTVSPropertyOp32
 70
     1
102
RTVSPropertyOp33
 70
     1
102
RTVSPropertyOp34
 70
     1
102
RTVSPropertyOp35
 70
     1
102
RTVSPropertyOp36
 70
     1
102
RTVSPropertyOp37
 70
     1
102
RTVSPropertyOp38
 70
     1
102
RTVSPropertyOp39
 70
     1
102
RTVSPropertyOp40
 70
     1
102
RTVSPropertyOp41
 70
     1
102
RTVSPropertyOp42
 70
     1
102
RTVSPropertyOp43
 70
     1
102
RTVSPropertyOp44
 70
     1
102
RTVSPropertyOp45
 70
     1
102
RTVSPropertyOp46
 70
     1
102
RTVSPropertyOp47
 70
     1
102
RTVSPropertyOp48
 70
     1
102
RTVSPropertyOp49
 70
     1
102
RTVSPropertyOp50
 70
     1
102
RTVSPropertyOp51
 70
     0
102
RTVSPropertyOp52
 70
     0
102
RTVSPropertyOp53
 70
     1
102
RTVSPropertyOp54
 70
     1
102
RTVSPropertyOp55
 70
     1
102
RTVSPropertyOp56
 70
     1
102
RTVSPropertyOp57
 70
     1
102
RTVSPropertyOp58
 70
     1
102
RTVSPropertyOp59
 70
     1
102
RTVSPropertyOp60
 70
     1
102
RTVSPropertyOp61
 70
     1
102
RTVSPropertyOp62
 70
     1
  0
XRECORD
  5
2A5
102
{ACAD_REACTORS
330
2A4
102
}
330
2A4
100
AcDbXrecord
280
     1
102
RTVSPost2010Prop28
280
     0
102
RTVSPost2010PropOp28
 70
     1
102
RTVSPost2010Prop29
280
     1
102
RTVSPost2010PropOp29
 70
     1
102
RTVSPost2010Prop30
280
     1
102
RTVSPost2010PropOp30
 70
     1
102
RTVSPost2010Prop31
280
     0
102
RTVSPost2010PropOp31
 70
     1
102
RTVSPost2010Prop32
280
     0
102
RTVSPost2010PropOp32
 70
     1
102
RTVSPost2010Prop33
280
     0
102
RTVSPost2010PropOp33
 70
     1
102
RTVSPost2010Prop34
280
     0
102
RTVSPost2010PropOp34
 70
     1
102
RTVSPost2010Prop35
280
     0
102
RTVSPost2010PropOp35
 70
     1
102
RTVSPost2010Prop36
280
     0
102
RTVSPost2010PropOp36
 70
     1
102
RTVSPost2010Prop37
 90
       50
102
RTVSPost2010PropOp37
 70
     1
102
RTVSPost2010Prop38
140
0.0
102
RTVSPost2010PropOp38
 70
     1
102
RTVSPost2010Prop39
140
1.0
102
RTVSPost2010PropOp39
 70
     1
102
RTVSPost2010Prop40
 90
        0
102
RTVSPost2010PropOp40
 70
     1
102
RTVSPost2010Prop41ColorIndex
 90
       18
102
RTVSPost2010Prop41ColorRGB
 90
        0
102
RTVSPost2010PropOp41
 70
     1
102
RTVSPost2010Prop42
 90
       50
102
RTVSPost2010PropOp42
 70
     1
102
RTVSPost2010Prop43
 90
        3
102
RTVSPost2010PropOp43
 70
     1
102
RTVSPost2010Prop44ColorIndex
 90
        5
102
RTVSPost2010Prop44ColorRGB
 90
      255
102
RTVSPost2010PropOp44
 70
     1
102
RTVSPost2010Prop45
280
     0
102
RTVSPost2010PropOp45
 70
     1
102
RTVSPost2010Prop46
 90
       50
102
RTVSPost2010PropOp46
 70
     1
102
RTVSPost2010Prop47
 90
       50
102
RTVSPost2010PropOp47
 70
     1
102
RTVSPost2010Prop48
 90
       50
102
RTVSPost2010PropOp48
 70
     1
102
RTVSPost2010Prop49
280
     0
102
RTVSPost2010PropOp49
 70
     1
102
RTVSPost2010Prop50
 90
       50
102
RTVSPost2010PropOp50
 70
     1
102
RTVSPost2010Prop51ColorIndex
 90
      256
102
RTVSPost2010Prop51ColorRGB
 90
-16777216
102
RTVSPost2010PropOp51
 70
     0
102
RTVSPost2010Prop52
140
1.0
102
RTVSPost2010PropOp52
 70
     0
102
RTVSPost2010Prop53
 90
        2
102
RTVSPost2010PropOp53
 70
     1
102
RTVSPost2010Prop54
  1
strokes_ogs.tif
102
RTVSPost2010PropOp54
 70
     1
102
RTVSPost2010Prop55
280
     0
102
RTVSPost2010PropOp55
 70
     1
102
RTVSPost2010Prop56
140
1.0
102
RTVSPost2010PropOp56
 70
     1
102
RTVSPost2010Prop57
140
1.0
102
RTVSPost2010PropOp57
 70
     1
102
RTVSPropertyOp0
 70
     1
102
RTVSPropertyOp1
 70
     1
102
RTVSPropertyOp2
 70
     1
102
RTVSPropertyOp3
 70
     1
102
RTVSPropertyOp4
 70
     1
102
RTVSPropertyOp5
 70
     1
102
RTVSPropertyOp6
 70
     1
102
RTVSPropertyOp7
 70
     1
102
RTVSPropertyOp8
 70
     1
102
RTVSPropertyOp9
 70
     1
102
RTVSPropertyOp10
 70
     1
102
RTVSPropertyOp11
 70
     1
102
RTVSPropertyOp12
 70
     1
102
RTVSPropertyOp13
 70
     1
102
RTVSPropertyOp14
 70
     1
102
RTVSPropertyOp15
 70
     1
102
RTVSPropertyOp16
 70
     1
102
RTVSPropertyOp17
 70
     1
102
RTVSPropertyOp18
 70
     1
102
RTVSPropertyOp19
 70
     1
102
RTVSPropertyOp20
 70
     1
102
RTVSPropertyOp21
 70
     1
102
RTVSPropertyOp22
 70
     1
102
RTVSPropertyOp23
 70
     1
102
RTVSPropertyOp24
 70
     1
102
RTVSPropertyOp25
 70
     1
102
RTVSPropertyOp26
 70
     1
102
RTVSPropertyOp27
 70
     1
102
RTVSPropertyOp28
 70
     1
102
RTVSPropertyOp29
 70
     1
102
RTVSPropertyOp30
 70
     1
102
RTVSPropertyOp31
 70
     1
102
RTVSPropertyOp32
 70
     1
102
RTVSPropertyOp33
 70
     1
102
RTVSPropertyOp34
 70
     1
102
RTVSPropertyOp35
 70
     1
102
RTVSPropertyOp36
 70
     1
102
RTVSPropertyOp37
 70
     1
102
RTVSPropertyOp38
 70
     1
102
RTVSPropertyOp39
 70
     1
102
RTVSPropertyOp40
 70
     1
102
RTVSPropertyOp41
 70
     1
102
RTVSPropertyOp42
 70
     1
102
RTVSPropertyOp43
 70
     1
102
RTVSPropertyOp44
 70
     1
102
RTVSPropertyOp45
 70
     1
102
RTVSPropertyOp46
 70
     1
102
RTVSPropertyOp47
 70
     1
102
RTVSPropertyOp48
 70
     1
102
RTVSPropertyOp49
 70
     1
102
RTVSPropertyOp50
 70
     1
102
RTVSPropertyOp51
 70
     0
102
RTVSPropertyOp52
 70
     0
102
RTVSPropertyOp53
 70
     1
102
RTVSPropertyOp54
 70
     1
102
RTVSPropertyOp55
 70
     1
102
RTVSPropertyOp56
 70
     1
102
RTVSPropertyOp57
 70
     1
102
RTVSPropertyOp58
 70
     1
102
RTVSPropertyOp59
 70
     1
102
RTVSPropertyOp60
 70
     1
102
RTVSPropertyOp61
 70
     1
102
RTVSPropertyOp62
 70
     1
  0
XRECORD
  5
297
102
{ACAD_REACTORS
330
296
102
}
330
296
100
AcDbXrecord
280
     1
102
RTVSPost2010Prop28
280
     0
102
RTVSPost2010PropOp28
 70
     1
102
RTVSPost2010Prop29
280
     1
102
RTVSPost2010PropOp29
 70
     1
102
RTVSPost2010Prop30
280
     1
102
RTVSPost2010PropOp30
 70
     1
102
RTVSPost2010Prop31
280
     0
102
RTVSPost2010PropOp31
 70
     1
102
RTVSPost2010Prop32
280
     0
102
RTVSPost2010PropOp32
 70
     1
102
RTVSPost2010Prop33
280
     0
102
RTVSPost2010PropOp33
 70
     1
102
RTVSPost2010Prop34
280
     0
102
RTVSPost2010PropOp34
 70
     1
102
RTVSPost2010Prop35
280
     0
102
RTVSPost2010PropOp35
 70
     1
102
RTVSPost2010Prop36
280
     0
102
RTVSPost2010PropOp36
 70
     1
102
RTVSPost2010Prop37
 90
       50
102
RTVSPost2010PropOp37
 70
     1
102
RTVSPost2010Prop38
140
0.0
102
RTVSPost2010PropOp38
 70
     1
102
RTVSPost2010Prop39
140
1.0
102
RTVSPost2010PropOp39
 70
     1
102
RTVSPost2010Prop40
 90
        0
102
RTVSPost2010PropOp40
 70
     1
102
RTVSPost2010Prop41ColorIndex
 90
       18
102
RTVSPost2010Prop41ColorRGB
 90
        0
102
RTVSPost2010PropOp41
 70
     1
102
RTVSPost2010Prop42
 90
       50
102
RTVSPost2010PropOp42
 70
     1
102
RTVSPost2010Prop43
 90
        3
102
RTVSPost2010PropOp43
 70
     1
102
RTVSPost2010Prop44ColorIndex
 90
        5
102
RTVSPost2010Prop44ColorRGB
 90
      255
102
RTVSPost2010PropOp44
 70
     1
102
RTVSPost2010Prop45
280
     0
102
RTVSPost2010PropOp45
 70
     1
102
RTVSPost2010Prop46
 90
       50
102
RTVSPost2010PropOp46
 70
     1
102
RTVSPost2010Prop47
 90
       50
102
RTVSPost2010PropOp47
 70
     1
102
RTVSPost2010Prop48
 90
       50
102
RTVSPost2010PropOp48
 70
     1
102
RTVSPost2010Prop49
280
     0
102
RTVSPost2010PropOp49
 70
     1
102
RTVSPost2010Prop50
 90
       50
102
RTVSPost2010PropOp50
 70
     1
102
RTVSPost2010Prop51ColorIndex
 90
      256
102
RTVSPost2010Prop51ColorRGB
 90
-16777216
102
RTVSPost2010PropOp51
 70
     0
102
RTVSPost2010Prop52
140
1.0
102
RTVSPost2010PropOp52
 70
     0
102
RTVSPost2010Prop53
 90
        2
102
RTVSPost2010PropOp53
 70
     1
102
RTVSPost2010Prop54
  1
strokes_ogs.tif
102
RTVSPost2010PropOp54
 70
     1
102
RTVSPost2010Prop55
280
     0
102
RTVSPost2010PropOp55
 70
     1
102
RTVSPost2010Prop56
140
1.0
102
RTVSPost2010PropOp56
 70
     1
102
RTVSPost2010Prop57
140
1.0
102
RTVSPost2010PropOp57
 70
     1
102
RTVSPropertyOp0
 70
     1
102
RTVSPropertyOp1
 70
     1
102
RTVSPropertyOp2
 70
     1
102
RTVSPropertyOp3
 70
     1
102
RTVSPropertyOp4
 70
     1
102
RTVSPropertyOp5
 70
     1
102
RTVSPropertyOp6
 70
     1
102
RTVSPropertyOp7
 70
     1
102
RTVSPropertyOp8
 70
     1
102
RTVSPropertyOp9
 70
     1
102
RTVSPropertyOp10
 70
     1
102
RTVSPropertyOp11
 70
     1
102
RTVSPropertyOp12
 70
     1
102
RTVSPropertyOp13
 70
     1
102
RTVSPropertyOp14
 70
     1
102
RTVSPropertyOp15
 70
     1
102
RTVSPropertyOp16
 70
     1
102
RTVSPropertyOp17
 70
     1
102
RTVSPropertyOp18
 70
     1
102
RTVSPropertyOp19
 70
     1
102
RTVSPropertyOp20
 70
     1
102
RTVSPropertyOp21
 70
     1
102
RTVSPropertyOp22
 70
     1
102
RTVSPropertyOp23
 70
     1
102
RTVSPropertyOp24
 70
     1
102
RTVSPropertyOp25
 70
     1
102
RTVSPropertyOp26
 70
     1
102
RTVSPropertyOp27
 70
     1
102
RTVSPropertyOp28
 70
     1
102
RTVSPropertyOp29
 70
     1
102
RTVSPropertyOp30
 70
     1
102
RTVSPropertyOp31
 70
     1
102
RTVSPropertyOp32
 70
     1
102
RTVSPropertyOp33
 70
     1
102
RTVSPropertyOp34
 70
     1
102
RTVSPropertyOp35
 70
     1
102
RTVSPropertyOp36
 70
     1
102
RTVSPropertyOp37
 70
     1
102
RTVSPropertyOp38
 70
     1
102
RTVSPropertyOp39
 70
     1
102
RTVSPropertyOp40
 70
     1
102
RTVSPropertyOp41
 70
     1
102
RTVSPropertyOp42
 70
     1
102
RTVSPropertyOp43
 70
     1
102
RTVSPropertyOp44
 70
     1
102
RTVSPropertyOp45
 70
     1
102
RTVSPropertyOp46
 70
     1
102
RTVSPropertyOp47
 70
     1
102
RTVSPropertyOp48
 70
     1
102
RTVSPropertyOp49
 70
     1
102
RTVSPropertyOp50
 70
     1
102
RTVSPropertyOp51
 70
     0
102
RTVSPropertyOp52
 70
     0
102
RTVSPropertyOp53
 70
     1
102
RTVSPropertyOp54
 70
     1
102
RTVSPropertyOp55
 70
     1
102
RTVSPropertyOp56
 70
     1
102
RTVSPropertyOp57
 70
     1
102
RTVSPropertyOp58
 70
     1
102
RTVSPropertyOp59
 70
     1
102
RTVSPropertyOp60
 70
     1
102
RTVSPropertyOp61
 70
     1
102
RTVSPropertyOp62
 70
     1
  0
XRECORD
  5
29B
102
{ACAD_REACTORS
330
29A
102
}
330
29A
100
AcDbXrecord
280
     1
102
RTVSPost2010Prop28
280
     0
102
RTVSPost2010PropOp28
 70
     1
102
RTVSPost2010Prop29
280
     1
102
RTVSPost2010PropOp29
 70
     1
102
RTVSPost2010Prop30
280
     1
102
RTVSPost2010PropOp30
 70
     1
102
RTVSPost2010Prop31
280
     0
102
RTVSPost2010PropOp31
 70
     1
102
RTVSPost2010Prop32
280
     0
102
RTVSPost2010PropOp32
 70
     1
102
RTVSPost2010Prop33
280
     0
102
RTVSPost2010PropOp33
 70
     1
102
RTVSPost2010Prop34
280
     0
102
RTVSPost2010PropOp34
 70
     1
102
RTVSPost2010Prop35
280
     0
102
RTVSPost2010PropOp35
 70
     1
102
RTVSPost2010Prop36
280
     0
102
RTVSPost2010PropOp36
 70
     1
102
RTVSPost2010Prop37
 90
       50
102
RTVSPost2010PropOp37
 70
     1
102
RTVSPost2010Prop38
140
0.0
102
RTVSPost2010PropOp38
 70
     1
102
RTVSPost2010Prop39
140
1.0
102
RTVSPost2010PropOp39
 70
     1
102
RTVSPost2010Prop40
 90
        0
102
RTVSPost2010PropOp40
 70
     1
102
RTVSPost2010Prop41ColorIndex
 90
       18
102
RTVSPost2010Prop41ColorRGB
 90
        0
102
RTVSPost2010PropOp41
 70
     1
102
RTVSPost2010Prop42
 90
       50
102
RTVSPost2010PropOp42
 70
     1
102
RTVSPost2010Prop43
 90
        3
102
RTVSPost2010PropOp43
 70
     1
102
RTVSPost2010Prop44ColorIndex
 90
        5
102
RTVSPost2010Prop44ColorRGB
 90
      255
102
RTVSPost2010PropOp44
 70
     1
102
RTVSPost2010Prop45
280
     0
102
RTVSPost2010PropOp45
 70
     1
102
RTVSPost2010Prop46
 90
       50
102
RTVSPost2010PropOp46
 70
     1
102
RTVSPost2010Prop47
 90
       50
102
RTVSPost2010PropOp47
 70
     1
102
RTVSPost2010Prop48
 90
       50
102
RTVSPost2010PropOp48
 70
     1
102
RTVSPost2010Prop49
280
     0
102
RTVSPost2010PropOp49
 70
     1
102
RTVSPost2010Prop50
 90
       50
102
RTVSPost2010PropOp50
 70
     1
102
RTVSPost2010Prop51ColorIndex
 90
      256
102
RTVSPost2010Prop51ColorRGB
 90
-16777216
102
RTVSPost2010PropOp51
 70
     0
102
RTVSPost2010Prop52
140
1.0
102
RTVSPost2010PropOp52
 70
     0
102
RTVSPost2010Prop53
 90
        2
102
RTVSPost2010PropOp53
 70
     1
102
RTVSPost2010Prop54
  1
strokes_ogs.tif
102
RTVSPost2010PropOp54
 70
     1
102
RTVSPost2010Prop55
280
     0
102
RTVSPost2010PropOp55
 70
     1
102
RTVSPost2010Prop56
140
1.0
102
RTVSPost2010PropOp56
 70
     1
102
RTVSPost2010Prop57
140
1.0
102
RTVSPost2010PropOp57
 70
     1
102
RTVSPropertyOp0
 70
     1
102
RTVSPropertyOp1
 70
     1
102
RTVSPropertyOp2
 70
     1
102
RTVSPropertyOp3
 70
     1
102
RTVSPropertyOp4
 70
     1
102
RTVSPropertyOp5
 70
     1
102
RTVSPropertyOp6
 70
     1
102
RTVSPropertyOp7
 70
     1
102
RTVSPropertyOp8
 70
     1
102
RTVSPropertyOp9
 70
     1
102
RTVSPropertyOp10
 70
     1
102
RTVSPropertyOp11
 70
     1
102
RTVSPropertyOp12
 70
     1
102
RTVSPropertyOp13
 70
     1
102
RTVSPropertyOp14
 70
     1
102
RTVSPropertyOp15
 70
     1
102
RTVSPropertyOp16
 70
     1
102
RTVSPropertyOp17
 70
     1
102
RTVSPropertyOp18
 70
     1
102
RTVSPropertyOp19
 70
     1
102
RTVSPropertyOp20
 70
     1
102
RTVSPropertyOp21
 70
     1
102
RTVSPropertyOp22
 70
     1
102
RTVSPropertyOp23
 70
     1
102
RTVSPropertyOp24
 70
     1
102
RTVSPropertyOp25
 70
     1
102
RTVSPropertyOp26
 70
     1
102
RTVSPropertyOp27
 70
     1
102
RTVSPropertyOp28
 70
     1
102
RTVSPropertyOp29
 70
     1
102
RTVSPropertyOp30
 70
     1
102
RTVSPropertyOp31
 70
     1
102
RTVSPropertyOp32
 70
     1
102
RTVSPropertyOp33
 70
     1
102
RTVSPropertyOp34
 70
     1
102
RTVSPropertyOp35
 70
     1
102
RTVSPropertyOp36
 70
     1
102
RTVSPropertyOp37
 70
     1
102
RTVSPropertyOp38
 70
     1
102
RTVSPropertyOp39
 70
     1
102
RTVSPropertyOp40
 70
     1
102
RTVSPropertyOp41
 70
     1
102
RTVSPropertyOp42
 70
     1
102
RTVSPropertyOp43
 70
     1
102
RTVSPropertyOp44
 70
     1
102
RTVSPropertyOp45
 70
     1
102
RTVSPropertyOp46
 70
     1
102
RTVSPropertyOp47
 70
     1
102
RTVSPropertyOp48
 70
     1
102
RTVSPropertyOp49
 70
     1
102
RTVSPropertyOp50
 70
     1
102
RTVSPropertyOp51
 70
     0
102
RTVSPropertyOp52
 70
     0
102
RTVSPropertyOp53
 70
     1
102
RTVSPropertyOp54
 70
     1
102
RTVSPropertyOp55
 70
     1
102
RTVSPropertyOp56
 70
     1
102
RTVSPropertyOp57
 70
     1
102
RTVSPropertyOp58
 70
     1
102
RTVSPropertyOp59
 70
     1
102
RTVSPropertyOp60
 70
     1
102
RTVSPropertyOp61
 70
     1
102
RTVSPropertyOp62
 70
     1
  0
XRECORD
  5
2AB
102
{ACAD_REACTORS
330
2AA
102
}
330
2AA
100
AcDbXrecord
280
     1
102
RTVSPost2010Prop28
280
     0
102
RTVSPost2010PropOp28
 70
     1
102
RTVSPost2010Prop29
280
     1
102
RTVSPost2010PropOp29
 70
     1
102
RTVSPost2010Prop30
280
     1
102
RTVSPost2010PropOp30
 70
     1
102
RTVSPost2010Prop31
280
     0
102
RTVSPost2010PropOp31
 70
     1
102
RTVSPost2010Prop32
280
     0
102
RTVSPost2010PropOp32
 70
     1
102
RTVSPost2010Prop33
280
     0
102
RTVSPost2010PropOp33
 70
     1
102
RTVSPost2010Prop34
280
     0
102
RTVSPost2010PropOp34
 70
     1
102
RTVSPost2010Prop35
280
     0
102
RTVSPost2010PropOp35
 70
     1
102
RTVSPost2010Prop36
280
     0
102
RTVSPost2010PropOp36
 70
     1
102
RTVSPost2010Prop37
 90
       50
102
RTVSPost2010PropOp37
 70
     1
102
RTVSPost2010Prop38
140
0.0
102
RTVSPost2010PropOp38
 70
     1
102
RTVSPost2010Prop39
140
1.0
102
RTVSPost2010PropOp39
 70
     1
102
RTVSPost2010Prop40
 90
        0
102
RTVSPost2010PropOp40
 70
     1
102
RTVSPost2010Prop41ColorIndex
 90
       18
102
RTVSPost2010Prop41ColorRGB
 90
        0
102
RTVSPost2010PropOp41
 70
     1
102
RTVSPost2010Prop42
 90
       50
102
RTVSPost2010PropOp42
 70
     1
102
RTVSPost2010Prop43
 90
        3
102
RTVSPost2010PropOp43
 70
     1
102
RTVSPost2010Prop44ColorIndex
 90
        5
102
RTVSPost2010Prop44ColorRGB
 90
      255
102
RTVSPost2010PropOp44
 70
     1
102
RTVSPost2010Prop45
280
     0
102
RTVSPost2010PropOp45
 70
     1
102
RTVSPost2010Prop46
 90
       50
102
RTVSPost2010PropOp46
 70
     1
102
RTVSPost2010Prop47
 90
       50
102
RTVSPost2010PropOp47
 70
     1
102
RTVSPost2010Prop48
 90
       50
102
RTVSPost2010PropOp48
 70
     1
102
RTVSPost2010Prop49
280
     0
102
RTVSPost2010PropOp49
 70
     1
102
RTVSPost2010Prop50
 90
       50
102
RTVSPost2010PropOp50
 70
     1
102
RTVSPost2010Prop51ColorIndex
 90
      256
102
RTVSPost2010Prop51ColorRGB
 90
-16777216
102
RTVSPost2010PropOp51
 70
     0
102
RTVSPost2010Prop52
140
1.0
102
RTVSPost2010PropOp52
 70
     0
102
RTVSPost2010Prop53
 90
        2
102
RTVSPost2010PropOp53
 70
     1
102
RTVSPost2010Prop54
  1
strokes_ogs.tif
102
RTVSPost2010PropOp54
 70
     1
102
RTVSPost2010Prop55
280
     0
102
RTVSPost2010PropOp55
 70
     1
102
RTVSPost2010Prop56
140
1.0
102
RTVSPost2010PropOp56
 70
     1
102
RTVSPost2010Prop57
140
1.0
102
RTVSPost2010PropOp57
 70
     1
102
RTVSPropertyOp0
 70
     0
102
RTVSPropertyOp1
 70
     0
102
RTVSPropertyOp2
 70
     0
102
RTVSPropertyOp3
 70
     0
102
RTVSPropertyOp4
 70
     0
102
RTVSPropertyOp5
 70
     0
102
RTVSPropertyOp6
 70
     0
102
RTVSPropertyOp7
 70
     0
102
RTVSPropertyOp8
 70
     0
102
RTVSPropertyOp9
 70
     0
102
RTVSPropertyOp10
 70
     0
102
RTVSPropertyOp11
 70
     0
102
RTVSPropertyOp12
 70
     0
102
RTVSPropertyOp13
 70
     0
102
RTVSPropertyOp14
 70
     2
102
RTVSPropertyOp15
 70
     0
102
RTVSPropertyOp16
 70
     0
102
RTVSPropertyOp17
 70
     0
102
RTVSPropertyOp18
 70
     0
102
RTVSPropertyOp19
 70
     0
102
RTVSPropertyOp20
 70
     0
102
RTVSPropertyOp21
 70
     0
102
RTVSPropertyOp22
 70
     0
102
RTVSPropertyOp23
 70
     0
102
RTVSPropertyOp24
 70
     0
102
RTVSPropertyOp25
 70
     0
102
RTVSPropertyOp26
 70
     0
102
RTVSPropertyOp27
 70
     0
102
RTVSPropertyOp28
 70
     1
102
RTVSPropertyOp29
 70
     1
102
RTVSPropertyOp30
 70
     1
102
RTVSPropertyOp31
 70
     1
102
RTVSPropertyOp32
 70
     1
102
RTVSPropertyOp33
 70
     1
102
RTVSPropertyOp34
 70
     1
102
RTVSPropertyOp35
 70
     1
102
RTVSPropertyOp36
 70
     1
102
RTVSPropertyOp37
 70
     1
102
RTVSPropertyOp38
 70
     1
102
RTVSPropertyOp39
 70
     1
102
RTVSPropertyOp40
 70
     1
102
RTVSPropertyOp41
 70
     1
102
RTVSPropertyOp42
 70
     1
102
RTVSPropertyOp43
 70
     1
102
RTVSPropertyOp44
 70
     1
102
RTVSPropertyOp45
 70
     1
102
RTVSPropertyOp46
 70
     1
102
RTVSPropertyOp47
 70
     1
102
RTVSPropertyOp48
 70
     1
102
RTVSPropertyOp49
 70
     1
102
RTVSPropertyOp50
 70
     1
102
RTVSPropertyOp51
 70
     0
102
RTVSPropertyOp52
 70
     0
102
RTVSPropertyOp53
 70
     1
102
RTVSPropertyOp54
 70
     1
102
RTVSPropertyOp55
 70
     1
102
RTVSPropertyOp56
 70
     1
102
RTVSPropertyOp57
 70
     1
102
RTVSPropertyOp58
 70
     1
102
RTVSPropertyOp59
 70
     1
102
RTVSPropertyOp60
 70
     1
102
RTVSPropertyOp61
 70
     1
102
RTVSPropertyOp62
 70
     1
  0
XRECORD
  5
2A3
102
{ACAD_REACTORS
330
2A2
102
}
330
2A2
100
AcDbXrecord
280
     1
102
RTVSPost2010Prop28
280
     0
102
RTVSPost2010PropOp28
 70
     1
102
RTVSPost2010Prop29
280
     1
102
RTVSPost2010PropOp29
 70
     1
102
RTVSPost2010Prop30
280
     1
102
RTVSPost2010PropOp30
 70
     1
102
RTVSPost2010Prop31
280
     0
102
RTVSPost2010PropOp31
 70
     1
102
RTVSPost2010Prop32
280
     0
102
RTVSPost2010PropOp32
 70
     1
102
RTVSPost2010Prop33
280
     0
102
RTVSPost2010PropOp33
 70
     1
102
RTVSPost2010Prop34
280
     0
102
RTVSPost2010PropOp34
 70
     1
102
RTVSPost2010Prop35
280
     0
102
RTVSPost2010PropOp35
 70
     1
102
RTVSPost2010Prop36
280
     0
102
RTVSPost2010PropOp36
 70
     1
102
RTVSPost2010Prop37
 90
       50
102
RTVSPost2010PropOp37
 70
     1
102
RTVSPost2010Prop38
140
0.0
102
RTVSPost2010PropOp38
 70
     1
102
RTVSPost2010Prop39
140
1.0
102
RTVSPost2010PropOp39
 70
     1
102
RTVSPost2010Prop40
 90
        0
102
RTVSPost2010PropOp40
 70
     1
102
RTVSPost2010Prop41ColorIndex
 90
       18
102
RTVSPost2010Prop41ColorRGB
 90
        0
102
RTVSPost2010PropOp41
 70
     1
102
RTVSPost2010Prop42
 90
       50
102
RTVSPost2010PropOp42
 70
     1
102
RTVSPost2010Prop43
 90
        3
102
RTVSPost2010PropOp43
 70
     1
102
RTVSPost2010Prop44ColorIndex
 90
        5
102
RTVSPost2010Prop44ColorRGB
 90
      255
102
RTVSPost2010PropOp44
 70
     1
102
RTVSPost2010Prop45
280
     0
102
RTVSPost2010PropOp45
 70
     1
102
RTVSPost2010Prop46
 90
       50
102
RTVSPost2010PropOp46
 70
     1
102
RTVSPost2010Prop47
 90
       50
102
RTVSPost2010PropOp47
 70
     1
102
RTVSPost2010Prop48
 90
       50
102
RTVSPost2010PropOp48
 70
     1
102
RTVSPost2010Prop49
280
     0
102
RTVSPost2010PropOp49
 70
     1
102
RTVSPost2010Prop50
 90
       50
102
RTVSPost2010PropOp50
 70
     1
102
RTVSPost2010Prop51ColorIndex
 90
      256
102
RTVSPost2010Prop51ColorRGB
 90
-16777216
102
RTVSPost2010PropOp51
 70
     0
102
RTVSPost2010Prop52
140
1.0
102
RTVSPost2010PropOp52
 70
     0
102
RTVSPost2010Prop53
 90
        2
102
RTVSPost2010PropOp53
 70
     1
102
RTVSPost2010Prop54
  1
strokes_ogs.tif
102
RTVSPost2010PropOp54
 70
     1
102
RTVSPost2010Prop55
280
     0
102
RTVSPost2010PropOp55
 70
     1
102
RTVSPost2010Prop56
140
1.0
102
RTVSPost2010PropOp56
 70
     1
102
RTVSPost2010Prop57
140
1.0
102
RTVSPost2010PropOp57
 70
     1
102
RTVSPropertyOp0
 70
     1
102
RTVSPropertyOp1
 70
     1
102
RTVSPropertyOp2
 70
     1
102
RTVSPropertyOp3
 70
     1
102
RTVSPropertyOp4
 70
     1
102
RTVSPropertyOp5
 70
     1
102
RTVSPropertyOp6
 70
     1
102
RTVSPropertyOp7
 70
     1
102
RTVSPropertyOp8
 70
     1
102
RTVSPropertyOp9
 70
     1
102
RTVSPropertyOp10
 70
     1
102
RTVSPropertyOp11
 70
     1
102
RTVSPropertyOp12
 70
     1
102
RTVSPropertyOp13
 70
     1
102
RTVSPropertyOp14
 70
     1
102
RTVSPropertyOp15
 70
     1
102
RTVSPropertyOp16
 70
     1
102
RTVSPropertyOp17
 70
     1
102
RTVSPropertyOp18
 70
     1
102
RTVSPropertyOp19
 70
     1
102
RTVSPropertyOp20
 70
     1
102
RTVSPropertyOp21
 70
     1
102
RTVSPropertyOp22
 70
     1
102
RTVSPropertyOp23
 70
     1
102
RTVSPropertyOp24
 70
     1
102
RTVSPropertyOp25
 70
     1
102
RTVSPropertyOp26
 70
     1
102
RTVSPropertyOp27
 70
     1
102
RTVSPropertyOp28
 70
     1
102
RTVSPropertyOp29
 70
     1
102
RTVSPropertyOp30
 70
     1
102
RTVSPropertyOp31
 70
     1
102
RTVSPropertyOp32
 70
     1
102
RTVSPropertyOp33
 70
     1
102
RTVSPropertyOp34
 70
     1
102
RTVSPropertyOp35
 70
     1
102
RTVSPropertyOp36
 70
     1
102
RTVSPropertyOp37
 70
     1
102
RTVSPropertyOp38
 70
     1
102
RTVSPropertyOp39
 70
     1
102
RTVSPropertyOp40
 70
     1
102
RTVSPropertyOp41
 70
     1
102
RTVSPropertyOp42
 70
     1
102
RTVSPropertyOp43
 70
     1
102
RTVSPropertyOp44
 70
     1
102
RTVSPropertyOp45
 70
     1
102
RTVSPropertyOp46
 70
     1
102
RTVSPropertyOp47
 70
     1
102
RTVSPropertyOp48
 70
     1
102
RTVSPropertyOp49
 70
     1
102
RTVSPropertyOp50
 70
     1
102
RTVSPropertyOp51
 70
     0
102
RTVSPropertyOp52
 70
     0
102
RTVSPropertyOp53
 70
     1
102
RTVSPropertyOp54
 70
     1
102
RTVSPropertyOp55
 70
     1
102
RTVSPropertyOp56
 70
     1
102
RTVSPropertyOp57
 70
     1
102
RTVSPropertyOp58
 70
     1
102
RTVSPropertyOp59
 70
     1
102
RTVSPropertyOp60
 70
     1
102
RTVSPropertyOp61
 70
     1
102
RTVSPropertyOp62
 70
     1
  0
XRECORD
  5
287
102
{ACAD_REACTORS
330
286
102
}
330
286
100
AcDbXrecord
280
     1
102
RTVSPost2010Prop28
280
     0
102
RTVSPost2010PropOp28
 70
     1
102
RTVSPost2010Prop29
280
     1
102
RTVSPost2010PropOp29
 70
     1
102
RTVSPost2010Prop30
280
     1
102
RTVSPost2010PropOp30
 70
     1
102
RTVSPost2010Prop31
280
     0
102
RTVSPost2010PropOp31
 70
     1
102
RTVSPost2010Prop32
280
     0
102
RTVSPost2010PropOp32
 70
     1
102
RTVSPost2010Prop33
280
     0
102
RTVSPost2010PropOp33
 70
     1
102
RTVSPost2010Prop34
280
     0
102
RTVSPost2010PropOp34
 70
     1
102
RTVSPost2010Prop35
280
     0
102
RTVSPost2010PropOp35
 70
     1
102
RTVSPost2010Prop36
280
     0
102
RTVSPost2010PropOp36
 70
     1
102
RTVSPost2010Prop37
 90
       50
102
RTVSPost2010PropOp37
 70
     1
102
RTVSPost2010Prop38
140
0.0
102
RTVSPost2010PropOp38
 70
     1
102
RTVSPost2010Prop39
140
1.0
102
RTVSPost2010PropOp39
 70
     1
102
RTVSPost2010Prop40
 90
        0
102
RTVSPost2010PropOp40
 70
     1
102
RTVSPost2010Prop41ColorIndex
 90
       18
102
RTVSPost2010Prop41ColorRGB
 90
        0
102
RTVSPost2010PropOp41
 70
     1
102
RTVSPost2010Prop42
 90
       50
102
RTVSPost2010PropOp42
 70
     1
102
RTVSPost2010Prop43
 90
        3
102
RTVSPost2010PropOp43
 70
     1
102
RTVSPost2010Prop44ColorIndex
 90
        5
102
RTVSPost2010Prop44ColorRGB
 90
      255
102
RTVSPost2010PropOp44
 70
     1
102
RTVSPost2010Prop45
280
     0
102
RTVSPost2010PropOp45
 70
     1
102
RTVSPost2010Prop46
 90
       50
102
RTVSPost2010PropOp46
 70
     1
102
RTVSPost2010Prop47
 90
       50
102
RTVSPost2010PropOp47
 70
     1
102
RTVSPost2010Prop48
 90
       50
102
RTVSPost2010PropOp48
 70
     1
102
RTVSPost2010Prop49
280
     0
102
RTVSPost2010PropOp49
 70
     1
102
RTVSPost2010Prop50
 90
       50
102
RTVSPost2010PropOp50
 70
     1
102
RTVSPost2010Prop51ColorIndex
 90
      256
102
RTVSPost2010Prop51ColorRGB
 90
-16777216
102
RTVSPost2010PropOp51
 70
     0
102
RTVSPost2010Prop52
140
1.0
102
RTVSPost2010PropOp52
 70
     0
102
RTVSPost2010Prop53
 90
        2
102
RTVSPost2010PropOp53
 70
     1
102
RTVSPost2010Prop54
  1
strokes_ogs.tif
102
RTVSPost2010PropOp54
 70
     1
102
RTVSPost2010Prop55
280
     0
102
RTVSPost2010PropOp55
 70
     1
102
RTVSPost2010Prop56
140
1.0
102
RTVSPost2010PropOp56
 70
     1
102
RTVSPost2010Prop57
140
1.0
102
RTVSPost2010PropOp57
 70
     1
102
RTVSPropertyOp0
 70
     1
102
RTVSPropertyOp1
 70
     1
102
RTVSPropertyOp2
 70
     1
102
RTVSPropertyOp3
 70
     1
102
RTVSPropertyOp4
 70
     1
102
RTVSPropertyOp5
 70
     1
102
RTVSPropertyOp6
 70
     1
102
RTVSPropertyOp7
 70
     1
102
RTVSPropertyOp8
 70
     1
102
RTVSPropertyOp9
 70
     1
102
RTVSPropertyOp10
 70
     1
102
RTVSPropertyOp11
 70
     1
102
RTVSPropertyOp12
 70
     1
102
RTVSPropertyOp13
 70
     1
102
RTVSPropertyOp14
 70
     1
102
RTVSPropertyOp15
 70
     1
102
RTVSPropertyOp16
 70
     1
102
RTVSPropertyOp17
 70
     1
102
RTVSPropertyOp18
 70
     1
102
RTVSPropertyOp19
 70
     1
102
RTVSPropertyOp20
 70
     1
102
RTVSPropertyOp21
 70
     1
102
RTVSPropertyOp22
 70
     1
102
RTVSPropertyOp23
 70
     1
102
RTVSPropertyOp24
 70
     1
102
RTVSPropertyOp25
 70
     1
102
RTVSPropertyOp26
 70
     1
102
RTVSPropertyOp27
 70
     1
102
RTVSPropertyOp28
 70
     1
102
RTVSPropertyOp29
 70
     1
102
RTVSPropertyOp30
 70
     1
102
RTVSPropertyOp31
 70
     1
102
RTVSPropertyOp32
 70
     1
102
RTVSPropertyOp33
 70
     1
102
RTVSPropertyOp34
 70
     1
102
RTVSPropertyOp35
 70
     1
102
RTVSPropertyOp36
 70
     1
102
RTVSPropertyOp37
 70
     1
102
RTVSPropertyOp38
 70
     1
102
RTVSPropertyOp39
 70
     1
102
RTVSPropertyOp40
 70
     1
102
RTVSPropertyOp41
 70
     1
102
RTVSPropertyOp42
 70
     1
102
RTVSPropertyOp43
 70
     1
102
RTVSPropertyOp44
 70
     1
102
RTVSPropertyOp45
 70
     1
102
RTVSPropertyOp46
 70
     1
102
RTVSPropertyOp47
 70
     1
102
RTVSPropertyOp48
 70
     1
102
RTVSPropertyOp49
 70
     1
102
RTVSPropertyOp50
 70
     1
102
RTVSPropertyOp51
 70
     0
102
RTVSPropertyOp52
 70
     0
102
RTVSPropertyOp53
 70
     1
102
RTVSPropertyOp54
 70
     1
102
RTVSPropertyOp55
 70
     1
102
RTVSPropertyOp56
 70
     1
102
RTVSPropertyOp57
 70
     1
102
RTVSPropertyOp58
 70
     1
102
RTVSPropertyOp59
 70
     1
102
RTVSPropertyOp60
 70
     1
102
RTVSPropertyOp61
 70
     1
102
RTVSPropertyOp62
 70
     1
  0
XRECORD
  5
289
102
{ACAD_REACTORS
330
288
102
}
330
288
100
AcDbXrecord
280
     1
102
RTVSPost2010Prop28
280
     0
102
RTVSPost2010PropOp28
 70
     1
102
RTVSPost2010Prop29
280
     1
102
RTVSPost2010PropOp29
 70
     1
102
RTVSPost2010Prop30
280
     1
102
RTVSPost2010PropOp30
 70
     1
102
RTVSPost2010Prop31
280
     0
102
RTVSPost2010PropOp31
 70
     1
102
RTVSPost2010Prop32
280
     0
102
RTVSPost2010PropOp32
 70
     1
102
RTVSPost2010Prop33
280
     0
102
RTVSPost2010PropOp33
 70
     1
102
RTVSPost2010Prop34
280
     0
102
RTVSPost2010PropOp34
 70
     1
102
RTVSPost2010Prop35
280
     0
102
RTVSPost2010PropOp35
 70
     1
102
RTVSPost2010Prop36
280
     0
102
RTVSPost2010PropOp36
 70
     1
102
RTVSPost2010Prop37
 90
       50
102
RTVSPost2010PropOp37
 70
     1
102
RTVSPost2010Prop38
140
0.0
102
RTVSPost2010PropOp38
 70
     1
102
RTVSPost2010Prop39
140
1.0
102
RTVSPost2010PropOp39
 70
     1
102
RTVSPost2010Prop40
 90
        0
102
RTVSPost2010PropOp40
 70
     1
102
RTVSPost2010Prop41ColorIndex
 90
       18
102
RTVSPost2010Prop41ColorRGB
 90
        0
102
RTVSPost2010PropOp41
 70
     1
102
RTVSPost2010Prop42
 90
       50
102
RTVSPost2010PropOp42
 70
     1
102
RTVSPost2010Prop43
 90
        3
102
RTVSPost2010PropOp43
 70
     1
102
RTVSPost2010Prop44ColorIndex
 90
        5
102
RTVSPost2010Prop44ColorRGB
 90
      255
102
RTVSPost2010PropOp44
 70
     1
102
RTVSPost2010Prop45
280
     0
102
RTVSPost2010PropOp45
 70
     1
102
RTVSPost2010Prop46
 90
       50
102
RTVSPost2010PropOp46
 70
     1
102
RTVSPost2010Prop47
 90
       50
102
RTVSPost2010PropOp47
 70
     1
102
RTVSPost2010Prop48
 90
       50
102
RTVSPost2010PropOp48
 70
     1
102
RTVSPost2010Prop49
280
     0
102
RTVSPost2010PropOp49
 70
     1
102
RTVSPost2010Prop50
 90
       50
102
RTVSPost2010PropOp50
 70
     1
102
RTVSPost2010Prop51ColorIndex
 90
      256
102
RTVSPost2010Prop51ColorRGB
 90
-16777216
102
RTVSPost2010PropOp51
 70
     0
102
RTVSPost2010Prop52
140
1.0
102
RTVSPost2010PropOp52
 70
     0
102
RTVSPost2010Prop53
 90
        2
102
RTVSPost2010PropOp53
 70
     1
102
RTVSPost2010Prop54
  1
strokes_ogs.tif
102
RTVSPost2010PropOp54
 70
     1
102
RTVSPost2010Prop55
280
     0
102
RTVSPost2010PropOp55
 70
     1
102
RTVSPost2010Prop56
140
1.0
102
RTVSPost2010PropOp56
 70
     1
102
RTVSPost2010Prop57
140
1.0
102
RTVSPost2010PropOp57
 70
     1
102
RTVSPropertyOp0
 70
     1
102
RTVSPropertyOp1
 70
     1
102
RTVSPropertyOp2
 70
     1
102
RTVSPropertyOp3
 70
     1
102
RTVSPropertyOp4
 70
     1
102
RTVSPropertyOp5
 70
     1
102
RTVSPropertyOp6
 70
     1
102
RTVSPropertyOp7
 70
     1
102
RTVSPropertyOp8
 70
     1
102
RTVSPropertyOp9
 70
     1
102
RTVSPropertyOp10
 70
     1
102
RTVSPropertyOp11
 70
     1
102
RTVSPropertyOp12
 70
     1
102
RTVSPropertyOp13
 70
     1
102
RTVSPropertyOp14
 70
     1
102
RTVSPropertyOp15
 70
     1
102
RTVSPropertyOp16
 70
     1
102
RTVSPropertyOp17
 70
     1
102
RTVSPropertyOp18
 70
     1
102
RTVSPropertyOp19
 70
     1
102
RTVSPropertyOp20
 70
     1
102
RTVSPropertyOp21
 70
     1
102
RTVSPropertyOp22
 70
     1
102
RTVSPropertyOp23
 70
     1
102
RTVSPropertyOp24
 70
     1
102
RTVSPropertyOp25
 70
     1
102
RTVSPropertyOp26
 70
     1
102
RTVSPropertyOp27
 70
     1
102
RTVSPropertyOp28
 70
     1
102
RTVSPropertyOp29
 70
     1
102
RTVSPropertyOp30
 70
     1
102
RTVSPropertyOp31
 70
     1
102
RTVSPropertyOp32
 70
     1
102
RTVSPropertyOp33
 70
     1
102
RTVSPropertyOp34
 70
     1
102
RTVSPropertyOp35
 70
     1
102
RTVSPropertyOp36
 70
     1
102
RTVSPropertyOp37
 70
     1
102
RTVSPropertyOp38
 70
     1
102
RTVSPropertyOp39
 70
     1
102
RTVSPropertyOp40
 70
     1
102
RTVSPropertyOp41
 70
     1
102
RTVSPropertyOp42
 70
     1
102
RTVSPropertyOp43
 70
     1
102
RTVSPropertyOp44
 70
     1
102
RTVSPropertyOp45
 70
     1
102
RTVSPropertyOp46
 70
     1
102
RTVSPropertyOp47
 70
     1
102
RTVSPropertyOp48
 70
     1
102
RTVSPropertyOp49
 70
     1
102
RTVSPropertyOp50
 70
     1
102
RTVSPropertyOp51
 70
     0
102
RTVSPropertyOp52
 70
     0
102
RTVSPropertyOp53
 70
     1
102
RTVSPropertyOp54
 70
     1
102
RTVSPropertyOp55
 70
     1
102
RTVSPropertyOp56
 70
     1
102
RTVSPropertyOp57
 70
     1
102
RTVSPropertyOp58
 70
     1
102
RTVSPropertyOp59
 70
     1
102
RTVSPropertyOp60
 70
     1
102
RTVSPropertyOp61
 70
     1
102
RTVSPropertyOp62
 70
     1
  0
XRECORD
  5
28B
102
{ACAD_REACTORS
330
28A
102
}
330
28A
100
AcDbXrecord
280
     1
102
RTVSPost2010Prop28
280
     0
102
RTVSPost2010PropOp28
 70
     1
102
RTVSPost2010Prop29
280
     1
102
RTVSPost2010PropOp29
 70
     1
102
RTVSPost2010Prop30
280
     1
102
RTVSPost2010PropOp30
 70
     1
102
RTVSPost2010Prop31
280
     0
102
RTVSPost2010PropOp31
 70
     1
102
RTVSPost2010Prop32
280
     0
102
RTVSPost2010PropOp32
 70
     1
102
RTVSPost2010Prop33
280
     0
102
RTVSPost2010PropOp33
 70
     1
102
RTVSPost2010Prop34
280
     0
102
RTVSPost2010PropOp34
 70
     1
102
RTVSPost2010Prop35
280
     0
102
RTVSPost2010PropOp35
 70
     1
102
RTVSPost2010Prop36
280
     0
102
RTVSPost2010PropOp36
 70
     1
102
RTVSPost2010Prop37
 90
       50
102
RTVSPost2010PropOp37
 70
     1
102
RTVSPost2010Prop38
140
0.0
102
RTVSPost2010PropOp38
 70
     1
102
RTVSPost2010Prop39
140
1.0
102
RTVSPost2010PropOp39
 70
     1
102
RTVSPost2010Prop40
 90
        0
102
RTVSPost2010PropOp40
 70
     1
102
RTVSPost2010Prop41ColorIndex
 90
       18
102
RTVSPost2010Prop41ColorRGB
 90
        0
102
RTVSPost2010PropOp41
 70
     1
102
RTVSPost2010Prop42
 90
       50
102
RTVSPost2010PropOp42
 70
     1
102
RTVSPost2010Prop43
 90
        3
102
RTVSPost2010PropOp43
 70
     1
102
RTVSPost2010Prop44ColorIndex
 90
        5
102
RTVSPost2010Prop44ColorRGB
 90
      255
102
RTVSPost2010PropOp44
 70
     1
102
RTVSPost2010Prop45
280
     0
102
RTVSPost2010PropOp45
 70
     1
102
RTVSPost2010Prop46
 90
       50
102
RTVSPost2010PropOp46
 70
     1
102
RTVSPost2010Prop47
 90
       50
102
RTVSPost2010PropOp47
 70
     1
102
RTVSPost2010Prop48
 90
       50
102
RTVSPost2010PropOp48
 70
     1
102
RTVSPost2010Prop49
280
     0
102
RTVSPost2010PropOp49
 70
     1
102
RTVSPost2010Prop50
 90
       50
102
RTVSPost2010PropOp50
 70
     1
102
RTVSPost2010Prop51ColorIndex
 90
      256
102
RTVSPost2010Prop51ColorRGB
 90
-16777216
102
RTVSPost2010PropOp51
 70
     0
102
RTVSPost2010Prop52
140
1.0
102
RTVSPost2010PropOp52
 70
     0
102
RTVSPost2010Prop53
 90
        2
102
RTVSPost2010PropOp53
 70
     1
102
RTVSPost2010Prop54
  1
strokes_ogs.tif
102
RTVSPost2010PropOp54
 70
     1
102
RTVSPost2010Prop55
280
     0
102
RTVSPost2010PropOp55
 70
     1
102
RTVSPost2010Prop56
140
1.0
102
RTVSPost2010PropOp56
 70
     1
102
RTVSPost2010Prop57
140
1.0
102
RTVSPost2010PropOp57
 70
     1
102
RTVSPropertyOp0
 70
     1
102
RTVSPropertyOp1
 70
     1
102
RTVSPropertyOp2
 70
     1
102
RTVSPropertyOp3
 70
     1
102
RTVSPropertyOp4
 70
     1
102
RTVSPropertyOp5
 70
     1
102
RTVSPropertyOp6
 70
     1
102
RTVSPropertyOp7
 70
     1
102
RTVSPropertyOp8
 70
     1
102
RTVSPropertyOp9
 70
     1
102
RTVSPropertyOp10
 70
     1
102
RTVSPropertyOp11
 70
     1
102
RTVSPropertyOp12
 70
     1
102
RTVSPropertyOp13
 70
     1
102
RTVSPropertyOp14
 70
     1
102
RTVSPropertyOp15
 70
     1
102
RTVSPropertyOp16
 70
     1
102
RTVSPropertyOp17
 70
     1
102
RTVSPropertyOp18
 70
     1
102
RTVSPropertyOp19
 70
     1
102
RTVSPropertyOp20
 70
     1
102
RTVSPropertyOp21
 70
     1
102
RTVSPropertyOp22
 70
     1
102
RTVSPropertyOp23
 70
     1
102
RTVSPropertyOp24
 70
     1
102
RTVSPropertyOp25
 70
     1
102
RTVSPropertyOp26
 70
     1
102
RTVSPropertyOp27
 70
     1
102
RTVSPropertyOp28
 70
     1
102
RTVSPropertyOp29
 70
     1
102
RTVSPropertyOp30
 70
     1
102
RTVSPropertyOp31
 70
     1
102
RTVSPropertyOp32
 70
     1
102
RTVSPropertyOp33
 70
     1
102
RTVSPropertyOp34
 70
     1
102
RTVSPropertyOp35
 70
     1
102
RTVSPropertyOp36
 70
     1
102
RTVSPropertyOp37
 70
     1
102
RTVSPropertyOp38
 70
     1
102
RTVSPropertyOp39
 70
     1
102
RTVSPropertyOp40
 70
     1
102
RTVSPropertyOp41
 70
     1
102
RTVSPropertyOp42
 70
     1
102
RTVSPropertyOp43
 70
     1
102
RTVSPropertyOp44
 70
     1
102
RTVSPropertyOp45
 70
     1
102
RTVSPropertyOp46
 70
     1
102
RTVSPropertyOp47
 70
     1
102
RTVSPropertyOp48
 70
     1
102
RTVSPropertyOp49
 70
     1
102
RTVSPropertyOp50
 70
     1
102
RTVSPropertyOp51
 70
     0
102
RTVSPropertyOp52
 70
     0
102
RTVSPropertyOp53
 70
     1
102
RTVSPropertyOp54
 70
     1
102
RTVSPropertyOp55
 70
     1
102
RTVSPropertyOp56
 70
     1
102
RTVSPropertyOp57
 70
     1
102
RTVSPropertyOp58
 70
     1
102
RTVSPropertyOp59
 70
     1
102
RTVSPropertyOp60
 70
     1
102
RTVSPropertyOp61
 70
     1
102
RTVSPropertyOp62
 70
     1
  0
XRECORD
  5
28D
102
{ACAD_REACTORS
330
28C
102
}
330
28C
100
AcDbXrecord
280
     1
102
RTVSPost2010Prop28
280
     0
102
RTVSPost2010PropOp28
 70
     1
102
RTVSPost2010Prop29
280
     1
102
RTVSPost2010PropOp29
 70
     1
102
RTVSPost2010Prop30
280
     1
102
RTVSPost2010PropOp30
 70
     1
102
RTVSPost2010Prop31
280
     0
102
RTVSPost2010PropOp31
 70
     1
102
RTVSPost2010Prop32
280
     0
102
RTVSPost2010PropOp32
 70
     1
102
RTVSPost2010Prop33
280
     0
102
RTVSPost2010PropOp33
 70
     1
102
RTVSPost2010Prop34
280
     0
102
RTVSPost2010PropOp34
 70
     1
102
RTVSPost2010Prop35
280
     0
102
RTVSPost2010PropOp35
 70
     1
102
RTVSPost2010Prop36
280
     0
102
RTVSPost2010PropOp36
 70
     1
102
RTVSPost2010Prop37
 90
       50
102
RTVSPost2010PropOp37
 70
     1
102
RTVSPost2010Prop38
140
0.0
102
RTVSPost2010PropOp38
 70
     1
102
RTVSPost2010Prop39
140
1.0
102
RTVSPost2010PropOp39
 70
     1
102
RTVSPost2010Prop40
 90
        0
102
RTVSPost2010PropOp40
 70
     1
102
RTVSPost2010Prop41ColorIndex
 90
       18
102
RTVSPost2010Prop41ColorRGB
 90
        0
102
RTVSPost2010PropOp41
 70
     1
102
RTVSPost2010Prop42
 90
       50
102
RTVSPost2010PropOp42
 70
     1
102
RTVSPost2010Prop43
 90
        3
102
RTVSPost2010PropOp43
 70
     1
102
RTVSPost2010Prop44ColorIndex
 90
        5
102
RTVSPost2010Prop44ColorRGB
 90
      255
102
RTVSPost2010PropOp44
 70
     1
102
RTVSPost2010Prop45
280
     0
102
RTVSPost2010PropOp45
 70
     1
102
RTVSPost2010Prop46
 90
       50
102
RTVSPost2010PropOp46
 70
     1
102
RTVSPost2010Prop47
 90
       50
102
RTVSPost2010PropOp47
 70
     1
102
RTVSPost2010Prop48
 90
       50
102
RTVSPost2010PropOp48
 70
     1
102
RTVSPost2010Prop49
280
     0
102
RTVSPost2010PropOp49
 70
     1
102
RTVSPost2010Prop50
 90
       50
102
RTVSPost2010PropOp50
 70
     1
102
RTVSPost2010Prop51ColorIndex
 90
      256
102
RTVSPost2010Prop51ColorRGB
 90
-16777216
102
RTVSPost2010PropOp51
 70
     0
102
RTVSPost2010Prop52
140
1.0
102
RTVSPost2010PropOp52
 70
     0
102
RTVSPost2010Prop53
 90
        2
102
RTVSPost2010PropOp53
 70
     1
102
RTVSPost2010Prop54
  1
strokes_ogs.tif
102
RTVSPost2010PropOp54
 70
     1
102
RTVSPost2010Prop55
280
     0
102
RTVSPost2010PropOp55
 70
     1
102
RTVSPost2010Prop56
140
1.0
102
RTVSPost2010PropOp56
 70
     1
102
RTVSPost2010Prop57
140
1.0
102
RTVSPost2010PropOp57
 70
     1
102
RTVSPropertyOp0
 70
     1
102
RTVSPropertyOp1
 70
     1
102
RTVSPropertyOp2
 70
     1
102
RTVSPropertyOp3
 70
     1
102
RTVSPropertyOp4
 70
     1
102
RTVSPropertyOp5
 70
     1
102
RTVSPropertyOp6
 70
     1
102
RTVSPropertyOp7
 70
     1
102
RTVSPropertyOp8
 70
     1
102
RTVSPropertyOp9
 70
     1
102
RTVSPropertyOp10
 70
     1
102
RTVSPropertyOp11
 70
     1
102
RTVSPropertyOp12
 70
     1
102
RTVSPropertyOp13
 70
     1
102
RTVSPropertyOp14
 70
     1
102
RTVSPropertyOp15
 70
     1
102
RTVSPropertyOp16
 70
     1
102
RTVSPropertyOp17
 70
     1
102
RTVSPropertyOp18
 70
     1
102
RTVSPropertyOp19
 70
     1
102
RTVSPropertyOp20
 70
     1
102
RTVSPropertyOp21
 70
     1
102
RTVSPropertyOp22
 70
     1
102
RTVSPropertyOp23
 70
     1
102
RTVSPropertyOp24
 70
     1
102
RTVSPropertyOp25
 70
     1
102
RTVSPropertyOp26
 70
     1
102
RTVSPropertyOp27
 70
     1
102
RTVSPropertyOp28
 70
     1
102
RTVSPropertyOp29
 70
     1
102
RTVSPropertyOp30
 70
     1
102
RTVSPropertyOp31
 70
     1
102
RTVSPropertyOp32
 70
     1
102
RTVSPropertyOp33
 70
     1
102
RTVSPropertyOp34
 70
     1
102
RTVSPropertyOp35
 70
     1
102
RTVSPropertyOp36
 70
     1
102
RTVSPropertyOp37
 70
     1
102
RTVSPropertyOp38
 70
     1
102
RTVSPropertyOp39
 70
     1
102
RTVSPropertyOp40
 70
     1
102
RTVSPropertyOp41
 70
     1
102
RTVSPropertyOp42
 70
     1
102
RTVSPropertyOp43
 70
     1
102
RTVSPropertyOp44
 70
     1
102
RTVSPropertyOp45
 70
     1
102
RTVSPropertyOp46
 70
     1
102
RTVSPropertyOp47
 70
     1
102
RTVSPropertyOp48
 70
     1
102
RTVSPropertyOp49
 70
     1
102
RTVSPropertyOp50
 70
     1
102
RTVSPropertyOp51
 70
     0
102
RTVSPropertyOp52
 70
     0
102
RTVSPropertyOp53
 70
     1
102
RTVSPropertyOp54
 70
     1
102
RTVSPropertyOp55
 70
     1
102
RTVSPropertyOp56
 70
     1
102
RTVSPropertyOp57
 70
     1
102
RTVSPropertyOp58
 70
     1
102
RTVSPropertyOp59
 70
     1
102
RTVSPropertyOp60
 70
     1
102
RTVSPropertyOp61
 70
     1
102
RTVSPropertyOp62
 70
     1
  0
XRECORD
  5
295
102
{ACAD_REACTORS
330
294
102
}
330
294
100
AcDbXrecord
280
     1
102
RTVSPost2010Prop28
280
     0
102
RTVSPost2010PropOp28
 70
     1
102
RTVSPost2010Prop29
280
     1
102
RTVSPost2010PropOp29
 70
     1
102
RTVSPost2010Prop30
280
     1
102
RTVSPost2010PropOp30
 70
     1
102
RTVSPost2010Prop31
280
     0
102
RTVSPost2010PropOp31
 70
     1
102
RTVSPost2010Prop32
280
     0
102
RTVSPost2010PropOp32
 70
     1
102
RTVSPost2010Prop33
280
     0
102
RTVSPost2010PropOp33
 70
     1
102
RTVSPost2010Prop34
280
     0
102
RTVSPost2010PropOp34
 70
     1
102
RTVSPost2010Prop35
280
     0
102
RTVSPost2010PropOp35
 70
     1
102
RTVSPost2010Prop36
280
     0
102
RTVSPost2010PropOp36
 70
     1
102
RTVSPost2010Prop37
 90
       50
102
RTVSPost2010PropOp37
 70
     1
102
RTVSPost2010Prop38
140
0.0
102
RTVSPost2010PropOp38
 70
     1
102
RTVSPost2010Prop39
140
1.0
102
RTVSPost2010PropOp39
 70
     1
102
RTVSPost2010Prop40
 90
        0
102
RTVSPost2010PropOp40
 70
     1
102
RTVSPost2010Prop41ColorIndex
 90
       18
102
RTVSPost2010Prop41ColorRGB
 90
        0
102
RTVSPost2010PropOp41
 70
     1
102
RTVSPost2010Prop42
 90
       50
102
RTVSPost2010PropOp42
 70
     1
102
RTVSPost2010Prop43
 90
        3
102
RTVSPost2010PropOp43
 70
     1
102
RTVSPost2010Prop44ColorIndex
 90
        5
102
RTVSPost2010Prop44ColorRGB
 90
      255
102
RTVSPost2010PropOp44
 70
     1
102
RTVSPost2010Prop45
280
     0
102
RTVSPost2010PropOp45
 70
     1
102
RTVSPost2010Prop46
 90
       50
102
RTVSPost2010PropOp46
 70
     1
102
RTVSPost2010Prop47
 90
       50
102
RTVSPost2010PropOp47
 70
     1
102
RTVSPost2010Prop48
 90
       50
102
RTVSPost2010PropOp48
 70
     1
102
RTVSPost2010Prop49
280
     0
102
RTVSPost2010PropOp49
 70
     1
102
RTVSPost2010Prop50
 90
       50
102
RTVSPost2010PropOp50
 70
     1
102
RTVSPost2010Prop51ColorIndex
 90
      256
102
RTVSPost2010Prop51ColorRGB
 90
-16777216
102
RTVSPost2010PropOp51
 70
     0
102
RTVSPost2010Prop52
140
1.0
102
RTVSPost2010PropOp52
 70
     0
102
RTVSPost2010Prop53
 90
        2
102
RTVSPost2010PropOp53
 70
     1
102
RTVSPost2010Prop54
  1
strokes_ogs.tif
102
RTVSPost2010PropOp54
 70
     1
102
RTVSPost2010Prop55
280
     0
102
RTVSPost2010PropOp55
 70
     1
102
RTVSPost2010Prop56
140
1.0
102
RTVSPost2010PropOp56
 70
     1
102
RTVSPost2010Prop57
140
1.0
102
RTVSPost2010PropOp57
 70
     1
102
RTVSPropertyOp0
 70
     1
102
RTVSPropertyOp1
 70
     1
102
RTVSPropertyOp2
 70
     1
102
RTVSPropertyOp3
 70
     1
102
RTVSPropertyOp4
 70
     1
102
RTVSPropertyOp5
 70
     1
102
RTVSPropertyOp6
 70
     1
102
RTVSPropertyOp7
 70
     1
102
RTVSPropertyOp8
 70
     1
102
RTVSPropertyOp9
 70
     1
102
RTVSPropertyOp10
 70
     1
102
RTVSPropertyOp11
 70
     1
102
RTVSPropertyOp12
 70
     1
102
RTVSPropertyOp13
 70
     1
102
RTVSPropertyOp14
 70
     1
102
RTVSPropertyOp15
 70
     1
102
RTVSPropertyOp16
 70
     1
102
RTVSPropertyOp17
 70
     1
102
RTVSPropertyOp18
 70
     1
102
RTVSPropertyOp19
 70
     1
102
RTVSPropertyOp20
 70
     1
102
RTVSPropertyOp21
 70
     1
102
RTVSPropertyOp22
 70
     1
102
RTVSPropertyOp23
 70
     1
102
RTVSPropertyOp24
 70
     1
102
RTVSPropertyOp25
 70
     1
102
RTVSPropertyOp26
 70
     1
102
RTVSPropertyOp27
 70
     1
102
RTVSPropertyOp28
 70
     1
102
RTVSPropertyOp29
 70
     1
102
RTVSPropertyOp30
 70
     1
102
RTVSPropertyOp31
 70
     1
102
RTVSPropertyOp32
 70
     1
102
RTVSPropertyOp33
 70
     1
102
RTVSPropertyOp34
 70
     1
102
RTVSPropertyOp35
 70
     1
102
RTVSPropertyOp36
 70
     1
102
RTVSPropertyOp37
 70
     1
102
RTVSPropertyOp38
 70
     1
102
RTVSPropertyOp39
 70
     1
102
RTVSPropertyOp40
 70
     1
102
RTVSPropertyOp41
 70
     1
102
RTVSPropertyOp42
 70
     1
102
RTVSPropertyOp43
 70
     1
102
RTVSPropertyOp44
 70
     1
102
RTVSPropertyOp45
 70
     1
102
RTVSPropertyOp46
 70
     1
102
RTVSPropertyOp47
 70
     1
102
RTVSPropertyOp48
 70
     1
102
RTVSPropertyOp49
 70
     1
102
RTVSPropertyOp50
 70
     1
102
RTVSPropertyOp51
 70
     0
102
RTVSPropertyOp52
 70
     0
102
RTVSPropertyOp53
 70
     1
102
RTVSPropertyOp54
 70
     1
102
RTVSPropertyOp55
 70
     1
102
RTVSPropertyOp56
 70
     1
102
RTVSPropertyOp57
 70
     1
102
RTVSPropertyOp58
 70
     1
102
RTVSPropertyOp59
 70
     1
102
RTVSPropertyOp60
 70
     1
102
RTVSPropertyOp61
 70
     1
102
RTVSPropertyOp62
 70
     1
  0
XRECORD
  5
2A7
102
{ACAD_REACTORS
330
2A6
102
}
330
2A6
100
AcDbXrecord
280
     1
102
RTVSPost2010Prop28
280
     0
102
RTVSPost2010PropOp28
 70
     1
102
RTVSPost2010Prop29
280
     1
102
RTVSPost2010PropOp29
 70
     1
102
RTVSPost2010Prop30
280
     1
102
RTVSPost2010PropOp30
 70
     1
102
RTVSPost2010Prop31
280
     0
102
RTVSPost2010PropOp31
 70
     1
102
RTVSPost2010Prop32
280
     0
102
RTVSPost2010PropOp32
 70
     1
102
RTVSPost2010Prop33
280
     0
102
RTVSPost2010PropOp33
 70
     1
102
RTVSPost2010Prop34
280
     0
102
RTVSPost2010PropOp34
 70
     1
102
RTVSPost2010Prop35
280
     0
102
RTVSPost2010PropOp35
 70
     1
102
RTVSPost2010Prop36
280
     0
102
RTVSPost2010PropOp36
 70
     1
102
RTVSPost2010Prop37
 90
       50
102
RTVSPost2010PropOp37
 70
     1
102
RTVSPost2010Prop38
140
0.0
102
RTVSPost2010PropOp38
 70
     1
102
RTVSPost2010Prop39
140
1.0
102
RTVSPost2010PropOp39
 70
     1
102
RTVSPost2010Prop40
 90
        0
102
RTVSPost2010PropOp40
 70
     1
102
RTVSPost2010Prop41ColorIndex
 90
       18
102
RTVSPost2010Prop41ColorRGB
 90
        0
102
RTVSPost2010PropOp41
 70
     1
102
RTVSPost2010Prop42
 90
       50
102
RTVSPost2010PropOp42
 70
     1
102
RTVSPost2010Prop43
 90
        3
102
RTVSPost2010PropOp43
 70
     1
102
RTVSPost2010Prop44ColorIndex
 90
        5
102
RTVSPost2010Prop44ColorRGB
 90
      255
102
RTVSPost2010PropOp44
 70
     1
102
RTVSPost2010Prop45
280
     0
102
RTVSPost2010PropOp45
 70
     1
102
RTVSPost2010Prop46
 90
       50
102
RTVSPost2010PropOp46
 70
     1
102
RTVSPost2010Prop47
 90
       50
102
RTVSPost2010PropOp47
 70
     1
102
RTVSPost2010Prop48
 90
       50
102
RTVSPost2010PropOp48
 70
     1
102
RTVSPost2010Prop49
280
     0
102
RTVSPost2010PropOp49
 70
     1
102
RTVSPost2010Prop50
 90
       50
102
RTVSPost2010PropOp50
 70
     1
102
RTVSPost2010Prop51ColorIndex
 90
      256
102
RTVSPost2010Prop51ColorRGB
 90
-16777216
102
RTVSPost2010PropOp51
 70
     0
102
RTVSPost2010Prop52
140
1.0
102
RTVSPost2010PropOp52
 70
     0
102
RTVSPost2010Prop53
 90
        2
102
RTVSPost2010PropOp53
 70
     1
102
RTVSPost2010Prop54
  1
strokes_ogs.tif
102
RTVSPost2010PropOp54
 70
     1
102
RTVSPost2010Prop55
280
     0
102
RTVSPost2010PropOp55
 70
     1
102
RTVSPost2010Prop56
140
1.0
102
RTVSPost2010PropOp56
 70
     1
102
RTVSPost2010Prop57
140
1.0
102
RTVSPost2010PropOp57
 70
     1
102
RTVSPropertyOp0
 70
     0
102
RTVSPropertyOp1
 70
     0
102
RTVSPropertyOp2
 70
     0
102
RTVSPropertyOp3
 70
     0
102
RTVSPropertyOp4
 70
     0
102
RTVSPropertyOp5
 70
     0
102
RTVSPropertyOp6
 70
     0
102
RTVSPropertyOp7
 70
     0
102
RTVSPropertyOp8
 70
     0
102
RTVSPropertyOp9
 70
     0
102
RTVSPropertyOp10
 70
     0
102
RTVSPropertyOp11
 70
     0
102
RTVSPropertyOp12
 70
     0
102
RTVSPropertyOp13
 70
     0
102
RTVSPropertyOp14
 70
     2
102
RTVSPropertyOp15
 70
     0
102
RTVSPropertyOp16
 70
     0
102
RTVSPropertyOp17
 70
     0
102
RTVSPropertyOp18
 70
     0
102
RTVSPropertyOp19
 70
     0
102
RTVSPropertyOp20
 70
     0
102
RTVSPropertyOp21
 70
     0
102
RTVSPropertyOp22
 70
     0
102
RTVSPropertyOp23
 70
     0
102
RTVSPropertyOp24
 70
     0
102
RTVSPropertyOp25
 70
     0
102
RTVSPropertyOp26
 70
     0
102
RTVSPropertyOp27
 70
     0
102
RTVSPropertyOp28
 70
     1
102
RTVSPropertyOp29
 70
     1
102
RTVSPropertyOp30
 70
     1
102
RTVSPropertyOp31
 70
     1
102
RTVSPropertyOp32
 70
     1
102
RTVSPropertyOp33
 70
     1
102
RTVSPropertyOp34
 70
     1
102
RTVSPropertyOp35
 70
     1
102
RTVSPropertyOp36
 70
     1
102
RTVSPropertyOp37
 70
     1
102
RTVSPropertyOp38
 70
     1
102
RTVSPropertyOp39
 70
     1
102
RTVSPropertyOp40
 70
     1
102
RTVSPropertyOp41
 70
     1
102
RTVSPropertyOp42
 70
     1
102
RTVSPropertyOp43
 70
     1
102
RTVSPropertyOp44
 70
     1
102
RTVSPropertyOp45
 70
     1
102
RTVSPropertyOp46
 70
     1
102
RTVSPropertyOp47
 70
     1
102
RTVSPropertyOp48
 70
     1
102
RTVSPropertyOp49
 70
     1
102
RTVSPropertyOp50
 70
     1
102
RTVSPropertyOp51
 70
     0
102
RTVSPropertyOp52
 70
     0
102
RTVSPropertyOp53
 70
     1
102
RTVSPropertyOp54
 70
     1
102
RTVSPropertyOp55
 70
     1
102
RTVSPropertyOp56
 70
     1
102
RTVSPropertyOp57
 70
     1
102
RTVSPropertyOp58
 70
     1
102
RTVSPropertyOp59
 70
     1
102
RTVSPropertyOp60
 70
     1
102
RTVSPropertyOp61
 70
     1
102
RTVSPropertyOp62
 70
     1
  0
XRECORD
  5
2A1
102
{ACAD_REACTORS
330
2A0
102
}
330
2A0
100
AcDbXrecord
280
     1
102
RTVSPost2010Prop28
280
     0
102
RTVSPost2010PropOp28
 70
     1
102
RTVSPost2010Prop29
280
     1
102
RTVSPost2010PropOp29
 70
     1
102
RTVSPost2010Prop30
280
     1
102
RTVSPost2010PropOp30
 70
     1
102
RTVSPost2010Prop31
280
     0
102
RTVSPost2010PropOp31
 70
     1
102
RTVSPost2010Prop32
280
     0
102
RTVSPost2010PropOp32
 70
     1
102
RTVSPost2010Prop33
280
     0
102
RTVSPost2010PropOp33
 70
     1
102
RTVSPost2010Prop34
280
     0
102
RTVSPost2010PropOp34
 70
     1
102
RTVSPost2010Prop35
280
     0
102
RTVSPost2010PropOp35
 70
     1
102
RTVSPost2010Prop36
280
     0
102
RTVSPost2010PropOp36
 70
     1
102
RTVSPost2010Prop37
 90
       50
102
RTVSPost2010PropOp37
 70
     1
102
RTVSPost2010Prop38
140
0.0
102
RTVSPost2010PropOp38
 70
     1
102
RTVSPost2010Prop39
140
1.0
102
RTVSPost2010PropOp39
 70
     1
102
RTVSPost2010Prop40
 90
        0
102
RTVSPost2010PropOp40
 70
     1
102
RTVSPost2010Prop41ColorIndex
 90
       18
102
RTVSPost2010Prop41ColorRGB
 90
        0
102
RTVSPost2010PropOp41
 70
     1
102
RTVSPost2010Prop42
 90
       50
102
RTVSPost2010PropOp42
 70
     1
102
RTVSPost2010Prop43
 90
        3
102
RTVSPost2010PropOp43
 70
     1
102
RTVSPost2010Prop44ColorIndex
 90
        5
102
RTVSPost2010Prop44ColorRGB
 90
      255
102
RTVSPost2010PropOp44
 70
     1
102
RTVSPost2010Prop45
280
     0
102
RTVSPost2010PropOp45
 70
     1
102
RTVSPost2010Prop46
 90
       50
102
RTVSPost2010PropOp46
 70
     1
102
RTVSPost2010Prop47
 90
       50
102
RTVSPost2010PropOp47
 70
     1
102
RTVSPost2010Prop48
 90
       50
102
RTVSPost2010PropOp48
 70
     1
102
RTVSPost2010Prop49
280
     0
102
RTVSPost2010PropOp49
 70
     1
102
RTVSPost2010Prop50
 90
       50
102
RTVSPost2010PropOp50
 70
     1
102
RTVSPost2010Prop51ColorIndex
 90
      256
102
RTVSPost2010Prop51ColorRGB
 90
-16777216
102
RTVSPost2010PropOp51
 70
     0
102
RTVSPost2010Prop52
140
1.0
102
RTVSPost2010PropOp52
 70
     0
102
RTVSPost2010Prop53
 90
        2
102
RTVSPost2010PropOp53
 70
     1
102
RTVSPost2010Prop54
  1
strokes_ogs.tif
102
RTVSPost2010PropOp54
 70
     1
102
RTVSPost2010Prop55
280
     0
102
RTVSPost2010PropOp55
 70
     1
102
RTVSPost2010Prop56
140
1.0
102
RTVSPost2010PropOp56
 70
     1
102
RTVSPost2010Prop57
140
1.0
102
RTVSPost2010PropOp57
 70
     1
102
RTVSPropertyOp0
 70
     1
102
RTVSPropertyOp1
 70
     1
102
RTVSPropertyOp2
 70
     1
102
RTVSPropertyOp3
 70
     1
102
RTVSPropertyOp4
 70
     1
102
RTVSPropertyOp5
 70
     1
102
RTVSPropertyOp6
 70
     1
102
RTVSPropertyOp7
 70
     1
102
RTVSPropertyOp8
 70
     1
102
RTVSPropertyOp9
 70
     1
102
RTVSPropertyOp10
 70
     1
102
RTVSPropertyOp11
 70
     1
102
RTVSPropertyOp12
 70
     1
102
RTVSPropertyOp13
 70
     1
102
RTVSPropertyOp14
 70
     1
102
RTVSPropertyOp15
 70
     1
102
RTVSPropertyOp16
 70
     1
102
RTVSPropertyOp17
 70
     1
102
RTVSPropertyOp18
 70
     1
102
RTVSPropertyOp19
 70
     1
102
RTVSPropertyOp20
 70
     1
102
RTVSPropertyOp21
 70
     1
102
RTVSPropertyOp22
 70
     1
102
RTVSPropertyOp23
 70
     1
102
RTVSPropertyOp24
 70
     1
102
RTVSPropertyOp25
 70
     1
102
RTVSPropertyOp26
 70
     1
102
RTVSPropertyOp27
 70
     1
102
RTVSPropertyOp28
 70
     1
102
RTVSPropertyOp29
 70
     1
102
RTVSPropertyOp30
 70
     1
102
RTVSPropertyOp31
 70
     1
102
RTVSPropertyOp32
 70
     1
102
RTVSPropertyOp33
 70
     1
102
RTVSPropertyOp34
 70
     1
102
RTVSPropertyOp35
 70
     1
102
RTVSPropertyOp36
 70
     1
102
RTVSPropertyOp37
 70
     1
102
RTVSPropertyOp38
 70
     1
102
RTVSPropertyOp39
 70
     1
102
RTVSPropertyOp40
 70
     1
102
RTVSPropertyOp41
 70
     1
102
RTVSPropertyOp42
 70
     1
102
RTVSPropertyOp43
 70
     1
102
RTVSPropertyOp44
 70
     1
102
RTVSPropertyOp45
 70
     1
102
RTVSPropertyOp46
 70
     1
102
RTVSPropertyOp47
 70
     1
102
RTVSPropertyOp48
 70
     1
102
RTVSPropertyOp49
 70
     1
102
RTVSPropertyOp50
 70
     1
102
RTVSPropertyOp51
 70
     0
102
RTVSPropertyOp52
 70
     0
102
RTVSPropertyOp53
 70
     1
102
RTVSPropertyOp54
 70
     1
102
RTVSPropertyOp55
 70
     1
102
RTVSPropertyOp56
 70
     1
102
RTVSPropertyOp57
 70
     1
102
RTVSPropertyOp58
 70
     1
102
RTVSPropertyOp59
 70
     1
102
RTVSPropertyOp60
 70
     1
102
RTVSPropertyOp61
 70
     1
102
RTVSPropertyOp62
 70
     1
  0
XRECORD
  5
2A9
102
{ACAD_REACTORS
330
2A8
102
}
330
2A8
100
AcDbXrecord
280
     1
102
RTVSPost2010Prop28
280
     0
102
RTVSPost2010PropOp28
 70
     1
102
RTVSPost2010Prop29
280
     1
102
RTVSPost2010PropOp29
 70
     1
102
RTVSPost2010Prop30
280
     1
102
RTVSPost2010PropOp30
 70
     1
102
RTVSPost2010Prop31
280
     0
102
RTVSPost2010PropOp31
 70
     1
102
RTVSPost2010Prop32
280
     0
102
RTVSPost2010PropOp32
 70
     1
102
RTVSPost2010Prop33
280
     0
102
RTVSPost2010PropOp33
 70
     1
102
RTVSPost2010Prop34
280
     0
102
RTVSPost2010PropOp34
 70
     1
102
RTVSPost2010Prop35
280
     0
102
RTVSPost2010PropOp35
 70
     1
102
RTVSPost2010Prop36
280
     0
102
RTVSPost2010PropOp36
 70
     1
102
RTVSPost2010Prop37
 90
       50
102
RTVSPost2010PropOp37
 70
     1
102
RTVSPost2010Prop38
140
0.0
102
RTVSPost2010PropOp38
 70
     1
102
RTVSPost2010Prop39
140
1.0
102
RTVSPost2010PropOp39
 70
     1
102
RTVSPost2010Prop40
 90
        0
102
RTVSPost2010PropOp40
 70
     1
102
RTVSPost2010Prop41ColorIndex
 90
       18
102
RTVSPost2010Prop41ColorRGB
 90
        0
102
RTVSPost2010PropOp41
 70
     1
102
RTVSPost2010Prop42
 90
       50
102
RTVSPost2010PropOp42
 70
     1
102
RTVSPost2010Prop43
 90
        3
102
RTVSPost2010PropOp43
 70
     1
102
RTVSPost2010Prop44ColorIndex
 90
        5
102
RTVSPost2010Prop44ColorRGB
 90
      255
102
RTVSPost2010PropOp44
 70
     1
102
RTVSPost2010Prop45
280
     0
102
RTVSPost2010PropOp45
 70
     1
102
RTVSPost2010Prop46
 90
       50
102
RTVSPost2010PropOp46
 70
     1
102
RTVSPost2010Prop47
 90
       50
102
RTVSPost2010PropOp47
 70
     1
102
RTVSPost2010Prop48
 90
       50
102
RTVSPost2010PropOp48
 70
     1
102
RTVSPost2010Prop49
280
     0
102
RTVSPost2010PropOp49
 70
     1
102
RTVSPost2010Prop50
 90
       50
102
RTVSPost2010PropOp50
 70
     1
102
RTVSPost2010Prop51ColorIndex
 90
      256
102
RTVSPost2010Prop51ColorRGB
 90
-16777216
102
RTVSPost2010PropOp51
 70
     0
102
RTVSPost2010Prop52
140
1.0
102
RTVSPost2010PropOp52
 70
     0
102
RTVSPost2010Prop53
 90
        2
102
RTVSPost2010PropOp53
 70
     1
102
RTVSPost2010Prop54
  1
strokes_ogs.tif
102
RTVSPost2010PropOp54
 70
     1
102
RTVSPost2010Prop55
280
     0
102
RTVSPost2010PropOp55
 70
     1
102
RTVSPost2010Prop56
140
1.0
102
RTVSPost2010PropOp56
 70
     1
102
RTVSPost2010Prop57
140
1.0
102
RTVSPost2010PropOp57
 70
     1
102
RTVSPropertyOp0
 70
     0
102
RTVSPropertyOp1
 70
     0
102
RTVSPropertyOp2
 70
     0
102
RTVSPropertyOp3
 70
     0
102
RTVSPropertyOp4
 70
     0
102
RTVSPropertyOp5
 70
     0
102
RTVSPropertyOp6
 70
     0
102
RTVSPropertyOp7
 70
     0
102
RTVSPropertyOp8
 70
     0
102
RTVSPropertyOp9
 70
     0
102
RTVSPropertyOp10
 70
     0
102
RTVSPropertyOp11
 70
     0
102
RTVSPropertyOp12
 70
     0
102
RTVSPropertyOp13
 70
     0
102
RTVSPropertyOp14
 70
     2
102
RTVSPropertyOp15
 70
     0
102
RTVSPropertyOp16
 70
     0
102
RTVSPropertyOp17
 70
     0
102
RTVSPropertyOp18
 70
     0
102
RTVSPropertyOp19
 70
     0
102
RTVSPropertyOp20
 70
     0
102
RTVSPropertyOp21
 70
     0
102
RTVSPropertyOp22
 70
     0
102
RTVSPropertyOp23
 70
     0
102
RTVSPropertyOp24
 70
     0
102
RTVSPropertyOp25
 70
     0
102
RTVSPropertyOp26
 70
     0
102
RTVSPropertyOp27
 70
     0
102
RTVSPropertyOp28
 70
     1
102
RTVSPropertyOp29
 70
     1
102
RTVSPropertyOp30
 70
     1
102
RTVSPropertyOp31
 70
     1
102
RTVSPropertyOp32
 70
     1
102
RTVSPropertyOp33
 70
     1
102
RTVSPropertyOp34
 70
     1
102
RTVSPropertyOp35
 70
     1
102
RTVSPropertyOp36
 70
     1
102
RTVSPropertyOp37
 70
     1
102
RTVSPropertyOp38
 70
     1
102
RTVSPropertyOp39
 70
     1
102
RTVSPropertyOp40
 70
     1
102
RTVSPropertyOp41
 70
     1
102
RTVSPropertyOp42
 70
     1
102
RTVSPropertyOp43
 70
     1
102
RTVSPropertyOp44
 70
     1
102
RTVSPropertyOp45
 70
     1
102
RTVSPropertyOp46
 70
     1
102
RTVSPropertyOp47
 70
     1
102
RTVSPropertyOp48
 70
     1
102
RTVSPropertyOp49
 70
     1
102
RTVSPropertyOp50
 70
     1
102
RTVSPropertyOp51
 70
     0
102
RTVSPropertyOp52
 70
     0
102
RTVSPropertyOp53
 70
     1
102
RTVSPropertyOp54
 70
     1
102
RTVSPropertyOp55
 70
     1
102
RTVSPropertyOp56
 70
     1
102
RTVSPropertyOp57
 70
     1
102
RTVSPropertyOp58
 70
     1
102
RTVSPropertyOp59
 70
     1
102
RTVSPropertyOp60
 70
     1
102
RTVSPropertyOp61
 70
     1
102
RTVSPropertyOp62
 70
     1
  0
XRECORD
  5
299
102
{ACAD_REACTORS
330
298
102
}
330
298
100
AcDbXrecord
280
     1
102
RTVSPost2010Prop28
280
     0
102
RTVSPost2010PropOp28
 70
     1
102
RTVSPost2010Prop29
280
     1
102
RTVSPost2010PropOp29
 70
     1
102
RTVSPost2010Prop30
280
     1
102
RTVSPost2010PropOp30
 70
     1
102
RTVSPost2010Prop31
280
     0
102
RTVSPost2010PropOp31
 70
     1
102
RTVSPost2010Prop32
280
     0
102
RTVSPost2010PropOp32
 70
     1
102
RTVSPost2010Prop33
280
     0
102
RTVSPost2010PropOp33
 70
     1
102
RTVSPost2010Prop34
280
     0
102
RTVSPost2010PropOp34
 70
     1
102
RTVSPost2010Prop35
280
     0
102
RTVSPost2010PropOp35
 70
     1
102
RTVSPost2010Prop36
280
     0
102
RTVSPost2010PropOp36
 70
     1
102
RTVSPost2010Prop37
 90
       50
102
RTVSPost2010PropOp37
 70
     1
102
RTVSPost2010Prop38
140
0.0
102
RTVSPost2010PropOp38
 70
     1
102
RTVSPost2010Prop39
140
1.0
102
RTVSPost2010PropOp39
 70
     1
102
RTVSPost2010Prop40
 90
        0
102
RTVSPost2010PropOp40
 70
     1
102
RTVSPost2010Prop41ColorIndex
 90
       18
102
RTVSPost2010Prop41ColorRGB
 90
        0
102
RTVSPost2010PropOp41
 70
     1
102
RTVSPost2010Prop42
 90
       50
102
RTVSPost2010PropOp42
 70
     1
102
RTVSPost2010Prop43
 90
        3
102
RTVSPost2010PropOp43
 70
     1
102
RTVSPost2010Prop44ColorIndex
 90
        5
102
RTVSPost2010Prop44ColorRGB
 90
      255
102
RTVSPost2010PropOp44
 70
     1
102
RTVSPost2010Prop45
280
     0
102
RTVSPost2010PropOp45
 70
     1
102
RTVSPost2010Prop46
 90
       50
102
RTVSPost2010PropOp46
 70
     1
102
RTVSPost2010Prop47
 90
       50
102
RTVSPost2010PropOp47
 70
     1
102
RTVSPost2010Prop48
 90
       50
102
RTVSPost2010PropOp48
 70
     1
102
RTVSPost2010Prop49
280
     0
102
RTVSPost2010PropOp49
 70
     1
102
RTVSPost2010Prop50
 90
       50
102
RTVSPost2010PropOp50
 70
     1
102
RTVSPost2010Prop51ColorIndex
 90
      256
102
RTVSPost2010Prop51ColorRGB
 90
-16777216
102
RTVSPost2010PropOp51
 70
     0
102
RTVSPost2010Prop52
140
1.0
102
RTVSPost2010PropOp52
 70
     0
102
RTVSPost2010Prop53
 90
        2
102
RTVSPost2010PropOp53
 70
     1
102
RTVSPost2010Prop54
  1
strokes_ogs.tif
102
RTVSPost2010PropOp54
 70
     1
102
RTVSPost2010Prop55
280
     0
102
RTVSPost2010PropOp55
 70
     1
102
RTVSPost2010Prop56
140
1.0
102
RTVSPost2010PropOp56
 70
     1
102
RTVSPost2010Prop57
140
1.0
102
RTVSPost2010PropOp57
 70
     1
102
RTVSPropertyOp0
 70
     1
102
RTVSPropertyOp1
 70
     1
102
RTVSPropertyOp2
 70
     1
102
RTVSPropertyOp3
 70
     1
102
RTVSPropertyOp4
 70
     1
102
RTVSPropertyOp5
 70
     1
102
RTVSPropertyOp6
 70
     1
102
RTVSPropertyOp7
 70
     1
102
RTVSPropertyOp8
 70
     1
102
RTVSPropertyOp9
 70
     1
102
RTVSPropertyOp10
 70
     1
102
RTVSPropertyOp11
 70
     1
102
RTVSPropertyOp12
 70
     1
102
RTVSPropertyOp13
 70
     1
102
RTVSPropertyOp14
 70
     1
102
RTVSPropertyOp15
 70
     1
102
RTVSPropertyOp16
 70
     1
102
RTVSPropertyOp17
 70
     1
102
RTVSPropertyOp18
 70
     1
102
RTVSPropertyOp19
 70
     1
102
RTVSPropertyOp20
 70
     1
102
RTVSPropertyOp21
 70
     1
102
RTVSPropertyOp22
 70
     1
102
RTVSPropertyOp23
 70
     1
102
RTVSPropertyOp24
 70
     1
102
RTVSPropertyOp25
 70
     1
102
RTVSPropertyOp26
 70
     1
102
RTVSPropertyOp27
 70
     1
102
RTVSPropertyOp28
 70
     1
102
RTVSPropertyOp29
 70
     1
102
RTVSPropertyOp30
 70
     1
102
RTVSPropertyOp31
 70
     1
102
RTVSPropertyOp32
 70
     1
102
RTVSPropertyOp33
 70
     1
102
RTVSPropertyOp34
 70
     1
102
RTVSPropertyOp35
 70
     1
102
RTVSPropertyOp36
 70
     1
102
RTVSPropertyOp37
 70
     1
102
RTVSPropertyOp38
 70
     1
102
RTVSPropertyOp39
 70
     1
102
RTVSPropertyOp40
 70
     1
102
RTVSPropertyOp41
 70
     1
102
RTVSPropertyOp42
 70
     1
102
RTVSPropertyOp43
 70
     1
102
RTVSPropertyOp44
 70
     1
102
RTVSPropertyOp45
 70
     1
102
RTVSPropertyOp46
 70
     1
102
RTVSPropertyOp47
 70
     1
102
RTVSPropertyOp48
 70
     1
102
RTVSPropertyOp49
 70
     1
102
RTVSPropertyOp50
 70
     1
102
RTVSPropertyOp51
 70
     0
102
RTVSPropertyOp52
 70
     0
102
RTVSPropertyOp53
 70
     1
102
RTVSPropertyOp54
 70
     1
102
RTVSPropertyOp55
 70
     1
102
RTVSPropertyOp56
 70
     1
102
RTVSPropertyOp57
 70
     1
102
RTVSPropertyOp58
 70
     1
102
RTVSPropertyOp59
 70
     1
102
RTVSPropertyOp60
 70
     1
102
RTVSPropertyOp61
 70
     1
102
RTVSPropertyOp62
 70
     1
  0
XRECORD
  5
2B5
102
{ACAD_REACTORS
330
2B4
102
}
330
2B4
100
AcDbXrecord
280
     1
102
RTVSPost2010Prop28
280
     0
102
RTVSPost2010PropOp28
 70
     1
102
RTVSPost2010Prop29
280
     1
102
RTVSPost2010PropOp29
 70
     1
102
RTVSPost2010Prop30
280
     1
102
RTVSPost2010PropOp30
 70
     1
102
RTVSPost2010Prop31
280
     0
102
RTVSPost2010PropOp31
 70
     1
102
RTVSPost2010Prop32
280
     0
102
RTVSPost2010PropOp32
 70
     1
102
RTVSPost2010Prop33
280
     0
102
RTVSPost2010PropOp33
 70
     1
102
RTVSPost2010Prop34
280
     0
102
RTVSPost2010PropOp34
 70
     1
102
RTVSPost2010Prop35
280
     0
102
RTVSPost2010PropOp35
 70
     1
102
RTVSPost2010Prop36
280
     0
102
RTVSPost2010PropOp36
 70
     1
102
RTVSPost2010Prop37
 90
       50
102
RTVSPost2010PropOp37
 70
     1
102
RTVSPost2010Prop38
140
0.0
102
RTVSPost2010PropOp38
 70
     1
102
RTVSPost2010Prop39
140
1.0
102
RTVSPost2010PropOp39
 70
     1
102
RTVSPost2010Prop40
 90
        0
102
RTVSPost2010PropOp40
 70
     1
102
RTVSPost2010Prop41ColorIndex
 90
       18
102
RTVSPost2010Prop41ColorRGB
 90
        0
102
RTVSPost2010PropOp41
 70
     1
102
RTVSPost2010Prop42
 90
       50
102
RTVSPost2010PropOp42
 70
     1
102
RTVSPost2010Prop43
 90
        3
102
RTVSPost2010PropOp43
 70
     1
102
RTVSPost2010Prop44ColorIndex
 90
        5
102
RTVSPost2010Prop44ColorRGB
 90
      255
102
RTVSPost2010PropOp44
 70
     1
102
RTVSPost2010Prop45
280
     0
102
RTVSPost2010PropOp45
 70
     1
102
RTVSPost2010Prop46
 90
       50
102
RTVSPost2010PropOp46
 70
     1
102
RTVSPost2010Prop47
 90
       50
102
RTVSPost2010PropOp47
 70
     1
102
RTVSPost2010Prop48
 90
       50
102
RTVSPost2010PropOp48
 70
     1
102
RTVSPost2010Prop49
280
     0
102
RTVSPost2010PropOp49
 70
     1
102
RTVSPost2010Prop50
 90
       50
102
RTVSPost2010PropOp50
 70
     1
102
RTVSPost2010Prop51ColorIndex
 90
      256
102
RTVSPost2010Prop51ColorRGB
 90
-16777216
102
RTVSPost2010PropOp51
 70
     0
102
RTVSPost2010Prop52
140
1.0
102
RTVSPost2010PropOp52
 70
     0
102
RTVSPost2010Prop53
 90
        2
102
RTVSPost2010PropOp53
 70
     1
102
RTVSPost2010Prop54
  1
strokes_ogs.tif
102
RTVSPost2010PropOp54
 70
     1
102
RTVSPost2010Prop55
280
     0
102
RTVSPost2010PropOp55
 70
     1
102
RTVSPost2010Prop56
140
1.0
102
RTVSPost2010PropOp56
 70
     1
102
RTVSPost2010Prop57
140
1.0
102
RTVSPost2010PropOp57
 70
     1
102
RTVSPropertyOp0
 70
     1
102
RTVSPropertyOp1
 70
     1
102
RTVSPropertyOp2
 70
     1
102
RTVSPropertyOp3
 70
     1
102
RTVSPropertyOp4
 70
     1
102
RTVSPropertyOp5
 70
     1
102
RTVSPropertyOp6
 70
     1
102
RTVSPropertyOp7
 70
     1
102
RTVSPropertyOp8
 70
     1
102
RTVSPropertyOp9
 70
     1
102
RTVSPropertyOp10
 70
     1
102
RTVSPropertyOp11
 70
     1
102
RTVSPropertyOp12
 70
     1
102
RTVSPropertyOp13
 70
     1
102
RTVSPropertyOp14
 70
     1
102
RTVSPropertyOp15
 70
     1
102
RTVSPropertyOp16
 70
     1
102
RTVSPropertyOp17
 70
     1
102
RTVSPropertyOp18
 70
     1
102
RTVSPropertyOp19
 70
     1
102
RTVSPropertyOp20
 70
     1
102
RTVSPropertyOp21
 70
     1
102
RTVSPropertyOp22
 70
     1
102
RTVSPropertyOp23
 70
     1
102
RTVSPropertyOp24
 70
     1
102
RTVSPropertyOp25
 70
     1
102
RTVSPropertyOp26
 70
     1
102
RTVSPropertyOp27
 70
     1
102
RTVSPropertyOp28
 70
     1
102
RTVSPropertyOp29
 70
     1
102
RTVSPropertyOp30
 70
     1
102
RTVSPropertyOp31
 70
     1
102
RTVSPropertyOp32
 70
     1
102
RTVSPropertyOp33
 70
     1
102
RTVSPropertyOp34
 70
     1
102
RTVSPropertyOp35
 70
     1
102
RTVSPropertyOp36
 70
     1
102
RTVSPropertyOp37
 70
     1
102
RTVSPropertyOp38
 70
     1
102
RTVSPropertyOp39
 70
     1
102
RTVSPropertyOp40
 70
     1
102
RTVSPropertyOp41
 70
     1
102
RTVSPropertyOp42
 70
     1
102
RTVSPropertyOp43
 70
     1
102
RTVSPropertyOp44
 70
     1
102
RTVSPropertyOp45
 70
     1
102
RTVSPropertyOp46
 70
     1
102
RTVSPropertyOp47
 70
     1
102
RTVSPropertyOp48
 70
     1
102
RTVSPropertyOp49
 70
     1
102
RTVSPropertyOp50
 70
     1
102
RTVSPropertyOp51
 70
     0
102
RTVSPropertyOp52
 70
     0
102
RTVSPropertyOp53
 70
     1
102
RTVSPropertyOp54
 70
     1
102
RTVSPropertyOp55
 70
     1
102
RTVSPropertyOp56
 70
     1
102
RTVSPropertyOp57
 70
     1
102
RTVSPropertyOp58
 70
     1
102
RTVSPropertyOp59
 70
     1
102
RTVSPropertyOp60
 70
     1
102
RTVSPropertyOp61
 70
     1
102
RTVSPropertyOp62
 70
     1
  0
XRECORD
  5
2B3
102
{ACAD_REACTORS
330
2B2
102
}
330
2B2
100
AcDbXrecord
280
     1
102
RTVSPost2010Prop28
280
     0
102
RTVSPost2010PropOp28
 70
     1
102
RTVSPost2010Prop29
280
     1
102
RTVSPost2010PropOp29
 70
     1
102
RTVSPost2010Prop30
280
     1
102
RTVSPost2010PropOp30
 70
     1
102
RTVSPost2010Prop31
280
     0
102
RTVSPost2010PropOp31
 70
     1
102
RTVSPost2010Prop32
280
     0
102
RTVSPost2010PropOp32
 70
     1
102
RTVSPost2010Prop33
280
     0
102
RTVSPost2010PropOp33
 70
     1
102
RTVSPost2010Prop34
280
     0
102
RTVSPost2010PropOp34
 70
     1
102
RTVSPost2010Prop35
280
     0
102
RTVSPost2010PropOp35
 70
     1
102
RTVSPost2010Prop36
280
     0
102
RTVSPost2010PropOp36
 70
     1
102
RTVSPost2010Prop37
 90
       50
102
RTVSPost2010PropOp37
 70
     1
102
RTVSPost2010Prop38
140
0.0
102
RTVSPost2010PropOp38
 70
     1
102
RTVSPost2010Prop39
140
1.0
102
RTVSPost2010PropOp39
 70
     1
102
RTVSPost2010Prop40
 90
        0
102
RTVSPost2010PropOp40
 70
     1
102
RTVSPost2010Prop41ColorIndex
 90
       18
102
RTVSPost2010Prop41ColorRGB
 90
        0
102
RTVSPost2010PropOp41
 70
     1
102
RTVSPost2010Prop42
 90
       50
102
RTVSPost2010PropOp42
 70
     1
102
RTVSPost2010Prop43
 90
        3
102
RTVSPost2010PropOp43
 70
     1
102
RTVSPost2010Prop44ColorIndex
 90
        5
102
RTVSPost2010Prop44ColorRGB
 90
      255
102
RTVSPost2010PropOp44
 70
     1
102
RTVSPost2010Prop45
280
     0
102
RTVSPost2010PropOp45
 70
     1
102
RTVSPost2010Prop46
 90
       50
102
RTVSPost2010PropOp46
 70
     1
102
RTVSPost2010Prop47
 90
       50
102
RTVSPost2010PropOp47
 70
     1
102
RTVSPost2010Prop48
 90
       50
102
RTVSPost2010PropOp48
 70
     1
102
RTVSPost2010Prop49
280
     0
102
RTVSPost2010PropOp49
 70
     1
102
RTVSPost2010Prop50
 90
       50
102
RTVSPost2010PropOp50
 70
     1
102
RTVSPost2010Prop51ColorIndex
 90
      256
102
RTVSPost2010Prop51ColorRGB
 90
-16777216
102
RTVSPost2010PropOp51
 70
     0
102
RTVSPost2010Prop52
140
1.0
102
RTVSPost2010PropOp52
 70
     0
102
RTVSPost2010Prop53
 90
        2
102
RTVSPost2010PropOp53
 70
     1
102
RTVSPost2010Prop54
  1
strokes_ogs.tif
102
RTVSPost2010PropOp54
 70
     1
102
RTVSPost2010Prop55
280
     0
102
RTVSPost2010PropOp55
 70
     1
102
RTVSPost2010Prop56
140
1.0
102
RTVSPost2010PropOp56
 70
     1
102
RTVSPost2010Prop57
140
1.0
102
RTVSPost2010PropOp57
 70
     1
102
RTVSPropertyOp0
 70
     1
102
RTVSPropertyOp1
 70
     1
102
RTVSPropertyOp2
 70
     1
102
RTVSPropertyOp3
 70
     1
102
RTVSPropertyOp4
 70
     1
102
RTVSPropertyOp5
 70
     1
102
RTVSPropertyOp6
 70
     1
102
RTVSPropertyOp7
 70
     1
102
RTVSPropertyOp8
 70
     1
102
RTVSPropertyOp9
 70
     1
102
RTVSPropertyOp10
 70
     1
102
RTVSPropertyOp11
 70
     1
102
RTVSPropertyOp12
 70
     1
102
RTVSPropertyOp13
 70
     1
102
RTVSPropertyOp14
 70
     1
102
RTVSPropertyOp15
 70
     1
102
RTVSPropertyOp16
 70
     1
102
RTVSPropertyOp17
 70
     1
102
RTVSPropertyOp18
 70
     1
102
RTVSPropertyOp19
 70
     1
102
RTVSPropertyOp20
 70
     1
102
RTVSPropertyOp21
 70
     1
102
RTVSPropertyOp22
 70
     1
102
RTVSPropertyOp23
 70
     1
102
RTVSPropertyOp24
 70
     1
102
RTVSPropertyOp25
 70
     1
102
RTVSPropertyOp26
 70
     1
102
RTVSPropertyOp27
 70
     1
102
RTVSPropertyOp28
 70
     1
102
RTVSPropertyOp29
 70
     1
102
RTVSPropertyOp30
 70
     1
102
RTVSPropertyOp31
 70
     1
102
RTVSPropertyOp32
 70
     1
102
RTVSPropertyOp33
 70
     1
102
RTVSPropertyOp34
 70
     1
102
RTVSPropertyOp35
 70
     1
102
RTVSPropertyOp36
 70
     1
102
RTVSPropertyOp37
 70
     1
102
RTVSPropertyOp38
 70
     1
102
RTVSPropertyOp39
 70
     1
102
RTVSPropertyOp40
 70
     1
102
RTVSPropertyOp41
 70
     1
102
RTVSPropertyOp42
 70
     1
102
RTVSPropertyOp43
 70
     1
102
RTVSPropertyOp44
 70
     1
102
RTVSPropertyOp45
 70
     1
102
RTVSPropertyOp46
 70
     1
102
RTVSPropertyOp47
 70
     1
102
RTVSPropertyOp48
 70
     1
102
RTVSPropertyOp49
 70
     1
102
RTVSPropertyOp50
 70
     1
102
RTVSPropertyOp51
 70
     0
102
RTVSPropertyOp52
 70
     0
102
RTVSPropertyOp53
 70
     1
102
RTVSPropertyOp54
 70
     1
102
RTVSPropertyOp55
 70
     1
102
RTVSPropertyOp56
 70
     1
102
RTVSPropertyOp57
 70
     1
102
RTVSPropertyOp58
 70
     1
102
RTVSPropertyOp59
 70
     1
102
RTVSPropertyOp60
 70
     1
102
RTVSPropertyOp61
 70
     1
102
RTVSPropertyOp62
 70
     1
  0
XRECORD
  5
2AD
102
{ACAD_REACTORS
330
2AC
102
}
330
2AC
100
AcDbXrecord
280
     1
102
RTVSPost2010Prop28
280
     0
102
RTVSPost2010PropOp28
 70
     1
102
RTVSPost2010Prop29
280
     1
102
RTVSPost2010PropOp29
 70
     1
102
RTVSPost2010Prop30
280
     1
102
RTVSPost2010PropOp30
 70
     1
102
RTVSPost2010Prop31
280
     0
102
RTVSPost2010PropOp31
 70
     1
102
RTVSPost2010Prop32
280
     0
102
RTVSPost2010PropOp32
 70
     1
102
RTVSPost2010Prop33
280
     0
102
RTVSPost2010PropOp33
 70
     1
102
RTVSPost2010Prop34
280
     0
102
RTVSPost2010PropOp34
 70
     1
102
RTVSPost2010Prop35
280
     0
102
RTVSPost2010PropOp35
 70
     1
102
RTVSPost2010Prop36
280
     0
102
RTVSPost2010PropOp36
 70
     1
102
RTVSPost2010Prop37
 90
       50
102
RTVSPost2010PropOp37
 70
     1
102
RTVSPost2010Prop38
140
0.0
102
RTVSPost2010PropOp38
 70
     1
102
RTVSPost2010Prop39
140
1.0
102
RTVSPost2010PropOp39
 70
     1
102
RTVSPost2010Prop40
 90
        0
102
RTVSPost2010PropOp40
 70
     1
102
RTVSPost2010Prop41ColorIndex
 90
       18
102
RTVSPost2010Prop41ColorRGB
 90
        0
102
RTVSPost2010PropOp41
 70
     1
102
RTVSPost2010Prop42
 90
       50
102
RTVSPost2010PropOp42
 70
     1
102
RTVSPost2010Prop43
 90
        3
102
RTVSPost2010PropOp43
 70
     1
102
RTVSPost2010Prop44ColorIndex
 90
        5
102
RTVSPost2010Prop44ColorRGB
 90
      255
102
RTVSPost2010PropOp44
 70
     1
102
RTVSPost2010Prop45
280
     0
102
RTVSPost2010PropOp45
 70
     1
102
RTVSPost2010Prop46
 90
       50
102
RTVSPost2010PropOp46
 70
     1
102
RTVSPost2010Prop47
 90
       50
102
RTVSPost2010PropOp47
 70
     1
102
RTVSPost2010Prop48
 90
       50
102
RTVSPost2010PropOp48
 70
     1
102
RTVSPost2010Prop49
280
     0
102
RTVSPost2010PropOp49
 70
     1
102
RTVSPost2010Prop50
 90
       50
102
RTVSPost2010PropOp50
 70
     1
102
RTVSPost2010Prop51ColorIndex
 90
      256
102
RTVSPost2010Prop51ColorRGB
 90
-16777216
102
RTVSPost2010PropOp51
 70
     0
102
RTVSPost2010Prop52
140
1.0
102
RTVSPost2010PropOp52
 70
     0
102
RTVSPost2010Prop53
 90
        2
102
RTVSPost2010PropOp53
 70
     1
102
RTVSPost2010Prop54
  1
strokes_ogs.tif
102
RTVSPost2010PropOp54
 70
     1
102
RTVSPost2010Prop55
280
     0
102
RTVSPost2010PropOp55
 70
     1
102
RTVSPost2010Prop56
140
1.0
102
RTVSPost2010PropOp56
 70
     1
102
RTVSPost2010Prop57
140
1.0
102
RTVSPost2010PropOp57
 70
     1
102
RTVSPropertyOp0
 70
     1
102
RTVSPropertyOp1
 70
     1
102
RTVSPropertyOp2
 70
     1
102
RTVSPropertyOp3
 70
     1
102
RTVSPropertyOp4
 70
     1
102
RTVSPropertyOp5
 70
     1
102
RTVSPropertyOp6
 70
     1
102
RTVSPropertyOp7
 70
     1
102
RTVSPropertyOp8
 70
     1
102
RTVSPropertyOp9
 70
     1
102
RTVSPropertyOp10
 70
     1
102
RTVSPropertyOp11
 70
     1
102
RTVSPropertyOp12
 70
     1
102
RTVSPropertyOp13
 70
     1
102
RTVSPropertyOp14
 70
     1
102
RTVSPropertyOp15
 70
     1
102
RTVSPropertyOp16
 70
     1
102
RTVSPropertyOp17
 70
     1
102
RTVSPropertyOp18
 70
     1
102
RTVSPropertyOp19
 70
     1
102
RTVSPropertyOp20
 70
     1
102
RTVSPropertyOp21
 70
     1
102
RTVSPropertyOp22
 70
     1
102
RTVSPropertyOp23
 70
     1
102
RTVSPropertyOp24
 70
     1
102
RTVSPropertyOp25
 70
     1
102
RTVSPropertyOp26
 70
     1
102
RTVSPropertyOp27
 70
     1
102
RTVSPropertyOp28
 70
     1
102
RTVSPropertyOp29
 70
     1
102
RTVSPropertyOp30
 70
     1
102
RTVSPropertyOp31
 70
     1
102
RTVSPropertyOp32
 70
     1
102
RTVSPropertyOp33
 70
     1
102
RTVSPropertyOp34
 70
     1
102
RTVSPropertyOp35
 70
     1
102
RTVSPropertyOp36
 70
     1
102
RTVSPropertyOp37
 70
     1
102
RTVSPropertyOp38
 70
     1
102
RTVSPropertyOp39
 70
     1
102
RTVSPropertyOp40
 70
     1
102
RTVSPropertyOp41
 70
     1
102
RTVSPropertyOp42
 70
     1
102
RTVSPropertyOp43
 70
     1
102
RTVSPropertyOp44
 70
     1
102
RTVSPropertyOp45
 70
     1
102
RTVSPropertyOp46
 70
     1
102
RTVSPropertyOp47
 70
     1
102
RTVSPropertyOp48
 70
     1
102
RTVSPropertyOp49
 70
     1
102
RTVSPropertyOp50
 70
     1
102
RTVSPropertyOp51
 70
     0
102
RTVSPropertyOp52
 70
     0
102
RTVSPropertyOp53
 70
     1
102
RTVSPropertyOp54
 70
     1
102
RTVSPropertyOp55
 70
     1
102
RTVSPropertyOp56
 70
     1
102
RTVSPropertyOp57
 70
     1
102
RTVSPropertyOp58
 70
     1
102
RTVSPropertyOp59
 70
     1
102
RTVSPropertyOp60
 70
     1
102
RTVSPropertyOp61
 70
     1
102
RTVSPropertyOp62
 70
     1
  0
XRECORD
  5
2AF
102
{ACAD_REACTORS
330
2AE
102
}
330
2AE
100
AcDbXrecord
280
     1
102
RTVSPost2010Prop28
280
     0
102
RTVSPost2010PropOp28
 70
     1
102
RTVSPost2010Prop29
280
     1
102
RTVSPost2010PropOp29
 70
     1
102
RTVSPost2010Prop30
280
     1
102
RTVSPost2010PropOp30
 70
     1
102
RTVSPost2010Prop31
280
     0
102
RTVSPost2010PropOp31
 70
     1
102
RTVSPost2010Prop32
280
     0
102
RTVSPost2010PropOp32
 70
     1
102
RTVSPost2010Prop33
280
     0
102
RTVSPost2010PropOp33
 70
     1
102
RTVSPost2010Prop34
280
     0
102
RTVSPost2010PropOp34
 70
     1
102
RTVSPost2010Prop35
280
     0
102
RTVSPost2010PropOp35
 70
     1
102
RTVSPost2010Prop36
280
     0
102
RTVSPost2010PropOp36
 70
     1
102
RTVSPost2010Prop37
 90
       50
102
RTVSPost2010PropOp37
 70
     1
102
RTVSPost2010Prop38
140
0.0
102
RTVSPost2010PropOp38
 70
     1
102
RTVSPost2010Prop39
140
1.0
102
RTVSPost2010PropOp39
 70
     1
102
RTVSPost2010Prop40
 90
        0
102
RTVSPost2010PropOp40
 70
     1
102
RTVSPost2010Prop41ColorIndex
 90
       18
102
RTVSPost2010Prop41ColorRGB
 90
        0
102
RTVSPost2010PropOp41
 70
     1
102
RTVSPost2010Prop42
 90
       50
102
RTVSPost2010PropOp42
 70
     1
102
RTVSPost2010Prop43
 90
        3
102
RTVSPost2010PropOp43
 70
     1
102
RTVSPost2010Prop44ColorIndex
 90
        5
102
RTVSPost2010Prop44ColorRGB
 90
      255
102
RTVSPost2010PropOp44
 70
     1
102
RTVSPost2010Prop45
280
     0
102
RTVSPost2010PropOp45
 70
     1
102
RTVSPost2010Prop46
 90
       50
102
RTVSPost2010PropOp46
 70
     1
102
RTVSPost2010Prop47
 90
       50
102
RTVSPost2010PropOp47
 70
     1
102
RTVSPost2010Prop48
 90
       50
102
RTVSPost2010PropOp48
 70
     1
102
RTVSPost2010Prop49
280
     0
102
RTVSPost2010PropOp49
 70
     1
102
RTVSPost2010Prop50
 90
       50
102
RTVSPost2010PropOp50
 70
     1
102
RTVSPost2010Prop51ColorIndex
 90
      256
102
RTVSPost2010Prop51ColorRGB
 90
-16777216
102
RTVSPost2010PropOp51
 70
     0
102
RTVSPost2010Prop52
140
1.0
102
RTVSPost2010PropOp52
 70
     0
102
RTVSPost2010Prop53
 90
        2
102
RTVSPost2010PropOp53
 70
     1
102
RTVSPost2010Prop54
  1
strokes_ogs.tif
102
RTVSPost2010PropOp54
 70
     1
102
RTVSPost2010Prop55
280
     0
102
RTVSPost2010PropOp55
 70
     1
102
RTVSPost2010Prop56
140
1.0
102
RTVSPost2010PropOp56
 70
     1
102
RTVSPost2010Prop57
140
1.0
102
RTVSPost2010PropOp57
 70
     1
102
RTVSPropertyOp0
 70
     1
102
RTVSPropertyOp1
 70
     1
102
RTVSPropertyOp2
 70
     1
102
RTVSPropertyOp3
 70
     1
102
RTVSPropertyOp4
 70
     1
102
RTVSPropertyOp5
 70
     1
102
RTVSPropertyOp6
 70
     1
102
RTVSPropertyOp7
 70
     1
102
RTVSPropertyOp8
 70
     1
102
RTVSPropertyOp9
 70
     1
102
RTVSPropertyOp10
 70
     1
102
RTVSPropertyOp11
 70
     1
102
RTVSPropertyOp12
 70
     1
102
RTVSPropertyOp13
 70
     1
102
RTVSPropertyOp14
 70
     1
102
RTVSPropertyOp15
 70
     1
102
RTVSPropertyOp16
 70
     1
102
RTVSPropertyOp17
 70
     1
102
RTVSPropertyOp18
 70
     1
102
RTVSPropertyOp19
 70
     1
102
RTVSPropertyOp20
 70
     1
102
RTVSPropertyOp21
 70
     1
102
RTVSPropertyOp22
 70
     1
102
RTVSPropertyOp23
 70
     1
102
RTVSPropertyOp24
 70
     1
102
RTVSPropertyOp25
 70
     1
102
RTVSPropertyOp26
 70
     1
102
RTVSPropertyOp27
 70
     1
102
RTVSPropertyOp28
 70
     1
102
RTVSPropertyOp29
 70
     1
102
RTVSPropertyOp30
 70
     1
102
RTVSPropertyOp31
 70
     1
102
RTVSPropertyOp32
 70
     1
102
RTVSPropertyOp33
 70
     1
102
RTVSPropertyOp34
 70
     1
102
RTVSPropertyOp35
 70
     1
102
RTVSPropertyOp36
 70
     1
102
RTVSPropertyOp37
 70
     1
102
RTVSPropertyOp38
 70
     1
102
RTVSPropertyOp39
 70
     1
102
RTVSPropertyOp40
 70
     1
102
RTVSPropertyOp41
 70
     1
102
RTVSPropertyOp42
 70
     1
102
RTVSPropertyOp43
 70
     1
102
RTVSPropertyOp44
 70
     1
102
RTVSPropertyOp45
 70
     1
102
RTVSPropertyOp46
 70
     1
102
RTVSPropertyOp47
 70
     1
102
RTVSPropertyOp48
 70
     1
102
RTVSPropertyOp49
 70
     1
102
RTVSPropertyOp50
 70
     1
102
RTVSPropertyOp51
 70
     0
102
RTVSPropertyOp52
 70
     0
102
RTVSPropertyOp53
 70
     1
102
RTVSPropertyOp54
 70
     1
102
RTVSPropertyOp55
 70
     1
102
RTVSPropertyOp56
 70
     1
102
RTVSPropertyOp57
 70
     1
102
RTVSPropertyOp58
 70
     1
102
RTVSPropertyOp59
 70
     1
102
RTVSPropertyOp60
 70
     1
102
RTVSPropertyOp61
 70
     1
102
RTVSPropertyOp62
 70
     1
  0
XRECORD
  5
29F
102
{ACAD_REACTORS
330
29E
102
}
330
29E
100
AcDbXrecord
280
     1
102
RTVSPost2010Prop28
280
     0
102
RTVSPost2010PropOp28
 70
     1
102
RTVSPost2010Prop29
280
     1
102
RTVSPost2010PropOp29
 70
     1
102
RTVSPost2010Prop30
280
     1
102
RTVSPost2010PropOp30
 70
     1
102
RTVSPost2010Prop31
280
     0
102
RTVSPost2010PropOp31
 70
     1
102
RTVSPost2010Prop32
280
     0
102
RTVSPost2010PropOp32
 70
     1
102
RTVSPost2010Prop33
280
     0
102
RTVSPost2010PropOp33
 70
     1
102
RTVSPost2010Prop34
280
     0
102
RTVSPost2010PropOp34
 70
     1
102
RTVSPost2010Prop35
280
     0
102
RTVSPost2010PropOp35
 70
     1
102
RTVSPost2010Prop36
280
     0
102
RTVSPost2010PropOp36
 70
     1
102
RTVSPost2010Prop37
 90
       50
102
RTVSPost2010PropOp37
 70
     1
102
RTVSPost2010Prop38
140
0.0
102
RTVSPost2010PropOp38
 70
     1
102
RTVSPost2010Prop39
140
1.0
102
RTVSPost2010PropOp39
 70
     1
102
RTVSPost2010Prop40
 90
        0
102
RTVSPost2010PropOp40
 70
     1
102
RTVSPost2010Prop41ColorIndex
 90
       18
102
RTVSPost2010Prop41ColorRGB
 90
        0
102
RTVSPost2010PropOp41
 70
     1
102
RTVSPost2010Prop42
 90
       50
102
RTVSPost2010PropOp42
 70
     1
102
RTVSPost2010Prop43
 90
        3
102
RTVSPost2010PropOp43
 70
     1
102
RTVSPost2010Prop44ColorIndex
 90
        5
102
RTVSPost2010Prop44ColorRGB
 90
      255
102
RTVSPost2010PropOp44
 70
     1
102
RTVSPost2010Prop45
280
     0
102
RTVSPost2010PropOp45
 70
     1
102
RTVSPost2010Prop46
 90
       50
102
RTVSPost2010PropOp46
 70
     1
102
RTVSPost2010Prop47
 90
       50
102
RTVSPost2010PropOp47
 70
     1
102
RTVSPost2010Prop48
 90
       50
102
RTVSPost2010PropOp48
 70
     1
102
RTVSPost2010Prop49
280
     0
102
RTVSPost2010PropOp49
 70
     1
102
RTVSPost2010Prop50
 90
       50
102
RTVSPost2010PropOp50
 70
     1
102
RTVSPost2010Prop51ColorIndex
 90
      256
102
RTVSPost2010Prop51ColorRGB
 90
-16777216
102
RTVSPost2010PropOp51
 70
     0
102
RTVSPost2010Prop52
140
1.0
102
RTVSPost2010PropOp52
 70
     0
102
RTVSPost2010Prop53
 90
        2
102
RTVSPost2010PropOp53
 70
     1
102
RTVSPost2010Prop54
  1
strokes_ogs.tif
102
RTVSPost2010PropOp54
 70
     1
102
RTVSPost2010Prop55
280
     0
102
RTVSPost2010PropOp55
 70
     1
102
RTVSPost2010Prop56
140
1.0
102
RTVSPost2010PropOp56
 70
     1
102
RTVSPost2010Prop57
140
1.0
102
RTVSPost2010PropOp57
 70
     1
102
RTVSPropertyOp0
 70
     1
102
RTVSPropertyOp1
 70
     1
102
RTVSPropertyOp2
 70
     1
102
RTVSPropertyOp3
 70
     1
102
RTVSPropertyOp4
 70
     1
102
RTVSPropertyOp5
 70
     1
102
RTVSPropertyOp6
 70
     1
102
RTVSPropertyOp7
 70
     1
102
RTVSPropertyOp8
 70
     1
102
RTVSPropertyOp9
 70
     1
102
RTVSPropertyOp10
 70
     1
102
RTVSPropertyOp11
 70
     1
102
RTVSPropertyOp12
 70
     1
102
RTVSPropertyOp13
 70
     1
102
RTVSPropertyOp14
 70
     1
102
RTVSPropertyOp15
 70
     1
102
RTVSPropertyOp16
 70
     1
102
RTVSPropertyOp17
 70
     1
102
RTVSPropertyOp18
 70
     1
102
RTVSPropertyOp19
 70
     1
102
RTVSPropertyOp20
 70
     1
102
RTVSPropertyOp21
 70
     1
102
RTVSPropertyOp22
 70
     1
102
RTVSPropertyOp23
 70
     1
102
RTVSPropertyOp24
 70
     1
102
RTVSPropertyOp25
 70
     1
102
RTVSPropertyOp26
 70
     1
102
RTVSPropertyOp27
 70
     1
102
RTVSPropertyOp28
 70
     1
102
RTVSPropertyOp29
 70
     1
102
RTVSPropertyOp30
 70
     1
102
RTVSPropertyOp31
 70
     1
102
RTVSPropertyOp32
 70
     1
102
RTVSPropertyOp33
 70
     1
102
RTVSPropertyOp34
 70
     1
102
RTVSPropertyOp35
 70
     1
102
RTVSPropertyOp36
 70
     1
102
RTVSPropertyOp37
 70
     1
102
RTVSPropertyOp38
 70
     1
102
RTVSPropertyOp39
 70
     1
102
RTVSPropertyOp40
 70
     1
102
RTVSPropertyOp41
 70
     1
102
RTVSPropertyOp42
 70
     1
102
RTVSPropertyOp43
 70
     1
102
RTVSPropertyOp44
 70
     1
102
RTVSPropertyOp45
 70
     1
102
RTVSPropertyOp46
 70
     1
102
RTVSPropertyOp47
 70
     1
102
RTVSPropertyOp48
 70
     1
102
RTVSPropertyOp49
 70
     1
102
RTVSPropertyOp50
 70
     1
102
RTVSPropertyOp51
 70
     0
102
RTVSPropertyOp52
 70
     0
102
RTVSPropertyOp53
 70
     1
102
RTVSPropertyOp54
 70
     1
102
RTVSPropertyOp55
 70
     1
102
RTVSPropertyOp56
 70
     1
102
RTVSPropertyOp57
 70
     1
102
RTVSPropertyOp58
 70
     1
102
RTVSPropertyOp59
 70
     1
102
RTVSPropertyOp60
 70
     1
102
RTVSPropertyOp61
 70
     1
102
RTVSPropertyOp62
 70
     1
  0
XRECORD
  5
293
102
{ACAD_REACTORS
330
292
102
}
330
292
100
AcDbXrecord
280
     1
102
RTVSPost2010Prop28
280
     0
102
RTVSPost2010PropOp28
 70
     1
102
RTVSPost2010Prop29
280
     1
102
RTVSPost2010PropOp29
 70
     1
102
RTVSPost2010Prop30
280
     1
102
RTVSPost2010PropOp30
 70
     1
102
RTVSPost2010Prop31
280
     0
102
RTVSPost2010PropOp31
 70
     1
102
RTVSPost2010Prop32
280
     0
102
RTVSPost2010PropOp32
 70
     1
102
RTVSPost2010Prop33
280
     0
102
RTVSPost2010PropOp33
 70
     1
102
RTVSPost2010Prop34
280
     0
102
RTVSPost2010PropOp34
 70
     1
102
RTVSPost2010Prop35
280
     0
102
RTVSPost2010PropOp35
 70
     1
102
RTVSPost2010Prop36
280
     0
102
RTVSPost2010PropOp36
 70
     1
102
RTVSPost2010Prop37
 90
       50
102
RTVSPost2010PropOp37
 70
     1
102
RTVSPost2010Prop38
140
0.0
102
RTVSPost2010PropOp38
 70
     1
102
RTVSPost2010Prop39
140
1.0
102
RTVSPost2010PropOp39
 70
     1
102
RTVSPost2010Prop40
 90
        0
102
RTVSPost2010PropOp40
 70
     1
102
RTVSPost2010Prop41ColorIndex
 90
       18
102
RTVSPost2010Prop41ColorRGB
 90
        0
102
RTVSPost2010PropOp41
 70
     1
102
RTVSPost2010Prop42
 90
       50
102
RTVSPost2010PropOp42
 70
     1
102
RTVSPost2010Prop43
 90
        3
102
RTVSPost2010PropOp43
 70
     1
102
RTVSPost2010Prop44ColorIndex
 90
        5
102
RTVSPost2010Prop44ColorRGB
 90
      255
102
RTVSPost2010PropOp44
 70
     1
102
RTVSPost2010Prop45
280
     0
102
RTVSPost2010PropOp45
 70
     1
102
RTVSPost2010Prop46
 90
       50
102
RTVSPost2010PropOp46
 70
     1
102
RTVSPost2010Prop47
 90
       50
102
RTVSPost2010PropOp47
 70
     1
102
RTVSPost2010Prop48
 90
       50
102
RTVSPost2010PropOp48
 70
     1
102
RTVSPost2010Prop49
280
     0
102
RTVSPost2010PropOp49
 70
     1
102
RTVSPost2010Prop50
 90
       50
102
RTVSPost2010PropOp50
 70
     1
102
RTVSPost2010Prop51ColorIndex
 90
      256
102
RTVSPost2010Prop51ColorRGB
 90
-16777216
102
RTVSPost2010PropOp51
 70
     0
102
RTVSPost2010Prop52
140
1.0
102
RTVSPost2010PropOp52
 70
     0
102
RTVSPost2010Prop53
 90
        2
102
RTVSPost2010PropOp53
 70
     1
102
RTVSPost2010Prop54
  1
strokes_ogs.tif
102
RTVSPost2010PropOp54
 70
     1
102
RTVSPost2010Prop55
280
     0
102
RTVSPost2010PropOp55
 70
     1
102
RTVSPost2010Prop56
140
1.0
102
RTVSPost2010PropOp56
 70
     1
102
RTVSPost2010Prop57
140
1.0
102
RTVSPost2010PropOp57
 70
     1
102
RTVSPropertyOp0
 70
     1
102
RTVSPropertyOp1
 70
     1
102
RTVSPropertyOp2
 70
     1
102
RTVSPropertyOp3
 70
     1
102
RTVSPropertyOp4
 70
     1
102
RTVSPropertyOp5
 70
     1
102
RTVSPropertyOp6
 70
     1
102
RTVSPropertyOp7
 70
     1
102
RTVSPropertyOp8
 70
     1
102
RTVSPropertyOp9
 70
     1
102
RTVSPropertyOp10
 70
     1
102
RTVSPropertyOp11
 70
     1
102
RTVSPropertyOp12
 70
     1
102
RTVSPropertyOp13
 70
     1
102
RTVSPropertyOp14
 70
     1
102
RTVSPropertyOp15
 70
     1
102
RTVSPropertyOp16
 70
     1
102
RTVSPropertyOp17
 70
     1
102
RTVSPropertyOp18
 70
     1
102
RTVSPropertyOp19
 70
     1
102
RTVSPropertyOp20
 70
     1
102
RTVSPropertyOp21
 70
     1
102
RTVSPropertyOp22
 70
     1
102
RTVSPropertyOp23
 70
     1
102
RTVSPropertyOp24
 70
     1
102
RTVSPropertyOp25
 70
     1
102
RTVSPropertyOp26
 70
     1
102
RTVSPropertyOp27
 70
     1
102
RTVSPropertyOp28
 70
     1
102
RTVSPropertyOp29
 70
     1
102
RTVSPropertyOp30
 70
     1
102
RTVSPropertyOp31
 70
     1
102
RTVSPropertyOp32
 70
     1
102
RTVSPropertyOp33
 70
     1
102
RTVSPropertyOp34
 70
     1
102
RTVSPropertyOp35
 70
     1
102
RTVSPropertyOp36
 70
     1
102
RTVSPropertyOp37
 70
     1
102
RTVSPropertyOp38
 70
     1
102
RTVSPropertyOp39
 70
     1
102
RTVSPropertyOp40
 70
     1
102
RTVSPropertyOp41
 70
     1
102
RTVSPropertyOp42
 70
     1
102
RTVSPropertyOp43
 70
     1
102
RTVSPropertyOp44
 70
     1
102
RTVSPropertyOp45
 70
     1
102
RTVSPropertyOp46
 70
     1
102
RTVSPropertyOp47
 70
     1
102
RTVSPropertyOp48
 70
     1
102
RTVSPropertyOp49
 70
     1
102
RTVSPropertyOp50
 70
     1
102
RTVSPropertyOp51
 70
     0
102
RTVSPropertyOp52
 70
     0
102
RTVSPropertyOp53
 70
     1
102
RTVSPropertyOp54
 70
     1
102
RTVSPropertyOp55
 70
     1
102
RTVSPropertyOp56
 70
     1
102
RTVSPropertyOp57
 70
     1
102
RTVSPropertyOp58
 70
     1
102
RTVSPropertyOp59
 70
     1
102
RTVSPropertyOp60
 70
     1
102
RTVSPropertyOp61
 70
     1
102
RTVSPropertyOp62
 70
     1
  0
XRECORD
  5
2B1
102
{ACAD_REACTORS
330
2B0
102
}
330
2B0
100
AcDbXrecord
280
     1
102
RTVSPost2010Prop28
280
     0
102
RTVSPost2010PropOp28
 70
     1
102
RTVSPost2010Prop29
280
     1
102
RTVSPost2010PropOp29
 70
     1
102
RTVSPost2010Prop30
280
     1
102
RTVSPost2010PropOp30
 70
     1
102
RTVSPost2010Prop31
280
     0
102
RTVSPost2010PropOp31
 70
     1
102
RTVSPost2010Prop32
280
     0
102
RTVSPost2010PropOp32
 70
     1
102
RTVSPost2010Prop33
280
     0
102
RTVSPost2010PropOp33
 70
     1
102
RTVSPost2010Prop34
280
     0
102
RTVSPost2010PropOp34
 70
     1
102
RTVSPost2010Prop35
280
     0
102
RTVSPost2010PropOp35
 70
     1
102
RTVSPost2010Prop36
280
     0
102
RTVSPost2010PropOp36
 70
     1
102
RTVSPost2010Prop37
 90
       50
102
RTVSPost2010PropOp37
 70
     1
102
RTVSPost2010Prop38
140
0.0
102
RTVSPost2010PropOp38
 70
     1
102
RTVSPost2010Prop39
140
1.0
102
RTVSPost2010PropOp39
 70
     1
102
RTVSPost2010Prop40
 90
        0
102
RTVSPost2010PropOp40
 70
     1
102
RTVSPost2010Prop41ColorIndex
 90
       18
102
RTVSPost2010Prop41ColorRGB
 90
        0
102
RTVSPost2010PropOp41
 70
     1
102
RTVSPost2010Prop42
 90
       50
102
RTVSPost2010PropOp42
 70
     1
102
RTVSPost2010Prop43
 90
        3
102
RTVSPost2010PropOp43
 70
     1
102
RTVSPost2010Prop44ColorIndex
 90
        5
102
RTVSPost2010Prop44ColorRGB
 90
      255
102
RTVSPost2010PropOp44
 70
     1
102
RTVSPost2010Prop45
280
     0
102
RTVSPost2010PropOp45
 70
     1
102
RTVSPost2010Prop46
 90
       50
102
RTVSPost2010PropOp46
 70
     1
102
RTVSPost2010Prop47
 90
       50
102
RTVSPost2010PropOp47
 70
     1
102
RTVSPost2010Prop48
 90
       50
102
RTVSPost2010PropOp48
 70
     1
102
RTVSPost2010Prop49
280
     0
102
RTVSPost2010PropOp49
 70
     1
102
RTVSPost2010Prop50
 90
       50
102
RTVSPost2010PropOp50
 70
     1
102
RTVSPost2010Prop51ColorIndex
 90
      256
102
RTVSPost2010Prop51ColorRGB
 90
-16777216
102
RTVSPost2010PropOp51
 70
     0
102
RTVSPost2010Prop52
140
1.0
102
RTVSPost2010PropOp52
 70
     0
102
RTVSPost2010Prop53
 90
        2
102
RTVSPost2010PropOp53
 70
     1
102
RTVSPost2010Prop54
  1
strokes_ogs.tif
102
RTVSPost2010PropOp54
 70
     1
102
RTVSPost2010Prop55
280
     0
102
RTVSPost2010PropOp55
 70
     1
102
RTVSPost2010Prop56
140
1.0
102
RTVSPost2010PropOp56
 70
     1
102
RTVSPost2010Prop57
140
1.0
102
RTVSPost2010PropOp57
 70
     1
102
RTVSPropertyOp0
 70
     1
102
RTVSPropertyOp1
 70
     1
102
RTVSPropertyOp2
 70
     1
102
RTVSPropertyOp3
 70
     1
102
RTVSPropertyOp4
 70
     1
102
RTVSPropertyOp5
 70
     1
102
RTVSPropertyOp6
 70
     1
102
RTVSPropertyOp7
 70
     1
102
RTVSPropertyOp8
 70
     1
102
RTVSPropertyOp9
 70
     1
102
RTVSPropertyOp10
 70
     1
102
RTVSPropertyOp11
 70
     1
102
RTVSPropertyOp12
 70
     1
102
RTVSPropertyOp13
 70
     1
102
RTVSPropertyOp14
 70
     1
102
RTVSPropertyOp15
 70
     1
102
RTVSPropertyOp16
 70
     1
102
RTVSPropertyOp17
 70
     1
102
RTVSPropertyOp18
 70
     1
102
RTVSPropertyOp19
 70
     1
102
RTVSPropertyOp20
 70
     1
102
RTVSPropertyOp21
 70
     1
102
RTVSPropertyOp22
 70
     1
102
RTVSPropertyOp23
 70
     1
102
RTVSPropertyOp24
 70
     1
102
RTVSPropertyOp25
 70
     1
102
RTVSPropertyOp26
 70
     1
102
RTVSPropertyOp27
 70
     1
102
RTVSPropertyOp28
 70
     1
102
RTVSPropertyOp29
 70
     1
102
RTVSPropertyOp30
 70
     1
102
RTVSPropertyOp31
 70
     1
102
RTVSPropertyOp32
 70
     1
102
RTVSPropertyOp33
 70
     1
102
RTVSPropertyOp34
 70
     1
102
RTVSPropertyOp35
 70
     1
102
RTVSPropertyOp36
 70
     1
102
RTVSPropertyOp37
 70
     1
102
RTVSPropertyOp38
 70
     1
102
RTVSPropertyOp39
 70
     1
102
RTVSPropertyOp40
 70
     1
102
RTVSPropertyOp41
 70
     1
102
RTVSPropertyOp42
 70
     1
102
RTVSPropertyOp43
 70
     1
102
RTVSPropertyOp44
 70
     1
102
RTVSPropertyOp45
 70
     1
102
RTVSPropertyOp46
 70
     1
102
RTVSPropertyOp47
 70
     1
102
RTVSPropertyOp48
 70
     1
102
RTVSPropertyOp49
 70
     1
102
RTVSPropertyOp50
 70
     1
102
RTVSPropertyOp51
 70
     0
102
RTVSPropertyOp52
 70
     0
102
RTVSPropertyOp53
 70
     1
102
RTVSPropertyOp54
 70
     1
102
RTVSPropertyOp55
 70
     1
102
RTVSPropertyOp56
 70
     1
102
RTVSPropertyOp57
 70
     1
102
RTVSPropertyOp58
 70
     1
102
RTVSPropertyOp59
 70
     1
102
RTVSPropertyOp60
 70
     1
102
RTVSPropertyOp61
 70
     1
102
RTVSPropertyOp62
 70
     1
  0
ENDSEC
  0
EOF