  0
SECTION
  2
HEADER
  9
$ACADVER
  1
AC1021
  9
$ACADMAINTVER
 70
    50
  9
$DWGCODEPAGE
  3
ANSI_936
  9
$LASTSAVEDBY
  1
win10
  9
$INSBASE
 10
0.0
 20
0.0
 30
0.0
  9
$EXTMIN
 10
-3.083330976318947
 20
-68.55251785135624
 30
0.0
  9
$EXTMAX
 10
243.0101934157901
 20
119.8244141966261
 30
0.0
  9
$LIMMIN
 10
0.0
 20
0.0
  9
$LIMMAX
 10
420.0
 20
297.0
  9
$ORTHOMODE
 70
     0
  9
$REGENMODE
 70
     1
  9
$FILLMODE
 70
     1
  9
$QTEXTMODE
 70
     0
  9
$MIRRTEXT
 70
     0
  9
$LTSCALE
 40
1.0
  9
$ATTMODE
 70
     1
  9
$TEXTSIZE
 40
2.5
  9
$TRACEWID
 40
1.0
  9
$TEXTSTYLE
  7
Standard
  9
$CLAYER
  8
0
  9
$CELTYPE
  6
ByLayer
  9
$CECOLOR
 62
   256
  9
$CELTSCALE
 40
1.0
  9
$DISPSILH
 70
     0
  9
$DIMSCALE
 40
1.0
  9
$DIMASZ
 40
2.5
  9
$DIMEXO
 40
0.625
  9
$DIMDLI
 40
3.75
  9
$DIMRND
 40
0.0
  9
$DIMDLE
 40
0.0
  9
$DIMEXE
 40
1.25
  9
$DIMTP
 40
0.0
  9
$DIMTM
 40
0.0
  9
$DIMTXT
 40
2.5
  9
$DIMCEN
 40
2.5
  9
$DIMTSZ
 40
0.0
  9
$DIMTOL
 70
     0
  9
$DIMLIM
 70
     0
  9
$DIMTIH
 70
     0
  9
$DIMTOH
 70
     0
  9
$DIMSE1
 70
     0
  9
$DIMSE2
 70
     0
  9
$DIMTAD
 70
     1
  9
$DIMZIN
 70
     8
  9
$DIMBLK
  1

  9
$DIMASO
 70
     1
  9
$DIMSHO
 70
     1
  9
$DIMPOST
  1

  9
$DIMAPOST
  1

  9
$DIMALT
 70
     0
  9
$DIMALTD
 70
     3
  9
$DIMALTF
 40
0.03937007874016
  9
$DIMLFAC
 40
1.0
  9
$DIMTOFL
 70
     1
  9
$DIMTVP
 40
0.0
  9
$DIMTIX
 70
     0
  9
$DIMSOXD
 70
     0
  9
$DIMSAH
 70
     0
  9
$DIMBLK1
  1

  9
$DIMBLK2
  1

  9
$DIMSTYLE
  2
ISO-25
  9
$DIMCLRD
 70
     0
  9
$DIMCLRE
 70
     0
  9
$DIMCLRT
 70
     0
  9
$DIMTFAC
 40
1.0
  9
$DIMGAP
 40
0.625
  9
$DIMJUST
 70
     0
  9
$DIMSD1
 70
     0
  9
$DIMSD2
 70
     0
  9
$DIMTOLJ
 70
     0
  9
$DIMTZIN
 70
     8
  9
$DIMALTZ
 70
     0
  9
$DIMALTTZ
 70
     0
  9
$DIMUPT
 70
     0
  9
$DIMDEC
 70
     2
  9
$DIMTDEC
 70
     2
  9
$DIMALTU
 70
     2
  9
$DIMALTTD
 70
     3
  9
$DIMTXSTY
  7
Standard
  9
$DIMAUNIT
 70
     0
  9
$DIMADEC
 70
     0
  9
$DIMALTRND
 40
0.0
  9
$DIMAZIN
 70
     0
  9
$DIMDSEP
 70
    44
  9
$DIMATFIT
 70
     3
  9
$DIMFRAC
 70
     0
  9
$DIMLDRBLK
  1

  9
$DIMLUNIT
 70
     2
  9
$DIMLWD
 70
    -2
  9
$DIMLWE
 70
    -2
  9
$DIMTMOVE
 70
     0
  9
$DIMFXL
 40
1.0
  9
$DIMFXLON
 70
     0
  9
$DIMJOGANG
 40
0.7853981633974483
  9
$DIMTFILL
 70
     0
  9
$DIMTFILLCLR
 70
     0
  9
$DIMARCSYM
 70
     0
  9
$DIMLTYPE
  6

  9
$DIMLTEX1
  6

  9
$DIMLTEX2
  6

  9
$LUNITS
 70
     2
  9
$LUPREC
 70
     4
  9
$SKETCHINC
 40
1.0
  9
$FILLETRAD
 40
0.0
  9
$AUNITS
 70
     0
  9
$AUPREC
 70
     0
  9
$MENU
  1
.
  9
$ELEVATION
 40
0.0
  9
$PELEVATION
 40
0.0
  9
$THICKNESS
 40
0.0
  9
$LIMCHECK
 70
     0
  9
$CHAMFERA
 40
0.0
  9
$CHAMFERB
 40
0.0
  9
$CHAMFERC
 40
0.0
  9
$CHAMFERD
 40
0.0
  9
$SKPOLY
 70
     0
  9
$TDCREATE
 40
2458590.383113426
  9
$TDUCREATE
 40
2458590.049780092
  9
$TDUPDATE
 40
2458590.384224537
  9
$TDUUPDATE
 40
2458590.050891204
  9
$TDINDWG
 40
0.0011111111
  9
$TDUSRTIMER
 40
0.0011111111
  9
$USRTIMER
 70
     1
  9
$ANGBASE
 50
0.0
  9
$ANGDIR
 70
     0
  9
$PDMODE
 70
     0
  9
$PDSIZE
 40
0.0
  9
$PLINEWID
 40
0.0
  9
$SPLFRAME
 70
     0
  9
$SPLINETYPE
 70
     6
  9
$SPLINESEGS
 70
     8
  9
$HANDSEED
  5
2B8
  9
$SURFTAB1
 70
     6
  9
$SURFTAB2
 70
     6
  9
$SURFTYPE
 70
     6
  9
$SURFU
 70
     6
  9
$SURFV
 70
     6
  9
$UCSBASE
  2

  9
$UCSNAME
  2

  9
$UCSORG
 10
0.0
 20
0.0
 30
0.0
  9
$UCSXDIR
 10
1.0
 20
0.0
 30
0.0
  9
$UCSYDIR
 10
0.0
 20
1.0
 30
0.0
  9
$UCSORTHOREF
  2

  9
$UCSORTHOVIEW
 70
     0
  9
$UCSORGTOP
 10
0.0
 20
0.0
 30
0.0
  9
$UCSORGBOTTOM
 10
0.0
 20
0.0
 30
0.0
  9
$UCSORGLEFT
 10
0.0
 20
0.0
 30
0.0
  9
$UCSORGRIGHT
 10
0.0
 20
0.0
 30
0.0
  9
$UCSORGFRONT
 10
0.0
 20
0.0
 30
0.0
  9
$UCSORGBACK
 10
0.0
 20
0.0
 30
0.0
  9
$PUCSBASE
  2

  9
$PUCSNAME
  2

  9
$PUCSORG
 10
0.0
 20
0.0
 30
0.0
  9
$PUCSXDIR
 10
1.0
 20
0.0
 30
0.0
  9
$PUCSYDIR
 10
0.0
 20
1.0
 30
0.0
  9
$PUCSORTHOREF
  2

  9
$PUCSORTHOVIEW
 70
     0
  9
$PUCSORGTOP
 10
0.0
 20
0.0
 30
0.0
  9
$PUCSORGBOTTOM
 10
0.0
 20
0.0
 30
0.0
  9
$PUCSORGLEFT
 10
0.0
 20
0.0
 30
0.0
  9
$PUCSORGRIGHT
 10
0.0
 20
0.0
 30
0.0
  9
$PUCSORGFRONT
 10
0.0
 20
0.0
 30
0.0
  9
$PUCSORGBACK
 10
0.0
 20
0.0
 30
0.0
  9
$USERI1
 70
     0
  9
$USERI2
 70
     0
  9
$USERI3
 70
     0
  9
$USERI4
 70
     0
  9
$USERI5
 70
     0
  9
$USERR1
 40
0.0
  9
$USERR2
 40
0.0
  9
$USERR3
 40
0.0
  9
$USERR4
 40
0.0
  9
$USERR5
 40
0.0
  9
$WORLDVIEW
 70
     1
  9
$SHADEDGE
 70
     3
  9
$SHADEDIF
 70
    70
  9
$TILEMODE
 70
     1
  9
$MAXACTVP
 70
    64
  9
$PINSBASE
 10
0.0
 20
0.0
 30
0.0
  9
$PLIMCHECK
 70
     0
  9
$PEXTMIN
 10
0.0
 20
0.0
 30
0.0
  9
$PEXTMAX
 10
0.0
 20
0.0
 30
0.0
  9
$PLIMMIN
 10
0.0
 20
0.0
  9
$PLIMMAX
 10
12.0
 20
9.0
  9
$UNITMODE
 70
     0
  9
$VISRETAIN
 70
     1
  9
$PLINEGEN
 70
     0
  9
$PSLTSCALE
 70
     1
  9
$TREEDEPTH
 70
  3020
  9
$CMLSTYLE
  2
Standard
  9
$CMLJUST
 70
     0
  9
$CMLSCALE
 40
20.0
  9
$PROXYGRAPHICS
 70
     1
  9
$MEASUREMENT
 70
     1
  9
$CELWEIGHT
370
    -1
  9
$ENDCAPS
280
     0
  9
$JOINSTYLE
280
     0
  9
$LWDISPLAY
290
     0
  9
$INSUNITS
 70
     4
  9
$HYPERLINKBASE
  1

  9
$STYLESHEET
  1

  9
$XEDIT
290
     1
  9
$CEPSNTYPE
380
     0
  9
$PSTYLEMODE
290
     1
  9
$FINGERPRINTGUID
  2
{96A53CC7-ACDD-234C-B0F9-88300B14E85D}
  9
$VERSIONGUID
  2
{FDA5A254-6150-FA48-A4B8-168CBCE559AD}
  9
$EXTNAMES
290
     1
  9
$PSVPSCALE
 40
0.0
  9
$OLESTARTUP
290
     0
  9
$SORTENTS
280
   127
  9
$INDEXCTL
280
     0
  9
$HIDETEXT
280
     1
  9
$XCLIPFRAME
290
     0
  9
$HALOGAP
280
     0
  9
$OBSCOLOR
 70
   257
  9
$OBSLTYPE
280
     0
  9
$INTERSECTIONDISPLAY
280
     0
  9
$INTERSECTIONCOLOR
 70
   257
  9
$DIMASSOC
280
     2
  9
$PROJECTNAME
  1

  9
$CAMERADISPLAY
290
     0
  9
$LENSLENGTH
 40
50.0
  9
$CAMERAHEIGHT
 40
0.0
  9
$STEPSPERSEC
 40
2.0
  9
$STEPSIZE
 40
6.0
  9
$3DDWFPREC
 40
2.0
  9
$PSOLWIDTH
 40
5.0
  9
$PSOLHEIGHT
 40
80.0
  9
$LOFTANG1
 40
1.570796326794896
  9
$LOFTANG2
 40
1.570796326794896
  9
$LOFTMAG1
 40
0.0
  9
$LOFTMAG2
 40
0.0
  9
$LOFTPARAM
 70
     7
  9
$LOFTNORMALS
280
     1
  9
$LATITUDE
 40
37.795
  9
$LONGITUDE
 40
-122.394
  9
$NORTHDIRECTION
 40
0.0
  9
$TIMEZONE
 70
 -8000
  9
$LIGHTGLYPHDISPLAY
280
     1
  9
$TILEMODELIGHTSYNCH
280
     1
  9
$CMATERIAL
347
EC
  9
$SOLIDHIST
280
     0
  9
$SHOWHIST
280
     1
  9
$DWFFRAME
280
     2
  9
$DGNFRAME
280
     0
  9
$REALWORLDSCALE
290
     1
  9
$INTERFERECOLOR
 62
     1
  9
$INTERFEREOBJVS
345
F9
  9
$INTERFEREVPVS
346
F6
  9
$CSHADOW
280
     0
  9
$SHADOWPLANELOCATION
 40
0.0
  0
ENDSEC
  0
SECTION
  2
CLASSES
  0
CLASS
  1
ACDBDICTIONARYWDFLT
  2
AcDbDictionaryWithDefault
  3
ObjectDBX Classes
 90
        0
 91
        1
280
     0
281
     0
  0
CLASS
  1
DICTIONARYVAR
  2
AcDbDictionaryVar
  3
ObjectDBX Classes
 90
        0
 91
       12
280
     0
281
     0
  0
CLASS
  1
TABLESTYLE
  2
AcDbTableStyle
  3
ObjectDBX Classes
 90
     4095
 91
        1
280
     0
281
     0
  0
CLASS
  1
MATERIAL
  2
AcDbMaterial
  3
ObjectDBX Classes
 90
     1153
 91
        3
280
     0
281
     0
  0
CLASS
  1
VISUALSTYLE
  2
AcDbVisualStyle
  3
ObjectDBX Classes
 90
     4095
 91
       24
280
     0
281
     0
  0
CLASS
  1
SCALE
  2
AcDbScale
  3
ObjectDBX Classes
 90
     1153
 91
       17
280
     0
281
     0
  0
CLASS
  1
MLEADERSTYLE
  2
AcDbMLeaderStyle
  3
ACDB_MLEADERSTYLE_CLASS
 90
     4095
 91
        2
280
     0
281
     0
  0
CLASS
  1
CELLSTYLEMAP
  2
AcDbCellStyleMap
  3
ObjectDBX Classes
 90
     1152
 91
        1
280
     0
281
     0
  0
CLASS
  1
EXACXREFPANELOBJECT
  2
ExAcXREFPanelObject
  3
EXAC_ESW
 90
     1025
 91
        0
280
     0
281
     0
  0
CLASS
  1
NPOCOLLECTION
  2
AcDbImpNonPersistentObjectsCollection
  3
ObjectDBX Classes
 90
     1153
 91
        0
280
     0
281
     0
  0
CLASS
  1
LAYER_INDEX
  2
AcDbLayerIndex
  3
ObjectDBX Classes
 90
        0
 91
        0
280
     0
281
     0
  0
CLASS
  1
SPATIAL_INDEX
  2
AcDbSpatialIndex
  3
ObjectDBX Classes
 90
        0
 91
        0
280
     0
281
     0
  0
CLASS
  1
IDBUFFER
  2
AcDbIdBuffer
  3
ObjectDBX Classes
 90
        0
 91
        0
280
     0
281
     0
  0
CLASS
  1
ACDBSECTIONVIEWSTYLE
  2
AcDbSectionViewStyle
  3
ObjectDBX Classes
 90
     1025
 91
        1
280
     0
281
     0
  0
CLASS
  1
ACDBDETAILVIEWSTYLE
  2
AcDbDetailViewStyle
  3
ObjectDBX Classes
 90
     1025
 91
        1
280
     0
281
     0
  0
ENDSEC
  0
SECTION
  2
TABLES
  0
TABLE
  2
VPORT
  5
8
330
0
100
AcDbSymbolTable
 70
     1
  0
VPORT
  5
EA
330
8
100
AcDbSymbolTableRecord
100
AcDbViewportTableRecord
  2
*Active
 70
     0
 10
0.0
 20
0.0
 11
1.0
 21
1.0
 12
26.13531116233776
 22
8.376287332784158
 13
0.0
 23
0.0
 14
10.0
 24
10.0
 15
10.0
 25
10.0
 16
0.0
 26
0.0
 36
1.0
 17
0.0
 27
0.0
 37
0.0
 40
393.0272442228397
 41
2.104271356783919
 42
50.0
 43
0.0
 44
0.0
 50
0.0
 51
0.0
 71
     0
 72
  1000
 73
     1
 74
     3
 75
     0
 76
     1
 77
     0
 78
     0
281
     0
 65
     1
110
0.0
120
0.0
130
0.0
111
1.0
121
0.0
131
0.0
112
0.0
122
1.0
132
0.0
 79
     0
146
0.0
348
F5
 60
     3
 61
     5
292
     1
282
     1
141
0.0
142
0.0
 63
   250
421
  3355443
1001
ACAD_NAV_VCDISPLAY
1070
     3
  0
ENDTAB
  0
TABLE
  2
LTYPE
  5
5
330
0
100
AcDbSymbolTable
 70
     2
  0
LTYPE
  5
14
330
5
100
AcDbSymbolTableRecord
100
AcDbLinetypeTableRecord
  2
ByBlock
 70
     0
  3

 72
    65
 73
     0
 40
0.0
  0
LTYPE
  5
15
330
5
100
AcDbSymbolTableRecord
100
AcDbLinetypeTableRecord
  2
ByLayer
 70
     0
  3

 72
    65
 73
     0
 40
0.0
  0
LTYPE
  5
16
330
5
100
AcDbSymbolTableRecord
100
AcDbLinetypeTableRecord
  2
Continuous
 70
     0
  3
Solid line
 72
    65
 73
     0
 40
0.0
  0
ENDTAB
  0
TABLE
  2
LAYER
  5
2
102
{ACAD_XDICTIONARY
360
1FF
102
}
330
0
100
AcDbSymbolTable
 70
     1
0
LAYER
5
eef
100
AcDbSymbolTableRecord
100
AcDbLayerTableRecord
2
TopLayer
70
0
420
16711680
6
Continuous
370
-3
390
F
347
21
0
LAYER
5
ef0
100
AcDbSymbolTableRecord
100
AcDbLayerTableRecord
2
BottomLayer
70
0
420
255
6
Continuous
370
-3
390
F
347
21
0
LAYER
5
ef1
100
AcDbSymbolTableRecord
100
AcDbLayerTableRecord
2
TopSilkLayer
70
0
420
16763904
6
Continuous
370
-3
390
F
347
21
0
LAYER
5
ef2
100
AcDbSymbolTableRecord
100
AcDbLayerTableRecord
2
TopPasteMaskLayer
70
0
420
8421504
6
Continuous
370
-3
390
F
347
21
0
LAYER
5
ef3
100
AcDbSymbolTableRecord
100
AcDbLayerTableRecord
2
TopSolderMaskLayer
70
0
420
8388736
6
Continuous
370
-3
390
F
347
21
0
LAYER
5
ef4
100
AcDbSymbolTableRecord
100
AcDbLayerTableRecord
2
BottomSolderMaskLayer
70
0
420
11141375
6
Continuous
370
-3
390
F
347
21
0
LAYER
5
ef5
100
AcDbSymbolTableRecord
100
AcDbLayerTableRecord
2
BoardOutLine
70
0
420
16711935
6
Continuous
370
-3
390
F
347
21
0
LAYER
5
ef6
100
AcDbSymbolTableRecord
100
AcDbLayerTableRecord
2
Multi-Layer
70
0
420
12632256
6
Continuous
370
-3
390
F
347
21
0
LAYER
5
ef7
100
AcDbSymbolTableRecord
100
AcDbLayerTableRecord
2
Document
70
0
420
16777215
6
Continuous
370
-3
390
F
347
21
0
LAYER
5
ef8
100
AcDbSymbolTableRecord
100
AcDbLayerTableRecord
2
Hole
70
0
420
2236962
6
Continuous
370
-3
390
F
347
21
  0
LAYER
  5
10
102
{ACAD_XDICTIONARY
360
13C
102
}
330
2
100
AcDbSymbolTableRecord
100
AcDbLayerTableRecord
  2
0
 70
     0
 62
     7
  6
Continuous
370
    -3
390
F
347
EE
  0
ENDTAB
  0
TABLE
  2
STYLE
  5
3
330
0
100
AcDbSymbolTable
 70
     2
  0
STYLE
  5
11
330
3
100
AcDbSymbolTableRecord
100
AcDbTextStyleTableRecord
  2
Standard
 70
     0
 40
0.0
 41
1.0
 50
0.0
 71
     0
 42
2.5
  3
arial.ttf
  4

1001
ACAD
1000
Arial
1071
       34
  0
STYLE
  5
132
330
3
100
AcDbSymbolTableRecord
100
AcDbTextStyleTableRecord
  2
Annotative
 70
     0
 40
0.0
 41
1.0
 50
0.0
 71
     0
 42
2.5
  3
arial.ttf
  4

1001
AcadAnnotative
1000
AnnotativeData
1002
{
1070
     1
1070
     1
1002
}
1001
ACAD
1000
Arial
1071
       34
  0
ENDTAB
  0
TABLE
  2
VIEW
  5
6
330
0
100
AcDbSymbolTable
 70
     0
  0
ENDTAB
  0
TABLE
  2
UCS
  5
7
330
0
100
AcDbSymbolTable
 70
     0
  0
ENDTAB
  0
TABLE
  2
APPID
  5
9
330
0
100
AcDbSymbolTable
 70
     9
  0
APPID
  5
12
330
9
100
AcDbSymbolTableRecord
100
AcDbRegAppTableRecord
  2
ACAD
 70
     0
  0
APPID
  5
9E
330
9
100
AcDbSymbolTableRecord
100
AcDbRegAppTableRecord
  2
ACAD_PSEXT
 70
     0
  0
APPID
  5
133
330
9
100
AcDbSymbolTableRecord
100
AcDbRegAppTableRecord
  2
AcadAnnoPO
 70
     0
  0
APPID
  5
134
330
9
100
AcDbSymbolTableRecord
100
AcDbRegAppTableRecord
  2
AcadAnnotative
 70
     0
  0
APPID
  5
135
330
9
100
AcDbSymbolTableRecord
100
AcDbRegAppTableRecord
  2
ACAD_DSTYLE_DIMJAG
 70
     0
  0
APPID
  5
136
330
9
100
AcDbSymbolTableRecord
100
AcDbRegAppTableRecord
  2
ACAD_DSTYLE_DIMTALN
 70
     0
  0
APPID
  5
165
330
9
100
AcDbSymbolTableRecord
100
AcDbRegAppTableRecord
  2
ACAD_MLEADERVER
 70
     0
  0
APPID
  5
217
330
9
100
AcDbSymbolTableRecord
100
AcDbRegAppTableRecord
  2
ACAD_NAV_VCDISPLAY
 70
     0
  0
APPID
  5
26E
330
9
100
AcDbSymbolTableRecord
100
AcDbRegAppTableRecord
  2
ACAD_EXEMPT_FROM_CAD_STANDARDS
 70
     0
  0
ENDTAB
  0
TABLE
  2
DIMSTYLE
  5
A
330
0
100
AcDbSymbolTable
 70
     4
100
AcDbDimStyleTable
 71
     2
340
27
340
137
  0
DIMSTYLE
105
1B0
330
A
100
AcDbSymbolTableRecord
100
AcDbDimStyleTableRecord
  2
Standard
 70
     0
340
11
  0
DIMSTYLE
105
137
330
A
100
AcDbSymbolTableRecord
100
AcDbDimStyleTableRecord
  2
Annotative
 70
     0
 40
0.0
 41
2.5
 42
0.625
 43
3.75
 44
1.25
 73
     0
 74
     0
 77
     1
 78
     8
140
2.5
141
2.5
143
0.03937007874016
147
0.625
171
     3
172
     1
271
     2
272
     2
274
     3
278
    44
283
     0
284
     8
340
11
1001
AcadAnnotative
1000
AnnotativeData
1002
{
1070
     1
1070
     1
1002
}
1001
ACAD_DSTYLE_DIMJAG
1070
   388
1040
1.5
1001
ACAD_DSTYLE_DIMTALN
1070
   392
1070
     0
  0
DIMSTYLE
105
27
330
A
100
AcDbSymbolTableRecord
100
AcDbDimStyleTableRecord
  2
ISO-25
 70
     0
 41
2.5
 42
0.625
 43
3.75
 44
1.25
 73
     0
 74
     0
 77
     1
 78
     8
140
2.5
141
2.5
143
0.03937007874016
147
0.625
171
     3
172
     1
271
     2
272
     2
274
     3
278
    44
283
     0
284
     8
340
11
  0
ENDTAB
  0
TABLE
  2
BLOCK_RECORD
  5
1
330
0
100
AcDbSymbolTable
 70
     2
  0
BLOCK_RECORD
  5
1F
102
{ACAD_XDICTIONARY
360
1CE
102
}
330
1
100
AcDbSymbolTableRecord
100
AcDbBlockTableRecord
  2
*Model_Space
340
22
 70
     0
280
     1
281
     0
  0
BLOCK_RECORD
  5
D2
330
1
100
AcDbSymbolTableRecord
100
AcDbBlockTableRecord
  2
*Paper_Space
340
D3
 70
     0
280
     1
281
     0
  0
BLOCK_RECORD
  5
D6
330
1
100
AcDbSymbolTableRecord
100
AcDbBlockTableRecord
  2
*Paper_Space0
340
D7
 70
     0
280
     1
281
     0
  0
ENDTAB
  0
ENDSEC
  0
SECTION
  2
BLOCKS
  0
BLOCK
  5
20
330
1F
100
AcDbEntity
  8
0
100
AcDbBlockBegin
  2
*Model_Space
 70
     0
 10
0.0
 20
0.0
 30
0.0
  3
*Model_Space
  1

  0
ENDBLK
  5
21
330
1F
100
AcDbEntity
  8
0
100
AcDbBlockEnd
  0
BLOCK
  5
D4
330
D2
100
AcDbEntity
 67
     1
  8
0
100
AcDbBlockBegin
  2
*Paper_Space
 70
     0
 10
0.0
 20
0.0
 30
0.0
  3
*Paper_Space
  1

  0
ENDBLK
  5
D5
330
D2
100
AcDbEntity
 67
     1
  8
0
100
AcDbBlockEnd
  0
BLOCK
  5
D8
330
D6
100
AcDbEntity
 67
     1
  8
0
100
AcDbBlockBegin
  2
*Paper_Space0
 70
     0
 10
0.0
 20
0.0
 30
0.0
  3
*Paper_Space0
  1

  0
ENDBLK
  5
D9
330
D6
100
AcDbEntity
 67
     1
  8
0
100
AcDbBlockEnd
  0
ENDSEC
  0
SECTION
  2
ENTITIES
  0
LWPOLYLINE
  5
3e8
330
1F
100
AcDbEntity
  8
BottomLayer
100
AcDbPolyline
 90
2
 70
 0
 43
0.25400050800101603 
 10
40.94808229616456
 20
25.193980187960392
 10
34.90312420624832
 20
19.14902209804427
 10
33.093624587249224
 20
19.14902209804427
  0
LWPOLYLINE
  5
3e9
330
1F
100
AcDbEntity
  8
BottomLayer
100
AcDbPolyline
 90
2
 70
 0
 43
0.25400050800101603 
 10
23.02453644907291
 20
125.57371094742189
 10
21.106832613665347
 20
125.57371094742189
 10
18.84140208280428
 20
127.83914147828307
  0
LWPOLYLINE
  5
3ea
330
1F
100
AcDbEntity
  8
BottomLayer
100
AcDbPolyline
 90
1
 70
 0
 43
0.5 
 10
22.565811531623012
 20
106.95420370840748
 10
12.144678689357306
 20
117.37533655067307
  0
LWPOLYLINE
  5
3eb
330
1F
100
AcDbEntity
  8
BottomLayer
100
AcDbPolyline
 90
2
 70
 0
 43
0.3500127000254001 
 10
43.487833375666696
 20
25.193980187960392
 10
45.95214630429268
 20
25.193980187960392
 10
50.89702819405625
 20
20.2490982981966
  0
LWPOLYLINE
  5
3ec
330
1F
100
AcDbEntity
  8
BottomLayer
100
AcDbPolyline
 90
1
 70
 0
 43
0.3500127000254001 
 10
43.487833375666696
 20
25.193980187960392
 10
42.262280924561765
 20
25.193980187960392
  0
LWPOLYLINE
  5
3ed
330
1F
100
AcDbEntity
  8
BottomLayer
100
AcDbPolyline
 90
3
 70
 0
 43
0.3500127000254001 
 10
42.262280924561765
 20
25.193980187960392
 10
42.262280924561765
 20
24.75481330962657
 10
35.386487172974284
 20
17.879019558039204
 10
33.14391668783355
 20
17.879019558039204
  0
LWPOLYLINE
  5
3ee
330
1F
100
AcDbEntity
  8
BottomLayer
100
AcDbPolyline
 90
2
 70
 0
 43
0.3500127000254001 
 10
37.683667767335464
 20
132.30370840741682
 10
51.46141732283468
 20
118.52595885191772
 10
66.2107188214377
 20
118.52595885191772
  0
LWPOLYLINE
  5
3ef
330
1F
100
AcDbEntity
  8
BottomLayer
100
AcDbPolyline
 90
2
 70
 0
 43
0.3500127000254001 
 10
50.89702819405625
 20
20.2490982981966
 10
57.169062738125376
 20
20.2490982981966
 10
66.22291084582184
 20
29.302946405892726
  0
LWPOLYLINE
  5
3f0
330
1F
100
AcDbEntity
  8
BottomLayer
100
AcDbPolyline
 90
2
 70
 0
 43
0.25400050800101603 
 10
38.408077216154425
 20
25.193980187960392
 10
34.34152908305805
 20
21.12743205486413
 10
31.63947167894321
 20
21.12743205486413
  0
LWPOLYLINE
  5
3f1
330
1F
100
AcDbEntity
  8
BottomLayer
100
AcDbPolyline
 90
1
 70
 0
 43
0.25400050800101603 
 10
38.24983489966985
 20
122.09390398780795
 10
37.75021590043184
 20
121.59428498856994
  0
LWPOLYLINE
  5
3f2
330
1F
100
AcDbEntity
  8
BottomLayer
100
AcDbPolyline
 90
1
 70
 0
 43
0.25400050800101603 
 10
38.75021590043161
 20
122.59428498856994
 10
38.24983489966985
 20
122.09390398780795
  0
LWPOLYLINE
  5
3f3
330
1F
100
AcDbEntity
  8
BottomLayer
100
AcDbPolyline
 90
2
 70
 0
 43
0.25400050800101603 
 10
38.75021590043161
 20
121.59428498856994
 10
38.74945389890786
 20
121.59428498856994
 10
38.24983489966985
 20
122.09390398780795
  0
LWPOLYLINE
  5
3f4
330
1F
100
AcDbEntity
  8
BottomLayer
100
AcDbPolyline
 90
2
 70
 0
 43
0.25400050800101603 
 10
37.75021590043184
 20
122.59428498856994
 10
38.24983489966985
 20
122.09466598933204
 10
38.24983489966985
 20
122.09390398780795
  0
LWPOLYLINE
  5
3f5
330
1F
100
AcDbEntity
  8
BottomLayer
100
AcDbPolyline
 90
2
 70
 0
 43
0.25400050800101603 
 10
2.754025908051858
 20
115.15791211582416
 10
9.190398780797523
 20
121.59428498856994
 10
37.75021590043184
 20
121.59428498856994
  0
LWPOLYLINE
  5
3f6
330
1F
100
AcDbEntity
  8
BottomLayer
100
AcDbPolyline
 90
2
 70
 0
 43
0.25400050800101603 
 10
75.98999237998464
 20
130.6107950215901
 10
62.78602997206008
 20
130.6107950215901
 10
59.675031750063454
 20
127.49979679959358
  0
LWPOLYLINE
  5
3f7
330
1F
100
AcDbEntity
  8
BottomLayer
100
AcDbPolyline
 90
2
 70
 0
 43
0.25400050800101603 
 10
37.75021590043184
 20
121.59428498856994
 10
36.93843027686057
 20
122.4060706121412
 10
32.347879095758344
 20
122.4060706121412
  0
LWPOLYLINE
  5
3f8
330
1F
100
AcDbEntity
  8
BottomLayer
100
AcDbPolyline
 90
1
 70
 0
 43
0.25400050800101603 
 10
40.375057150114344
 20
124.22065024130052
 10
43.16144272288534
 20
124.22065024130052
  0
LWPOLYLINE
  5
3f9
330
1F
100
AcDbEntity
  8
BottomLayer
100
AcDbPolyline
 90
1
 70
 0
 43
0.25400050800101603 
 10
40.375057150114344
 20
124.32707645415292
 10
40.375057150114344
 20
124.22065024130052
  0
LWPOLYLINE
  5
3fa
330
1F
100
AcDbEntity
  8
BottomLayer
100
AcDbPolyline
 90
2
 70
 0
 43
0.25400050800101603 
 10
40.375057150114344
 20
124.22065024130052
 10
40.375057150114344
 20
124.21912623825244
 10
38.75021590043161
 20
122.59428498856994
  0
LWPOLYLINE
  5
3fb
330
1F
100
AcDbEntity
  8
BottomLayer
100
AcDbPolyline
 90
1
 70
 0
 43
0.25400050800101603 
 10
13.667919735839405
 20
9.43502667005339
 10
13.667919735839405
 20
13.289738379476717
  0
LWPOLYLINE
  5
3fc
330
1F
100
AcDbEntity
  8
BottomLayer
100
AcDbPolyline
 90
2
 70
 0
 43
0.25400050800101603 
 10
13.667919735839405
 20
13.289738379476717
 10
3.7527559055117763
 20
23.20490220980446
 10
2.651917703835352
 20
23.20490220980446
  0
LWPOLYLINE
  5
3fd
330
1F
100
AcDbEntity
  8
BottomLayer
100
AcDbPolyline
 90
3
 70
 0
 43
0.25400050800101603 
 10
35.86807213614429
 20
25.193980187960392
 10
37.05806451612921
 20
26.383972567945193
 10
51.10632461264936
 20
26.383972567945193
 10
55.151790703581355
 20
22.33850647701297
  0
LWPOLYLINE
  5
3fe
330
1F
100
AcDbEntity
  8
BottomLayer
100
AcDbPolyline
 90
2
 70
 0
 43
0.25400050800101603 
 10
13.667919735839405
 20
13.289738379476717
 10
21.736753873507723
 20
21.358572517145035
 10
22.504851409702724
 20
21.358572517145035
  0
LWPOLYLINE
  5
3ff
330
1F
100
AcDbEntity
  8
BottomLayer
100
AcDbPolyline
 90
2
 70
 0
 43
0.25400050800101603 
 10
22.504851409702724
 20
21.358572517145035
 10
26.340259080518308
 20
25.193980187960392
 10
35.86807213614429
 20
25.193980187960392
  0
LWPOLYLINE
  5
400
330
1F
100
AcDbEntity
  8
BoardOutLine
100
AcDbPolyline
 90
1
 70
 0
 43
0.25400050800101603 
 10
78.59100838201675
 20
136.6800101600203
 10
78.48615697231389
 20
6.858013716027472
  0
LWPOLYLINE
  5
401
330
1F
100
AcDbEntity
  8
BoardOutLine
100
AcDbPolyline
 90
1
 70
 0
 43
0.25400050800101603 
 10
0.12750825501655072
 20
136.7310134620269
 10
78.71851663703319
 20
136.6290322580645
  0
LWPOLYLINE
  5
402
330
1F
100
AcDbEntity
  8
BoardOutLine
100
AcDbPolyline
 90
2
 70
 0
 43
0.25400050800101603 
 10
78.48615697231389
 20
6.858013716027472
 10
0.25400050800101326
 20
6.858013716027472
 10
0.10200660401324058
 20
136.78199136398268
  0
LWPOLYLINE
  5
403
330
1F
100
AcDbEntity
  8
TopLayer
100
AcDbPolyline
 90
7
 70
 0
 43
0.25400050800101603 
 10
38.408077216154425
 20
25.193980187960392
 10
38.408077216154425
 20
81.52621285242572
 10
63.5713995427991
 20
106.68953517907039
 10
63.5713995427991
 20
110.2353822707646
 10
64.06847853695717
 20
110.73246126492256
 10
64.53355346710691
 20
110.73246126492256
 10
65.5020574041148
 20
109.76395732791468
 10
65.5020574041148
 20
109.37660655321304
  0
LWPOLYLINE
  5
404
330
1F
100
AcDbEntity
  8
TopLayer
100
AcDbPolyline
 90
1
 70
 0
 43
0.5 
 10
62.06700533401067
 20
25.5
 10
62.10612141224283
 20
25.460883921767845
  0
LWPOLYLINE
  5
405
330
1F
100
AcDbEntity
  8
TopLayer
100
AcDbPolyline
 90
1
 70
 0
 43
0.5 
 10
19.584099568199235
 20
14.330886461772934
 10
19.584099568199235
 20
15.558724917449808
  0
LWPOLYLINE
  5
406
330
1F
100
AcDbEntity
  8
TopLayer
100
AcDbPolyline
 90
2
 70
 0
 43
0.5 
 10
19.552857505714883
 20
16.523926847853772
 10
19.552857505714883
 20
15.589966979933934
 10
19.584099568199235
 20
15.558724917449808
  0
LWPOLYLINE
  5
407
330
1F
100
AcDbEntity
  8
TopLayer
100
AcDbPolyline
 90
7
 70
 0
 43
0.5 
 10
26.208940817881512
 20
127.2447802895606
 10
24.94960629921252
 20
128.5041148082297
 10
23.141630683261383
 20
128.5041148082297
 10
21.734467868935553
 20
127.0969519939041
 10
21.734467868935553
 20
22.70147320294643
 10
18.496977393954694
 20
19.46398272796546
 10
18.496977393954694
 20
16.636195072390137
 10
18.609245618491286
 20
16.523926847853772
  0
LWPOLYLINE
  5
408
330
1F
100
AcDbEntity
  8
TopLayer
100
AcDbPolyline
 90
1
 70
 0
 43
0.5 
 10
19.552857505714883
 20
16.523926847853772
 10
18.609245618491286
 20
16.523926847853772
  0
LWPOLYLINE
  5
409
330
1F
100
AcDbEntity
  8
TopLayer
100
AcDbPolyline
 90
2
 70
 0
 43
0.25400050800101603 
 10
30.683921767843458
 20
114.3928625857252
 10
30.683921767843458
 20
116.24224028448054
 10
31.81270002540009
 20
117.37101854203706
  0
LWPOLYLINE
  5
40a
330
1F
100
AcDbEntity
  8
TopLayer
100
AcDbPolyline
 90
1
 70
 0
 43
0.25400050800101603 
 10
32.74208788417582
 20
117.37101854203706
 10
31.81270002540009
 20
117.37101854203706
  0
LWPOLYLINE
  5
40b
330
1F
100
AcDbEntity
  8
TopLayer
100
AcDbPolyline
 90
1
 70
 0
 43
0.25400050800101603 
 10
30.106832613665347
 20
114.3928625857252
 10
30.683921767843458
 20
114.3928625857252
  0
LWPOLYLINE
  5
40c
330
1F
100
AcDbEntity
  8
TopLayer
100
AcDbPolyline
 90
1
 70
 0
 43
0.25400050800101603 
 10
30.106832613665347
 20
114.3928625857252
 10
29.529489458979015
 20
114.3928625857252
  0
LWPOLYLINE
  5
40d
330
1F
100
AcDbEntity
  8
TopLayer
100
AcDbPolyline
 90
2
 70
 0
 43
0.25400050800101603 
 10
28.375057150114344
 20
114.3928625857252
 10
28.375057150114344
 20
114.75252730505463
 10
26.8535941071882
 20
116.27399034798077
  0
LWPOLYLINE
  5
40e
330
1F
100
AcDbEntity
  8
TopLayer
100
AcDbPolyline
 90
1
 70
 0
 43
0.25400050800101603 
 10
24.939192278384553
 20
116.27399034798077
 10
26.8535941071882
 20
116.27399034798077
  0
LWPOLYLINE
  5
40f
330
1F
100
AcDbEntity
  8
TopLayer
100
AcDbPolyline
 90
1
 70
 0
 43
0.25400050800101603 
 10
29.529489458979015
 20
114.3928625857252
 10
28.375057150114344
 20
114.3928625857252
  0
LWPOLYLINE
  5
410
330
1F
100
AcDbEntity
  8
TopLayer
100
AcDbPolyline
 90
2
 70
 0
 43
0.25400050800101603 
 10
36.125120650241115
 20
120.46880873761745
 10
33.67172974345954
 20
118.01541783083564
 10
33.67172974345954
 20
117.37101854203706
  0
LWPOLYLINE
  5
411
330
1F
100
AcDbEntity
  8
TopLayer
100
AcDbPolyline
 90
1
 70
 0
 43
0.25400050800101603 
 10
32.74208788417582
 20
117.37101854203706
 10
33.67172974345954
 20
117.37101854203706
  0
LWPOLYLINE
  5
412
330
1F
100
AcDbEntity
  8
TopLayer
100
AcDbPolyline
 90
4
 70
 0
 43
0.61998983997968 
 10
48.05654051308102
 20
27.128702057404098
 10
48.05654051308102
 20
22.808407416814816
 10
47.241706883413826
 20
21.99357378714751
 10
36.38343916687836
 20
21.99357378714751
 10
31.24831089662166
 20
27.128702057404098
  0
LWPOLYLINE
  5
413
330
1F
100
AcDbEntity
  8
TopLayer
100
AcDbPolyline
 90
1
 70
 0
 43
0.61998983997968 
 10
52.3768351536703
 20
27.128702057404098
 10
48.05654051308102
 20
27.128702057404098
  0
LWPOLYLINE
  5
414
330
1F
100
AcDbEntity
  8
TopLayer
100
AcDbPolyline
 90
1
 70
 0
 43
0.61998983997968 
 10
26.92801625603238
 20
27.128702057404098
 10
31.24831089662166
 20
27.128702057404098
  0
LWPOLYLINE
  5
415
330
1F
100
AcDbEntity
  8
TopLayer
100
AcDbPolyline
 90
2
 70
 0
 43
0.5 
 10
51.164744729489485
 20
132.19194818389633
 10
56.54650749301504
 20
126.81018542037077
 10
56.54650749301504
 20
123.5221488442977
  0
LWPOLYLINE
  5
416
330
1F
100
AcDbEntity
  8
TopLayer
100
AcDbPolyline
 90
1
 70
 0
 43
0.5 
 10
57.03723647447282
 20
123.5221488442977
 10
57.34381508763022
 20
123.5221488442977
  0
LWPOLYLINE
  5
417
330
1F
100
AcDbEntity
  8
TopLayer
100
AcDbPolyline
 90
1
 70
 0
 43
0.5 
 10
57.03723647447282
 20
123.5221488442977
 10
56.54650749301504
 20
123.5221488442977
  0
LWPOLYLINE
  5
418
330
1F
100
AcDbEntity
  8
TopLayer
100
AcDbPolyline
 90
1
 70
 0
 43
0.5 
 10
57.52771145542306
 20
123.5221488442977
 10
57.34381508763022
 20
123.5221488442977
  0
LWPOLYLINE
  5
419
330
1F
100
AcDbEntity
  8
TopLayer
100
AcDbPolyline
 90
2
 70
 0
 43
0.5 
 10
57.34381508763022
 20
123.5221488442977
 10
58.79745999492002
 20
122.0685039370079
 10
58.79745999492002
 20
121.12489204978408
  0
LWPOLYLINE
  5
41a
330
1F
100
AcDbEntity
  8
TopLayer
100
AcDbPolyline
 90
1
 70
 0
 43
0.5 
 10
59.74107188214384
 20
121.12489204978408
 10
59.26939293878604
 20
121.12489204978408
  0
LWPOLYLINE
  5
41b
330
1F
100
AcDbEntity
  8
TopLayer
100
AcDbPolyline
 90
1
 70
 0
 43
0.5 
 10
59.26939293878604
 20
121.12489204978408
 10
58.79745999492002
 20
121.12489204978408
  0
LWPOLYLINE
  5
41c
330
1F
100
AcDbEntity
  8
TopLayer
100
AcDbPolyline
 90
2
 70
 0
 43
0.5 
 10
59.26939293878604
 20
121.12489204978408
 10
61.76901193802382
 20
123.62451104902209
 10
66.35118110236203
 20
123.62451104902209
  0
LWPOLYLINE
  5
41d
330
1F
100
AcDbEntity
  8
TopLayer
100
AcDbPolyline
 90
2
 70
 0
 43
0.5 
 10
16.932334264668498
 20
127.08831597663197
 10
17.037236474473048
 20
126.98341376682754
 10
17.685191770383653
 20
126.98341376682754
  0
LWPOLYLINE
  5
41e
330
1F
100
AcDbEntity
  8
TopLayer
100
AcDbPolyline
 90
1
 70
 0
 43
0.5 
 10
16.932334264668498
 20
128.31615443230885
 10
16.932334264668498
 20
127.08831597663197
  0
LWPOLYLINE
  5
41f
330
1F
100
AcDbEntity
  8
TopLayer
100
AcDbPolyline
 90
1
 70
 0
 43
0.5 
 10
30.701955803911687
 20
127.20668021336041
 10
28.974498348996804
 20
127.20668021336041
  0
LWPOLYLINE
  5
420
330
1F
100
AcDbEntity
  8
TopLayer
100
AcDbPolyline
 90
1
 70
 0
 43
0.5 
 10
29.93690627381261
 20
122.39946659893326
 10
29.93690627381261
 20
123.67683515367037
  0
LWPOLYLINE
  5
421
330
1F
100
AcDbEntity
  8
TopLayer
100
AcDbPolyline
 90
2
 70
 0
 43
0.5 
 10
23.66893573787138
 20
127.2447802895606
 10
24.89956819913641
 20
126.01414782829556
 10
28.974498348996804
 20
126.01414782829556
  0
LWPOLYLINE
  5
422
330
1F
100
AcDbEntity
  8
TopLayer
100
AcDbPolyline
 90
2
 70
 0
 43
0.5 
 10
29.93690627381261
 20
123.67683515367037
 10
28.974498348996804
 20
124.63924307848606
 10
28.974498348996804
 20
126.01414782829556
  0
LWPOLYLINE
  5
423
330
1F
100
AcDbEntity
  8
TopLayer
100
AcDbPolyline
 90
1
 70
 0
 43
0.5 
 10
17.685191770383653
 20
126.57879095758199
 10
17.685191770383653
 20
126.98341376682754
  0
LWPOLYLINE
  5
424
330
1F
100
AcDbEntity
  8
TopLayer
100
AcDbPolyline
 90
1
 70
 0
 43
0.5 
 10
17.685191770383653
 20
126.57879095758199
 10
17.685191770383653
 20
126.17391414782833
  0
LWPOLYLINE
  5
425
330
1F
100
AcDbEntity
  8
TopLayer
100
AcDbPolyline
 90
2
 70
 0
 43
0.5 
 10
17.622961645923397
 20
123.64254508509009
 10
17.622961645923397
 20
125.30218440436875
 10
17.685191770383653
 20
125.364414528829
  0
LWPOLYLINE
  5
426
330
1F
100
AcDbEntity
  8
TopLayer
100
AcDbPolyline
 90
1
 70
 0
 43
0.5 
 10
17.685191770383653
 20
126.17391414782833
 10
17.685191770383653
 20
125.364414528829
  0
LWPOLYLINE
  5
427
330
1F
100
AcDbEntity
  8
TopLayer
100
AcDbPolyline
 90
1
 70
 0
 43
0.5 
 10
17.622961645923397
 20
123.64254508509009
 10
18.89296418592835
 20
123.64254508509009
  0
LWPOLYLINE
  5
428
330
1F
100
AcDbEntity
  8
TopLayer
100
AcDbPolyline
 90
1
 70
 0
 43
0.5 
 10
18.89296418592835
 20
123.64254508509009
 10
20.162966725933302
 20
123.64254508509009
  0
LWPOLYLINE
  5
429
330
1F
100
AcDbEntity
  8
TopLayer
100
AcDbPolyline
 90
3
 70
 0
 43
0.5 
 10
36.125120650241115
 20
122.41927863855733
 10
35.06162052324089
 20
122.41927863855733
 10
34.715417830835804
 20
122.76548133096264
 10
34.715417830835804
 20
123.08907797815607
  0
LWPOLYLINE
  5
42a
330
1F
100
AcDbEntity
  8
TopLayer
100
AcDbPolyline
 90
1
 70
 0
 43
0.5 
 10
34.067970535941186
 20
123.08907797815607
 10
34.715417830835804
 20
123.08907797815607
  0
LWPOLYLINE
  5
42b
330
1F
100
AcDbEntity
  8
TopLayer
100
AcDbPolyline
 90
2
 70
 0
 43
0.5 
 10
33.26329692659374
 20
123.33190246380491
 10
33.42052324104657
 20
123.17467614935231
 10
33.42052324104657
 20
123.08907797815607
  0
LWPOLYLINE
  5
42c
330
1F
100
AcDbEntity
  8
TopLayer
100
AcDbPolyline
 90
1
 70
 0
 43
0.5 
 10
34.067970535941186
 20
123.08907797815607
 10
33.42052324104657
 20
123.08907797815607
  0
LWPOLYLINE
  5
42d
330
1F
100
AcDbEntity
  8
TopLayer
100
AcDbPolyline
 90
1
 70
 0
 43
0.5 
 10
32.849784099568296
 20
123.33190246380491
 10
33.26329692659374
 20
123.33190246380491
  0
LWPOLYLINE
  5
42e
330
1F
100
AcDbEntity
  8
TopLayer
100
AcDbPolyline
 90
1
 70
 0
 43
0.5 
 10
32.849784099568296
 20
123.33190246380491
 10
32.43601727203463
 20
123.33190246380491
  0
LWPOLYLINE
  5
42f
330
1F
100
AcDbEntity
  8
TopLayer
100
AcDbPolyline
 90
4
 70
 0
 43
0.5 
 10
32.43601727203463
 20
123.33190246380491
 10
31.557429514859223
 20
124.21049022098055
 10
31.557429514859223
 20
125.33495046990095
 10
32.42941325882657
 20
126.20693421386841
 10
32.42941325882657
 20
127.20668021336041
  0
LWPOLYLINE
  5
430
330
1F
100
AcDbEntity
  8
TopLayer
100
AcDbPolyline
 90
1
 70
 0
 43
0.5 
 10
30.701955803911687
 20
127.20668021336041
 10
32.42941325882657
 20
127.20668021336041
  0
LWPOLYLINE
  5
431
330
1F
100
AcDbEntity
  8
TopLayer
100
AcDbPolyline
 90
1
 70
 0
 43
0.5 
 10
28.974498348996804
 20
126.01414782829556
 10
28.974498348996804
 20
127.20668021336041
  0
LWPOLYLINE
  5
432
330
1F
100
AcDbEntity
  8
TopLayer
100
AcDbPolyline
 90
4
 70
 0
 43
0.5 
 10
28.974498348996804
 20
127.20668021336041
 10
27.057048514097232
 20
129.1241300482601
 10
22.82336804673605
 20
129.1241300482601
 10
20.162966725933302
 20
126.46372872745758
 10
20.162966725933302
 20
123.64254508509009
  0
LWPOLYLINE
  5
433
330
1F
100
AcDbEntity
  8
TopLayer
100
AcDbPolyline
 90
1
 70
 0
 43
0.25400050800101603 
 10
36.11978663957325
 20
125.15410210820414
 10
36.11978663957325
 20
124.46753873507748
  0
LWPOLYLINE
  5
434
330
1F
100
AcDbEntity
  8
TopLayer
100
AcDbPolyline
 90
2
 70
 0
 43
0.25400050800101603 
 10
33.140360680721415
 20
124.73195326390658
 10
33.140360680721415
 20
124.35806451612905
 10
33.54345948691889
 20
123.95496570993134
  0
LWPOLYLINE
  5
435
330
1F
100
AcDbEntity
  8
TopLayer
100
AcDbPolyline
 90
1
 70
 0
 43
0.25400050800101603 
 10
34.067970535941186
 20
123.95496570993134
 10
33.54345948691889
 20
123.95496570993134
  0
LWPOLYLINE
  5
436
330
1F
100
AcDbEntity
  8
TopLayer
100
AcDbPolyline
 90
1
 70
 0
 43
0.25400050800101603 
 10
32.43601727203463
 20
124.73195326390658
 10
33.140360680721415
 20
124.73195326390658
  0
LWPOLYLINE
  5
437
330
1F
100
AcDbEntity
  8
TopLayer
100
AcDbPolyline
 90
1
 70
 0
 43
0.25400050800101603 
 10
34.067970535941186
 20
123.95496570993134
 10
34.59248158496325
 20
123.95496570993134
  0
LWPOLYLINE
  5
438
330
1F
100
AcDbEntity
  8
TopLayer
100
AcDbPolyline
 90
1
 70
 0
 43
0.25400050800101603 
 10
36.11978663957325
 20
124.13200406400813
 10
36.11978663957325
 20
124.46753873507748
  0
LWPOLYLINE
  5
439
330
1F
100
AcDbEntity
  8
TopLayer
100
AcDbPolyline
 90
2
 70
 0
 43
0.25400050800101603 
 10
36.125120650241115
 20
123.71925323850644
 10
36.125120650241115
 20
124.12667005334015
 10
36.11978663957325
 20
124.13200406400813
  0
LWPOLYLINE
  5
43a
330
1F
100
AcDbEntity
  8
TopLayer
100
AcDbPolyline
 90
2
 70
 0
 43
0.25400050800101603 
 10
36.11978663957325
 20
124.13200406400813
 10
34.76951993903981
 20
124.13200406400813
 10
34.59248158496325
 20
123.95496570993134
  0
LWPOLYLINE
  5
43b
330
1F
100
AcDbEntity
  8
TopLayer
100
AcDbPolyline
 90
4
 70
 0
 43
0.25400050800101603 
 10
40.06949453898915
 20
133.32250444500892
 10
41.52161544323076
 20
131.87038354076708
 10
41.52161544323076
 20
122.9249936499873
 10
41.0159004318009
 20
122.41927863855733
 10
40.375057150114344
 20
122.41927863855733
  0
LWPOLYLINE
  5
43c
330
1F
100
AcDbEntity
  8
TopLayer
100
AcDbPolyline
 90
1
 70
 0
 43
0.25400050800101603 
 10
40.06949453898915
 20
133.97706375412758
 10
40.06949453898915
 20
133.32250444500892
  0
LWPOLYLINE
  5
43d
330
1F
100
AcDbEntity
  8
TopLayer
100
AcDbPolyline
 90
4
 70
 0
 43
0.25400050800101603 
 10
40.375057150114344
 20
123.06926593853188
 10
39.800762001523935
 20
123.06926593853188
 10
39.321209042418104
 20
123.54881889763783
 10
39.321209042418104
 20
127.84879349758705
 10
33.898552197104436
 20
133.27145034290072
  0
LWPOLYLINE
  5
43e
330
1F
100
AcDbEntity
  8
TopLayer
100
AcDbPolyline
 90
1
 70
 0
 43
0.25400050800101603 
 10
33.898552197104436
 20
133.9260096520194
 10
33.898552197104436
 20
133.27145034290072
  0
LWPOLYLINE
  5
43f
330
1F
100
AcDbEntity
  8
TopLayer
100
AcDbPolyline
 90
2
 70
 0
 43
0.5 
 10
66.35118110236203
 20
128.00957581915168
 10
62.724815849631796
 20
128.00957581915168
 10
62.215036830073586
 20
127.49979679959358
  0
LWPOLYLINE
  5
440
330
1F
100
AcDbEntity
  8
TopLayer
100
AcDbPolyline
 90
5
 70
 0
 43
0.5 
 10
43.27650495301009
 20
134.02786385572767
 10
43.27650495301009
 20
134.61104902209797
 10
43.88712217424427
 20
135.2216662433325
 10
55.06949453898915
 20
135.2216662433325
 10
62.215036830073586
 20
128.07612395224794
 10
62.215036830073586
 20
127.49979679959358
  0
LWPOLYLINE
  5
441
330
1F
100
AcDbEntity
  8
TopLayer
100
AcDbPolyline
 90
1
 70
 0
 43
0.5 
 10
42.49900939801864
 20
134.02786385572767
 10
43.27650495301009
 20
134.02786385572767
  0
LWPOLYLINE
  5
442
330
1F
100
AcDbEntity
  8
TopLayer
100
AcDbPolyline
 90
2
 70
 0
 43
0.5 
 10
62.15839471678942
 20
25.442392684785432
 10
61.982372364744606
 20
25.618415036830015
 10
61.982372364744606
 20
26.89197358394722
  0
LWPOLYLINE
  5
443
330
1F
100
AcDbEntity
  8
TopLayer
100
AcDbPolyline
 90
1
 70
 0
 43
0.5 
 10
59.77180594361198
 20
26.658801117602252
 10
60.59933959867931
 20
26.658801117602252
  0
LWPOLYLINE
  5
444
330
1F
100
AcDbEntity
  8
TopLayer
100
AcDbPolyline
 90
3
 70
 0
 43
0.5 
 10
52.039776479552984
 20
23.54348488696985
 10
52.4141732283465
 20
23.91788163576325
 10
57.03088646177298
 20
23.91788163576325
 10
59.77180594361198
 20
26.658801117602252
  0
LWPOLYLINE
  5
445
330
1F
100
AcDbEntity
  8
TopLayer
100
AcDbPolyline
 90
1
 70
 0
 43
0.5 
 10
52.039776479552984
 20
22.490906781813578
 10
52.039776479552984
 20
23.017195834391714
  0
LWPOLYLINE
  5
446
330
1F
100
AcDbEntity
  8
TopLayer
100
AcDbPolyline
 90
1
 70
 0
 43
0.5 
 10
52.039776479552984
 20
23.017195834391714
 10
52.039776479552984
 20
23.54348488696985
  0
LWPOLYLINE
  5
447
330
1F
100
AcDbEntity
  8
TopLayer
100
AcDbPolyline
 90
2
 70
 0
 43
0.5 
 10
52.039776479552984
 20
23.017195834391714
 10
43.353467106934204
 20
14.330886461772934
 10
22.541681483363163
 20
14.330886461772934
  0
LWPOLYLINE
  5
448
330
1F
100
AcDbEntity
  8
TopLayer
100
AcDbPolyline
 90
3
 70
 0
 43
0.5 
 10
20.445669291338618
 20
18.563804927609908
 10
20.558191516383204
 20
18.451282702565322
 10
20.558191516383204
 20
15.33317246634499
 10
21.560477520955146
 20
14.330886461772934
  0
LWPOLYLINE
  5
449
330
1F
100
AcDbEntity
  8
TopLayer
100
AcDbPolyline
 90
1
 70
 0
 43
0.5 
 10
19.5018034036068
 20
18.563804927609908
 10
20.445669291338618
 20
18.563804927609908
  0
LWPOLYLINE
  5
44a
330
1F
100
AcDbEntity
  8
TopLayer
100
AcDbPolyline
 90
1
 70
 0
 43
0.5 
 10
22.541681483363163
 20
14.330886461772934
 10
21.560477520955146
 20
14.330886461772934
  0
LWPOLYLINE
  5
44b
330
1F
100
AcDbEntity
  8
TopLayer
100
AcDbPolyline
 90
2
 70
 0
 43
0.5 
 10
60.59933959867931
 20
26.658801117602252
 10
60.83251206502405
 20
26.89197358394722
 10
61.982372364744606
 20
26.89197358394722
  0
LWPOLYLINE
  5
44c
330
1F
100
AcDbEntity
  8
TopLayer
100
AcDbPolyline
 90
2
 70
 0
 43
0.25400050800101603 
 10
62.96205232410466
 20
114.92092964185929
 10
62.96205232410466
 20
116.33164846329691
 10
62.970942341884665
 20
116.34053848107703
  0
LWPOLYLINE
  5
44d
330
1F
100
AcDbEntity
  8
TopLayer
100
AcDbPolyline
 90
1
 70
 0
 43
0.25400050800101603 
 10
62.970942341884665
 20
117.04488188976381
 10
62.970942341884665
 20
116.69283718567442
  0
LWPOLYLINE
  5
44e
330
1F
100
AcDbEntity
  8
TopLayer
100
AcDbPolyline
 90
1
 70
 0
 43
0.25400050800101603 
 10
62.970942341884665
 20
116.69283718567442
 10
62.970942341884665
 20
116.34053848107703
  0
LWPOLYLINE
  5
44f
330
1F
100
AcDbEntity
  8
TopLayer
100
AcDbPolyline
 90
2
 70
 0
 43
0.25400050800101603 
 10
62.970942341884665
 20
116.69283718567442
 10
62.71008382016771
 20
116.95369570739138
 10
62.71008382016771
 20
118.98315976631955
  0
LWPOLYLINE
  5
450
330
1F
100
AcDbEntity
  8
TopLayer
100
AcDbPolyline
 90
2
 70
 0
 43
0.5 
 10
54.57012954025913
 20
123.5221488442977
 10
54.57012954025913
 20
121.9437896875794
 10
54.67147574295154
 20
121.84244348488699
  0
LWPOLYLINE
  5
451
330
1F
100
AcDbEntity
  8
TopLayer
100
AcDbPolyline
 90
1
 70
 0
 43
0.5 
 10
54.67147574295154
 20
120.6148590297181
 10
54.67147574295154
 20
121.84244348488699
  0
LWPOLYLINE
  5
452
330
1F
100
AcDbEntity
  8
TopLayer
100
AcDbPolyline
 90
2
 70
 0
 43
0.5 
 10
60.71008382016748
 20
118.98315976631955
 10
55.075844551689215
 20
118.98315976631955
 10
54.67147574295154
 20
119.3875285750571
  0
LWPOLYLINE
  5
453
330
1F
100
AcDbEntity
  8
TopLayer
100
AcDbPolyline
 90
1
 70
 0
 43
0.5 
 10
54.67147574295154
 20
120.6148590297181
 10
54.67147574295154
 20
119.3875285750571
  0
LWPOLYLINE
  5
454
330
1F
100
AcDbEntity
  8
TopLayer
100
AcDbPolyline
 90
1
 70
 0
 43
0.5 
 10
47.073050546101285
 20
124.37736855473713
 10
48.60289560579122
 20
124.37736855473713
  0
LWPOLYLINE
  5
455
330
1F
100
AcDbEntity
  8
TopLayer
100
AcDbPolyline
 90
2
 70
 0
 43
0.5 
 10
48.60289560579122
 20
124.37736855473713
 10
50.28641097282207
 20
122.6938531877064
 10
50.28641097282207
 20
120.6148590297181
  0
LWPOLYLINE
  5
456
330
1F
100
AcDbEntity
  8
TopLayer
100
AcDbPolyline
 90
1
 70
 0
 43
0.5 
 10
42.62524765049534
 20
120.4990347980696
 10
41.808636017271965
 20
120.4990347980696
  0
LWPOLYLINE
  5
457
330
1F
100
AcDbEntity
  8
TopLayer
100
AcDbPolyline
 90
1
 70
 0
 43
0.5 
 10
42.62524765049534
 20
120.4990347980696
 10
42.635915671831526
 20
120.4990347980696
  0
LWPOLYLINE
  5
458
330
1F
100
AcDbEntity
  8
TopLayer
100
AcDbPolyline
 90
2
 70
 0
 43
0.5 
 10
42.635915671831526
 20
120.4990347980696
 10
48.89321818643634
 20
120.4990347980696
 10
49.009042418084846
 20
120.6148590297181
  0
LWPOLYLINE
  5
459
330
1F
100
AcDbEntity
  8
TopLayer
100
AcDbPolyline
 90
1
 70
 0
 43
0.5 
 10
50.28641097282207
 20
120.6148590297181
 10
49.009042418084846
 20
120.6148590297181
  0
LWPOLYLINE
  5
45a
330
1F
100
AcDbEntity
  8
TopLayer
100
AcDbPolyline
 90
2
 70
 0
 43
0.5 
 10
40.494183388366764
 20
120.34968249936503
 10
41.659283718567394
 20
120.34968249936503
 10
41.808636017271965
 20
120.4990347980696
  0
LWPOLYLINE
  5
45b
330
1F
100
AcDbEntity
  8
TopLayer
100
AcDbPolyline
 90
1
 70
 0
 43
0.5 
 10
40.494183388366764
 20
116.39997459994925
 10
40.494183388366764
 20
120.34968249936503
  0
LWPOLYLINE
  5
45c
330
1F
100
AcDbEntity
  8
TopLayer
100
AcDbPolyline
 90
1
 70
 0
 43
0.5 
 10
40.494183388366764
 20
120.34968249936503
 10
40.375057150114344
 20
120.46880873761745
  0
LWPOLYLINE
  5
45d
330
1F
100
AcDbEntity
  8
TopLayer
100
AcDbPolyline
 90
3
 70
 0
 43
0.25400050800101603 
 10
62.88305816611637
 20
24.90314960629928
 10
62.88305816611637
 20
25.902641605283293
 10
63.18582677165364
 20
26.205410210820446
 10
63.4888493776989
 20
26.205410210820446
  0
LWPOLYLINE
  5
45e
330
1F
100
AcDbEntity
  8
TopLayer
100
AcDbPolyline
 90
1
 70
 0
 43
0.25400050800101603 
 10
63.4888493776989
 20
26.89197358394722
 10
63.4888493776989
 20
26.205410210820446
  0
LWPOLYLINE
  5
45f
330
1F
100
AcDbEntity
  8
TopLayer
100
AcDbPolyline
 90
1
 70
 0
 43
0.25400050800101603 
 10
63.180492760985544
 20
24.90314960629928
 10
62.88305816611637
 20
24.90314960629928
  0
LWPOLYLINE
  5
460
330
1F
100
AcDbEntity
  8
TopLayer
100
AcDbPolyline
 90
1
 70
 0
 43
0.25400050800101603 
 10
63.180492760985544
 20
24.90314960629928
 10
63.477673355346724
 20
24.90314960629928
  0
LWPOLYLINE
  5
461
330
1F
100
AcDbEntity
  8
TopLayer
100
AcDbPolyline
 90
2
 70
 0
 43
0.25400050800101603 
 10
63.477673355346724
 20
24.90314960629928
 10
64.58841757683513
 20
24.90314960629928
 10
65.2516129032258
 20
24.23995427990849
  0
LWPOLYLINE
  5
462
330
1F
100
AcDbEntity
  8
TopLayer
100
AcDbPolyline
 90
1
 70
 0
 43
0.25400050800101603 
 10
65.9092202184404
 20
24.23995427990849
 10
65.2516129032258
 20
24.23995427990849
  0
LWPOLYLINE
  5
463
330
1F
100
AcDbEntity
  8
TopLayer
100
AcDbPolyline
 90
1
 70
 0
 43
0.25400050800101603 
 10
52.67122174244355
 20
132.19194818389633
 10
52.67122174244355
 20
132.8785115570231
  0
LWPOLYLINE
  5
464
330
1F
100
AcDbEntity
  8
TopLayer
100
AcDbPolyline
 90
1
 70
 0
 43
0.25400050800101603 
 10
54.13705867411727
 20
134.02786385572767
 10
54.13705867411727
 20
133.5033528067056
  0
LWPOLYLINE
  5
465
330
1F
100
AcDbEntity
  8
TopLayer
100
AcDbPolyline
 90
1
 70
 0
 43
0.25400050800101603 
 10
52.67122174244355
 20
133.44163068326134
 10
52.67122174244355
 20
132.8785115570231
  0
LWPOLYLINE
  5
466
330
1F
100
AcDbEntity
  8
TopLayer
100
AcDbPolyline
 90
2
 70
 0
 43
0.25400050800101603 
 10
52.66639573279144
 20
133.99992379984758
 10
52.66639573279144
 20
133.44645669291344
 10
52.67122174244355
 20
133.44163068326134
  0
LWPOLYLINE
  5
467
330
1F
100
AcDbEntity
  8
TopLayer
100
AcDbPolyline
 90
2
 70
 0
 43
0.25400050800101603 
 10
52.67122174244355
 20
133.44163068326134
 10
54.075336550673
 20
133.44163068326134
 10
54.13705867411727
 20
133.5033528067056
  0
LWPOLYLINE
  5
468
330
1F
100
AcDbEntity
  8
TopLayer
100
AcDbPolyline
 90
2
 70
 0
 43
0.25400050800101603 
 10
63.477673355346724
 20
25.403276606553277
 10
64.88483616967255
 20
25.403276606553277
 10
65.2516129032258
 20
25.770053340106756
  0
LWPOLYLINE
  5
469
330
1F
100
AcDbEntity
  8
TopLayer
100
AcDbPolyline
 90
1
 70
 0
 43
0.25400050800101603 
 10
65.9092202184404
 20
25.770053340106756
 10
65.5805435610871
 20
25.770053340106756
  0
LWPOLYLINE
  5
46a
330
1F
100
AcDbEntity
  8
TopLayer
100
AcDbPolyline
 90
1
 70
 0
 43
0.25400050800101603 
 10
65.5805435610871
 20
25.770053340106756
 10
65.2516129032258
 20
25.770053340106756
  0
LWPOLYLINE
  5
46b
330
1F
100
AcDbEntity
  8
TopLayer
100
AcDbPolyline
 90
2
 70
 0
 43
0.25400050800101603 
 10
65.5805435610871
 20
25.770053340106756
 10
65.9092202184404
 20
26.098729997460055
 10
65.9092202184404
 20
27.299898399796803
  0
LWPOLYLINE
  5
46c
330
1F
100
AcDbEntity
  8
TopLayer
100
AcDbPolyline
 90
2
 70
 0
 43
0.25400050800101603 
 10
65.9092202184404
 20
27.986461772923462
 10
65.73726187452371
 20
28.15842011684026
 10
65.67426974853947
 20
28.15842011684026
  0
LWPOLYLINE
  5
46d
330
1F
100
AcDbEntity
  8
TopLayer
100
AcDbPolyline
 90
1
 70
 0
 43
0.25400050800101603 
 10
65.9092202184404
 20
27.299898399796803
 10
65.9092202184404
 20
27.986461772923462
  0
LWPOLYLINE
  5
46e
330
1F
100
AcDbEntity
  8
TopLayer
100
AcDbPolyline
 90
1
 70
 0
 43
0.25400050800101603 
 10
65.67426974853947
 20
28.574980949961855
 10
65.67426974853947
 20
28.15842011684026
  0
LWPOLYLINE
  5
46f
330
1F
100
AcDbEntity
  8
TopLayer
100
AcDbPolyline
 90
2
 70
 0
 43
0.25400050800101603 
 10
64.07228854457708
 20
24.403276606553163
 10
65.08803657607314
 20
23.387528575057217
 10
65.5157734315469
 20
23.387528575057217
  0
LWPOLYLINE
  5
470
330
1F
100
AcDbEntity
  8
TopLayer
100
AcDbPolyline
 90
1
 70
 0
 43
0.25400050800101603 
 10
63.477673355346724
 20
24.403276606553163
 10
64.07228854457708
 20
24.403276606553163
  0
LWPOLYLINE
  5
471
330
1F
100
AcDbEntity
  8
TopLayer
100
AcDbPolyline
 90
1
 70
 0
 43
0.25400050800101603 
 10
65.5157734315469
 20
22.863017526035037
 10
65.5157734315469
 20
23.387528575057217
  0
LWPOLYLINE
  5
472
330
1F
100
AcDbEntity
  8
TopLayer
100
AcDbPolyline
 90
2
 70
 0
 43
0.25400050800101603 
 10
61.505867411734926
 20
22.077901955803895
 10
61.505867411734926
 20
24.806121412242874
 10
61.60289560579122
 20
24.90314960629928
  0
LWPOLYLINE
  5
473
330
1F
100
AcDbEntity
  8
TopLayer
100
AcDbPolyline
 90
1
 70
 0
 43
0.25400050800101603 
 10
62.1975107950218
 20
24.90314960629928
 10
61.60289560579122
 20
24.90314960629928
  0
LWPOLYLINE
  5
474
330
1F
100
AcDbEntity
  8
TopLayer
100
AcDbPolyline
 90
1
 70
 0
 43
0.25400050800101603 
 10
44.013106426212744
 20
122.81983743967498
 10
44.013106426212744
 20
122.16197612395229
  0
LWPOLYLINE
  5
475
330
1F
100
AcDbEntity
  8
TopLayer
100
AcDbPolyline
 90
3
 70
 0
 43
0.25400050800101603 
 10
40.375057150114344
 20
121.1190500381
 10
40.61407162814339
 20
121.35806451612905
 10
43.20919481838973
 20
121.35806451612905
 10
44.013106426212744
 20
122.16197612395229
  0
LWPOLYLINE
  5
476
330
1F
100
AcDbEntity
  8
TopLayer
100
AcDbPolyline
 90
2
 70
 0
 43
0.25400050800101603 
 10
44.013106426212744
 20
122.16197612395229
 10
48.551841503683136
 20
122.16197612395229
 10
48.60289560579122
 20
122.21303022606048
  0
LWPOLYLINE
  5
477
330
1F
100
AcDbEntity
  8
TopLayer
100
AcDbPolyline
 90
1
 70
 0
 43
0.25400050800101603 
 10
48.60289560579122
 20
122.87089154178307
 10
48.60289560579122
 20
122.21303022606048
  0
LWPOLYLINE
  5
478
330
1F
100
AcDbEntity
  8
TopLayer
100
AcDbPolyline
 90
2
 70
 0
 43
0.5 
 10
31.16449072898149
 20
118.01440182880367
 10
31.68976377952754
 20
118.53967487934983
 10
31.68976377952754
 20
119.37127254254506
  0
LWPOLYLINE
  5
479
330
1F
100
AcDbEntity
  8
TopLayer
100
AcDbPolyline
 90
1
 70
 0
 43
0.5 
 10
29.93690627381261
 20
118.01440182880367
 10
31.16449072898149
 20
118.01440182880367
  0
LWPOLYLINE
  5
47a
330
1F
100
AcDbEntity
  8
TopLayer
100
AcDbPolyline
 90
1
 70
 0
 43
0.5 
 10
32.21605283210579
 20
119.37127254254506
 10
31.68976377952754
 20
119.37127254254506
  0
LWPOLYLINE
  5
47b
330
1F
100
AcDbEntity
  8
TopLayer
100
AcDbPolyline
 90
1
 70
 0
 43
0.5 
 10
32.21605283210579
 20
119.37127254254506
 10
32.74208788417582
 20
119.37127254254506
  0
LWPOLYLINE
  5
47c
330
1F
100
AcDbEntity
  8
TopLayer
100
AcDbPolyline
 90
3
 70
 0
 43
0.5 
 10
33.79466598933209
 20
119.37127254254506
 10
33.79466598933209
 20
119.71569723139453
 10
35.19801879603756
 20
121.1190500381
 10
36.125120650241115
 20
121.1190500381
  0
LWPOLYLINE
  5
47d
330
1F
100
AcDbEntity
  8
TopLayer
100
AcDbPolyline
 90
1
 70
 0
 43
0.5 
 10
32.74208788417582
 20
119.37127254254506
 10
33.79466598933209
 20
119.37127254254506
  0
LWPOLYLINE
  5
47e
330
1F
100
AcDbEntity
  8
TopLayer
100
AcDbPolyline
 90
1
 70
 0
 43
0.5 
 10
13.87213614427219
 20
122.63187706375413
 10
13.87213614427219
 20
123.50944881889768
  0
LWPOLYLINE
  5
47f
330
1F
100
AcDbEntity
  8
TopLayer
100
AcDbPolyline
 90
2
 70
 0
 43
0.5 
 10
16.17871475742959
 20
123.81678943357883
 10
14.17947675895357
 20
123.81678943357883
 10
13.87213614427219
 20
123.50944881889768
  0
LWPOLYLINE
  5
480
330
1F
100
AcDbEntity
  8
TopLayer
100
AcDbPolyline
 90
1
 70
 0
 43
0.5 
 10
16.17871475742959
 20
126.17391414782833
 10
16.17871475742959
 20
123.81678943357883
  0
LWPOLYLINE
  5
481
330
1F
100
AcDbEntity
  8
TopLayer
100
AcDbPolyline
 90
1
 70
 0
 43
0.5 
 10
16.17871475742959
 20
123.81678943357883
 10
16.352959105918217
 20
123.64254508509009
  0
LWPOLYLINE
  5
482
330
1F
100
AcDbEntity
  8
TopLayer
100
AcDbPolyline
 90
2
 70
 0
 43
0.25400050800101603 
 10
32.29936499872997
 20
133.92575565151128
 10
31.07101854203711
 20
133.92575565151128
 10
31.031394462788967
 20
133.96537973075942
  0
LWPOLYLINE
  5
483
330
1F
100
AcDbEntity
  8
TopLayer
100
AcDbPolyline
 90
1
 70
 0
 43
0.25400050800101603 
 10
30.344831089662193
 20
133.96537973075942
 10
31.031394462788967
 20
133.96537973075942
  0
LWPOLYLINE
  5
484
330
1F
100
AcDbEntity
  8
TopLayer
100
AcDbPolyline
 90
2
 70
 0
 43
0.25400050800101603 
 10
38.470561341122675
 20
133.97680975361948
 10
37.46929133858271
 20
133.97680975361948
 10
37.457607315214545
 20
133.96512573025154
  0
LWPOLYLINE
  5
485
330
1F
100
AcDbEntity
  8
TopLayer
100
AcDbPolyline
 90
1
 70
 0
 43
0.25400050800101603 
 10
36.771043942088
 20
133.96512573025154
 10
37.457607315214545
 20
133.96512573025154
  0
LWPOLYLINE
  5
486
330
1F
100
AcDbEntity
  8
TopLayer
100
AcDbPolyline
 90
2
 70
 0
 43
0.25400050800101603 
 10
45.95113030226071
 20
133.97680975361948
 10
44.906426212852466
 20
133.97680975361948
 10
44.855372110744156
 20
134.02786385572767
  0
LWPOLYLINE
  5
487
330
1F
100
AcDbEntity
  8
TopLayer
100
AcDbPolyline
 90
1
 70
 0
 43
0.25400050800101603 
 10
44.200812801625716
 20
134.02786385572767
 10
44.855372110744156
 20
134.02786385572767
  0
LWPOLYLINE
  5
488
330
1F
100
AcDbEntity
  8
TopLayer
100
AcDbPolyline
 90
2
 70
 0
 43
0.25400050800101603 
 10
26.094640589281198
 20
16.609017018034137
 10
26.07457454914902
 20
16.58895097790196
 10
23.7659639319279
 20
16.58895097790196
  0
LWPOLYLINE
  5
489
330
1F
100
AcDbEntity
  8
TopLayer
100
AcDbPolyline
 90
2
 70
 0
 43
0.25400050800101603 
 10
22.373787147574376
 20
16.523926847853772
 10
22.438811277622563
 20
16.58895097790196
 10
23.7659639319279
 20
16.58895097790196
  0
LWPOLYLINE
  5
48a
330
1F
100
AcDbEntity
  8
TopLayer
100
AcDbPolyline
 90
1
 70
 0
 43
0.25400050800101603 
 10
21.55285750571511
 20
16.523926847853772
 10
22.373787147574376
 20
16.523926847853772
  0
LWPOLYLINE
  5
48b
330
1F
100
AcDbEntity
  8
TopLayer
100
AcDbPolyline
 90
1
 70
 0
 43
0.25400050800101603 
 10
61.74107188214384
 20
121.12489204978408
 10
61.74107188214384
 20
120.18204216408435
  0
LWPOLYLINE
  5
48c
330
1F
100
AcDbEntity
  8
TopLayer
100
AcDbPolyline
 90
2
 70
 0
 43
0.25400050800101603 
 10
61.57089154178311
 20
117.04488188976381
 10
61.57089154178311
 20
115.04208788417577
 10
61.69204978409948
 20
114.92092964185929
  0
LWPOLYLINE
  5
48d
330
1F
100
AcDbEntity
  8
TopLayer
100
AcDbPolyline
 90
2
 70
 0
 43
0.25400050800101603 
 10
61.57089154178311
 20
117.74947929895859
 10
61.74107188214384
 20
117.9196596393192
 10
61.74107188214384
 20
120.18204216408435
  0
LWPOLYLINE
  5
48e
330
1F
100
AcDbEntity
  8
TopLayer
100
AcDbPolyline
 90
1
 70
 0
 43
0.25400050800101603 
 10
61.57089154178311
 20
117.04488188976381
 10
61.57089154178311
 20
117.74947929895859
  0
LWPOLYLINE
  5
48f
330
1F
100
AcDbEntity
  8
TopLayer
100
AcDbPolyline
 90
2
 70
 0
 43
0.25400050800101603 
 10
26.094640589281198
 20
17.879019558039204
 10
24.580289560579104
 20
17.879019558039204
 10
24.47030734061468
 20
17.989001778003626
  0
LWPOLYLINE
  5
490
330
1F
100
AcDbEntity
  8
TopLayer
100
AcDbPolyline
 90
1
 70
 0
 43
0.25400050800101603 
 10
23.7659639319279
 20
17.989001778003626
 10
24.47030734061468
 20
17.989001778003626
  0
LWPOLYLINE
  5
491
330
1F
100
AcDbEntity
  8
TopLayer
100
AcDbPolyline
 90
2
 70
 0
 43
0.25400050800101603 
 10
21.502057404114794
 20
18.563804927609908
 10
22.486563373126728
 20
18.563804927609908
 10
23.061366522732897
 20
17.989001778003626
  0
LWPOLYLINE
  5
492
330
1F
100
AcDbEntity
  8
TopLayer
100
AcDbPolyline
 90
1
 70
 0
 43
0.25400050800101603 
 10
23.7659639319279
 20
17.989001778003626
 10
23.061366522732897
 20
17.989001778003626
  0
LWPOLYLINE
  5
493
330
1F
100
AcDbEntity
  8
TopLayer
100
AcDbPolyline
 90
1
 70
 0
 43
0.25400050800101603 
 10
47.073050546101285
 20
122.87089154178307
 10
46.386487172974284
 20
122.87089154178307
  0
LWPOLYLINE
  5
494
330
1F
100
AcDbEntity
  8
TopLayer
100
AcDbPolyline
 90
2
 70
 0
 43
0.25400050800101603 
 10
45.542951485902904
 20
122.87063754127507
 10
46.386487172974284
 20
122.87063754127507
 10
46.386487172974284
 20
122.87089154178307
  0
LWPOLYLINE
  5
495
330
1F
100
AcDbEntity
  8
TopLayer
100
AcDbPolyline
 90
5
 70
 0
 43
0.25400050800101603 
 10
44.85638811277613
 20
122.87063754127507
 10
44.85638811277613
 20
123.1614681229363
 10
44.56581153162324
 20
123.45204470408942
 10
43.352197104394236
 20
123.45204470408942
 10
41.669443738887594
 20
121.76929133858266
 10
40.375057150114344
 20
121.76929133858266
  0
LWPOLYLINE
  5
496
330
1F
100
AcDbEntity
  8
TopLayer
100
AcDbPolyline
 90
1
 70
 0
 43
0.25400050800101603 
 10
45.542951485902904
 20
122.87063754127507
 10
44.85638811277613
 20
122.87063754127507
  0
LWPOLYLINE
  5
497
330
1F
100
AcDbEntity
  8
TopLayer
100
AcDbPolyline
 90
2
 70
 0
 43
0.25400050800101603 
 10
64.23205486410961
 20
109.37660655321304
 10
64.23205486410961
 20
48.47795275590556
 10
40.94808229616456
 20
25.193980187960392
  0
LWPOLYLINE
  5
498
330
1F
100
AcDbEntity
  8
TopLayer
100
AcDbPolyline
 90
1
 70
 0
 43
0.25400050800101603 
 10
33.093624587249224
 20
19.14902209804427
 10
31.63947167894321
 20
19.14902209804427
  0
LWPOLYLINE
  5
499
330
1F
100
AcDbEntity
  8
TopLayer
100
AcDbPolyline
 90
2
 70
 0
 43
0.25400050800101603 
 10
34.402489204978565
 20
121.53281686563378
 10
34.63896367792745
 20
121.76929133858266
 10
36.125120650241115
 20
121.76929133858266
  0
LWPOLYLINE
  5
49a
330
1F
100
AcDbEntity
  8
TopLayer
100
AcDbPolyline
 90
1
 70
 0
 43
0.25400050800101603 
 10
33.7479298958599
 20
121.53281686563378
 10
34.075336550673
 20
121.53281686563378
  0
LWPOLYLINE
  5
49b
330
1F
100
AcDbEntity
  8
TopLayer
100
AcDbPolyline
 90
1
 70
 0
 43
0.25400050800101603 
 10
34.075336550673
 20
121.53281686563378
 10
34.402489204978565
 20
121.53281686563378
  0
LWPOLYLINE
  5
49c
330
1F
100
AcDbEntity
  8
TopLayer
100
AcDbPolyline
 90
3
 70
 0
 43
0.25400050800101603 
 10
34.075336550673
 20
121.53281686563378
 10
33.34330708661423
 20
120.8007874015749
 10
28.152552705105336
 20
120.8007874015749
 10
26.8535941071882
 20
122.09974599949203
  0
LWPOLYLINE
  5
49d
330
1F
100
AcDbEntity
  8
TopLayer
100
AcDbPolyline
 90
1
 70
 0
 43
0.25400050800101603 
 10
24.939192278384553
 20
122.09974599949203
 10
26.8535941071882
 20
122.09974599949203
  0
LWPOLYLINE
  5
49e
330
1F
100
AcDbEntity
  8
TopLayer
100
AcDbPolyline
 90
1
 70
 0
 43
0.25400050800101603 
 10
24.939192278384553
 20
122.09974599949203
 10
23.02453644907291
 20
122.09974599949203
  0
LWPOLYLINE
  5
49f
330
1F
100
AcDbEntity
  8
TopLayer
100
AcDbPolyline
 90
1
 70
 0
 43
0.25400050800101603 
 10
23.02453644907291
 20
122.09974599949203
 10
23.02453644907291
 20
125.57371094742189
  0
LWPOLYLINE
  5
4a0
330
1F
100
AcDbEntity
  8
TopLayer
100
AcDbPolyline
 90
2
 70
 0
 43
0.25400050800101603 
 10
19.03164846329696
 20
128.31615443230885
 10
19.03164846329696
 20
128.02938785877575
 10
18.84140208280428
 20
127.83914147828307
  0
LWPOLYLINE
  5
4a1
330
1F
100
AcDbEntity
  8
TopLayer
100
AcDbPolyline
 90
1
 70
 0
 43
0.25400050800101603 
 10
19.889916179832426
 20
128.31615443230885
 10
19.03164846329696
 20
128.31615443230885
  0
LWPOLYLINE
  5
4a2
330
1F
100
AcDbEntity
  8
TopLayer
100
AcDbPolyline
 90
1
 70
 0
 43
0.5 
 10
17.622961645923397
 20
118.09771399542797
 10
18.89296418592835
 20
118.09771399542797
  0
LWPOLYLINE
  5
4a3
330
1F
100
AcDbEntity
  8
TopLayer
100
AcDbPolyline
 90
1
 70
 0
 43
0.5 
 10
17.622961645923397
 20
118.09771399542797
 10
16.352959105918217
 20
118.09771399542797
  0
LWPOLYLINE
  5
4a4
330
1F
100
AcDbEntity
  8
TopLayer
100
AcDbPolyline
 90
3
 70
 0
 43
0.5 
 10
16.352959105918217
 20
118.09771399542797
 10
15.54498348996708
 20
118.09771399542797
 10
13.699669799339517
 20
119.94302768605542
 10
13.699669799339517
 20
120.33190246380502
  0
LWPOLYLINE
  5
4a5
330
1F
100
AcDbEntity
  8
TopLayer
100
AcDbPolyline
 90
1
 70
 0
 43
0.5 
 10
18.89296418592835
 20
118.09771399542797
 10
20.162966725933302
 20
118.09771399542797
  0
LWPOLYLINE
  5
4a6
330
1F
100
AcDbEntity
  8
TopLayer
100
AcDbPolyline
 90
1
 70
 0
 43
0.5 
 10
13.311049022098132
 20
120.33190246380502
 10
13.699669799339517
 20
120.33190246380502
  0
LWPOLYLINE
  5
4a7
330
1F
100
AcDbEntity
  8
TopLayer
100
AcDbPolyline
 90
1
 70
 0
 43
0.5 
 10
13.311049022098132
 20
120.33190246380502
 10
12.922174244348525
 20
120.33190246380502
  0
LWPOLYLINE
  5
4a8
330
1F
100
AcDbEntity
  8
TopLayer
100
AcDbPolyline
 90
1
 70
 0
 43
0.5 
 10
26.92801625603238
 20
109.75506731013468
 10
22.740563881127855
 20
109.75506731013468
  0
LWPOLYLINE
  5
4a9
330
1F
100
AcDbEntity
  8
TopLayer
100
AcDbPolyline
 90
2
 70
 0
 43
0.5 
 10
22.740563881127855
 20
109.75506731013468
 10
22.740563881127855
 20
107.1289560579122
 10
22.565811531623012
 20
106.95420370840748
  0
LWPOLYLINE
  5
4aa
330
1F
100
AcDbEntity
  8
TopLayer
100
AcDbPolyline
 90
1
 70
 0
 43
0.5 
 10
12.922174244348525
 20
120.33190246380502
 10
12.144678689357306
 20
120.33190246380502
  0
LWPOLYLINE
  5
4ab
330
1F
100
AcDbEntity
  8
TopLayer
100
AcDbPolyline
 90
1
 70
 0
 43
0.5 
 10
12.144678689357306
 20
120.33190246380502
 10
12.144678689357306
 20
117.37533655067307
  0
LWPOLYLINE
  5
4ac
330
1F
100
AcDbEntity
  8
TopLayer
100
AcDbPolyline
 90
1
 70
 0
 43
0.3500127000254001 
 10
36.771043942088
 20
132.45864871729748
 10
36.771043942088
 20
133.18763017526032
  0
LWPOLYLINE
  5
4ad
330
1F
100
AcDbEntity
  8
TopLayer
100
AcDbPolyline
 90
7
 70
 0
 43
0.3500127000254001 
 10
30.344831089662193
 20
132.45864871729748
 10
32.09413258826521
 20
132.45864871729748
 10
33.172618745237514
 20
133.53713487426978
 10
33.172618745237514
 20
134.5498348996698
 10
33.27472694945391
 20
134.6519431038862
 10
34.759867919735825
 20
134.6519431038862
 10
36.224180848361584
 20
133.18763017526032
 10
36.771043942088
 20
133.18763017526032
  0
LWPOLYLINE
  5
4ae
330
1F
100
AcDbEntity
  8
TopLayer
100
AcDbPolyline
 90
1
 70
 0
 43
0.3500127000254001 
 10
67.41569723139446
 20
27.299898399796803
 10
66.68696977393938
 20
27.299898399796803
  0
LWPOLYLINE
  5
4af
330
1F
100
AcDbEntity
  8
TopLayer
100
AcDbPolyline
 90
1
 70
 0
 43
0.3500127000254001 
 10
66.38140716281441
 20
22.863017526035037
 10
66.38140716281441
 20
23.458648717297365
  0
LWPOLYLINE
  5
4b0
330
1F
100
AcDbEntity
  8
TopLayer
100
AcDbPolyline
 90
1
 70
 0
 43
0.3500127000254001 
 10
51.98288036576082
 20
14.688011176022428
 10
51.98288036576082
 20
16.472872745745576
  0
LWPOLYLINE
  5
4b1
330
1F
100
AcDbEntity
  8
TopLayer
100
AcDbPolyline
 90
2
 70
 0
 43
0.3500127000254001 
 10
51.98288036576082
 20
16.472872745745576
 10
51.98288036576082
 20
17.251384302768656
 10
52.141884683769376
 20
17.410388620777212
  0
LWPOLYLINE
  5
4b2
330
1F
100
AcDbEntity
  8
TopLayer
100
AcDbPolyline
 90
2
 70
 0
 43
0.3500127000254001 
 10
46.25694691389367
 20
25.224968249936524
 10
44.74462788925575
 20
25.224968249936524
 10
44.71363982727962
 20
25.193980187960392
  0
LWPOLYLINE
  5
4b3
330
1F
100
AcDbEntity
  8
TopLayer
100
AcDbPolyline
 90
1
 70
 0
 43
0.3500127000254001 
 10
43.487833375666696
 20
25.193980187960392
 10
44.71363982727962
 20
25.193980187960392
  0
LWPOLYLINE
  5
4b4
330
1F
100
AcDbEntity
  8
TopLayer
100
AcDbPolyline
 90
1
 70
 0
 43
0.3500127000254001 
 10
61.505867411734926
 20
16.477952755905562
 10
61.922174244348525
 20
16.477952755905562
  0
LWPOLYLINE
  5
4b5
330
1F
100
AcDbEntity
  8
TopLayer
100
AcDbPolyline
 90
3
 70
 0
 43
0.3500127000254001 
 10
61.922174244348525
 20
16.477952755905562
 10
59.356261112522134
 20
13.91203962407917
 10
52.75885191770385
 20
13.91203962407917
 10
51.98288036576082
 20
14.688011176022428
  0
LWPOLYLINE
  5
4b6
330
1F
100
AcDbEntity
  8
TopLayer
100
AcDbPolyline
 90
1
 70
 0
 43
0.3500127000254001 
 10
52.141884683769376
 20
17.910769621539316
 10
52.141884683769376
 20
17.410388620777212
  0
LWPOLYLINE
  5
4b7
330
1F
100
AcDbEntity
  8
TopLayer
100
AcDbPolyline
 90
1
 70
 0
 43
0.3500127000254001 
 10
52.141884683769376
 20
17.910769621539316
 10
52.141884683769376
 20
18.410896621793313
  0
LWPOLYLINE
  5
4b8
330
1F
100
AcDbEntity
  8
TopLayer
100
AcDbPolyline
 90
1
 70
 0
 43
0.3500127000254001 
 10
52.141884683769376
 20
18.410896621793313
 10
52.141884683769376
 20
20.399974599949132
  0
LWPOLYLINE
  5
4b9
330
1F
100
AcDbEntity
  8
TopLayer
100
AcDbPolyline
 90
1
 70
 0
 43
0.3500127000254001 
 10
52.141884683769376
 20
20.399974599949132
 10
51.11115062230124
 20
20.399974599949132
  0
LWPOLYLINE
  5
4ba
330
1F
100
AcDbEntity
  8
TopLayer
100
AcDbPolyline
 90
2
 70
 0
 43
0.3500127000254001 
 10
50.89702819405625
 20
20.2490982981966
 10
50.960274320548706
 20
20.2490982981966
 10
51.11115062230124
 20
20.399974599949132
  0
LWPOLYLINE
  5
4bb
330
1F
100
AcDbEntity
  8
TopLayer
100
AcDbPolyline
 90
2
 70
 0
 43
0.3500127000254001 
 10
23.904902209804277
 20
20.501828803657645
 10
26.011836423672776
 20
20.501828803657645
 10
26.094640589281198
 20
20.419024638049336
  0
LWPOLYLINE
  5
4bc
330
1F
100
AcDbEntity
  8
TopLayer
100
AcDbPolyline
 90
3
 70
 0
 43
0.3500127000254001 
 10
26.094640589281198
 20
20.419024638049336
 10
26.7286258572517
 20
20.419024638049336
 10
29.268630937261833
 20
17.879019558039204
 10
31.63947167894321
 20
17.879019558039204
  0
LWPOLYLINE
  5
4bd
330
1F
100
AcDbEntity
  8
TopLayer
100
AcDbPolyline
 90
1
 70
 0
 43
0.3500127000254001 
 10
31.63947167894321
 20
17.879019558039204
 10
33.14391668783355
 20
17.879019558039204
  0
LWPOLYLINE
  5
4be
330
1F
100
AcDbEntity
  8
TopLayer
100
AcDbPolyline
 90
1
 70
 0
 43
0.3500127000254001 
 10
67.41569723139446
 20
27.299898399796803
 10
67.41569723139446
 20
27.932359664719343
  0
LWPOLYLINE
  5
4bf
330
1F
100
AcDbEntity
  8
TopLayer
100
AcDbPolyline
 90
2
 70
 0
 43
0.3500127000254001 
 10
67.41569723139446
 20
27.932359664719343
 10
66.77307594615172
 20
28.574980949961855
 10
66.22291084582184
 20
28.574980949961855
  0
LWPOLYLINE
  5
4c0
330
1F
100
AcDbEntity
  8
TopLayer
100
AcDbPolyline
 90
3
 70
 0
 43
0.3500127000254001 
 10
66.68696977393938
 20
27.299898399796803
 10
66.68696977393938
 20
23.560756921513757
 10
66.58486156972299
 20
23.458648717297365
 10
66.38140716281441
 20
23.458648717297365
  0
LWPOLYLINE
  5
4c1
330
1F
100
AcDbEntity
  8
TopLayer
100
AcDbPolyline
 90
1
 70
 0
 43
0.3500127000254001 
 10
36.771043942088
 20
132.45864871729748
 10
37.528727457455034
 20
132.45864871729748
  0
LWPOLYLINE
  5
4c2
330
1F
100
AcDbEntity
  8
TopLayer
100
AcDbPolyline
 90
1
 70
 0
 43
0.3500127000254001 
 10
37.528727457455034
 20
132.45864871729748
 10
37.683667767335464
 20
132.30370840741682
  0
LWPOLYLINE
  5
4c3
330
1F
100
AcDbEntity
  8
TopLayer
100
AcDbPolyline
 90
1
 70
 0
 43
0.3500127000254001 
 10
66.2107188214377
 20
114.92092964185929
 10
65.5020574041148
 20
114.92092964185929
  0
LWPOLYLINE
  5
4c4
330
1F
100
AcDbEntity
  8
TopLayer
100
AcDbPolyline
 90
1
 70
 0
 43
0.3500127000254001 
 10
66.2107188214377
 20
114.92092964185929
 10
66.2107188214377
 20
118.52595885191772
  0
LWPOLYLINE
  5
4c5
330
1F
100
AcDbEntity
  8
TopLayer
100
AcDbPolyline
 90
1
 70
 0
 43
0.3500127000254001 
 10
66.22291084582184
 20
28.574980949961855
 10
66.22291084582184
 20
29.302946405892726
  0
LWPOLYLINE
  5
4c6
330
1F
100
AcDbEntity
  8
TopLayer
100
AcDbPolyline
 90
2
 70
 0
 43
0.3500127000254001 
 10
66.22291084582184
 20
29.302946405892726
 10
66.22291084582184
 20
114.90873761747525
 10
66.2107188214377
 20
114.92092964185929
  0
LWPOLYLINE
  5
4c7
330
1F
100
AcDbEntity
  8
TopLayer
100
AcDbPolyline
 90
1
 70
 0
 43
0.25400050800101603 
 10
31.63947167894321
 20
20.419024638049336
 10
31.63947167894321
 20
21.12743205486413
  0
LWPOLYLINE
  5
4c8
330
1F
100
AcDbEntity
  8
TopLayer
100
AcDbPolyline
 90
1
 70
 0
 43
0.25400050800101603 
 10
37.75021590043184
 20
121.59428498856994
 10
38.25008890017784
 20
122.09415798831594
  0
LWPOLYLINE
  5
4c9
330
1F
100
AcDbEntity
  8
TopLayer
100
AcDbPolyline
 90
1
 70
 0
 43
0.25400050800101603 
 10
33.914300228600496
 20
114.3928625857252
 10
33.914300228600496
 20
115.49751079502153
  0
LWPOLYLINE
  5
4ca
330
1F
100
AcDbEntity
  8
TopLayer
100
AcDbPolyline
 90
2
 70
 0
 43
0.25400050800101603 
 10
61.69204978409948
 20
109.37660655321304
 10
56.81981203962414
 20
109.37660655321304
 10
56.441351282702726
 20
109.75506731013468
  0
LWPOLYLINE
  5
4cb
330
1F
100
AcDbEntity
  8
TopLayer
100
AcDbPolyline
 90
1
 70
 0
 43
0.25400050800101603 
 10
45.542951485902904
 20
124.37736855473713
 10
44.85638811277613
 20
124.37736855473713
  0
LWPOLYLINE
  5
4cc
330
1F
100
AcDbEntity
  8
TopLayer
100
AcDbPolyline
 90
1
 70
 0
 43
0.25400050800101603 
 10
51.0674625349252
 20
133.99966979933959
 10
50.74030988061986
 20
133.99966979933959
  0
LWPOLYLINE
  5
4cd
330
1F
100
AcDbEntity
  8
TopLayer
100
AcDbPolyline
 90
1
 70
 0
 43
0.25400050800101603 
 10
50.74030988061986
 20
133.99966979933959
 10
50.4129032258063
 20
133.99966979933959
  0
LWPOLYLINE
  5
4ce
330
1F
100
AcDbEntity
  8
TopLayer
100
AcDbPolyline
 90
3
 70
 0
 43
0.25400050800101603 
 10
50.74030988061986
 20
133.99966979933959
 10
51.36972313944625
 20
134.6290830581662
 10
54.92598425196843
 20
134.6290830581662
 10
55.002692405385005
 20
134.55237490474985
  0
LWPOLYLINE
  5
4cf
330
1F
100
AcDbEntity
  8
TopLayer
100
AcDbPolyline
 90
2
 70
 0
 43
0.25400050800101603 
 10
44.013106426212744
 20
124.32631445262882
 10
44.80533401066805
 20
124.32631445262882
 10
44.85638811277613
 20
124.37736855473713
  0
LWPOLYLINE
  5
4d0
330
1F
100
AcDbEntity
  8
TopLayer
100
AcDbPolyline
 90
1
 70
 0
 43
0.25400050800101603 
 10
37.626263652527314
 20
125.15410210820414
 10
38.28387096774213
 20
125.15410210820414
  0
LWPOLYLINE
  5
4d1
330
1F
100
AcDbEntity
  8
TopLayer
100
AcDbPolyline
 90
2
 70
 0
 43
0.25400050800101603 
 10
38.75021590043161
 20
122.59428498856994
 10
38.75021590043161
 20
124.68775717551432
 10
38.28387096774213
 20
125.15410210820414
  0
LWPOLYLINE
  5
4d2
330
1F
100
AcDbEntity
  8
TopLayer
100
AcDbPolyline
 90
1
 70
 0
 43
0.25400050800101603 
 10
53.382931165862374
 20
16.472872745745576
 10
53.382931165862374
 20
14.688011176022428
  0
LWPOLYLINE
  5
4d3
330
1F
100
AcDbEntity
  8
TopLayer
100
AcDbPolyline
 90
2
 70
 0
 43
0.25400050800101603 
 10
54.03749047498104
 20
16.472872745745576
 10
54.03749047498104
 20
17.377114554229138
 10
54.141884683769376
 20
17.481508763017587
  0
LWPOLYLINE
  5
4d4
330
1F
100
AcDbEntity
  8
TopLayer
100
AcDbPolyline
 90
1
 70
 0
 43
0.25400050800101603 
 10
53.382931165862374
 20
16.472872745745576
 10
54.03749047498104
 20
16.472872745745576
  0
LWPOLYLINE
  5
4d5
330
1F
100
AcDbEntity
  8
TopLayer
100
AcDbPolyline
 90
1
 70
 0
 43
0.25400050800101603 
 10
59.77180594361198
 20
25.259004318008692
 10
59.77180594361198
 20
24.931851663703355
  0
LWPOLYLINE
  5
4d6
330
1F
100
AcDbEntity
  8
TopLayer
100
AcDbPolyline
 90
1
 70
 0
 43
0.25400050800101603 
 10
54.141884683769376
 20
17.946329692659447
 10
54.141884683769376
 20
17.481508763017587
  0
LWPOLYLINE
  5
4d7
330
1F
100
AcDbEntity
  8
TopLayer
100
AcDbPolyline
 90
1
 70
 0
 43
0.25400050800101603 
 10
54.141884683769376
 20
17.946329692659447
 10
54.141884683769376
 20
18.410896621793313
  0
LWPOLYLINE
  5
4d8
330
1F
100
AcDbEntity
  8
TopLayer
100
AcDbPolyline
 90
1
 70
 0
 43
0.25400050800101603 
 10
54.141884683769376
 20
18.410896621793313
 10
54.141884683769376
 20
20.399974599949132
  0
LWPOLYLINE
  5
4d9
330
1F
100
AcDbEntity
  8
TopLayer
100
AcDbPolyline
 90
1
 70
 0
 43
0.25400050800101603 
 10
54.04003048006098
 20
22.490906781813578
 10
54.04003048006098
 20
22.955727711455324
  0
LWPOLYLINE
  5
4da
330
1F
100
AcDbEntity
  8
TopLayer
100
AcDbPolyline
 90
1
 70
 0
 43
0.25400050800101603 
 10
54.04003048006098
 20
22.955727711455324
 10
54.04003048006098
 20
23.420548641097298
  0
LWPOLYLINE
  5
4db
330
1F
100
AcDbEntity
  8
TopLayer
100
AcDbPolyline
 90
2
 70
 0
 43
0.25400050800101603 
 10
54.04003048006098
 20
22.955727711455324
 10
54.141884683769376
 20
22.85387350774704
 10
54.141884683769376
 20
20.399974599949132
  0
LWPOLYLINE
  5
4dc
330
1F
100
AcDbEntity
  8
TopLayer
100
AcDbPolyline
 90
1
 70
 0
 43
0.25400050800101603 
 10
54.4090932181864
 20
109.75506731013468
 10
52.404521209042514
 20
109.75506731013468
  0
LWPOLYLINE
  5
4dd
330
1F
100
AcDbEntity
  8
TopLayer
100
AcDbPolyline
 90
1
 70
 0
 43
0.25400050800101603 
 10
52.3768351536703
 20
109.75506731013468
 10
52.404521209042514
 20
109.75506731013468
  0
LWPOLYLINE
  5
4de
330
1F
100
AcDbEntity
  8
TopLayer
100
AcDbPolyline
 90
1
 70
 0
 43
0.25400050800101603 
 10
54.4090932181864
 20
109.75506731013468
 10
56.441351282702726
 20
109.75506731013468
  0
LWPOLYLINE
  5
4df
330
1F
100
AcDbEntity
  8
TopLayer
100
AcDbPolyline
 90
2
 70
 0
 43
0.25400050800101603 
 10
35.86807213614429
 20
25.193980187960392
 10
37.83708407416816
 20
23.224968249936524
 10
46.25694691389367
 20
23.224968249936524
  0
LWPOLYLINE
  5
4e0
330
1F
100
AcDbEntity
  8
TopLayer
100
AcDbPolyline
 90
1
 70
 0
 43
0.25400050800101603 
 10
67.41569723139446
 20
25.770053340106756
 10
67.41569723139446
 20
24.23995427990849
  0
LWPOLYLINE
  5
4e1
330
1F
100
AcDbEntity
  8
TopLayer
100
AcDbPolyline
 90
1
 70
 0
 43
0.25400050800101603 
 10
40.494183388366764
 20
111.05986791973578
 10
40.494183388366764
 20
113.06443992887989
  0
LWPOLYLINE
  5
4e2
330
1F
100
AcDbEntity
  8
TopLayer
100
AcDbPolyline
 90
2
 70
 0
 43
0.25400050800101603 
 10
33.914300228600496
 20
115.49751079502153
 10
34.225196850393786
 20
115.80840741681482
 10
37.75021590043184
 20
115.80840741681482
  0
LWPOLYLINE
  5
4e3
330
1F
100
AcDbEntity
  8
TopLayer
100
AcDbPolyline
 90
1
 70
 0
 43
0.25400050800101603 
 10
37.75021590043184
 20
121.59428498856994
 10
37.75021590043184
 20
115.80840741681482
  0
LWPOLYLINE
  5
4e4
330
1F
100
AcDbEntity
  8
TopLayer
100
AcDbPolyline
 90
1
 70
 0
 43
0.25400050800101603 
 10
37.75021590043184
 20
115.80840741681482
 10
40.494183388366764
 20
113.06443992887989
  0
LWPOLYLINE
  5
4e5
330
1F
100
AcDbEntity
  8
TopLayer
100
AcDbPolyline
 90
1
 70
 0
 43
0.25400050800101603 
 10
42.635915671831526
 20
119.09923799847604
 10
42.98821437642869
 20
119.09923799847604
  0
LWPOLYLINE
  5
4e6
330
1F
100
AcDbEntity
  8
TopLayer
100
AcDbPolyline
 90
2
 70
 0
 43
0.25400050800101603 
 10
52.404521209042514
 20
109.75506731013468
 10
45.29377698755411
 20
116.86581153162308
 10
44.295554991110066
 20
116.86581153162308
  0
LWPOLYLINE
  5
4e7
330
1F
100
AcDbEntity
  8
TopLayer
100
AcDbPolyline
 90
2
 70
 0
 43
0.25400050800101603 
 10
42.98821437642869
 20
119.09923799847604
 10
44.295554991110066
 20
117.79189738379478
 10
44.295554991110066
 20
116.86581153162308
  0
LWPOLYLINE
  5
4e8
330
1F
100
AcDbEntity
  8
TopLayer
100
AcDbPolyline
 90
1
 70
 0
 43
0.25400050800101603 
 10
44.295554991110066
 20
116.86581153162308
 10
40.494183388366764
 20
113.06443992887989
  0
LWPOLYLINE
  5
4e9
330
1F
100
AcDbEntity
  8
TopLayer
100
AcDbPolyline
 90
3
 70
 0
 43
0.25400050800101603 
 10
23.15941071882139
 20
20.501828803657645
 10
23.15941071882139
 20
19.847269494538978
 10
23.857658115316326
 20
19.14902209804427
 10
26.094640589281198
 20
19.14902209804427
  0
LWPOLYLINE
  5
4ea
330
1F
100
AcDbEntity
  8
TopLayer
100
AcDbPolyline
 90
3
 70
 0
 43
0.25400050800101603 
 10
26.094640589281198
 20
19.14902209804427
 10
26.327813055626166
 20
19.14902209804427
 10
28.8678181356363
 20
16.609017018034137
 10
31.63947167894321
 20
16.609017018034137
  0
LWPOLYLINE
  5
4eb
330
1F
100
AcDbEntity
  8
TopLayer
100
AcDbPolyline
 90
1
 70
 0
 43
0.25400050800101603 
 10
22.73649987299973
 20
20.501828803657645
 10
23.15941071882139
 20
20.501828803657645
  0
LWPOLYLINE
  5
4ec
330
1F
100
AcDbEntity
  8
TopLayer
100
AcDbPolyline
 90
1
 70
 0
 43
0.25400050800101603 
 10
55.002692405385005
 20
134.2902463804927
 10
55.002692405385005
 20
134.55237490474985
  0
LWPOLYLINE
  5
4ed
330
1F
100
AcDbEntity
  8
TopLayer
100
AcDbPolyline
 90
1
 70
 0
 43
0.25400050800101603 
 10
55.002692405385005
 20
134.2902463804927
 10
55.002692405385005
 20
134.02786385572767
  0
LWPOLYLINE
  5
4ee
330
1F
100
AcDbEntity
  8
TopLayer
100
AcDbPolyline
 90
2
 70
 0
 43
0.25400050800101603 
 10
55.002692405385005
 20
134.02786385572767
 10
55.002692405385005
 20
132.17213614427226
 10
59.675031750063454
 20
127.49979679959358
  0
LWPOLYLINE
  5
4ef
330
1F
100
AcDbEntity
  8
TopLayer
100
AcDbPolyline
 90
1
 70
 0
 43
0.25400050800101603 
 10
62.1975107950218
 20
24.403276606553163
 10
62.792125984251925
 20
24.403276606553163
  0
LWPOLYLINE
  5
4f0
330
1F
100
AcDbEntity
  8
TopLayer
100
AcDbPolyline
 90
2
 70
 0
 43
0.25400050800101603 
 10
32.30647701295402
 20
130.24147828295656
 10
36.96840233680473
 20
125.57955295910597
 10
36.96840233680473
 20
125.15410210820414
  0
LWPOLYLINE
  5
4f1
330
1F
100
AcDbEntity
  8
TopLayer
100
AcDbPolyline
 90
1
 70
 0
 43
0.25400050800101603 
 10
37.626263652527314
 20
125.15410210820414
 10
36.96840233680473
 20
125.15410210820414
  0
LWPOLYLINE
  5
4f2
330
1F
100
AcDbEntity
  8
TopLayer
100
AcDbPolyline
 90
1
 70
 0
 43
0.25400050800101603 
 10
30.701955803911687
 20
130.24147828295656
 10
32.30647701295402
 20
130.24147828295656
  0
LWPOLYLINE
  5
4f3
330
1F
100
AcDbEntity
  8
TopLayer
100
AcDbPolyline
 90
2
 70
 0
 43
0.25400050800101603 
 10
2.9069342138683396
 20
130.5089408178817
 10
8.78755397510804
 20
124.62832105664211
 10
8.78755397510804
 20
121.19144018288046
  0
LWPOLYLINE
  5
4f4
330
1F
100
AcDbEntity
  8
TopLayer
100
AcDbPolyline
 90
2
 70
 0
 43
0.25400050800101603 
 10
14.822098044196082
 20
120.33190246380502
 10
13.962560325120648
 20
121.19144018288046
 10
8.78755397510804
 20
121.19144018288046
  0
LWPOLYLINE
  5
4f5
330
1F
100
AcDbEntity
  8
TopLayer
100
AcDbPolyline
 90
1
 70
 0
 43
0.25400050800101603 
 10
8.78755397510804
 20
121.19144018288046
 10
2.754025908051858
 20
115.15791211582416
  0
LWPOLYLINE
  5
4f6
330
1F
100
AcDbEntity
  8
TopLayer
100
AcDbPolyline
 90
1
 70
 0
 43
0.25400050800101603 
 10
75.98999237998464
 20
130.6107950215901
 10
75.98999237998464
 20
115.20896621793236
  0
LWPOLYLINE
  5
4f7
330
1F
100
AcDbEntity
  8
TopLayer
100
AcDbPolyline
 90
1
 70
 0
 43
0.25400050800101603 
 10
75.98999237998464
 20
104.65194310388631
 10
75.98999237998464
 20
115.20896621793236
  0
LWPOLYLINE
  5
4f8
330
1F
100
AcDbEntity
  8
TopLayer
100
AcDbPolyline
 90
2
 70
 0
 43
0.25400050800101603 
 10
76.04079248158496
 20
88.3829565659131
 10
75.98999237998464
 20
88.43375666751331
 10
75.98999237998464
 20
104.65194310388631
  0
LWPOLYLINE
  5
4f9
330
1F
100
AcDbEntity
  8
TopLayer
100
AcDbPolyline
 90
2
 70
 0
 43
0.25400050800101603 
 10
75.58181356362707
 20
63.392862585725084
 10
76.04079248158496
 20
63.85184150368298
 10
76.04079248158496
 20
88.3829565659131
  0
LWPOLYLINE
  5
4fa
330
1F
100
AcDbEntity
  8
TopLayer
100
AcDbPolyline
 90
1
 70
 0
 43
0.25400050800101603 
 10
75.58181356362707
 20
23.255956311912655
 10
75.58181356362707
 20
63.392862585725084
  0
LWPOLYLINE
  5
4fb
330
1F
100
AcDbEntity
  8
TopLayer
100
AcDbPolyline
 90
1
 70
 0
 43
0.25400050800101603 
 10
75.58181356362707
 20
23.255956311912655
 10
75.78602997206008
 20
23.255956311912655
  0
LWPOLYLINE
  5
4fc
330
1F
100
AcDbEntity
  8
TopLayer
100
AcDbPolyline
 90
2
 70
 0
 43
0.25400050800101603 
 10
2.957988315976536
 20
104.600889001778
 10
2.957988315976536
 20
102.41699263398527
 10
2.8558801117601433
 20
102.31488442976888
  0
LWPOLYLINE
  5
4fd
330
1F
100
AcDbEntity
  8
TopLayer
100
AcDbPolyline
 90
3
 70
 0
 43
0.25400050800101603 
 10
2.8558801117601433
 20
102.31488442976888
 10
2.8279400558801626
 20
102.31488442976888
 10
2.754025908051858
 20
102.38879857759719
 10
2.754025908051858
 20
115.15791211582416
  0
LWPOLYLINE
  5
4fe
330
1F
100
AcDbEntity
  8
TopLayer
100
AcDbPolyline
 90
2
 70
 0
 43
0.25400050800101603 
 10
48.90871221742441
 20
133.97680975361948
 10
50.390043180086195
 20
133.97680975361948
 10
50.4129032258063
 20
133.99966979933959
  0
LWPOLYLINE
  5
4ff
330
1F
100
AcDbEntity
  8
TopLayer
100
AcDbPolyline
 90
1
 70
 0
 43
0.25400050800101603 
 10
45.542951485902904
 20
124.37736855473713
 10
45.542951485902904
 20
125.03497586995184
  0
LWPOLYLINE
  5
500
330
1F
100
AcDbEntity
  8
TopLayer
100
AcDbPolyline
 90
2
 70
 0
 43
0.25400050800101603 
 10
48.90871221742441
 20
133.97680975361948
 10
48.90871221742441
 20
128.40073660147323
 10
45.542951485902904
 20
125.03497586995184
  0
LWPOLYLINE
  5
501
330
1F
100
AcDbEntity
  8
TopLayer
100
AcDbPolyline
 90
1
 70
 0
 43
0.25400050800101603 
 10
62.96205232410466
 20
109.37660655321304
 10
61.69204978409948
 20
109.37660655321304
  0
LWPOLYLINE
  5
502
330
1F
100
AcDbEntity
  8
TopLayer
100
AcDbPolyline
 90
3
 70
 0
 43
0.25400050800101603 
 10
62.96205232410466
 20
109.37660655321304
 10
62.96205232410466
 20
110.56532893065787
 10
64.23205486410961
 20
111.83533147066294
 10
64.23205486410961
 20
114.92092964185929
  0
LWPOLYLINE
  5
503
330
1F
100
AcDbEntity
  8
TopLayer
100
AcDbPolyline
 90
1
 70
 0
 43
0.25400050800101603 
 10
32.347879095758344
 20
121.53281686563378
 10
32.347879095758344
 20
122.23741427482855
  0
LWPOLYLINE
  5
504
330
1F
100
AcDbEntity
  8
TopLayer
100
AcDbPolyline
 90
1
 70
 0
 43
0.25400050800101603 
 10
32.347879095758344
 20
122.23741427482855
 10
32.347879095758344
 20
122.4060706121412
  0
LWPOLYLINE
  5
505
330
1F
100
AcDbEntity
  8
TopLayer
100
AcDbPolyline
 90
1
 70
 0
 43
0.25400050800101603 
 10
65.07584455168899
 20
22.296088392176785
 10
65.07584455168899
 20
9.485826771653478
  0
LWPOLYLINE
  5
506
330
1F
100
AcDbEntity
  8
TopLayer
100
AcDbPolyline
 90
3
 70
 0
 43
0.25400050800101603 
 10
65.07584455168899
 20
22.296088392176785
 10
67.39867919735843
 20
22.296088392176785
 10
67.75427990855974
 20
22.651689103378203
 10
67.75427990855974
 20
23.255956311912655
  0
LWPOLYLINE
  5
507
330
1F
100
AcDbEntity
  8
TopLayer
100
AcDbPolyline
 90
2
 70
 0
 43
0.25400050800101603 
 10
67.41569723139446
 20
23.553644907289822
 10
67.4565913131828
 20
23.553644907289822
 10
67.75427990855974
 20
23.255956311912655
  0
LWPOLYLINE
  5
508
330
1F
100
AcDbEntity
  8
TopLayer
100
AcDbPolyline
 90
1
 70
 0
 43
0.25400050800101603 
 10
67.75427990855974
 20
23.255956311912655
 10
75.58181356362707
 20
23.255956311912655
  0
LWPOLYLINE
  5
509
330
1F
100
AcDbEntity
  8
TopLayer
100
AcDbPolyline
 90
1
 70
 0
 43
0.25400050800101603 
 10
67.41569723139446
 20
24.23995427990849
 10
67.41569723139446
 20
23.553644907289822
  0
LWPOLYLINE
  5
50a
330
1F
100
AcDbEntity
  8
TopLayer
100
AcDbPolyline
 90
1
 70
 0
 43
0.25400050800101603 
 10
40.375057150114344
 20
123.71925323850644
 10
40.375057150114344
 20
124.32707645415292
  0
LWPOLYLINE
  5
50b
330
1F
100
AcDbEntity
  8
TopLayer
100
AcDbPolyline
 90
1
 70
 0
 43
0.25400050800101603 
 10
22.73649987299973
 20
20.501828803657645
 10
22.504851409702724
 20
20.501828803657645
  0
LWPOLYLINE
  5
50c
330
1F
100
AcDbEntity
  8
TopLayer
100
AcDbPolyline
 90
1
 70
 0
 43
0.25400050800101603 
 10
44.013106426212744
 20
124.32631445262882
 10
43.3265430530862
 20
124.32631445262882
  0
LWPOLYLINE
  5
50d
330
1F
100
AcDbEntity
  8
TopLayer
100
AcDbPolyline
 90
2
 70
 0
 43
0.25400050800101603 
 10
43.16144272288534
 20
124.22065024130052
 10
43.22087884175767
 20
124.22065024130052
 10
43.3265430530862
 20
124.32631445262882
  0
LWPOLYLINE
  5
50e
330
1F
100
AcDbEntity
  8
TopLayer
100
AcDbPolyline
 90
1
 70
 0
 43
0.25400050800101603 
 10
54.04003048006098
 20
22.490906781813578
 10
54.99939039878063
 20
22.490906781813578
  0
LWPOLYLINE
  5
50f
330
1F
100
AcDbEntity
  8
TopLayer
100
AcDbPolyline
 90
1
 70
 0
 43
0.25400050800101603 
 10
55.151790703581355
 20
22.33850647701297
 10
54.99939039878063
 20
22.490906781813578
  0
LWPOLYLINE
  5
510
330
1F
100
AcDbEntity
  8
TopLayer
100
AcDbPolyline
 90
2
 70
 0
 43
0.25400050800101603 
 10
62.792125984251925
 20
24.403276606553163
 10
62.792125984251925
 20
24.20566421132844
 10
64.6034036068072
 20
22.394386588773273
  0
LWPOLYLINE
  5
511
330
1F
100
AcDbEntity
  8
TopLayer
100
AcDbPolyline
 90
2
 70
 0
 43
0.25400050800101603 
 10
64.6034036068072
 20
22.394386588773273
 10
64.7017018034037
 20
22.296088392176785
 10
65.07584455168899
 20
22.296088392176785
  0
LWPOLYLINE
  5
512
330
1F
100
AcDbEntity
  8
TopLayer
100
AcDbPolyline
 90
1
 70
 0
 43
0.25400050800101603 
 10
58.85435610871218
 20
23.420548641097298
 10
54.04003048006098
 20
23.420548641097298
  0
LWPOLYLINE
  5
513
330
1F
100
AcDbEntity
  8
TopLayer
100
AcDbPolyline
 90
5
 70
 0
 43
0.25400050800101603 
 10
64.6034036068072
 20
22.394386588773273
 10
64.6034036068072
 20
22.194742189484373
 10
63.20741681483378
 20
20.79875539751083
 10
59.67680975361964
 20
20.79875539751083
 10
58.85435610871218
 20
21.62120904241806
 10
58.85435610871218
 20
23.420548641097298
  0
LWPOLYLINE
  5
514
330
1F
100
AcDbEntity
  8
TopLayer
100
AcDbPolyline
 90
2
 70
 0
 43
0.25400050800101603 
 10
58.85435610871218
 20
23.420548641097298
 10
58.85435610871218
 20
24.01440182880367
 10
59.77180594361198
 20
24.931851663703355
  0
LWPOLYLINE
  5
515
330
1F
100
AcDbEntity
  8
TopLayer
100
AcDbPolyline
 90
1
 70
 0
 43
0.25400050800101603 
 10
22.504851409702724
 20
20.501828803657645
 10
22.504851409702724
 20
21.20642621285242
  0
LWPOLYLINE
  5
516
330
1F
100
AcDbEntity
  8
TopLayer
100
AcDbPolyline
 90
1
 70
 0
 43
0.25400050800101603 
 10
22.504851409702724
 20
21.20642621285242
 10
22.504851409702724
 20
21.358572517145035
  0
LWPOLYLINE
  5
517
330
1F
100
AcDbEntity
  8
TopLayer
100
AcDbPolyline
 90
1
 70
 0
 43
0.25400050800101603 
 10
2.8558801117601433
 20
102.31488442976888
 10
2.8558801117601433
 20
88.48481076962162
  0
LWPOLYLINE
  5
518
330
1F
100
AcDbEntity
  8
TopLayer
100
AcDbPolyline
 90
1
 70
 0
 43
0.25400050800101603 
 10
2.8558801117601433
 20
88.48481076962162
 10
2.8558801117601433
 20
63.392862585725084
0
HATCH
5
51a
100
AcDbEntity
8
BottomSolderMaskLayer
100
AcDbHatch
10
0
20
0
30
0
210
0
220
0
230
1
2
SOLID
70
1
71
0
91
1
92
7
72
0
73
1
93
5
10
37.17932435864873
20
124.2357124714249
10
39.32105664211326
20
124.2357124714249
10
39.32105664211326
20
119.95199390398784
10
37.17932435864873
20
119.95199390398784
10
37.17932435864873
20
124.2357124714249
97
1
330

75
0
76
1
47
0.4128176842155181
98
1
10
34.90568961886538
20
22.81183545379326
450
0
451
0
460
0
461
0
452
1
462
1
453
2
463
0
63
5
421
255
463
1
63
7
421
16777215
470
LINEAR
1001
ACAD
1010
0
1020
0
1030
0
0
HATCH
5
51c
100
AcDbEntity
8
BottomLayer
100
AcDbHatch
10
0
20
0
30
0
210
0
220
0
230
1
2
SOLID
70
1
71
0
91
1
92
7
72
0
73
1
93
5
10
37.22987045974082
20
124.18491236982481
10
39.27000254000495
20
124.18491236982481
10
39.27000254000495
20
124.13385826771662
10
37.22987045974082
20
124.13385826771662
10
37.22987045974082
20
124.18491236982481
97
1
330

75
0
76
1
47
0.4128176842155181
98
1
10
34.90568961886538
20
22.81183545379326
450
0
451
0
460
0
461
0
452
1
462
1
453
2
463
0
63
5
421
255
463
1
63
7
421
16777215
470
LINEAR
1001
ACAD
1010
0
1020
0
1030
0
0
HATCH
5
51e
100
AcDbEntity
8
BottomLayer
100
AcDbHatch
10
0
20
0
30
0
210
0
220
0
230
1
2
SOLID
70
1
71
0
91
1
92
7
72
0
73
1
93
5
10
37.28092456184913
20
123.92989585979171
10
39.21894843789687
20
123.92989585979171
10
39.21894843789687
20
120.25781051562103
10
37.28092456184913
20
120.25781051562103
10
37.28092456184913
20
123.92989585979171
97
1
330

75
0
76
1
47
0.4128176842155181
98
1
10
34.90568961886538
20
22.81183545379326
450
0
451
0
460
0
461
0
452
1
462
1
453
2
463
0
63
5
421
255
463
1
63
7
421
16777215
470
LINEAR
1001
ACAD
1010
0
1020
0
1030
0
  0
LWPOLYLINE
  5
51f
330
1F
100
AcDbEntity
  8
TopSilkLayer
100
AcDbPolyline
 90
1
 70
 0
 43
0.15240030480060962 
 10
32.128219456438956
 20
131.28760477520962
 10
29.275793751587344
 20
131.28760477520962
  0
LWPOLYLINE
  5
520
330
1F
100
AcDbEntity
  8
TopSilkLayer
100
AcDbPolyline
 90
1
 70
 0
 43
0.15240030480060962 
 10
29.12339344678685
 20
131.135204470409
 10
29.12339344678685
 20
129.50020320040642
  0
LWPOLYLINE
  5
521
330
1F
100
AcDbEntity
  8
TopSilkLayer
100
AcDbPolyline
 90
1
 70
 0
 43
0.15240030480060962 
 10
32.28061976123968
 20
129.50020320040642
 10
32.28061976123968
 20
131.135204470409
  0
LWPOLYLINE
  5
522
330
1F
100
AcDbEntity
  8
TopSilkLayer
100
AcDbPolyline
 90
1
 70
 0
 43
0.15240030480060962 
 10
29.12339344678685
 20
126.31280162560336
 10
29.12339344678685
 20
127.94780289560583
  0
LWPOLYLINE
  5
523
330
1F
100
AcDbEntity
  8
TopSilkLayer
100
AcDbPolyline
 90
1
 70
 0
 43
0.15240030480060962 
 10
32.28061976123968
 20
127.94780289560583
 10
32.28061976123968
 20
126.31280162560336
  0
LWPOLYLINE
  5
524
330
1F
100
AcDbEntity
  8
TopSilkLayer
100
AcDbPolyline
 90
1
 70
 0
 43
0.15240030480060962 
 10
32.128219456438956
 20
126.16040132080263
 10
29.275793751587344
 20
126.16040132080263
  0
LWPOLYLINE
  5
525
330
1F
100
AcDbEntity
  8
TopSilkLayer
100
AcDbPolyline
 90
3
 70
 0
 43
0.15240030480060962 
 10
22.014198628397253
 20
13.251892303784643
 10
23.374117348234677
 20
13.251892303784643
 10
23.374117348234677
 20
15.410083820167642
 10
22.014198628397253
 20
15.410083820167642
  0
LWPOLYLINE
  5
526
330
1F
100
AcDbEntity
  8
TopSilkLayer
100
AcDbPolyline
 90
3
 70
 0
 43
0.15240030480060962 
 10
20.111785623571222
 20
13.251892303784643
 10
18.7518669037338
 20
13.251892303784643
 10
18.7518669037338
 20
15.410083820167642
 10
20.111785623571222
 20
15.410083820167642
  0
LWPOLYLINE
  5
527
330
1F
100
AcDbEntity
  8
TopSilkLayer
100
AcDbPolyline
 90
1
 70
 0
 43
0.25400050800101603 
 10
24.475565151130468
 20
17.008813817627583
 10
24.475565151130468
 20
16.20883921767836
  0
LWPOLYLINE
  5
528
330
1F
100
AcDbEntity
  8
TopSilkLayer
100
AcDbPolyline
 90
1
 70
 0
 43
0.25400050800101603 
 10
24.476022352044765
 20
17.569265938531885
 10
24.476022352044765
 20
18.369240538481108
  0
LWPOLYLINE
  5
529
330
1F
100
AcDbEntity
  8
TopSilkLayer
100
AcDbPolyline
 90
1
 70
 0
 43
0.25400050800101603 
 10
23.05588011176019
 20
17.008813817627583
 10
23.05588011176019
 20
16.20883921767836
  0
LWPOLYLINE
  5
52a
330
1F
100
AcDbEntity
  8
TopSilkLayer
100
AcDbPolyline
 90
1
 70
 0
 43
0.25400050800101603 
 10
23.05636271272533
 20
17.569265938531885
 10
23.05636271272533
 20
18.369240538481108
  0
LWPOLYLINE
  5
52b
330
1F
100
AcDbEntity
  8
TopSilkLayer
100
AcDbPolyline
 90
1
 70
 0
 43
0.25400050800101603 
 10
24.16573533147084
 20
15.899085598171268
 10
23.365684531369197
 20
15.899085598171268
  0
LWPOLYLINE
  5
52c
330
1F
100
AcDbEntity
  8
TopSilkLayer
100
AcDbPolyline
 90
1
 70
 0
 43
0.25400050800101603 
 10
23.366217932435802
 20
18.679019558039045
 10
24.1662433324866
 20
18.679019558039045
  0
LWPOLYLINE
  5
52d
330
1F
100
AcDbEntity
  8
TopSilkLayer
100
AcDbPolyline
 90
1
 70
 0
 43
0.15240030480060962 
 10
54.95321310642635
 20
21.30360680721367
 10
53.543205486411125
 20
21.30360680721367
  0
LWPOLYLINE
  5
52e
330
1F
100
AcDbEntity
  8
TopSilkLayer
100
AcDbPolyline
 90
1
 70
 0
 43
0.15240030480060962 
 10
53.543205486411125
 20
19.4963931927864
 10
54.95321310642635
 20
19.4963931927864
  0
LWPOLYLINE
  5
52f
330
1F
100
AcDbEntity
  8
TopSilkLayer
100
AcDbPolyline
 90
1
 70
 0
 43
0.15240030480060962 
 10
55.10561341122684
 20
19.648793497587008
 10
55.10561341122684
 20
21.15120650241306
  0
LWPOLYLINE
  5
530
330
1F
100
AcDbEntity
  8
TopSilkLayer
100
AcDbPolyline
 90
1
 70
 0
 43
0.15240030480060962 
 10
51.3308102616204
 20
21.30360680721367
 10
52.74081788163562
 20
21.30360680721367
  0
LWPOLYLINE
  5
531
330
1F
100
AcDbEntity
  8
TopSilkLayer
100
AcDbPolyline
 90
1
 70
 0
 43
0.15240030480060962 
 10
52.74081788163562
 20
19.4963931927864
 10
51.3308102616204
 20
19.4963931927864
  0
LWPOLYLINE
  5
532
330
1F
100
AcDbEntity
  8
TopSilkLayer
100
AcDbPolyline
 90
1
 70
 0
 43
0.15240030480060962 
 10
51.17840995682013
 20
19.648793497587008
 10
51.17840995682013
 20
21.15120650241306
  0
LWPOLYLINE
  5
533
330
1F
100
AcDbEntity
  8
TopSilkLayer
100
AcDbPolyline
 90
1
 70
 0
 43
0.15240030480060962 
 10
51.28216916433826
 20
122.01623063246132
 10
51.28216916433826
 20
119.21379222758446
  0
LWPOLYLINE
  5
534
330
1F
100
AcDbEntity
  8
TopSilkLayer
100
AcDbPolyline
 90
1
 70
 0
 43
0.15240030480060962 
 10
49.752755905511776
 20
122.01623063246132
 10
55.20523241046476
 20
122.01623063246132
  0
LWPOLYLINE
  5
535
330
1F
100
AcDbEntity
  8
TopSilkLayer
100
AcDbPolyline
 90
1
 70
 0
 43
0.15240030480060962 
 10
49.752755905511776
 20
119.21379222758446
 10
55.20523241046476
 20
119.21379222758446
  0
LWPOLYLINE
  5
536
330
1F
100
AcDbEntity
  8
TopSilkLayer
100
AcDbPolyline
 90
1
 70
 0
 43
0.15240030480060962 
 10
55.20523241046476
 20
122.01623063246132
 10
55.20523241046476
 20
121.61470662941326
  0
LWPOLYLINE
  5
537
330
1F
100
AcDbEntity
  8
TopSilkLayer
100
AcDbPolyline
 90
1
 70
 0
 43
0.15240030480060962 
 10
55.20523241046476
 20
119.21379222758446
 10
55.20523241046476
 20
119.6153162306324
  0
LWPOLYLINE
  5
538
330
1F
100
AcDbEntity
  8
TopSilkLayer
100
AcDbPolyline
 90
3
 70
 0
 43
0.15240030480060962 
 10
21.029210058420176
 20
15.60690881381754
 10
22.314147828295745
 20
15.60690881381754
 10
22.314147828295745
 20
17.441097282194505
 10
21.029210058420176
 20
17.441097282194505
  0
LWPOLYLINE
  5
539
330
1F
100
AcDbEntity
  8
TopSilkLayer
100
AcDbPolyline
 90
3
 70
 0
 43
0.15240030480060962 
 10
20.0768097536195
 20
15.60690881381754
 10
18.79187198374393
 20
15.60690881381754
 10
18.79187198374393
 20
17.441097282194505
 10
20.0768097536195
 20
17.441097282194505
  0
LWPOLYLINE
  5
53a
330
1F
100
AcDbEntity
  8
TopSilkLayer
100
AcDbPolyline
 90
3
 70
 0
 43
0.15240030480060962 
 10
54.79621539243067
 20
134.5265938531877
 10
55.514249428498715
 20
134.5265938531877
 10
55.514249428498715
 20
133.52938785877575
 10
54.79621539243067
 20
133.52938785877575
  0
LWPOLYLINE
  5
53b
330
1F
100
AcDbEntity
  8
TopSilkLayer
100
AcDbPolyline
 90
3
 70
 0
 43
0.15240030480060962 
 10
54.343789687579374
 20
134.5265938531877
 10
53.62575565151133
 20
134.5265938531877
 10
53.62575565151133
 20
133.52938785877575
 10
54.343789687579374
 20
133.52938785877575
  0
LWPOLYLINE
  5
53c
330
1F
100
AcDbEntity
  8
TopSilkLayer
100
AcDbPolyline
 90
3
 70
 0
 43
0.15240030480060962 
 10
20.978206756413556
 20
17.646913893827787
 10
22.263144526288897
 20
17.646913893827787
 10
22.263144526288897
 20
19.481102362204638
 10
20.978206756413556
 20
19.481102362204638
  0
LWPOLYLINE
  5
53d
330
1F
100
AcDbEntity
  8
TopSilkLayer
100
AcDbPolyline
 90
3
 70
 0
 43
0.15240030480060962 
 10
20.02580645161288
 20
17.646913893827787
 10
18.74086868173731
 20
17.646913893827787
 10
18.74086868173731
 20
19.481102362204638
 10
20.02580645161288
 20
19.481102362204638
  0
LWPOLYLINE
  5
53e
330
1F
100
AcDbEntity
  8
TopSilkLayer
100
AcDbPolyline
 90
4
 70
 1
 43
0.15240030480060962 
 10
30.388569977139923
 20
15.987884175768386
 10
27.345745491491016
 20
15.987884175768386
 10
27.345745491491016
 20
21.040309880619816
 10
30.388569977139923
 20
21.040309880619816
 10
30.388569977139923
 20
15.987884175768386
  0
LWPOLYLINE
  5
53f
330
1F
100
AcDbEntity
  8
TopSilkLayer
100
AcDbPolyline
 90
3
 70
 0
 43
0.15240030480060962 
 10
62.18620777241563
 20
118.06591313182628
 10
63.4711455422912
 20
118.06591313182628
 10
63.4711455422912
 20
119.90010160020313
 10
62.18620777241563
 20
119.90010160020313
  0
LWPOLYLINE
  5
540
330
1F
100
AcDbEntity
  8
TopSilkLayer
100
AcDbPolyline
 90
3
 70
 0
 43
0.15240030480060962 
 10
61.23380746761495
 20
118.06591313182628
 10
59.94886969773938
 20
118.06591313182628
 10
59.94886969773938
 20
119.90010160020313
 10
61.23380746761495
 20
119.90010160020313
  0
LWPOLYLINE
  5
541
330
1F
100
AcDbEntity
  8
TopSilkLayer
100
AcDbPolyline
 90
3
 70
 0
 43
0.15240030480060962 
 10
61.21719583439176
 20
120.2078994157988
 10
62.5021336042671
 20
120.2078994157988
 10
62.5021336042671
 20
122.04208788417577
 10
61.21719583439176
 20
122.04208788417577
  0
LWPOLYLINE
  5
542
330
1F
100
AcDbEntity
  8
TopSilkLayer
100
AcDbPolyline
 90
3
 70
 0
 43
0.15240030480060962 
 10
60.26479552959108
 20
120.2078994157988
 10
58.979857759715514
 20
120.2078994157988
 10
58.979857759715514
 20
122.04208788417577
 10
60.26479552959108
 20
122.04208788417577
  0
LWPOLYLINE
  5
543
330
1F
100
AcDbEntity
  8
TopSilkLayer
100
AcDbPolyline
 90
3
 70
 0
 43
0.15240030480060962 
 10
55.0977901955805
 20
124.60109220218442
 10
53.73787147574285
 20
124.60109220218442
 10
53.73787147574285
 20
122.4429006858013
 10
55.0977901955805
 20
122.4429006858013
  0
LWPOLYLINE
  5
544
330
1F
100
AcDbEntity
  8
TopSilkLayer
100
AcDbPolyline
 90
3
 70
 0
 43
0.15240030480060962 
 10
57.00020320040653
 20
124.60109220218442
 10
58.36012192024373
 20
124.60109220218442
 10
58.36012192024373
 20
122.4429006858013
 10
57.00020320040653
 20
122.4429006858013
  0
LWPOLYLINE
  5
545
330
1F
100
AcDbEntity
  8
TopSilkLayer
100
AcDbPolyline
 90
1
 70
 0
 43
0.25400050800101603 
 10
42.23622047244089
 20
121.1890271780544
 10
43.03624587249169
 20
121.1890271780544
  0
LWPOLYLINE
  5
546
330
1F
100
AcDbEntity
  8
TopSilkLayer
100
AcDbPolyline
 90
1
 70
 0
 43
0.25400050800101603 
 10
41.92636525273042
 20
120.07927355854713
 10
41.92636525273042
 20
120.87924815849635
  0
LWPOLYLINE
  5
547
330
1F
100
AcDbEntity
  8
TopSilkLayer
100
AcDbPolyline
 90
1
 70
 0
 43
0.25400050800101603 
 10
43.346024892049854
 20
120.07927355854713
 10
43.346024892049854
 20
120.87924815849635
  0
LWPOLYLINE
  5
548
330
1F
100
AcDbEntity
  8
TopSilkLayer
100
AcDbPolyline
 90
1
 70
 0
 43
0.25400050800101603 
 10
41.920548641097184
 20
119.50337820675645
 10
41.920548641097184
 20
118.70337820675638
  0
LWPOLYLINE
  5
549
330
1F
100
AcDbEntity
  8
TopSilkLayer
100
AcDbPolyline
 90
1
 70
 0
 43
0.25400050800101603 
 10
42.23037846075704
 20
118.39354838709687
 10
43.03035306070615
 20
118.39354838709687
  0
LWPOLYLINE
  5
54a
330
1F
100
AcDbEntity
  8
TopSilkLayer
100
AcDbPolyline
 90
1
 70
 0
 43
0.25400050800101603 
 10
43.34015748031493
 20
119.50337820675645
 10
43.34015748031493
 20
118.70337820675638
  0
LWPOLYLINE
  5
54b
330
1F
100
AcDbEntity
  8
TopSilkLayer
100
AcDbPolyline
 90
4
 70
 0
 43
0.15240030480060962 
 10
39.75473710947426
 20
110.37437134874278
 10
37.118338836677594
 20
110.35433070866145
 10
37.118338836677594
 20
115.71120142240284
 10
38.51280162560329
 20
117.10566421132842
 10
39.80820421640851
 20
117.09230378460757
  0
LWPOLYLINE
  5
54c
330
1F
100
AcDbEntity
  8
TopSilkLayer
100
AcDbPolyline
 90
4
 70
 0
 43
0.15240030480060962 
 10
41.201701803403694
 20
110.36050292100595
 10
43.870180340360776
 20
110.35382270764546
 10
43.870180340360776
 20
115.71003302006602
 10
42.47404114808228
 20
117.1061722123444
 10
41.17980695961387
 20
117.1061722123444
  0
LWPOLYLINE
  5
54d
330
1F
100
AcDbEntity
  8
TopSilkLayer
100
AcDbPolyline
 90
3
 70
 0
 43
0.15240030480060962 
 10
34.56659893319784
 20
123.29578359156721
 10
34.56659893319784
 20
122.57774955549917
 10
33.56939293878577
 20
122.57774955549917
 10
33.56939293878577
 20
123.29578359156721
  0
LWPOLYLINE
  5
54e
330
1F
100
AcDbEntity
  8
TopSilkLayer
100
AcDbPolyline
 90
3
 70
 0
 43
0.15240030480060962 
 10
34.56659893319784
 20
123.74820929641862
 10
34.56659893319784
 20
124.46624333248667
 10
33.56939293878577
 20
124.46624333248667
 10
33.56939293878577
 20
123.74820929641862
  0
LWPOLYLINE
  5
54f
330
1F
100
AcDbEntity
  8
TopSilkLayer
100
AcDbPolyline
 90
3
 70
 0
 43
0.15240030480060962 
 10
36.446786893573744
 20
125.81460502921004
 10
35.48790957581923
 20
125.81460502921004
 10
35.48790957581923
 20
124.49339598679205
 10
36.446786893573744
 20
124.49339598679205
  0
LWPOLYLINE
  5
550
330
1F
100
AcDbEntity
  8
TopSilkLayer
100
AcDbPolyline
 90
3
 70
 0
 43
0.15240030480060962 
 10
37.29921259842513
 20
125.81460502921004
 10
38.25808991617964
 20
125.81460502921004
 10
38.25808991617964
 20
124.49339598679205
 10
37.29921259842513
 20
124.49339598679205
  0
LWPOLYLINE
  5
551
330
1F
100
AcDbEntity
  8
TopSilkLayer
100
AcDbPolyline
 90
1
 70
 0
 43
0.25400050800101603 
 10
62.55118110236231
 20
117.75458470916942
 10
63.35115570231142
 20
117.75458470916942
  0
LWPOLYLINE
  5
552
330
1F
100
AcDbEntity
  8
TopSilkLayer
100
AcDbPolyline
 90
1
 70
 0
 43
0.25400050800101603 
 10
61.990728981458005
 20
117.75504191008383
 10
61.190754381508896
 20
117.75504191008383
  0
LWPOLYLINE
  5
553
330
1F
100
AcDbEntity
  8
TopSilkLayer
100
AcDbPolyline
 90
1
 70
 0
 43
0.25400050800101603 
 10
62.55118110236231
 20
116.33489966979937
 10
63.35115570231142
 20
116.33489966979937
  0
LWPOLYLINE
  5
554
330
1F
100
AcDbEntity
  8
TopSilkLayer
100
AcDbPolyline
 90
1
 70
 0
 43
0.25400050800101603 
 10
61.990728981458005
 20
116.33538227076463
 10
61.190754381508896
 20
116.33538227076463
  0
LWPOLYLINE
  5
555
330
1F
100
AcDbEntity
  8
TopSilkLayer
100
AcDbPolyline
 90
1
 70
 0
 43
0.25400050800101603 
 10
63.66090932181851
 20
117.4447548895098
 10
63.66090932181851
 20
116.64470408940815
  0
LWPOLYLINE
  5
556
330
1F
100
AcDbEntity
  8
TopSilkLayer
100
AcDbPolyline
 90
1
 70
 0
 43
0.25400050800101603 
 10
60.88097536195073
 20
116.64523749047498
 10
60.88097536195073
 20
117.44526289052578
  0
LWPOLYLINE
  5
557
330
1F
100
AcDbEntity
  8
TopSilkLayer
100
AcDbPolyline
 90
2
 70
 0
 43
0.15199390398780802 
 10
23.098856997713938
 20
122.48900177800351
 10
21.636982473964963
 20
122.48900177800351
 10
21.636982473964963
 20
115.88498856997717
  0
LWPOLYLINE
  5
558
330
1F
100
AcDbEntity
  8
TopSilkLayer
100
AcDbPolyline
 90
3
 70
 0
 43
0.15199390398780802 
 10
26.779121158242333
 20
115.88498856997717
 10
28.240995681991308
 20
115.88498856997717
 10
28.240995681991308
 20
122.48900177800351
 10
26.779121158242333
 20
122.48900177800351
  0
LWPOLYLINE
  5
559
330
1F
100
AcDbEntity
  8
TopSilkLayer
100
AcDbPolyline
 90
1
 70
 0
 43
0.15199390398780802 
 10
21.636982473964963
 20
115.88498856997717
 10
23.098856997713938
 20
115.88498856997717
  0
LWPOLYLINE
  5
55a
330
1F
100
AcDbEntity
  8
TopSilkLayer
100
AcDbPolyline
 90
3
 70
 0
 43
0.15240030480060962 
 10
67.08887477774942
 20
23.579502159004278
 10
68.04775209550439
 20
23.579502159004278
 10
68.04775209550439
 20
24.900711201422382
 10
67.08887477774942
 20
24.900711201422382
  0
LWPOLYLINE
  5
55b
330
1F
100
AcDbEntity
  8
TopSilkLayer
100
AcDbPolyline
 90
3
 70
 0
 43
0.15240030480060962 
 10
66.23644907289827
 20
23.579502159004278
 10
65.27757175514353
 20
23.579502159004278
 10
65.27757175514353
 20
24.900711201422382
 10
66.23644907289827
 20
24.900711201422382
  0
LWPOLYLINE
  5
55c
330
1F
100
AcDbEntity
  8
TopSilkLayer
100
AcDbPolyline
 90
3
 70
 0
 43
0.15240030480060962 
 10
63.16187452374925
 20
26.231496062992164
 10
64.12075184150376
 20
26.231496062992164
 10
64.12075184150376
 20
27.552705105410155
 10
63.16187452374925
 20
27.552705105410155
  0
LWPOLYLINE
  5
55d
330
1F
100
AcDbEntity
  8
TopSilkLayer
100
AcDbPolyline
 90
3
 70
 0
 43
0.15240030480060962 
 10
62.309448818897636
 20
26.231496062992164
 10
61.350571501142895
 20
26.231496062992164
 10
61.350571501142895
 20
27.552705105410155
 10
62.309448818897636
 20
27.552705105410155
  0
LWPOLYLINE
  5
55e
330
1F
100
AcDbEntity
  8
TopSilkLayer
100
AcDbPolyline
 90
1
 70
 0
 43
0.25400050800101603 
 10
34.35798831597663
 20
22.05455930911853
 10
34.35798831597663
 20
28.33401066802128
  0
LWPOLYLINE
  5
55f
330
1F
100
AcDbEntity
  8
TopSilkLayer
100
AcDbPolyline
 90
1
 70
 0
 43
0.25400050800101603 
 10
34.35798831597663
 20
22.05455930911853
 10
44.99801879603751
 20
22.05455930911853
  0
LWPOLYLINE
  5
560
330
1F
100
AcDbEntity
  8
TopSilkLayer
100
AcDbPolyline
 90
1
 70
 0
 43
0.25400050800101603 
 10
34.35798831597663
 20
26.636550673101397
 10
44.99801879603751
 20
26.636550673101397
  0
LWPOLYLINE
  5
561
330
1F
100
AcDbEntity
  8
TopSilkLayer
100
AcDbPolyline
 90
1
 70
 0
 43
0.25400050800101603 
 10
34.35798831597663
 20
23.798882397764714
 10
44.99801879603751
 20
23.798882397764714
  0
LWPOLYLINE
  5
562
330
1F
100
AcDbEntity
  8
TopSilkLayer
100
AcDbPolyline
 90
1
 70
 0
 43
0.25400050800101603 
 10
44.99801879603751
 20
22.05455930911853
 10
44.99801879603751
 20
28.33401066802128
  0
LWPOLYLINE
  5
563
330
1F
100
AcDbEntity
  8
TopSilkLayer
100
AcDbPolyline
 90
1
 70
 0
 43
0.25400050800101603 
 10
34.35798831597663
 20
28.33401066802128
 10
44.99801879603751
 20
28.33401066802128
  0
LWPOLYLINE
  5
564
330
1F
100
AcDbEntity
  8
TopSilkLayer
100
AcDbPolyline
 90
4
 70
 1
 43
0.25400050800101603 
 10
44.059512319024634
 20
22.145999491998964
 10
42.853009906019906
 20
22.145999491998964
 10
42.853009906019906
 20
22.781000762001554
 10
44.059512319024634
 20
22.781000762001554
 10
44.059512319024634
 20
22.145999491998964
  0
LWPOLYLINE
  5
565
330
1F
100
AcDbEntity
  8
TopSilkLayer
100
AcDbPolyline
 90
4
 70
 1
 43
0.25400050800101603 
 10
41.64650749301495
 20
22.145999491998964
 10
40.44000508001022
 20
22.145999491998964
 10
40.44000508001022
 20
22.781000762001554
 10
41.64650749301495
 20
22.781000762001554
 10
41.64650749301495
 20
22.145999491998964
  0
LWPOLYLINE
  5
566
330
1F
100
AcDbEntity
  8
TopSilkLayer
100
AcDbPolyline
 90
4
 70
 1
 43
0.25400050800101603 
 10
39.10650241300482
 20
22.145999491998964
 10
37.90000000000009
 20
22.145999491998964
 10
37.90000000000009
 20
22.781000762001554
 10
39.10650241300482
 20
22.781000762001554
 10
39.10650241300482
 20
22.145999491998964
  0
LWPOLYLINE
  5
567
330
1F
100
AcDbEntity
  8
TopSilkLayer
100
AcDbPolyline
 90
4
 70
 1
 43
0.25400050800101603 
 10
36.566497332994686
 20
22.145999491998964
 10
35.35999491998996
 20
22.145999491998964
 10
35.35999491998996
 20
22.781000762001554
 10
36.566497332994686
 20
22.781000762001554
 10
36.566497332994686
 20
22.145999491998964
  0
LWPOLYLINE
  5
568
330
1F
100
AcDbEntity
  8
TopSilkLayer
100
AcDbPolyline
 90
1
 70
 0
 43
0.25400050800101603 
 10
26.92799085598176
 20
97.39806959613918
 10
26.92799085598176
 20
95.11206502413006
  0
LWPOLYLINE
  5
569
330
1F
100
AcDbEntity
  8
TopSilkLayer
100
AcDbPolyline
 90
1
 70
 0
 43
0.25400050800101603 
 10
28.07099314198649
 20
96.25506731013468
 10
25.78498856997726
 20
96.25506731013468
  0
LWPOLYLINE
  5
56a
330
1F
100
AcDbEntity
  8
TopSilkLayer
100
AcDbPolyline
 90
1
 70
 0
 43
0.25400050800101603 
 10
26.92799085598176
 20
41.77195834391671
 10
26.92799085598176
 20
39.48595377190759
  0
LWPOLYLINE
  5
56b
330
1F
100
AcDbEntity
  8
TopSilkLayer
100
AcDbPolyline
 90
4
 70
 1
 43
0.25400050800101603 
 10
16.57747015494033
 20
106.98658877317757
 10
37.278511557023194
 20
106.98658877317757
 10
37.278511557023194
 20
29.897434594869196
 10
16.57747015494033
 20
29.897434594869196
 10
16.57747015494033
 20
106.98658877317757
  0
LWPOLYLINE
  5
56c
330
1F
100
AcDbEntity
  8
TopSilkLayer
100
AcDbPolyline
 90
1
 70
 0
 43
0.25400050800101603 
 10
52.37698755397514
 20
39.485928371856744
 10
52.37698755397514
 20
41.77193294386586
  0
LWPOLYLINE
  5
56d
330
1F
100
AcDbEntity
  8
TopSilkLayer
100
AcDbPolyline
 90
1
 70
 0
 43
0.25400050800101603 
 10
51.23398526797064
 20
40.62893065786125
 10
53.519989839979644
 20
40.62893065786125
  0
LWPOLYLINE
  5
56e
330
1F
100
AcDbEntity
  8
TopSilkLayer
100
AcDbPolyline
 90
1
 70
 0
 43
0.25400050800101603 
 10
52.37698755397514
 20
95.11203962407922
 10
52.37698755397514
 20
97.39804419608834
  0
LWPOLYLINE
  5
56f
330
1F
100
AcDbEntity
  8
TopSilkLayer
100
AcDbPolyline
 90
4
 70
 1
 43
0.25400050800101603 
 10
62.72750825501657
 20
29.89740919481835
 10
42.02646685293371
 20
29.89740919481835
 10
42.02646685293371
 20
106.98656337312673
 10
62.72750825501657
 20
106.98656337312673
 10
62.72750825501657
 20
29.89740919481835
  0
LWPOLYLINE
  5
570
330
1F
100
AcDbEntity
  8
TopSilkLayer
100
AcDbPolyline
 90
1
 70
 0
 43
0.25400050800101603 
 10
31.726416052832064
 20
124.3121920243841
 10
31.726416052832064
 20
125.11216662433333
  0
LWPOLYLINE
  5
571
330
1F
100
AcDbEntity
  8
TopSilkLayer
100
AcDbPolyline
 90
1
 70
 0
 43
0.25400050800101603 
 10
31.725958851917767
 20
123.7517399034798
 10
31.725958851917767
 20
122.95176530353058
  0
LWPOLYLINE
  5
572
330
1F
100
AcDbEntity
  8
TopSilkLayer
100
AcDbPolyline
 90
1
 70
 0
 43
0.25400050800101603 
 10
33.146101092202116
 20
124.3121920243841
 10
33.146101092202116
 20
125.11216662433333
  0
LWPOLYLINE
  5
573
330
1F
100
AcDbEntity
  8
TopSilkLayer
100
AcDbPolyline
 90
1
 70
 0
 43
0.25400050800101603 
 10
33.145618491236974
 20
123.7517399034798
 10
33.145618491236974
 20
122.95176530353058
  0
LWPOLYLINE
  5
574
330
1F
100
AcDbEntity
  8
TopSilkLayer
100
AcDbPolyline
 90
1
 70
 0
 43
0.25400050800101603 
 10
32.03624587249169
 20
125.42192024384042
 10
32.836296672593335
 20
125.42192024384042
  0
LWPOLYLINE
  5
575
330
1F
100
AcDbEntity
  8
TopSilkLayer
100
AcDbPolyline
 90
1
 70
 0
 43
0.25400050800101603 
 10
32.83576327152673
 20
122.64198628397253
 10
32.03573787147593
 20
122.64198628397253
  0
LWPOLYLINE
  5
576
330
1F
100
AcDbEntity
  8
TopSilkLayer
100
AcDbPolyline
 90
3
 70
 0
 43
0.15240030480060962 
 10
52.344221488443054
 20
131.53139446278897
 10
53.30309880619757
 20
131.53139446278897
 10
53.30309880619757
 20
132.85260350520707
 10
52.344221488443054
 20
132.85260350520707
  0
LWPOLYLINE
  5
577
330
1F
100
AcDbEntity
  8
TopSilkLayer
100
AcDbPolyline
 90
3
 70
 0
 43
0.15240030480060962 
 10
51.49179578359167
 20
131.53139446278897
 10
50.53291846583693
 20
131.53139446278897
 10
50.53291846583693
 20
132.85260350520707
 10
51.49179578359167
 20
132.85260350520707
  0
LWPOLYLINE
  5
578
330
1F
100
AcDbEntity
  8
TopSilkLayer
100
AcDbPolyline
 90
1
 70
 0
 43
0.15240030480060962 
 10
54.851206502413106
 20
23.39461518923042
 10
53.441198882397885
 20
23.39461518923042
  0
LWPOLYLINE
  5
579
330
1F
100
AcDbEntity
  8
TopSilkLayer
100
AcDbPolyline
 90
1
 70
 0
 43
0.15240030480060962 
 10
53.441198882397885
 20
21.587401574803152
 10
54.851206502413106
 20
21.587401574803152
  0
LWPOLYLINE
  5
57a
330
1F
100
AcDbEntity
  8
TopSilkLayer
100
AcDbPolyline
 90
1
 70
 0
 43
0.15240030480060962 
 10
55.00360680721383
 20
21.73980187960376
 10
55.00360680721383
 20
23.242214884429814
  0
LWPOLYLINE
  5
57b
330
1F
100
AcDbEntity
  8
TopSilkLayer
100
AcDbPolyline
 90
1
 70
 0
 43
0.15240030480060962 
 10
51.22880365760716
 20
23.39461518923042
 10
52.63881127762238
 20
23.39461518923042
  0
LWPOLYLINE
  5
57c
330
1F
100
AcDbEntity
  8
TopSilkLayer
100
AcDbPolyline
 90
1
 70
 0
 43
0.15240030480060962 
 10
52.63881127762238
 20
21.587401574803152
 10
51.22880365760716
 20
21.587401574803152
  0
LWPOLYLINE
  5
57d
330
1F
100
AcDbEntity
  8
TopSilkLayer
100
AcDbPolyline
 90
1
 70
 0
 43
0.15240030480060962 
 10
51.07640335280689
 20
21.73980187960376
 10
51.07640335280689
 20
23.242214884429814
  0
LWPOLYLINE
  5
57e
330
1F
100
AcDbEntity
  8
TopSilkLayer
100
AcDbPolyline
 90
1
 70
 0
 43
0.15240030480060962 
 10
54.95321310642635
 20
19.314605029210043
 10
53.543205486411125
 20
19.314605029210043
  0
LWPOLYLINE
  5
57f
330
1F
100
AcDbEntity
  8
TopSilkLayer
100
AcDbPolyline
 90
1
 70
 0
 43
0.15240030480060962 
 10
53.543205486411125
 20
17.507391414782774
 10
54.95321310642635
 20
17.507391414782774
  0
LWPOLYLINE
  5
580
330
1F
100
AcDbEntity
  8
TopSilkLayer
100
AcDbPolyline
 90
1
 70
 0
 43
0.15240030480060962 
 10
55.10561341122684
 20
17.659791719583495
 10
55.10561341122684
 20
19.162204724409435
  0
LWPOLYLINE
  5
581
330
1F
100
AcDbEntity
  8
TopSilkLayer
100
AcDbPolyline
 90
1
 70
 0
 43
0.15240030480060962 
 10
51.3308102616204
 20
19.314605029210043
 10
52.74081788163562
 20
19.314605029210043
  0
LWPOLYLINE
  5
582
330
1F
100
AcDbEntity
  8
TopSilkLayer
100
AcDbPolyline
 90
1
 70
 0
 43
0.15240030480060962 
 10
52.74081788163562
 20
17.507391414782774
 10
51.3308102616204
 20
17.507391414782774
  0
LWPOLYLINE
  5
583
330
1F
100
AcDbEntity
  8
TopSilkLayer
100
AcDbPolyline
 90
1
 70
 0
 43
0.15240030480060962 
 10
51.17840995682013
 20
17.659791719583495
 10
51.17840995682013
 20
19.162204724409435
  0
LWPOLYLINE
  5
584
330
1F
100
AcDbEntity
  8
TopSilkLayer
100
AcDbPolyline
 90
1
 70
 0
 43
0.25400050800101603 
 10
59.06243332486679
 20
26.239192278384508
 10
59.06243332486679
 20
27.03916687833373
  0
LWPOLYLINE
  5
585
330
1F
100
AcDbEntity
  8
TopSilkLayer
100
AcDbPolyline
 90
1
 70
 0
 43
0.25400050800101603 
 10
59.06197612395226
 20
25.67874015748032
 10
59.06197612395226
 20
24.87876555753121
  0
LWPOLYLINE
  5
586
330
1F
100
AcDbEntity
  8
TopSilkLayer
100
AcDbPolyline
 90
1
 70
 0
 43
0.25400050800101603 
 10
60.48211836423661
 20
26.239192278384508
 10
60.48211836423661
 20
27.03916687833373
  0
LWPOLYLINE
  5
587
330
1F
100
AcDbEntity
  8
TopSilkLayer
100
AcDbPolyline
 90
1
 70
 0
 43
0.25400050800101603 
 10
60.4816357632717
 20
25.67874015748032
 10
60.4816357632717
 20
24.87876555753121
  0
LWPOLYLINE
  5
588
330
1F
100
AcDbEntity
  8
TopSilkLayer
100
AcDbPolyline
 90
1
 70
 0
 43
0.25400050800101603 
 10
59.37226314452619
 20
27.34892049784105
 10
60.17231394462783
 20
27.34892049784105
  0
LWPOLYLINE
  5
589
330
1F
100
AcDbEntity
  8
TopSilkLayer
100
AcDbPolyline
 90
1
 70
 0
 43
0.25400050800101603 
 10
60.171780543561226
 20
24.568986537973046
 10
59.37175514351043
 20
24.568986537973046
  0
LWPOLYLINE
  5
58a
330
1F
100
AcDbEntity
  8
TopSilkLayer
100
AcDbPolyline
 90
1
 70
 0
 43
0.15240030480060962 
 10
65.41402082804166
 20
28.184505969011866
 10
65.78247396494794
 20
28.184505969011866
  0
LWPOLYLINE
  5
58b
330
1F
100
AcDbEntity
  8
TopSilkLayer
100
AcDbPolyline
 90
1
 70
 0
 43
0.15240030480060962 
 10
65.78247396494794
 20
28.965709931419838
 10
65.41402082804166
 20
28.965709931419838
  0
LWPOLYLINE
  5
58c
330
1F
100
AcDbEntity
  8
TopSilkLayer
100
AcDbPolyline
 90
1
 70
 0
 43
0.15240030480060962 
 10
65.26162052324116
 20
28.81330962661923
 10
65.26162052324116
 20
28.336906273812474
  0
LWPOLYLINE
  5
58d
330
1F
100
AcDbEntity
  8
TopSilkLayer
100
AcDbPolyline
 90
1
 70
 0
 43
0.15240030480060962 
 10
66.4833121666245
 20
28.184505969011866
 10
66.11485902971822
 20
28.184505969011866
  0
LWPOLYLINE
  5
58e
330
1F
100
AcDbEntity
  8
TopSilkLayer
100
AcDbPolyline
 90
1
 70
 0
 43
0.15240030480060962 
 10
66.11485902971822
 20
28.965709931419838
 10
66.4833121666245
 20
28.965709931419838
  0
LWPOLYLINE
  5
58f
330
1F
100
AcDbEntity
  8
TopSilkLayer
100
AcDbPolyline
 90
1
 70
 0
 43
0.15240030480060962 
 10
66.635712471425
 20
28.81330962661923
 10
66.635712471425
 20
28.336906273812474
  0
LWPOLYLINE
  5
590
330
1F
100
AcDbEntity
  8
TopSilkLayer
100
AcDbPolyline
 90
1
 70
 0
 43
0.15240030480060962 
 10
47.16060452120905
 20
22.41379222758451
 10
47.16060452120905
 20
23.82379984759973
  0
LWPOLYLINE
  5
591
330
1F
100
AcDbEntity
  8
TopSilkLayer
100
AcDbPolyline
 90
1
 70
 0
 43
0.15240030480060962 
 10
45.3533909067819
 20
23.82379984759973
 10
45.3533909067819
 20
22.41379222758451
  0
LWPOLYLINE
  5
592
330
1F
100
AcDbEntity
  8
TopSilkLayer
100
AcDbPolyline
 90
1
 70
 0
 43
0.15240030480060962 
 10
45.50579121158239
 20
22.261391922783787
 10
47.00820421640833
 20
22.261391922783787
  0
LWPOLYLINE
  5
593
330
1F
100
AcDbEntity
  8
TopSilkLayer
100
AcDbPolyline
 90
1
 70
 0
 43
0.15240030480060962 
 10
47.16060452120905
 20
26.036195072390115
 10
47.16060452120905
 20
24.626187452374893
  0
LWPOLYLINE
  5
594
330
1F
100
AcDbEntity
  8
TopSilkLayer
100
AcDbPolyline
 90
1
 70
 0
 43
0.15240030480060962 
 10
45.3533909067819
 20
24.626187452374893
 10
45.3533909067819
 20
26.036195072390115
  0
LWPOLYLINE
  5
595
330
1F
100
AcDbEntity
  8
TopSilkLayer
100
AcDbPolyline
 90
1
 70
 0
 43
0.15240030480060962 
 10
45.50579121158239
 20
26.188595377190723
 10
47.00820421640833
 20
26.188595377190723
  0
LWPOLYLINE
  5
596
330
1F
100
AcDbEntity
  8
TopSilkLayer
100
AcDbPolyline
 90
1
 70
 0
 43
0.25400050800101603 
 10
52.402819405638866
 20
13.978435356870705
 10
51.60284480568953
 20
13.978435356870705
  0
LWPOLYLINE
  5
597
330
1F
100
AcDbEntity
  8
TopSilkLayer
100
AcDbPolyline
 90
1
 70
 0
 43
0.25400050800101603 
 10
52.96327152654317
 20
13.977978155956293
 10
53.76324612649228
 20
13.977978155956293
  0
LWPOLYLINE
  5
598
330
1F
100
AcDbEntity
  8
TopSilkLayer
100
AcDbPolyline
 90
1
 70
 0
 43
0.25400050800101603 
 10
52.402819405638866
 20
15.39812039624087
 10
51.60284480568953
 20
15.39812039624087
  0
LWPOLYLINE
  5
599
330
1F
100
AcDbEntity
  8
TopSilkLayer
100
AcDbPolyline
 90
1
 70
 0
 43
0.25400050800101603 
 10
52.96327152654317
 20
15.397637795275614
 10
53.76324612649228
 20
15.397637795275614
  0
LWPOLYLINE
  5
59a
330
1F
100
AcDbEntity
  8
TopSilkLayer
100
AcDbPolyline
 90
1
 70
 0
 43
0.25400050800101603 
 10
51.29309118618221
 20
14.28826517653033
 10
51.29309118618221
 20
15.088315976631975
  0
LWPOLYLINE
  5
59b
330
1F
100
AcDbEntity
  8
TopSilkLayer
100
AcDbPolyline
 90
1
 70
 0
 43
0.25400050800101603 
 10
54.07302514605044
 20
15.087782575565143
 10
54.07302514605044
 20
14.287757175514344
  0
LWPOLYLINE
  5
59c
330
1F
100
AcDbEntity
  8
TopSilkLayer
100
AcDbPolyline
 90
3
 70
 0
 43
0.15240030480060962 
 10
65.72245364490732
 20
22.364516129032268
 10
65.00441960883927
 20
22.364516129032268
 10
65.00441960883927
 20
23.361722123444224
 10
65.72245364490732
 20
23.361722123444224
  0
LWPOLYLINE
  5
59d
330
1F
100
AcDbEntity
  8
TopSilkLayer
100
AcDbPolyline
 90
3
 70
 0
 43
0.15240030480060962 
 10
66.17487934975861
 20
22.364516129032268
 10
66.89291338582666
 20
22.364516129032268
 10
66.89291338582666
 20
23.361722123444224
 10
66.17487934975861
 20
23.361722123444224
  0
LWPOLYLINE
  5
59e
330
1F
100
AcDbEntity
  8
TopSilkLayer
100
AcDbPolyline
 90
3
 70
 0
 43
0.15240030480060962 
 10
66.23644907289827
 20
27.96070612141216
 10
65.27757175514353
 20
27.96070612141216
 10
65.27757175514353
 20
26.639497078994168
 10
66.23644907289827
 20
26.639497078994168
  0
LWPOLYLINE
  5
59f
330
1F
100
AcDbEntity
  8
TopSilkLayer
100
AcDbPolyline
 90
3
 70
 0
 43
0.15240030480060962 
 10
67.08887477774942
 20
27.96070612141216
 10
68.04775209550439
 20
27.96070612141216
 10
68.04775209550439
 20
26.639497078994168
 10
67.08887477774942
 20
26.639497078994168
  0
LWPOLYLINE
  5
5a0
330
1F
100
AcDbEntity
  8
TopSilkLayer
100
AcDbPolyline
 90
3
 70
 0
 43
0.15240030480060962 
 10
67.08887477774942
 20
25.10949961899928
 10
68.04775209550439
 20
25.10949961899928
 10
68.04775209550439
 20
26.43070866141727
 10
67.08887477774942
 20
26.43070866141727
  0
LWPOLYLINE
  5
5a1
330
1F
100
AcDbEntity
  8
TopSilkLayer
100
AcDbPolyline
 90
3
 70
 0
 43
0.15240030480060962 
 10
66.23644907289827
 20
25.10949961899928
 10
65.27757175514353
 20
25.10949961899928
 10
65.27757175514353
 20
26.43070866141727
 10
66.23644907289827
 20
26.43070866141727
  0
LWPOLYLINE
  5
5a2
330
1F
100
AcDbEntity
  8
TopSilkLayer
100
AcDbPolyline
 90
1
 70
 0
 43
0.15240030480060962 
 10
62.161468122936185
 20
25.77940055880117
 10
63.51386842773695
 20
25.77940055880117
  0
LWPOLYLINE
  5
5a3
330
1F
100
AcDbEntity
  8
TopSilkLayer
100
AcDbPolyline
 90
1
 70
 0
 43
0.15240030480060962 
 10
62.161468122936185
 20
24.02700025400054
 10
63.51386842773695
 20
24.02700025400054
  0
LWPOLYLINE
  5
5a4
330
1F
100
AcDbEntity
  8
TopSilkLayer
100
AcDbPolyline
 90
1
 70
 0
 43
0.25400050800101603 
 10
63.33713487426985
 20
22.47800355600714
 10
63.405994411988786
 20
22.47800355600714
  0
LWPOLYLINE
  5
5a5
330
1F
100
AcDbEntity
  8
TopSilkLayer
100
AcDbPolyline
 90
3
 70
 0
 43
0.25400050800101603 
 10
59.674853949707995
 20
16.07800355600716
 10
58.50599441198892
 20
16.07800355600716
 10
58.50599441198892
 20
22.47800355600714
 10
59.674853949707995
 20
22.47800355600714
  0
LWPOLYLINE
  5
5a6
330
1F
100
AcDbEntity
  8
TopSilkLayer
100
AcDbPolyline
 90
3
 70
 0
 43
0.25400050800101603 
 10
63.33713487426985
 20
22.47800355600714
 10
64.50599441198892
 20
22.47800355600714
 10
64.50599441198892
 20
16.07800355600716
 10
63.33713487426985
 20
16.07800355600716
  0
LWPOLYLINE
  5
5a7
330
1F
100
AcDbEntity
  8
TopSilkLayer
100
AcDbPolyline
 90
4
 70
 1
 43
0.15240030480060962 
 10
39.32141224282441
 20
119.99829819659647
 10
37.17861315722621
 20
119.99829819659647
 10
37.17861315722621
 20
124.18971297942608
 10
39.32141224282441
 20
124.18971297942608
 10
39.32141224282441
 20
119.99829819659647
  0
LWPOLYLINE
  5
5a8
330
1F
100
AcDbEntity
  8
TopSilkLayer
100
AcDbPolyline
 90
3
 70
 0
 43
0.15240030480060962 
 10
46.412395224790316
 20
123.19779019558041
 10
46.412395224790316
 20
122.23891287782578
 10
47.73360426720865
 20
122.23891287782578
 10
47.73360426720865
 20
123.19779019558041
  0
LWPOLYLINE
  5
5a9
330
1F
100
AcDbEntity
  8
TopSilkLayer
100
AcDbPolyline
 90
3
 70
 0
 43
0.15240030480060962 
 10
46.412395224790316
 20
124.0502159004318
 10
46.412395224790316
 20
125.00909321818654
 10
47.73360426720865
 20
125.00909321818654
 10
47.73360426720865
 20
124.0502159004318
  0
LWPOLYLINE
  5
5aa
330
1F
100
AcDbEntity
  8
TopSilkLayer
100
AcDbPolyline
 90
1
 70
 0
 43
0.25400050800101603 
 10
14.508001016002027
 20
122.18199136398266
 10
15.37200914401842
 20
122.18199136398266
  0
LWPOLYLINE
  5
5ab
330
1F
100
AcDbEntity
  8
TopSilkLayer
100
AcDbPolyline
 90
1
 70
 0
 43
0.25400050800101603 
 10
15.37200914401842
 20
122.18199136398266
 10
15.37200914401842
 20
121.18196596393204
  0
LWPOLYLINE
  5
5ac
330
1F
100
AcDbEntity
  8
TopSilkLayer
100
AcDbPolyline
 90
1
 70
 0
 43
0.25400050800101603 
 10
13.558039116078362
 20
120.7819913639828
 10
14.185979171958252
 20
120.7819913639828
  0
LWPOLYLINE
  5
5ad
330
1F
100
AcDbEntity
  8
TopSilkLayer
100
AcDbPolyline
 90
1
 70
 0
 43
0.25400050800101603 
 10
12.372009144018193
 20
122.18199136398266
 10
13.236017272034587
 20
122.18199136398266
  0
LWPOLYLINE
  5
5ae
330
1F
100
AcDbEntity
  8
TopSilkLayer
100
AcDbPolyline
 90
1
 70
 0
 43
0.25400050800101603 
 10
12.372009144018193
 20
122.18199136398266
 10
12.372009144018193
 20
121.18196596393204
  0
LWPOLYLINE
  5
5af
330
1F
100
AcDbEntity
  8
TopSilkLayer
100
AcDbPolyline
 90
4
 70
 1
 43
0.15240030480060962 
 10
20.784201168402433
 20
122.39141478282954
 10
20.784201168402433
 20
119.34859029718064
 10
15.731775463551003
 20
119.34859029718064
 10
15.731775463551003
 20
122.39141478282954
 10
20.784201168402433
 20
122.39141478282954
  0
LWPOLYLINE
  5
5b0
330
1F
100
AcDbEntity
  8
TopSilkLayer
100
AcDbPolyline
 90
3
 70
 0
 43
0.15240030480060962 
 10
47.942392684785545
 20
123.19779019558041
 10
47.942392684785545
 20
122.23891287782578
 10
49.26360172720342
 20
122.23891287782578
 10
49.26360172720342
 20
123.19779019558041
  0
LWPOLYLINE
  5
5b1
330
1F
100
AcDbEntity
  8
TopSilkLayer
100
AcDbPolyline
 90
3
 70
 0
 43
0.15240030480060962 
 10
47.942392684785545
 20
124.0502159004318
 10
47.942392684785545
 20
125.00909321818654
 10
49.26360172720342
 20
125.00909321818654
 10
49.26360172720342
 20
124.0502159004318
  0
LWPOLYLINE
  5
5b2
330
1F
100
AcDbEntity
  8
TopSilkLayer
100
AcDbPolyline
 90
3
 70
 0
 43
0.15240030480060962 
 10
44.88239776479554
 20
123.19779019558041
 10
44.88239776479554
 20
122.23891287782578
 10
46.203606807213646
 20
122.23891287782578
 10
46.203606807213646
 20
123.19779019558041
  0
LWPOLYLINE
  5
5b3
330
1F
100
AcDbEntity
  8
TopSilkLayer
100
AcDbPolyline
 90
3
 70
 0
 43
0.15240030480060962 
 10
44.88239776479554
 20
124.0502159004318
 10
44.88239776479554
 20
125.00909321818654
 10
46.203606807213646
 20
125.00909321818654
 10
46.203606807213646
 20
124.0502159004318
  0
LWPOLYLINE
  5
5b4
330
1F
100
AcDbEntity
  8
TopSilkLayer
100
AcDbPolyline
 90
3
 70
 0
 43
0.15240030480060962 
 10
31.005613411226705
 20
133.63820167640336
 10
31.005613411226705
 20
134.59707899415798
 10
29.684404368808828
 20
134.59707899415798
 10
29.684404368808828
 20
133.63820167640336
  0
LWPOLYLINE
  5
5b5
330
1F
100
AcDbEntity
  8
TopSilkLayer
100
AcDbPolyline
 90
3
 70
 0
 43
0.15240030480060962 
 10
31.005613411226705
 20
132.78577597155197
 10
31.005613411226705
 20
131.82689865379734
 10
29.684404368808828
 20
131.82689865379734
 10
29.684404368808828
 20
132.78577597155197
  0
LWPOLYLINE
  5
5b6
330
1F
100
AcDbEntity
  8
TopSilkLayer
100
AcDbPolyline
 90
3
 70
 0
 43
0.15240030480060962 
 10
37.43159766319536
 20
133.63820167640336
 10
37.43159766319536
 20
134.59707899415798
 10
36.11038862077726
 20
134.59707899415798
 10
36.11038862077726
 20
133.63820167640336
  0
LWPOLYLINE
  5
5b7
330
1F
100
AcDbEntity
  8
TopSilkLayer
100
AcDbPolyline
 90
3
 70
 0
 43
0.15240030480060962 
 10
37.43159766319536
 20
132.78577597155197
 10
37.43159766319536
 20
131.82689865379734
 10
36.11038862077726
 20
131.82689865379734
 10
36.11038862077726
 20
132.78577597155197
  0
LWPOLYLINE
  5
5b8
330
1F
100
AcDbEntity
  8
TopSilkLayer
100
AcDbPolyline
 90
3
 70
 0
 43
0.15240030480060962 
 10
16.50579121158239
 20
126.8345948691898
 10
15.546913893827877
 20
126.8345948691898
 10
15.546913893827877
 20
125.5133858267717
 10
16.50579121158239
 20
125.5133858267717
  0
LWPOLYLINE
  5
5b9
330
1F
100
AcDbEntity
  8
TopSilkLayer
100
AcDbPolyline
 90
3
 70
 0
 43
0.15240030480060962 
 10
17.358216916433776
 20
126.8345948691898
 10
18.317094234188517
 20
126.8345948691898
 10
18.317094234188517
 20
125.5133858267717
 10
17.358216916433776
 20
125.5133858267717
  0
LWPOLYLINE
  5
5ba
330
1F
100
AcDbEntity
  8
TopSilkLayer
100
AcDbPolyline
 90
1
 70
 0
 43
0.25400050800101603 
 10
21.814986029972033
 20
20.10223520447039
 10
21.814986029972033
 20
20.90226060452119
  0
LWPOLYLINE
  5
5bb
330
1F
100
AcDbEntity
  8
TopSilkLayer
100
AcDbPolyline
 90
1
 70
 0
 43
0.25400050800101603 
 10
22.924739649479534
 20
19.79237998475992
 10
22.124765049530197
 20
19.79237998475992
  0
LWPOLYLINE
  5
5bc
330
1F
100
AcDbEntity
  8
TopSilkLayer
100
AcDbPolyline
 90
1
 70
 0
 43
0.25400050800101603 
 10
22.924739649479534
 20
21.212039624079353
 10
22.124765049530197
 20
21.212039624079353
  0
LWPOLYLINE
  5
5bd
330
1F
100
AcDbEntity
  8
TopSilkLayer
100
AcDbPolyline
 90
1
 70
 0
 43
0.25400050800101603 
 10
23.500635001269984
 20
19.786563373126683
 10
24.30063500126994
 20
19.786563373126683
  0
LWPOLYLINE
  5
5be
330
1F
100
AcDbEntity
  8
TopSilkLayer
100
AcDbPolyline
 90
1
 70
 0
 43
0.25400050800101603 
 10
24.610464820929792
 20
20.09639319278631
 10
24.610464820929792
 20
20.896367792735532
  0
LWPOLYLINE
  5
5bf
330
1F
100
AcDbEntity
  8
TopSilkLayer
100
AcDbPolyline
 90
1
 70
 0
 43
0.25400050800101603 
 10
23.500635001269984
 20
21.206172212344427
 10
24.30063500126994
 20
21.206172212344427
  0
LWPOLYLINE
  5
5c0
330
1F
100
AcDbEntity
  8
TopSilkLayer
100
AcDbPolyline
 90
1
 70
 0
 43
0.25400050800101603 
 10
54.07302514605044
 20
16.872771145542288
 10
54.07302514605044
 20
16.07274574549149
  0
LWPOLYLINE
  5
5c1
330
1F
100
AcDbEntity
  8
TopSilkLayer
100
AcDbPolyline
 90
1
 70
 0
 43
0.25400050800101603 
 10
52.96327152654317
 20
17.18262636525276
 10
53.76324612649228
 20
17.18262636525276
  0
LWPOLYLINE
  5
5c2
330
1F
100
AcDbEntity
  8
TopSilkLayer
100
AcDbPolyline
 90
1
 70
 0
 43
0.25400050800101603 
 10
52.96327152654317
 20
15.762966725933438
 10
53.76324612649228
 20
15.762966725933438
  0
LWPOLYLINE
  5
5c3
330
1F
100
AcDbEntity
  8
TopSilkLayer
100
AcDbPolyline
 90
1
 70
 0
 43
0.25400050800101603 
 10
52.38737617475226
 20
17.188442976885995
 10
51.587376174752535
 20
17.188442976885995
  0
LWPOLYLINE
  5
5c4
330
1F
100
AcDbEntity
  8
TopSilkLayer
100
AcDbPolyline
 90
1
 70
 0
 43
0.25400050800101603 
 10
51.27754635509291
 20
16.87861315722637
 10
51.27754635509291
 20
16.07863855727703
  0
LWPOLYLINE
  5
5c5
330
1F
100
AcDbEntity
  8
TopSilkLayer
100
AcDbPolyline
 90
1
 70
 0
 43
0.25400050800101603 
 10
52.38737617475226
 20
15.768834137668364
 10
51.587376174752535
 20
15.768834137668364
  0
LWPOLYLINE
  5
5c6
330
1F
100
AcDbEntity
  8
TopSilkLayer
100
AcDbPolyline
 90
2
 70
 0
 43
0.15001270002540007 
 10
39.04958089916181
 20
134.30050800101606
 10
39.05953771907548
 20
134.30050800101606
 10
39.3895859791719
 20
133.9704597409194
  0
LWPOLYLINE
  5
5c7
330
1F
100
AcDbEntity
  8
TopSilkLayer
100
AcDbPolyline
 90
2
 70
 0
 43
0.15001270002540007 
 10
39.04958089916181
 20
133.62047244094492
 10
39.04958089916181
 20
133.63045466090932
 10
39.3895859791719
 20
133.9704597409194
  0
LWPOLYLINE
  5
5c8
330
1F
100
AcDbEntity
  8
TopSilkLayer
100
AcDbPolyline
 90
1
 70
 0
 43
0.15001270002540007 
 10
39.04958089916181
 20
133.62047244094492
 10
39.04958089916181
 20
134.30050800101606
  0
LWPOLYLINE
  5
5c9
330
1F
100
AcDbEntity
  8
TopSilkLayer
100
AcDbPolyline
 90
1
 70
 0
 43
0.15001270002540007 
 10
39.029540259080704
 20
133.2203962407924
 10
37.87952755905508
 20
133.2203962407924
  0
LWPOLYLINE
  5
5ca
330
1F
100
AcDbEntity
  8
TopSilkLayer
100
AcDbPolyline
 90
1
 70
 0
 43
0.15001270002540007 
 10
39.029540259080704
 20
134.7205232410464
 10
37.87952755905508
 20
134.7205232410464
  0
LWPOLYLINE
  5
5cb
330
1F
100
AcDbEntity
  8
TopSilkLayer
100
AcDbPolyline
 90
1
 70
 0
 43
0.15001270002540007 
 10
37.87952755905508
 20
133.22049784099568
 10
37.87952755905508
 20
134.7004318008636
  0
LWPOLYLINE
  5
5cc
330
1F
100
AcDbEntity
  8
TopSilkLayer
100
AcDbPolyline
 90
1
 70
 0
 43
0.15001270002540007 
 10
39.4095504191007
 20
134.7228346456693
 10
40.45966471932957
 20
134.7228346456693
  0
LWPOLYLINE
  5
5cd
330
1F
100
AcDbEntity
  8
TopSilkLayer
100
AcDbPolyline
 90
2
 70
 0
 43
0.15001270002540007 
 10
40.75961391922783
 20
134.3227584455169
 10
40.75961391922783
 20
134.42278384556766
 10
40.45966471932957
 20
134.7228346456693
  0
LWPOLYLINE
  5
5ce
330
1F
100
AcDbEntity
  8
TopSilkLayer
100
AcDbPolyline
 90
1
 70
 0
 43
0.15001270002540007 
 10
40.75961391922783
 20
133.62280924561844
 10
40.75961391922783
 20
134.3227584455169
  0
LWPOLYLINE
  5
5cf
330
1F
100
AcDbEntity
  8
TopSilkLayer
100
AcDbPolyline
 90
2
 70
 0
 43
0.15001270002540007 
 10
40.75961391922783
 20
133.62280924561844
 10
40.75961391922783
 20
133.5226568453137
 10
40.45966471932957
 20
133.2227076454153
  0
LWPOLYLINE
  5
5d0
330
1F
100
AcDbEntity
  8
TopSilkLayer
100
AcDbPolyline
 90
1
 70
 0
 43
0.15001270002540007 
 10
39.4095504191007
 20
133.2227076454153
 10
40.45966471932957
 20
133.2227076454153
  0
LWPOLYLINE
  5
5d1
330
1F
100
AcDbEntity
  8
TopSilkLayer
100
AcDbPolyline
 90
1
 70
 0
 43
0.15001270002540007 
 10
39.04958089916181
 20
133.9704597409194
 10
39.3895859791719
 20
133.9704597409194
  0
LWPOLYLINE
  5
5d2
330
1F
100
AcDbEntity
  8
TopSilkLayer
100
AcDbPolyline
 90
2
 70
 0
 43
0.15001270002540007 
 10
32.87858775717564
 20
134.24953009906017
 10
32.888544577089306
 20
134.24953009906017
 10
33.218592837185724
 20
133.91948183896363
  0
LWPOLYLINE
  5
5d3
330
1F
100
AcDbEntity
  8
TopSilkLayer
100
AcDbPolyline
 90
2
 70
 0
 43
0.15001270002540007 
 10
32.87858775717564
 20
133.56949453898915
 10
32.87858775717564
 20
133.57947675895355
 10
33.218592837185724
 20
133.91948183896363
  0
LWPOLYLINE
  5
5d4
330
1F
100
AcDbEntity
  8
TopSilkLayer
100
AcDbPolyline
 90
1
 70
 0
 43
0.15001270002540007 
 10
32.87858775717564
 20
133.56949453898915
 10
32.87858775717564
 20
134.24953009906017
  0
LWPOLYLINE
  5
5d5
330
1F
100
AcDbEntity
  8
TopSilkLayer
100
AcDbPolyline
 90
1
 70
 0
 43
0.15001270002540007 
 10
32.858547117094304
 20
133.16941833883675
 10
31.708534417068904
 20
133.16941833883675
  0
LWPOLYLINE
  5
5d6
330
1F
100
AcDbEntity
  8
TopSilkLayer
100
AcDbPolyline
 90
1
 70
 0
 43
0.15001270002540007 
 10
32.858547117094304
 20
134.66954533909063
 10
31.708534417068904
 20
134.66954533909063
  0
LWPOLYLINE
  5
5d7
330
1F
100
AcDbEntity
  8
TopSilkLayer
100
AcDbPolyline
 90
1
 70
 0
 43
0.15001270002540007 
 10
31.708534417068904
 20
133.1695199390399
 10
31.708534417068904
 20
134.64945389890784
  0
LWPOLYLINE
  5
5d8
330
1F
100
AcDbEntity
  8
TopSilkLayer
100
AcDbPolyline
 90
1
 70
 0
 43
0.15001270002540007 
 10
33.23855727711452
 20
134.67185674371353
 10
34.288671577343166
 20
134.67185674371353
  0
LWPOLYLINE
  5
5d9
330
1F
100
AcDbEntity
  8
TopSilkLayer
100
AcDbPolyline
 90
2
 70
 0
 43
0.15001270002540007 
 10
34.58862077724166
 20
134.27178054356114
 10
34.58862077724166
 20
134.3718059436119
 10
34.288671577343166
 20
134.67185674371353
  0
LWPOLYLINE
  5
5da
330
1F
100
AcDbEntity
  8
TopSilkLayer
100
AcDbPolyline
 90
1
 70
 0
 43
0.15001270002540007 
 10
34.58862077724166
 20
133.57183134366267
 10
34.58862077724166
 20
134.27178054356114
  0
LWPOLYLINE
  5
5db
330
1F
100
AcDbEntity
  8
TopSilkLayer
100
AcDbPolyline
 90
2
 70
 0
 43
0.15001270002540007 
 10
34.58862077724166
 20
133.57183134366267
 10
34.58862077724166
 20
133.47167894335792
 10
34.288671577343166
 20
133.17172974345942
  0
LWPOLYLINE
  5
5dc
330
1F
100
AcDbEntity
  8
TopSilkLayer
100
AcDbPolyline
 90
1
 70
 0
 43
0.15001270002540007 
 10
33.23855727711452
 20
133.17172974345942
 10
34.288671577343166
 20
133.17172974345942
  0
LWPOLYLINE
  5
5dd
330
1F
100
AcDbEntity
  8
TopSilkLayer
100
AcDbPolyline
 90
1
 70
 0
 43
0.15001270002540007 
 10
32.87858775717564
 20
133.91948183896363
 10
33.218592837185724
 20
133.91948183896363
  0
LWPOLYLINE
  5
5de
330
1F
100
AcDbEntity
  8
TopSilkLayer
100
AcDbPolyline
 90
2
 70
 0
 43
0.15001270002540007 
 10
52.087426974854
 20
133.67630175260354
 10
52.077470154940556
 20
133.67630175260354
 10
51.74742189484368
 20
134.00635001270007
  0
LWPOLYLINE
  5
5df
330
1F
100
AcDbEntity
  8
TopSilkLayer
100
AcDbPolyline
 90
2
 70
 0
 43
0.15001270002540007 
 10
52.087426974854
 20
134.35633731267467
 10
52.087426974854
 20
134.34635509271027
 10
51.74742189484368
 20
134.00635001270007
  0
LWPOLYLINE
  5
5e0
330
1F
100
AcDbEntity
  8
TopSilkLayer
100
AcDbPolyline
 90
1
 70
 0
 43
0.15001270002540007 
 10
52.087426974854
 20
134.35633731267467
 10
52.087426974854
 20
133.67630175260354
  0
LWPOLYLINE
  5
5e1
330
1F
100
AcDbEntity
  8
TopSilkLayer
100
AcDbPolyline
 90
1
 70
 0
 43
0.15001270002540007 
 10
52.10746761493533
 20
134.75641351282707
 10
53.2574803149605
 20
134.75641351282707
  0
LWPOLYLINE
  5
5e2
330
1F
100
AcDbEntity
  8
TopSilkLayer
100
AcDbPolyline
 90
1
 70
 0
 43
0.15001270002540007 
 10
52.10746761493533
 20
133.25628651257307
 10
53.2574803149605
 20
133.25628651257307
  0
LWPOLYLINE
  5
5e3
330
1F
100
AcDbEntity
  8
TopSilkLayer
100
AcDbPolyline
 90
1
 70
 0
 43
0.15001270002540007 
 10
53.2574803149605
 20
134.75631191262391
 10
53.2574803149605
 20
133.27637795275598
  0
LWPOLYLINE
  5
5e4
330
1F
100
AcDbEntity
  8
TopSilkLayer
100
AcDbPolyline
 90
1
 70
 0
 43
0.15001270002540007 
 10
51.727457454914884
 20
133.25397510795017
 10
50.67734315468647
 20
133.25397510795017
  0
LWPOLYLINE
  5
5e5
330
1F
100
AcDbEntity
  8
TopSilkLayer
100
AcDbPolyline
 90
2
 70
 0
 43
0.15001270002540007 
 10
50.377393954787976
 20
133.65405130810257
 10
50.377393954787976
 20
133.5540259080518
 10
50.67734315468647
 20
133.25397510795017
  0
LWPOLYLINE
  5
5e6
330
1F
100
AcDbEntity
  8
TopSilkLayer
100
AcDbPolyline
 90
1
 70
 0
 43
0.15001270002540007 
 10
50.377393954787976
 20
134.35400050800104
 10
50.377393954787976
 20
133.65405130810257
  0
LWPOLYLINE
  5
5e7
330
1F
100
AcDbEntity
  8
TopSilkLayer
100
AcDbPolyline
 90
2
 70
 0
 43
0.15001270002540007 
 10
50.377393954787976
 20
134.35400050800104
 10
50.377393954787976
 20
134.4541529083058
 10
50.67734315468647
 20
134.75410210820417
  0
LWPOLYLINE
  5
5e8
330
1F
100
AcDbEntity
  8
TopSilkLayer
100
AcDbPolyline
 90
1
 70
 0
 43
0.15001270002540007 
 10
51.727457454914884
 20
134.75410210820417
 10
50.67734315468647
 20
134.75410210820417
  0
LWPOLYLINE
  5
5e9
330
1F
100
AcDbEntity
  8
TopSilkLayer
100
AcDbPolyline
 90
1
 70
 0
 43
0.15001270002540007 
 10
52.087426974854
 20
134.00635001270007
 10
51.74742189484368
 20
134.00635001270007
  0
LWPOLYLINE
  5
5ea
330
1F
100
AcDbEntity
  8
TopSilkLayer
100
AcDbPolyline
 90
3
 70
 0
 43
0.15240030480060962 
 10
43.35240030480054
 20
123.14678689357379
 10
43.35240030480054
 20
122.18790957581916
 10
44.673609347218644
 20
122.18790957581916
 10
44.673609347218644
 20
123.14678689357379
  0
LWPOLYLINE
  5
5eb
330
1F
100
AcDbEntity
  8
TopSilkLayer
100
AcDbPolyline
 90
3
 70
 0
 43
0.15240030480060962 
 10
43.35240030480054
 20
123.99921259842529
 10
43.35240030480054
 20
124.9580899161798
 10
44.673609347218644
 20
124.9580899161798
 10
44.673609347218644
 20
123.99921259842529
  0
LWPOLYLINE
  5
5ec
330
1F
100
AcDbEntity
  8
TopSilkLayer
100
AcDbPolyline
 90
4
 70
 1
 43
0.15240030480060962 
 10
61.07078994157996
 20
110.62758445516897
 10
61.07078994157996
 20
113.67040894081788
 10
66.12321564643139
 20
113.67040894081788
 10
66.12321564643139
 20
110.62758445516897
 10
61.07078994157996
 20
110.62758445516897
  0
LWPOLYLINE
  5
5ed
330
1F
100
AcDbEntity
  8
TopSilkLayer
100
AcDbPolyline
 90
1
 70
 0
 43
0.25400050800101603 
 10
21.238989077978204
 20
136.44503429006863
 10
28.638989077978067
 20
136.44503429006863
  0
LWPOLYLINE
  5
5ee
330
1F
100
AcDbEntity
  8
TopSilkLayer
100
AcDbPolyline
 90
1
 70
 0
 43
0.25400050800101603 
 10
28.638989077978067
 20
136.44503429006863
 10
28.638989077978067
 20
124.94500889001779
  0
LWPOLYLINE
  5
5ef
330
1F
100
AcDbEntity
  8
TopSilkLayer
100
AcDbPolyline
 90
1
 70
 0
 43
0.25400050800101603 
 10
21.238989077978204
 20
124.94498348996694
 10
21.238989077978204
 20
136.44503429006863
  0
LWPOLYLINE
  5
5f0
330
1F
100
AcDbEntity
  8
TopSilkLayer
100
AcDbPolyline
 90
2
 70
 0
 43
0.25400050800101603 
 10
21.238989077978204
 20
124.94500889001779
 10
22.389001778003376
 20
124.94500889001779
 10
22.389001778003376
 20
127.24500889001786
  0
LWPOLYLINE
  5
5f1
330
1F
100
AcDbEntity
  8
TopSilkLayer
100
AcDbPolyline
 90
2
 70
 0
 43
0.25400050800101603 
 10
28.639014478028912
 20
124.94500889001779
 10
27.48895097790205
 20
124.94500889001779
 10
27.48895097790205
 20
127.24500889001786
  0
LWPOLYLINE
  5
5f2
330
1F
100
AcDbEntity
  8
TopSilkLayer
100
AcDbPolyline
 90
3
 70
 0
 43
0.25400050800101603 
 10
22.389001778003376
 20
136.4450088900179
 10
22.389001778003376
 20
133.8949961899924
 10
23.389001778003603
 20
133.8949961899924
 10
23.389001778003603
 20
136.4450088900179
  0
LWPOLYLINE
  5
5f3
330
1F
100
AcDbEntity
  8
TopSilkLayer
100
AcDbPolyline
 90
3
 70
 0
 43
0.25400050800101603 
 10
26.489077978156047
 20
136.4199136398273
 10
26.489077978156047
 20
133.86990093980182
 10
27.489077978156047
 20
133.86990093980182
 10
27.489077978156047
 20
136.4199136398273
  0
LWPOLYLINE
  5
5f4
330
1F
100
AcDbEntity
  8
TopSilkLayer
100
AcDbPolyline
 90
1
 70
 0
 43
0.25400050800101603 
 10
21.238201676403378
 20
127.24500889001786
 10
22.58785877571745
 20
127.24500889001786
  0
LWPOLYLINE
  5
5f5
330
1F
100
AcDbEntity
  8
TopSilkLayer
100
AcDbPolyline
 90
1
 70
 0
 43
0.25400050800101603 
 10
24.750139700279533
 20
127.24500889001786
 10
25.127863855727583
 20
127.24500889001786
  0
LWPOLYLINE
  5
5f6
330
1F
100
AcDbEntity
  8
TopSilkLayer
100
AcDbPolyline
 90
1
 70
 0
 43
0.25400050800101603 
 10
27.290144780289666
 20
127.24500889001786
 10
28.638989077978067
 20
127.24500889001786
  0
LWPOLYLINE
  5
5f7
330
1F
100
AcDbEntity
  8
TopSilkLayer
100
AcDbPolyline
 90
1
 70
 0
 43
0.25400050800101603 
 10
57.24500889001774
 20
136.7000254000509
 10
64.64500889001783
 20
136.7000254000509
  0
LWPOLYLINE
  5
5f8
330
1F
100
AcDbEntity
  8
TopSilkLayer
100
AcDbPolyline
 90
1
 70
 0
 43
0.25400050800101603 
 10
64.64500889001783
 20
136.7000254000509
 10
64.64500889001783
 20
125.20000000000005
  0
LWPOLYLINE
  5
5f9
330
1F
100
AcDbEntity
  8
TopSilkLayer
100
AcDbPolyline
 90
1
 70
 0
 43
0.25400050800101603 
 10
57.24500889001774
 20
125.1999745999492
 10
57.24500889001774
 20
136.7000254000509
  0
LWPOLYLINE
  5
5fa
330
1F
100
AcDbEntity
  8
TopSilkLayer
100
AcDbPolyline
 90
2
 70
 0
 43
0.25400050800101603 
 10
57.24500889001774
 20
125.20000000000005
 10
58.39502159004337
 20
125.20000000000005
 10
58.39502159004337
 20
127.50000000000011
  0
LWPOLYLINE
  5
5fb
330
1F
100
AcDbEntity
  8
TopSilkLayer
100
AcDbPolyline
 90
2
 70
 0
 43
0.25400050800101603 
 10
64.64503429006845
 20
125.20000000000005
 10
63.49497078994159
 20
125.20000000000005
 10
63.49497078994159
 20
127.50000000000011
  0
LWPOLYLINE
  5
5fc
330
1F
100
AcDbEntity
  8
TopSilkLayer
100
AcDbPolyline
 90
3
 70
 0
 43
0.25400050800101603 
 10
58.39502159004337
 20
136.70000000000005
 10
58.39502159004337
 20
134.14998729997455
 10
59.39502159004314
 20
134.14998729997455
 10
59.39502159004314
 20
136.70000000000005
  0
LWPOLYLINE
  5
5fd
330
1F
100
AcDbEntity
  8
TopSilkLayer
100
AcDbPolyline
 90
3
 70
 0
 43
0.25400050800101603 
 10
62.49509779019559
 20
136.67490474980957
 10
62.49509779019559
 20
134.12489204978408
 10
63.49509779019559
 20
134.12489204978408
 10
63.49509779019559
 20
136.67490474980957
  0
LWPOLYLINE
  5
5fe
330
1F
100
AcDbEntity
  8
TopSilkLayer
100
AcDbPolyline
 90
1
 70
 0
 43
0.25400050800101603 
 10
57.24422148844292
 20
127.50000000000011
 10
58.59387858775722
 20
127.50000000000011
  0
LWPOLYLINE
  5
5ff
330
1F
100
AcDbEntity
  8
TopSilkLayer
100
AcDbPolyline
 90
1
 70
 0
 43
0.25400050800101603 
 10
60.75615951231907
 20
127.50000000000011
 10
61.13388366776735
 20
127.50000000000011
  0
LWPOLYLINE
  5
600
330
1F
100
AcDbEntity
  8
TopSilkLayer
100
AcDbPolyline
 90
1
 70
 0
 43
0.25400050800101603 
 10
63.296164592329205
 20
127.50000000000011
 10
64.64500889001783
 20
127.50000000000011
  0
LWPOLYLINE
  5
601
330
1F
100
AcDbEntity
  8
TopSilkLayer
100
AcDbPolyline
 90
1
 70
 0
 43
0.15240030480060962 
 10
33.645618491236974
 20
116.55979171958347
 10
33.645618491236974
 20
117.9697993395987
  0
LWPOLYLINE
  5
602
330
1F
100
AcDbEntity
  8
TopSilkLayer
100
AcDbPolyline
 90
1
 70
 0
 43
0.15240030480060962 
 10
31.83840487680959
 20
117.9697993395987
 10
31.83840487680959
 20
116.55979171958347
  0
LWPOLYLINE
  5
603
330
1F
100
AcDbEntity
  8
TopSilkLayer
100
AcDbPolyline
 90
1
 70
 0
 43
0.15240030480060962 
 10
31.990805181610313
 20
116.40739141478286
 10
33.49321818643625
 20
116.40739141478286
  0
LWPOLYLINE
  5
604
330
1F
100
AcDbEntity
  8
TopSilkLayer
100
AcDbPolyline
 90
1
 70
 0
 43
0.15240030480060962 
 10
33.645618491236974
 20
120.18219456438908
 10
33.645618491236974
 20
118.77218694437386
  0
LWPOLYLINE
  5
605
330
1F
100
AcDbEntity
  8
TopSilkLayer
100
AcDbPolyline
 90
1
 70
 0
 43
0.15240030480060962 
 10
31.83840487680959
 20
118.77218694437386
 10
31.83840487680959
 20
120.18219456438908
  0
LWPOLYLINE
  5
606
330
1F
100
AcDbEntity
  8
TopSilkLayer
100
AcDbPolyline
 90
1
 70
 0
 43
0.15240030480060962 
 10
31.990805181610313
 20
120.3345948691898
 10
33.49321818643625
 20
120.3345948691898
  0
LWPOLYLINE
  5
607
330
1F
100
AcDbEntity
  8
TopSilkLayer
100
AcDbPolyline
 90
1
 70
 0
 43
0.25400050800101603 
 10
34.438023876047964
 20
121.93276606553218
 10
34.438023876047964
 20
121.13274066548138
  0
LWPOLYLINE
  5
608
330
1F
100
AcDbEntity
  8
TopSilkLayer
100
AcDbPolyline
 90
1
 70
 0
 43
0.25400050800101603 
 10
33.32827025654046
 20
122.24262128524265
 10
34.1282448564898
 20
122.24262128524265
  0
LWPOLYLINE
  5
609
330
1F
100
AcDbEntity
  8
TopSilkLayer
100
AcDbPolyline
 90
1
 70
 0
 43
0.25400050800101603 
 10
33.32827025654046
 20
120.82296164592321
 10
34.1282448564898
 20
120.82296164592321
  0
LWPOLYLINE
  5
60a
330
1F
100
AcDbEntity
  8
TopSilkLayer
100
AcDbPolyline
 90
1
 70
 0
 43
0.25400050800101603 
 10
32.752374904749786
 20
122.24843789687588
 10
31.95237490474983
 20
122.24843789687588
  0
LWPOLYLINE
  5
60b
330
1F
100
AcDbEntity
  8
TopSilkLayer
100
AcDbPolyline
 90
1
 70
 0
 43
0.25400050800101603 
 10
31.642545085090205
 20
121.93860807721614
 10
31.642545085090205
 20
121.13863347726692
  0
LWPOLYLINE
  5
60c
330
1F
100
AcDbEntity
  8
TopSilkLayer
100
AcDbPolyline
 90
1
 70
 0
 43
0.25400050800101603 
 10
32.752374904749786
 20
120.82882905765814
 10
31.95237490474983
 20
120.82882905765814
  0
LWPOLYLINE
  5
60d
330
1F
100
AcDbEntity
  8
TopSilkLayer
100
AcDbPolyline
 90
1
 70
 0
 43
0.15240030480060962 
 10
30.525171450342896
 20
115.79420878841756
 10
30.525171450342896
 20
112.99177038354071
  0
LWPOLYLINE
  5
60e
330
1F
100
AcDbEntity
  8
TopSilkLayer
100
AcDbPolyline
 90
1
 70
 0
 43
0.15240030480060962 
 10
28.995758191516416
 20
115.79420878841756
 10
34.4482346964694
 20
115.79420878841756
  0
LWPOLYLINE
  5
60f
330
1F
100
AcDbEntity
  8
TopSilkLayer
100
AcDbPolyline
 90
1
 70
 0
 43
0.15240030480060962 
 10
28.995758191516416
 20
112.99177038354071
 10
34.4482346964694
 20
112.99177038354071
  0
LWPOLYLINE
  5
610
330
1F
100
AcDbEntity
  8
TopSilkLayer
100
AcDbPolyline
 90
1
 70
 0
 43
0.15240030480060962 
 10
34.4482346964694
 20
115.79420878841756
 10
34.4482346964694
 20
115.39268478536951
  0
LWPOLYLINE
  5
611
330
1F
100
AcDbEntity
  8
TopSilkLayer
100
AcDbPolyline
 90
1
 70
 0
 43
0.15240030480060962 
 10
34.4482346964694
 20
112.99177038354071
 10
34.4482346964694
 20
113.39329438658876
  0
LWPOLYLINE
  5
612
330
1F
100
AcDbEntity
  8
TopSilkLayer
100
AcDbPolyline
 90
1
 70
 0
 43
0.15240030480060962 
 10
28.535788671577393
 20
119.01018542037082
 10
31.33822707645413
 20
119.01018542037082
  0
LWPOLYLINE
  5
613
330
1F
100
AcDbEntity
  8
TopSilkLayer
100
AcDbPolyline
 90
1
 70
 0
 43
0.15240030480060962 
 10
28.535788671577393
 20
117.48077216154434
 10
28.535788671577393
 20
122.93324866649732
  0
LWPOLYLINE
  5
614
330
1F
100
AcDbEntity
  8
TopSilkLayer
100
AcDbPolyline
 90
1
 70
 0
 43
0.15240030480060962 
 10
31.33822707645413
 20
117.48077216154434
 10
31.33822707645413
 20
122.93324866649732
  0
LWPOLYLINE
  5
615
330
1F
100
AcDbEntity
  8
TopSilkLayer
100
AcDbPolyline
 90
1
 70
 0
 43
0.15240030480060962 
 10
28.535788671577393
 20
122.93324866649732
 10
28.937312674625446
 20
122.93324866649732
  0
LWPOLYLINE
  5
616
330
1F
100
AcDbEntity
  8
TopSilkLayer
100
AcDbPolyline
 90
1
 70
 0
 43
0.15240030480060962 
 10
31.33822707645413
 20
122.93324866649732
 10
30.936703073406306
 20
122.93324866649732
  0
LWPOLYLINE
  5
617
330
1F
100
AcDbEntity
  8
TopSilkLayer
100
AcDbPolyline
 90
1
 70
 0
 43
0.15240030480060962 
 10
64.9497840995682
 20
124.62016764033535
 10
67.75222250444494
 20
124.62016764033535
  0
LWPOLYLINE
  5
618
330
1F
100
AcDbEntity
  8
TopSilkLayer
100
AcDbPolyline
 90
1
 70
 0
 43
0.15240030480060962 
 10
64.9497840995682
 20
123.09075438150876
 10
64.9497840995682
 20
128.54323088646186
  0
LWPOLYLINE
  5
619
330
1F
100
AcDbEntity
  8
TopSilkLayer
100
AcDbPolyline
 90
1
 70
 0
 43
0.15240030480060962 
 10
67.75222250444494
 20
123.09075438150876
 10
67.75222250444494
 20
128.54323088646186
  0
LWPOLYLINE
  5
61a
330
1F
100
AcDbEntity
  8
TopSilkLayer
100
AcDbPolyline
 90
1
 70
 0
 43
0.15240030480060962 
 10
64.9497840995682
 20
128.54323088646186
 10
65.35130810261626
 20
128.54323088646186
  0
LWPOLYLINE
  5
61b
330
1F
100
AcDbEntity
  8
TopSilkLayer
100
AcDbPolyline
 90
1
 70
 0
 43
0.15240030480060962 
 10
67.75222250444494
 20
128.54323088646186
 10
67.35069850139712
 20
128.54323088646186
  0
LWPOLYLINE
  5
61c
330
1F
100
AcDbEntity
  8
TopSilkLayer
100
AcDbPolyline
 90
1
 70
 0
 43
0.15001270002540007 
 10
43.640030480061114
 20
134.77922275844548
 10
44.790043180086286
 20
134.77922275844548
  0
LWPOLYLINE
  5
61d
330
1F
100
AcDbEntity
  8
TopSilkLayer
100
AcDbPolyline
 90
1
 70
 0
 43
0.15001270002540007 
 10
44.790043180086286
 20
134.77912115824233
 10
44.790043180086286
 20
133.2991871983744
  0
LWPOLYLINE
  5
61e
330
1F
100
AcDbEntity
  8
TopSilkLayer
100
AcDbPolyline
 90
1
 70
 0
 43
0.15001270002540007 
 10
43.640030480061114
 20
133.2790957581915
 10
44.790043180086286
 20
133.2790957581915
  0
LWPOLYLINE
  5
61f
330
1F
100
AcDbEntity
  8
TopSilkLayer
100
AcDbPolyline
 90
1
 70
 0
 43
0.15001270002540007 
 10
43.26002032004067
 20
133.2767843535687
 10
42.209906019812024
 20
133.2767843535687
  0
LWPOLYLINE
  5
620
330
1F
100
AcDbEntity
  8
TopSilkLayer
100
AcDbPolyline
 90
2
 70
 0
 43
0.15001270002540007 
 10
41.90995681991353
 20
133.6768605537211
 10
41.90995681991353
 20
133.57683515367023
 10
42.209906019812024
 20
133.2767843535687
  0
LWPOLYLINE
  5
621
330
1F
100
AcDbEntity
  8
TopSilkLayer
100
AcDbPolyline
 90
1
 70
 0
 43
0.15001270002540007 
 10
41.90995681991353
 20
134.37680975361945
 10
41.90995681991353
 20
133.6768605537211
  0
LWPOLYLINE
  5
622
330
1F
100
AcDbEntity
  8
TopSilkLayer
100
AcDbPolyline
 90
2
 70
 0
 43
0.15001270002540007 
 10
41.90995681991353
 20
134.37680975361945
 10
41.90995681991353
 20
134.47696215392432
 10
42.209906019812024
 20
134.7769113538227
  0
LWPOLYLINE
  5
623
330
1F
100
AcDbEntity
  8
TopSilkLayer
100
AcDbPolyline
 90
1
 70
 0
 43
0.15001270002540007 
 10
43.26002032004067
 20
134.7769113538227
 10
42.209906019812024
 20
134.7769113538227
  0
LWPOLYLINE
  5
624
330
1F
100
AcDbEntity
  8
TopSilkLayer
100
AcDbPolyline
 90
1
 70
 0
 43
0.202997205994412 
 10
43.426212852425806
 20
133.62159004318016
 10
43.426212852425806
 20
134.40899161798325
  0
LWPOLYLINE
  5
625
330
1F
100
AcDbEntity
  8
TopSilkLayer
100
AcDbPolyline
 90
1
 70
 0
 43
0.202997205994412 
 10
43.426212852425806
 20
134.02004064008133
 10
43.250850901701824
 20
134.02004064008133
  0
LWPOLYLINE
  5
626
330
1F
100
AcDbEntity
  8
TopSilkLayer
100
AcDbPolyline
 90
3
 70
 0
 43
0.15240030480060962 
 10
46.47879095758185
 20
135.0560833121666
 10
45.11887223774443
 20
135.0560833121666
 10
45.11887223774443
 20
132.8978917957836
 10
46.47879095758185
 20
132.8978917957836
  0
LWPOLYLINE
  5
627
330
1F
100
AcDbEntity
  8
TopSilkLayer
100
AcDbPolyline
 90
3
 70
 0
 43
0.15240030480060962 
 10
48.38120396240811
 20
135.0560833121666
 10
49.741122682245305
 20
135.0560833121666
 10
49.741122682245305
 20
132.8978917957836
 10
48.38120396240811
 20
132.8978917957836
  0
LWPOLYLINE
  5
628
330
1F
100
AcDbEntity
  8
TopSilkLayer
100
AcDbPolyline
 90
3
 70
 0
 43
0.15240030480060962 
 10
17.459791719583563
 20
129.39509779019556
 10
16.09987299974614
 20
129.39509779019556
 10
16.09987299974614
 20
127.23690627381256
 10
17.459791719583563
 20
127.23690627381256
  0
LWPOLYLINE
  5
629
330
1F
100
AcDbEntity
  8
TopSilkLayer
100
AcDbPolyline
 90
3
 70
 0
 43
0.15240030480060962 
 10
19.362204724409594
 20
129.39509779019556
 10
20.72212344424679
 20
129.39509779019556
 10
20.72212344424679
 20
127.23690627381256
 10
19.362204724409594
 20
127.23690627381256
  0
ARC
  5
62a
330
1F
100
AcDbEntity
  8
TopSilkLayer
100
AcDbCircle
 10
32.128219456438956
 20
131.135204470409
 30
0.0
 40
0.15240030480060962
100
AcDbArc
 50
0
 51
90
  0
ARC
  5
62b
330
1F
100
AcDbEntity
  8
TopSilkLayer
100
AcDbCircle
 10
29.27579375158757
 20
131.135204470409
 30
0.0
 40
0.15240030480060962
100
AcDbArc
 50
90
 51
179.99999999999136
  0
ARC
  5
62c
330
1F
100
AcDbEntity
  8
TopSilkLayer
100
AcDbCircle
 10
32.128219456438956
 20
126.31280162560324
 30
0.0
 40
0.15240030480060962
100
AcDbArc
 50
270
 51
0
  0
ARC
  5
62d
330
1F
100
AcDbEntity
  8
TopSilkLayer
100
AcDbCircle
 10
29.27579375158757
 20
126.31280162560324
 30
0.0
 40
0.15240030480060962
100
AcDbArc
 50
179.99999999996524
 51
270
  0
ARC
  5
62e
330
1F
100
AcDbEntity
  8
TopSilkLayer
100
AcDbCircle
 10
23.366192532384957
 20
18.369189739420676
 30
0.0
 40
0.30982981965963935
100
AcDbArc
 50
90
 51
180
  0
ARC
  5
62f
330
1F
100
AcDbEntity
  8
TopSilkLayer
100
AcDbCircle
 10
24.16619253238514
 20
18.369189738379532
 30
0.0
 40
0.30982981965963935
100
AcDbArc
 50
0
 51
90
  0
ARC
  5
630
330
1F
100
AcDbEntity
  8
TopSilkLayer
100
AcDbCircle
 10
24.165735332511986
 20
16.208915417830895
 30
0.0
 40
0.30982981965963935
100
AcDbArc
 50
270
 51
359.9953028546633
  0
ARC
  5
631
330
1F
100
AcDbEntity
  8
TopSilkLayer
100
AcDbCircle
 10
23.365709930378898
 20
16.20891541366609
 30
0.0
 40
0.30982981965963935
100
AcDbArc
 50
180.00469637521252
 51
270
  0
ARC
  5
632
330
1F
100
AcDbEntity
  8
TopSilkLayer
100
AcDbCircle
 10
54.95321310642612
 20
19.64879349758712
 30
0.0
 40
0.15240030480060962
100
AcDbArc
 50
270
 51
359.99999999999136
  0
ARC
  5
633
330
1F
100
AcDbEntity
  8
TopSilkLayer
100
AcDbCircle
 10
54.95321310642612
 20
21.151206502412947
 30
0.0
 40
0.15240030480060962
100
AcDbArc
 50
0
 51
90
  0
ARC
  5
634
330
1F
100
AcDbEntity
  8
TopSilkLayer
100
AcDbCircle
 10
51.3308102616204
 20
19.64879349758712
 30
0.0
 40
0.15240030480060962
100
AcDbArc
 50
180.00000000000867
 51
270
  0
ARC
  5
635
330
1F
100
AcDbEntity
  8
TopSilkLayer
100
AcDbCircle
 10
51.3308102616204
 20
21.151206502412947
 30
0.0
 40
0.15240030480060962
100
AcDbArc
 50
90
 51
180
  0
ARC
  5
636
330
1F
100
AcDbEntity
  8
TopSilkLayer
100
AcDbCircle
 10
42.23037846075681
 20
118.70332740665481
 30
0.0
 40
0.30982981965963935
100
AcDbArc
 50
180.00000000000702
 51
270
  0
ARC
  5
637
330
1F
100
AcDbEntity
  8
TopSilkLayer
100
AcDbCircle
 10
43.03037846075699
 20
118.70332740561366
 30
0.0
 40
0.30982981965963935
100
AcDbArc
 50
270
 51
0
  0
ARC
  5
638
330
1F
100
AcDbEntity
  8
TopSilkLayer
100
AcDbCircle
 10
42.236195072390046
 20
120.87919735943592
 30
0.0
 40
0.30982981965963935
100
AcDbArc
 50
90
 51
180
  0
ARC
  5
639
330
1F
100
AcDbEntity
  8
TopSilkLayer
100
AcDbCircle
 10
43.03619507239023
 20
120.87919735839478
 30
0.0
 40
0.30982981965963935
100
AcDbArc
 50
0
 51
90
  0
ARC
  5
63a
330
1F
100
AcDbEntity
  8
TopSilkLayer
100
AcDbCircle
 10
61.19080518056944
 20
116.64521209042414
 30
0.0
 40
0.30982981965963935
100
AcDbArc
 50
179.9953028545985
 51
270
  0
ARC
  5
63b
330
1F
100
AcDbEntity
  8
TopSilkLayer
100
AcDbCircle
 10
61.190805181610585
 20
117.4452120904242
 30
0.0
 40
0.30982981965963935
100
AcDbArc
 50
90
 51
180
  0
ARC
  5
63c
330
1F
100
AcDbEntity
  8
TopSilkLayer
100
AcDbCircle
 10
63.35107950215911
 20
117.44475489055094
 30
0.0
 40
0.30982981965963935
100
AcDbArc
 50
359.9999998074695
 51
90
  0
ARC
  5
63d
330
1F
100
AcDbEntity
  8
TopSilkLayer
100
AcDbCircle
 10
63.351079506323686
 20
116.64472948841808
 30
0.0
 40
0.30982981965963935
100
AcDbArc
 50
270
 51
0.009394483303464608
  0
ARC
  5
63e
330
1F
100
AcDbEntity
  8
TopSilkLayer
100
AcDbCircle
 10
32.835788671577575
 20
122.95181610259101
 30
0.0
 40
0.30982981965963935
100
AcDbArc
 50
270
 51
0
  0
ARC
  5
63f
330
1F
100
AcDbEntity
  8
TopSilkLayer
100
AcDbCircle
 10
32.03578867157739
 20
122.95181610363215
 30
0.0
 40
0.30982981965963935
100
AcDbArc
 50
180.00000000000702
 51
270
  0
ARC
  5
640
330
1F
100
AcDbEntity
  8
TopSilkLayer
100
AcDbCircle
 10
32.03624587145055
 20
125.1120904241809
 30
0.0
 40
0.30982981965963935
100
AcDbArc
 50
90
 51
179.99530285458573
  0
ARC
  5
641
330
1F
100
AcDbEntity
  8
TopSilkLayer
100
AcDbCircle
 10
32.83627127358318
 20
125.11209042834571
 30
0.0
 40
0.30982981965963935
100
AcDbArc
 50
0
 51
90
  0
ARC
  5
642
330
1F
100
AcDbEntity
  8
TopSilkLayer
100
AcDbCircle
 10
54.851206502413106
 20
21.739801879603874
 30
0.0
 40
0.15240030480060962
100
AcDbArc
 50
270
 51
359.9999999999913
  0
ARC
  5
643
330
1F
100
AcDbEntity
  8
TopSilkLayer
100
AcDbCircle
 10
54.851206502413106
 20
23.242214884429814
 30
0.0
 40
0.15240030480060962
100
AcDbArc
 50
0
 51
90
  0
ARC
  5
644
330
1F
100
AcDbEntity
  8
TopSilkLayer
100
AcDbCircle
 10
51.228803657607386
 20
21.739801879603874
 30
0.0
 40
0.15240030480060962
100
AcDbArc
 50
180.00000000000867
 51
270
  0
ARC
  5
645
330
1F
100
AcDbEntity
  8
TopSilkLayer
100
AcDbCircle
 10
51.228803657607386
 20
23.242214884429814
 30
0.0
 40
0.15240030480060962
100
AcDbArc
 50
90
 51
180
  0
ARC
  5
646
330
1F
100
AcDbEntity
  8
TopSilkLayer
100
AcDbCircle
 10
54.95321310642612
 20
17.65979171958338
 30
0.0
 40
0.15240030480060962
100
AcDbArc
 50
270
 51
0
  0
ARC
  5
647
330
1F
100
AcDbEntity
  8
TopSilkLayer
100
AcDbCircle
 10
54.95321310642612
 20
19.162204724409435
 30
0.0
 40
0.15240030480060962
100
AcDbArc
 50
0
 51
90
  0
ARC
  5
648
330
1F
100
AcDbEntity
  8
TopSilkLayer
100
AcDbCircle
 10
51.3308102616204
 20
17.65979171958338
 30
0.0
 40
0.15240030480060962
100
AcDbArc
 50
179.99999999996524
 51
270
  0
ARC
  5
649
330
1F
100
AcDbEntity
  8
TopSilkLayer
100
AcDbCircle
 10
51.3308102616204
 20
19.162204724409435
 30
0.0
 40
0.15240030480060962
100
AcDbArc
 50
90
 51
180
  0
ARC
  5
64a
330
1F
100
AcDbEntity
  8
TopSilkLayer
100
AcDbCircle
 10
60.17180594361207
 20
24.878816356591415
 30
0.0
 40
0.30982981965963935
100
AcDbArc
 50
270
 51
0
  0
ARC
  5
64b
330
1F
100
AcDbEntity
  8
TopSilkLayer
100
AcDbCircle
 10
59.37180594361189
 20
24.878816357632672
 30
0.0
 40
0.30982981965963935
100
AcDbArc
 50
179.99999999998565
 51
270
  0
ARC
  5
64c
330
1F
100
AcDbEntity
  8
TopSilkLayer
100
AcDbCircle
 10
59.37226314348504
 20
27.039090678181424
 30
0.0
 40
0.30982981965963935
100
AcDbArc
 50
90
 51
179.99530285466332
  0
ARC
  5
64d
330
1F
100
AcDbEntity
  8
TopSilkLayer
100
AcDbCircle
 10
60.172288545617675
 20
27.039090682346227
 30
0.0
 40
0.30982981965963935
100
AcDbArc
 50
0
 51
90
  0
ARC
  5
64e
330
1F
100
AcDbEntity
  8
TopSilkLayer
100
AcDbCircle
 10
65.41402082804188
 20
28.81330962661923
 30
0.0
 40
0.15240030480060962
100
AcDbArc
 50
90
 51
179.99999999999136
  0
ARC
  5
64f
330
1F
100
AcDbEntity
  8
TopSilkLayer
100
AcDbCircle
 10
65.41402082804188
 20
28.336906273812474
 30
0.0
 40
0.15240030480060962
100
AcDbArc
 50
180
 51
270
  0
ARC
  5
650
330
1F
100
AcDbEntity
  8
TopSilkLayer
100
AcDbCircle
 10
66.48331216662427
 20
28.81330962661923
 30
0.0
 40
0.15240030480060962
100
AcDbArc
 50
0
 51
90
  0
ARC
  5
651
330
1F
100
AcDbEntity
  8
TopSilkLayer
100
AcDbCircle
 10
66.48331216662427
 20
28.336906273812474
 30
0.0
 40
0.15240030480060962
100
AcDbArc
 50
270
 51
0
  0
ARC
  5
652
330
1F
100
AcDbEntity
  8
TopSilkLayer
100
AcDbCircle
 10
45.50579121158239
 20
22.413792227584395
 30
0.0
 40
0.15240030480060962
100
AcDbArc
 50
180
 51
270
  0
ARC
  5
653
330
1F
100
AcDbEntity
  8
TopSilkLayer
100
AcDbCircle
 10
47.00820421640833
 20
22.413792227584395
 30
0.0
 40
0.15240030480060962
100
AcDbArc
 50
270
 51
0
  0
ARC
  5
654
330
1F
100
AcDbEntity
  8
TopSilkLayer
100
AcDbCircle
 10
45.50579121158239
 20
26.036195072390115
 30
0.0
 40
0.15240030480060962
100
AcDbArc
 50
90
 51
180
  0
ARC
  5
655
330
1F
100
AcDbEntity
  8
TopSilkLayer
100
AcDbCircle
 10
47.00820421640833
 20
26.036195072390115
 30
0.0
 40
0.15240030480060962
100
AcDbArc
 50
0
 51
90
  0
ARC
  5
656
330
1F
100
AcDbEntity
  8
TopSilkLayer
100
AcDbCircle
 10
53.76319532743196
 20
15.087807975615988
 30
0.0
 40
0.30982981965963935
100
AcDbArc
 50
359.9953028545985
 51
90
  0
ARC
  5
657
330
1F
100
AcDbEntity
  8
TopSilkLayer
100
AcDbCircle
 10
53.763195326390814
 20
14.28780797561592
 30
0.0
 40
0.30982981965963935
100
AcDbArc
 50
270
 51
0
  0
ARC
  5
658
330
1F
100
AcDbEntity
  8
TopSilkLayer
100
AcDbCircle
 10
51.60292100584206
 20
14.288265175489187
 30
0.0
 40
0.30982981965963935
100
AcDbArc
 50
179.9999998074695
 51
270
  0
ARC
  5
659
330
1F
100
AcDbEntity
  8
TopSilkLayer
100
AcDbCircle
 10
51.60292100167726
 20
15.088290577622047
 30
0.0
 40
0.30982981965963935
100
AcDbArc
 50
90
 51
180.00939448330345
  0
ARC
  5
65a
330
1F
100
AcDbEntity
  8
Document
100
AcDbCircle
 10
62.07569221485187
 20
25.41104494742649
 30
0.0
 40
0.07493014986029972
100
AcDbArc
 50
359.92542650795707
 51
354.8297705722411
  0
ARC
  5
65b
330
1F
100
AcDbEntity
  8
Document
100
AcDbCircle
 10
61.88773183893113
 20
25.85300583134824
 30
0.0
 40
0.07493014986029972
100
AcDbArc
 50
359.925426508045
 51
354.8297705722408
  0
ARC
  5
65c
330
1F
100
AcDbEntity
  8
TopSilkLayer
100
AcDbCircle
 10
61.88773183893113
 20
25.85300583134824
 30
0.0
 40
0.07493014986029972
100
AcDbArc
 50
359.925426508045
 51
354.8297705722408
  0
ARC
  5
65d
330
1F
100
AcDbEntity
  8
TopSilkLayer
100
AcDbCircle
 10
24.3006858013714
 20
20.09639319278631
 30
0.0
 40
0.30982981965963935
100
AcDbArc
 50
270
 51
0
  0
ARC
  5
65e
330
1F
100
AcDbEntity
  8
TopSilkLayer
100
AcDbCircle
 10
24.300685802412545
 20
20.896393192786377
 30
0.0
 40
0.30982981965963935
100
AcDbArc
 50
359.9953028545985
 51
90
  0
ARC
  5
65f
330
1F
100
AcDbEntity
  8
TopSilkLayer
100
AcDbCircle
 10
22.124815848590515
 20
20.102209804419545
 30
0.0
 40
0.30982981965963935
100
AcDbArc
 50
179.9953028545985
 51
270
  0
ARC
  5
660
330
1F
100
AcDbEntity
  8
TopSilkLayer
100
AcDbCircle
 10
22.12481584963166
 20
20.902209804419613
 30
0.0
 40
0.30982981965963935
100
AcDbArc
 50
90
 51
180
  0
ARC
  5
661
330
1F
100
AcDbEntity
  8
TopSilkLayer
100
AcDbCircle
 10
51.58732537465107
 20
16.87861315722637
 30
0.0
 40
0.30982981965963935
100
AcDbArc
 50
90
 51
180
  0
ARC
  5
662
330
1F
100
AcDbEntity
  8
TopSilkLayer
100
AcDbCircle
 10
51.5873253736097
 20
16.0786131572263
 30
0.0
 40
0.30982981965963935
100
AcDbArc
 50
179.99530285461987
 51
270
  0
ARC
  5
663
330
1F
100
AcDbEntity
  8
TopSilkLayer
100
AcDbCircle
 10
53.76319532743196
 20
16.872796545593133
 30
0.0
 40
0.30982981965963935
100
AcDbArc
 50
359.9953028545985
 51
90
  0
ARC
  5
664
330
1F
100
AcDbEntity
  8
TopSilkLayer
100
AcDbCircle
 10
53.763195326390814
 20
16.072796545593064
 30
0.0
 40
0.30982981965963935
100
AcDbArc
 50
270
 51
0
  0
ARC
  5
665
330
1F
100
AcDbEntity
  8
TopSilkLayer
100
AcDbCircle
 10
31.990805181610313
 20
116.55979171958359
 30
0.0
 40
0.15240030480060962
100
AcDbArc
 50
180
 51
270
  0
ARC
  5
666
330
1F
100
AcDbEntity
  8
TopSilkLayer
100
AcDbCircle
 10
33.49321818643625
 20
116.55979171958359
 30
0.0
 40
0.15240030480060962
100
AcDbArc
 50
270
 51
359.9999999999913
  0
ARC
  5
667
330
1F
100
AcDbEntity
  8
TopSilkLayer
100
AcDbCircle
 10
31.990805181610313
 20
120.18219456438919
 30
0.0
 40
0.15240030480060962
100
AcDbArc
 50
90
 51
180
  0
ARC
  5
668
330
1F
100
AcDbEntity
  8
TopSilkLayer
100
AcDbCircle
 10
33.49321818643625
 20
120.18219456438919
 30
0.0
 40
0.15240030480060962
100
AcDbArc
 50
359.99999999996527
 51
90
  0
ARC
  5
669
330
1F
100
AcDbEntity
  8
TopSilkLayer
100
AcDbCircle
 10
31.95232410464837
 20
121.93860807721626
 30
0.0
 40
0.30982981965963935
100
AcDbArc
 50
90
 51
180
  0
ARC
  5
66a
330
1F
100
AcDbEntity
  8
TopSilkLayer
100
AcDbCircle
 10
31.952324103607225
 20
121.1386080772163
 30
0.0
 40
0.30982981965963935
100
AcDbArc
 50
179.99530285461987
 51
270
  0
ARC
  5
66b
330
1F
100
AcDbEntity
  8
TopSilkLayer
100
AcDbCircle
 10
34.12819405742948
 20
121.93279146558302
 30
0.0
 40
0.30982981965963935
100
AcDbArc
 50
359.9953028545985
 51
90
  0
ARC
  5
66c
330
1F
100
AcDbEntity
  8
TopSilkLayer
100
AcDbCircle
 10
34.12819405638834
 20
121.13279146558284
 30
0.0
 40
0.30982981965963935
100
AcDbArc
 50
270
 51
0
0
TEXT
5
d8d
100
AcDbEntity
8
TopSilkLayer
7
NotoSerifCJKsc-Medium
461
1.7000000000000002
100
AcDbText
10
42.78892557785116
20
8.160020320040644
30
0
40
1.7000000000000002
1
HyphenElemental 4050XR
50
0
71
1
100
AcDbText
0
TEXT
5
d8e
100
AcDbEntity
8
TopSilkLayer
7
NotoSerifCJKsc-Medium
461
1.8000000000000003
100
AcDbText
10
17.59512319024634
20
7.598933197866359
30
0
40
1.8000000000000003
1
Built with love in TL
50
0
71
1
100
AcDbText
0
TEXT
5
d8f
100
AcDbEntity
8
TopSilkLayer
7

461
2.0320040640081283
100
AcDbText
10
1.1219202438404636
20
18.972059944119906
30
0
40
2.0320040640081283
1
M1
50
0
71
1
100
AcDbText
0
TEXT
5
d90
100
AcDbEntity
8
TopSilkLayer
7

461
2.0320040640081283
100
AcDbText
10
74.66395732791466
20
18.665989331978608
30
0
40
2.0320040640081283
1
M2
50
0
71
1
100
AcDbText
0
TEXT
5
d91
100
AcDbEntity
8
TopSilkLayer
7

461
2.0320040640081283
100
AcDbText
10
8.822961645923215
20
133.7218694437389
30
0
40
2.0320040640081283
1
M3
50
0
71
1
100
AcDbText
0
TEXT
5
d92
100
AcDbEntity
8
TopSilkLayer
7

461
2.0320040640081283
100
AcDbText
10
74.56210312420626
20
133.7729235458471
30
0
40
2.0320040640081283
1
M4
50
0
71
1
100
AcDbText
0
TEXT
5
d93
100
AcDbEntity
8
TopSilkLayer
7

461
2.0320040640081283
100
AcDbText
10
1.530099060198154
20
25.245110490220895
30
0
40
2.0320040640081283
1
R1
50
0
71
1
100
AcDbText
0
TEXT
5
d94
100
AcDbEntity
8
TopSilkLayer
7

461
2.0320040640081283
100
AcDbText
10
74.25603251206485
20
25.5509271018542
30
0
40
2.0320040640081283
1
R2
50
0
71
1
100
AcDbText
0
TEXT
5
d95
100
AcDbEntity
8
TopSilkLayer
7

461
2.0320040640081283
100
AcDbText
10
1.3769367538734514
20
107.55905511811022
30
0
40
2.0320040640081283
1
R3
50
0
71
1
100
AcDbText
0
TEXT
5
d96
100
AcDbEntity
8
TopSilkLayer
7

461
2.0320040640081283
100
AcDbText
10
74.25603251206485
20
107.55905511811022
30
0
40
2.0320040640081283
1
R4
50
0
71
1
100
AcDbText
0
TEXT
5
d97
100
AcDbEntity
8
TopSilkLayer
7

461
2.0320040640081283
100
AcDbText
10
11.678943357886737
20
11.526035052070142
30
0
40
2.0320040640081283
1
P1
50
0
71
1
100
AcDbText
0
TEXT
5
d98
100
AcDbEntity
8
TopSilkLayer
7

461
2.0320040640081283
100
AcDbText
10
64.20904241808489
20
11.985013970027921
30
0
40
2.0320040640081283
1
P2
50
0
71
1
100
AcDbText
0
TEXT
5
d99
100
AcDbEntity
8
TopSilkLayer
7

461
2.0320040640081283
100
AcDbText
10
1.1219202438404636
20
91.08610617221245
30
0
40
2.0320040640081283
1
P3
50
0
71
1
100
AcDbText
0
TEXT
5
d9a
100
AcDbEntity
8
TopSilkLayer
7

461
2.0320040640081283
100
AcDbText
10
74.66395732791466
20
90.32105664211326
30
0
40
2.0320040640081283
1
P4
50
0
71
1
100
AcDbText
0
TEXT
5
d9b
100
AcDbEntity
8
TopSilkLayer
7

461
1
100
AcDbText
10
42.99288798577595
20
20.246888493776964
30
0
40
1
1
5V
50
0
71
1
100
AcDbText
0
TEXT
5
d9c
100
AcDbEntity
8
TopSilkLayer
7

461
1
100
AcDbText
10
34.52705105410223
20
20.246888493776964
30
0
40
1
1
GND
50
0
71
1
100
AcDbText
0
TEXT
5
d9d
100
AcDbEntity
8
TopSilkLayer
7

461
2.0320040640081283
100
AcDbText
10
1.530099060198154
20
118.1160782321565
30
0
40
2.0320040640081283
1
R5
50
0
71
1
100
AcDbText
0
TEXT
5
d9e
100
AcDbEntity
8
TopSilkLayer
7

461
2.0320040640081283
100
AcDbText
10
74.30708661417316
20
117.96291592583191
30
0
40
2.0320040640081283
1
R6
50
0
71
1
100
AcDbText
0
TEXT
5
d9f
100
AcDbEntity
8
TopSilkLayer
7
NotoSansCJKsc-DemiLight
461
1.7000000000000002
100
AcDbText
10
42.1259842519687
20
134.89509779019556
30
0
40
1.7000000000000002
1
Solar Rev
50
0
71
1
100
AcDbText
0
TEXT
5
da0
100
AcDbEntity
8
TopSilkLayer
7
NotoSansCJKsc-DemiLight
461
1.7000000000000002
100
AcDbText
10
35.342900685801396
20
134.99695199390408
30
0
40
1.7000000000000002
1
Charging
50
0
71
1
100
AcDbText
0
TEXT
5
da1
100
AcDbEntity
8
TopSilkLayer
7
NotoSansCJKsc-DemiLight
461
1.7000000000000002
100
AcDbText
10
49.92913385826773
20
135.04800609601227
30
0
40
1.7000000000000002
1
Solar
50
0
71
1
100
AcDbText
0
TEXT
5
da2
100
AcDbEntity
8
TopSilkLayer
7

461
2.0320040640081283
100
AcDbText
10
1.683007366014749
20
58.34391668783337
30
0
40
2.0320040640081283
1
P5
50
0
71
1
100
AcDbText
0
TEXT
5
da3
100
AcDbEntity
8
TopSilkLayer
7

461
2.0320040640081283
100
AcDbText
10
74.05207010414006
20
58.85394970789946
30
0
40
2.0320040640081283
1
P6
50
0
71
1
100
AcDbText
0
TEXT
5
da4
100
AcDbEntity
8
TopSilkLayer
7
NotoSerifCJKsc-Medium
461
2.4000000000000004
100
AcDbText
10
59.56794513589034
20
124.33807467614929
30
0
40
2.4000000000000004
1
-  +
50
0
71
1
100
AcDbText
0
TEXT
5
da5
100
AcDbEntity
8
TopSilkLayer
7

461
1
100
AcDbText
10
37.331978663957216
20
20.29794259588516
30
0
40
1
1
SCL
50
0
71
1
100
AcDbText
0
TEXT
5
da6
100
AcDbEntity
8
TopSilkLayer
7

461
1
100
AcDbText
10
40.03505207010426
20
20.29794259588516
30
0
40
1
1
SDA
50
0
71
1
100
AcDbText
0
TEXT
5
da7
100
AcDbEntity
8
TopSilkLayer
7
NotoSansCJKsc-DemiLight
461
1.7000000000000002
100
AcDbText
10
31.31394462788944
20
135.09906019812047
30
0
40
1.7000000000000002
1
Fault
50
0
71
1
100
AcDbText
0
TEXT
5
da8
100
AcDbEntity
8
TopSilkLayer
7

461
1.143002286004572
100
AcDbText
10
33.65989331978676
20
129.43789687579385
30
0
40
1.143002286004572
1
C5
50
90
71
1
100
AcDbText
0
TEXT
5
da9
100
AcDbEntity
8
TopSilkLayer
7

461
1.143002286004572
100
AcDbText
10
16.67691135382279
20
13.974345948691848
30
0
40
1.143002286004572
1
R2
50
0
71
1
100
AcDbText
0
TEXT
5
daa
100
AcDbEntity
8
TopSilkLayer
7

461
1.143002286004572
100
AcDbText
10
22.54203708407408
20
18.563881127762215
30
0
40
1.143002286004572
1
C3
50
0
71
1
100
AcDbText
0
TEXT
5
dab
100
AcDbEntity
8
TopSilkLayer
7

461
1.143002286004572
100
AcDbText
10
48.85801371602747
20
19.686055372110673
30
0
40
1.143002286004572
1
C6
50
0
71
1
100
AcDbText
0
TEXT
5
dac
100
AcDbEntity
8
TopSilkLayer
7

461
1.143002286004572
100
AcDbText
10
49.41910083820176
20
117.75895351790712
30
0
40
1.143002286004572
1
D4
50
0
71
1
100
AcDbText
0
TEXT
5
dad
100
AcDbEntity
8
TopSilkLayer
7

461
1.143002286004572
100
AcDbText
10
16.72796545593087
20
15.606045212090407
30
0
40
1.143002286004572
1
R4
50
0
71
1
100
AcDbText
0
TEXT
5
dae
100
AcDbEntity
8
TopSilkLayer
7

461
1.143002286004572
100
AcDbText
10
53.703073406146814
20
134.64008128016258
30
0
40
1.143002286004572
1
R5
50
0
71
1
100
AcDbText
0
TEXT
5
daf
100
AcDbEntity
8
TopSilkLayer
7

461
1.143002286004572
100
AcDbText
10
16.116078232156497
20
17.645923291846657
30
0
40
1.143002286004572
1
R19
50
0
71
1
100
AcDbText
0
TEXT
5
db0
100
AcDbEntity
8
TopSilkLayer
7

461
1.143002286004572
100
AcDbText
10
22.28702057404098
20
21.573025146050327
30
0
40
1.143002286004572
1
BATTER_CHR1
50
0
71
1
100
AcDbText
0
TEXT
5
db1
100
AcDbEntity
8
TopSilkLayer
7

461
1.143002286004572
100
AcDbText
10
57.93599187198379
20
118.26898653797309
30
0
40
1.143002286004572
1
R6
50
0
71
1
100
AcDbText
0
TEXT
5
db2
100
AcDbEntity
8
TopSilkLayer
7

461
1.143002286004572
100
AcDbText
10
56.91592583185184
20
120.51308102616213
30
0
40
1.143002286004572
1
R7
50
0
71
1
100
AcDbText
0
TEXT
5
db3
100
AcDbEntity
8
TopSilkLayer
7

461
1.143002286004572
100
AcDbText
10
53.39700279400563
20
124.89890779781558
30
0
40
1.143002286004572
1
R10
50
0
71
1
100
AcDbText
0
TEXT
5
db4
100
AcDbEntity
8
TopSilkLayer
7

461
1.143002286004572
100
AcDbText
10
44.7269494538989
20
118.32004064008129
30
0
40
1.143002286004572
1
C2
50
90
71
1
100
AcDbText
0
TEXT
5
db5
100
AcDbEntity
8
TopSilkLayer
7

461
1.143002286004572
100
AcDbText
10
44.288290576581176
20
113.74295148590295
30
0
40
1.143002286004572
1
U4
50
270
71
1
100
AcDbText
0
TEXT
5
db6
100
AcDbEntity
8
TopSilkLayer
7

461
1.143002286004572
100
AcDbText
10
34.67995935991871
20
124.74599949199899
30
0
40
1.143002286004572
1
R14
50
90
71
1
100
AcDbText
0
TEXT
5
db7
100
AcDbEntity
8
TopSilkLayer
7

461
1.143002286004572
100
AcDbText
10
35.64897129794281
20
125.91897383794765
30
0
40
1.143002286004572
1
R15
50
0
71
1
100
AcDbText
0
TEXT
5
db8
100
AcDbEntity
8
TopSilkLayer
7

461
1.143002286004572
100
AcDbText
10
63.95402590805202
20
116.53492506985015
30
0
40
1.143002286004572
1
C4
50
0
71
1
100
AcDbText
0
TEXT
5
db9
100
AcDbEntity
8
TopSilkLayer
7

461
1.143002286004572
100
AcDbText
10
26.723901447802973
20
122.70586741173474
30
0
40
1.143002286004572
1
L2
50
0
71
1
100
AcDbText
0
TEXT
5
dba
100
AcDbEntity
8
TopSilkLayer
7

461
1.143002286004572
100
AcDbText
10
68.39674879349764
20
23.678943357886737
30
0
40
1.143002286004572
1
R3
50
0
71
1
100
AcDbText
0
TEXT
5
dbb
100
AcDbEntity
8
TopSilkLayer
7

461
1.143002286004572
100
AcDbText
10
61.76098552197118
20
27.94792989585983
30
0
40
1.143002286004572
1
R18
50
0
71
1
100
AcDbText
0
TEXT
5
dbc
100
AcDbEntity
8
TopSilkLayer
7

461
1.143002286004572
100
AcDbText
10
32.33401066802139
20
26.570993141986264
30
0
40
1.143002286004572
1
U1
50
0
71
1
100
AcDbText
0
TEXT
5
dbd
100
AcDbEntity
8
TopSilkLayer
7

461
1.143002286004572
100
AcDbText
10
32.537973075946184
20
107.81407162814321
30
0
40
1.143002286004572
1
BT2
50
0
71
1
100
AcDbText
0
TEXT
5
dbe
100
AcDbEntity
8
TopSilkLayer
7

461
1.143002286004572
100
AcDbText
10
45.23698247396487
20
28.254000508001013
30
0
40
1.143002286004572
1
BT3
50
0
71
1
100
AcDbText
0
TEXT
5
dbf
100
AcDbEntity
8
TopSilkLayer
7

461
1.143002286004572
100
AcDbText
10
30.243078486156946
20
125.45999491998987
30
0
40
1.143002286004572
1
C8
50
270
71
1
100
AcDbText
0
TEXT
5
dc0
100
AcDbEntity
8
TopSilkLayer
7

461
1.143002286004572
100
AcDbText
10
50.286004572009006
20
130.254000508001
30
0
40
1.143002286004572
1
R28
50
0
71
1
100
AcDbText
0
TEXT
5
dc1
100
AcDbEntity
8
TopSilkLayer
7

461
1.143002286004572
100
AcDbText
10
48.34798069596127
20
21.77698755397512
30
0
40
1.143002286004572
1
C12
50
0
71
1
100
AcDbText
0
TEXT
5
dc2
100
AcDbEntity
8
TopSilkLayer
7

461
1.143002286004572
100
AcDbText
10
48.500889001778205
20
17.798831597663252
30
0
40
1.143002286004572
1
C16
50
0
71
1
100
AcDbText
0
TEXT
5
dc3
100
AcDbEntity
8
TopSilkLayer
7

461
1.143002286004572
100
AcDbText
10
58.75209550419095
20
24.326898653797343
30
0
40
1.143002286004572
1
C23
50
90
71
1
100
AcDbText
0
TEXT
5
dc4
100
AcDbEntity
8
TopSilkLayer
7

461
1.143002286004572
100
AcDbText
10
66.81559563119117
20
27.962915925831908
30
0
40
1.143002286004572
1
C24
50
0
71
1
100
AcDbText
0
TEXT
5
dc5
100
AcDbEntity
8
TopSilkLayer
7

461
1.143002286004572
100
AcDbText
10
45.28803657607318
20
21.87909575819151
30
0
40
1.143002286004572
1
C25
50
270
71
1
100
AcDbText
0
TEXT
5
dc6
100
AcDbEntity
8
TopSilkLayer
7

461
1.143002286004572
100
AcDbText
10
54.36626873253749
20
14.12700025400045
30
0
40
1.143002286004572
1
C26
50
0
71
1
100
AcDbText
0
TEXT
5
dc7
100
AcDbEntity
8
TopSilkLayer
7

461
1.143002286004572
100
AcDbText
10
67.22352044704076
20
22.200152400304773
30
0
40
1.143002286004572
1
R16
50
0
71
1
100
AcDbText
0
TEXT
5
dc8
100
AcDbEntity
8
TopSilkLayer
7

461
1.143002286004572
100
AcDbText
10
68.29489458978924
20
26.586233172466336
30
0
40
1.143002286004572
1
R25
50
0
71
1
100
AcDbText
0
TEXT
5
dc9
100
AcDbEntity
8
TopSilkLayer
7

461
1.143002286004572
100
AcDbText
10
68.34569469138955
20
25.260096520193088
30
0
40
1.143002286004572
1
R26
50
0
71
1
100
AcDbText
0
TEXT
5
dca
100
AcDbEntity
8
TopSilkLayer
7

461
1.143002286004572
100
AcDbText
10
59.61899923799865
20
23.256032512065076
30
0
40
1.143002286004572
1
U3
50
0
71
1
100
AcDbText
0
TEXT
5
dcb
100
AcDbEntity
8
TopSilkLayer
7

461
1.143002286004572
100
AcDbText
10
58.39497078994145
20
14.280162560325152
30
0
40
1.143002286004572
1
L1
50
0
71
1
100
AcDbText
0
TEXT
5
dcc
100
AcDbEntity
8
TopSilkLayer
7

461
1.143002286004572
100
AcDbText
10
39.42291084582166
20
118.62611125222247
30
0
40
1.143002286004572
1
U2
50
0
71
1
100
AcDbText
0
TEXT
5
dcd
100
AcDbEntity
8
TopSilkLayer
7

461
1.143002286004572
100
AcDbText
10
46.56311912623846
20
126.63296926593853
30
0
40
1.143002286004572
1
R1
50
270
71
1
100
AcDbText
0
TEXT
5
dce
100
AcDbEntity
8
TopSilkLayer
7

461
1.143002286004572
100
AcDbText
10
12.342138684277415
20
118.2179324358649
30
0
40
1.143002286004572
1
Q1
50
0
71
1
100
AcDbText
0
TEXT
5
dcf
100
AcDbEntity
8
TopSilkLayer
7

461
1.143002286004572
100
AcDbText
10
22.59309118618239
20
122.75692151384305
30
0
40
1.143002286004572
1
Q2
50
90
71
1
100
AcDbText
0
TEXT
5
dd0
100
AcDbEntity
8
TopSilkLayer
7

461
1.143002286004572
100
AcDbText
10
47.940055880111686
20
127.19380238760482
30
0
40
1.143002286004572
1
R11
50
270
71
1
100
AcDbText
0
TEXT
5
dd1
100
AcDbEntity
8
TopSilkLayer
7

461
1.143002286004572
100
AcDbText
10
44.7269494538989
20
126.99009398018802
30
0
40
1.143002286004572
1
R9
50
270
71
1
100
AcDbText
0
TEXT
5
dd2
100
AcDbEntity
8
TopSilkLayer
7

461
1.143002286004572
100
AcDbText
10
29.426974853949787
20
134.79298958597917
30
0
40
1.143002286004572
1
R8
50
0
71
1
100
AcDbText
0
TEXT
5
dd3
100
AcDbEntity
8
TopSilkLayer
7

461
1.143002286004572
100
AcDbText
10
36.05689611379239
20
131.52908305816607
30
0
40
1.143002286004572
1
R17
50
270
71
1
100
AcDbText
0
TEXT
5
dd4
100
AcDbEntity
8
TopSilkLayer
7

461
1.143002286004572
100
AcDbText
10
12.851917703835397
20
125.61290322580646
30
0
40
1.143002286004572
1
R13
50
0
71
1
100
AcDbText
0
TEXT
5
dd5
100
AcDbEntity
8
TopSilkLayer
7

461
1.143002286004572
100
AcDbText
10
19.73710947421887
20
19.83896367792738
30
0
40
1.143002286004572
1
C9
50
0
71
1
100
AcDbText
0
TEXT
5
dd6
100
AcDbEntity
8
TopSilkLayer
7

461
1.143002286004572
100
AcDbText
10
54.41706883413758
20
15.810007620015313
30
0
40
1.143002286004572
1
C11
50
0
71
1
100
AcDbText
0
TEXT
5
dd7
100
AcDbEntity
8
TopSilkLayer
7

461
1.143002286004572
100
AcDbText
10
37.739903479807026
20
131.68199136398266
30
0
40
1.143002286004572
1
LED1
50
0
71
1
100
AcDbText
0
TEXT
5
dd8
100
AcDbEntity
8
TopSilkLayer
7

461
1.143002286004572
100
AcDbText
10
31.364998729997524
20
131.68199136398266
30
0
40
1.143002286004572
1
LED2
50
0
71
1
100
AcDbText
0
TEXT
5
dd9
100
AcDbEntity
8
TopSilkLayer
7

461
1.143002286004572
100
AcDbText
10
53.54991109982234
20
132.29387858775715
30
0
40
1.143002286004572
1
LED3
50
0
71
1
100
AcDbText
0
TEXT
5
dda
100
AcDbEntity
8
TopSilkLayer
7

461
1.143002286004572
100
AcDbText
10
43.298958597917135
20
127.60198120396251
30
0
40
1.143002286004572
1
R12
50
270
71
1
100
AcDbText
0
TEXT
5
ddb
100
AcDbEntity
8
TopSilkLayer
7

461
1.143002286004572
100
AcDbText
10
67.77901955803895
20
109.49707899415807
30
0
40
1.143002286004572
1
SOLAR_V1
50
90
71
1
100
AcDbText
0
TEXT
5
ddc
100
AcDbEntity
8
TopSilkLayer
7

461
1.143002286004572
100
AcDbText
10
23.91897383794776
20
124.3888747777496
30
0
40
1.143002286004572
1
SW
50
0
71
1
100
AcDbText
0
TEXT
5
ddd
100
AcDbEntity
8
TopSilkLayer
7

461
1.143002286004572
100
AcDbText
10
58.44602489204976
20
123.47091694183393
30
0
40
1.143002286004572
1
SOLAR1
50
0
71
1
100
AcDbText
0
TEXT
5
dde
100
AcDbEntity
8
TopSilkLayer
7

461
1.143002286004572
100
AcDbText
10
35.240792481585004
20
116.68808737617474
30
0
40
1.143002286004572
1
C1
50
90
71
1
100
AcDbText
0
TEXT
5
ddf
100
AcDbEntity
8
TopSilkLayer
7

461
1.143002286004572
100
AcDbText
10
33.813055626111236
20
119.23799847599696
30
0
40
1.143002286004572
1
C7
50
0
71
1
100
AcDbText
0
TEXT
5
de0
100
AcDbEntity
8
TopSilkLayer
7

461
1.143002286004572
100
AcDbText
10
26.622047244094347
20
113.16891033782065
30
0
40
1.143002286004572
1
D1
50
0
71
1
100
AcDbText
0
TEXT
5
de1
100
AcDbEntity
8
TopSilkLayer
7

461
1.143002286004572
100
AcDbText
10
30.192024384048864
20
123.67487934975873
30
0
40
1.143002286004572
1
D2
50
90
71
1
100
AcDbText
0
TEXT
5
de2
100
AcDbEntity
8
TopSilkLayer
7

461
1.143002286004572
100
AcDbText
10
65.38201676403355
20
129.13208026416055
30
0
40
1.143002286004572
1
D3
50
0
71
1
100
AcDbText
0
TEXT
5
de3
100
AcDbEntity
8
TopSilkLayer
7

461
1.143002286004572
100
AcDbText
10
41.870967741935374
20
131.93700787401576
30
0
40
1.143002286004572
1
LD2
50
0
71
1
100
AcDbText
0
TEXT
5
de4
100
AcDbEntity
8
TopSilkLayer
7

461
1.143002286004572
100
AcDbText
10
46.868935737871425
20
131.57988315976638
30
0
40
1.143002286004572
1
R23
50
0
71
1
100
AcDbText
0
TEXT
5
de5
100
AcDbEntity
8
TopSilkLayer
7

461
1.143002286004572
100
AcDbText
10
13.770129540259177
20
128.00990601981198
30
0
40
1.143002286004572
1
U5
50
0
71
1
100
AcDbText
  0
CIRCLE
  5
66d
330
1F
100
AcDbEntity
  8
TopSilkLayer
100
AcDbCircle
 10
29.636271272542444
 20
16.609093218186445
 30
0.0
 40
0.15011430022860048
  0
CIRCLE
  5
66e
330
1F
100
AcDbEntity
  8
TopSilkLayer
100
AcDbCircle
 10
31.63957327914659
 20
15.86258572517147
 30
0.0
 40
0.15011430022860048
  0
CIRCLE
  5
66f
330
1F
100
AcDbEntity
  8
Document
100
AcDbCircle
 10
32.26720853441702
 20
16.609093218186445
 30
0.0
 40
0.15011430022860048
  0
CIRCLE
  5
670
330
1F
100
AcDbEntity
  8
TopSilkLayer
100
AcDbCircle
 10
26.92811785623553
 20
96.2550165100331
 30
0.0
 40
1.600203200406401
  0
CIRCLE
  5
671
330
1F
100
AcDbEntity
  8
TopSilkLayer
100
AcDbCircle
 10
26.92811785623553
 20
40.628905257810516
 30
0.0
 40
1.600203200406401
  0
CIRCLE
  5
672
330
1F
100
AcDbEntity
  8
Document
100
AcDbCircle
 10
34.927863855727765
 20
104.28194056388111
 30
0.0
 40
0.3929387858775718
  0
CIRCLE
  5
673
330
1F
100
AcDbEntity
  8
TopSilkLayer
100
AcDbCircle
 10
52.37693675387345
 20
40.628905257810516
 30
0.0
 40
1.600203200406401
  0
CIRCLE
  5
674
330
1F
100
AcDbEntity
  8
TopSilkLayer
100
AcDbCircle
 10
52.37693675387345
 20
96.2550165100331
 30
0.0
 40
1.600203200406401
  0
CIRCLE
  5
675
330
1F
100
AcDbEntity
  8
Document
100
AcDbCircle
 10
44.37693675387368
 20
32.601981203962396
 30
0.0
 40
0.3929387858775718
  0
CIRCLE
  5
676
330
1F
100
AcDbEntity
  8
Document
100
AcDbCircle
 10
59.30607061214141
 20
16.878079756159536
 30
0.0
 40
0.19989839979679963
  0
CIRCLE
  5
677
330
1F
100
AcDbEntity
  8
TopSilkLayer
100
AcDbCircle
 10
59.30607061214141
 20
16.878079756159536
 30
0.0
 40
0.19989839979679963
  0
CIRCLE
  5
678
330
1F
100
AcDbEntity
  8
Document
100
AcDbCircle
 10
41.10033020066044
 20
120.46888493776987
 30
0.0
 40
0.15011430022860048
  0
CIRCLE
  5
679
330
1F
100
AcDbEntity
  8
TopSilkLayer
100
AcDbCircle
 10
40.375158750317496
 20
119.83464566929138
 30
0.0
 40
0.15011430022860048
  0
CIRCLE
  5
67a
330
1F
100
AcDbEntity
  8
Document
100
AcDbCircle
 10
12.93268986537987
 20
119.72923545847084
 30
0.0
 40
0.15011430022860048
  0
CIRCLE
  5
67b
330
1F
100
AcDbEntity
  8
TopSilkLayer
100
AcDbCircle
 10
20.16306832613668
 20
121.6390652781306
 30
0.0
 40
0.15011430022860048
  0
CIRCLE
  5
67c
330
1F
100
AcDbEntity
  8
TopSilkLayer
100
AcDbCircle
 10
20.90957581915154
 20
123.64236728473463
 30
0.0
 40
0.15011430022860048
  0
CIRCLE
  5
67d
330
1F
100
AcDbEntity
  8
Document
100
AcDbCircle
 10
20.16306832613668
 20
124.27000254000518
 30
0.0
 40
0.15011430022860048
  0
CIRCLE
  5
67e
330
1F
100
AcDbEntity
  8
TopSilkLayer
100
AcDbCircle
 10
61.69189738379487
 20
111.3799847599696
 30
0.0
 40
0.15011430022860048
  0
CIRCLE
  5
67f
330
1F
100
AcDbEntity
  8
TopSilkLayer
100
AcDbCircle
 10
60.94538989077978
 20
109.37668275336557
 30
0.0
 40
0.15011430022860048
  0
CIRCLE
  5
680
330
1F
100
AcDbEntity
  8
Document
100
AcDbCircle
 10
61.69189738379487
 20
108.74904749809502
 30
0.0
 40
0.15011430022860048
  0
CIRCLE
  5
681
330
1F
100
AcDbEntity
  8
TopSolderMaskLayer
100
AcDbCircle
 10
75.98999237998464
 20
115.2089916179832
 30
0.0
 40
1.5449961899923803
  0
CIRCLE
  5
682
330
1F
100
AcDbEntity
  8
TopSolderMaskLayer
100
AcDbCircle
 10
75.99009398018802
 20
115.20904241808489
 30
0.0
 40
2.05999491998984
0
HATCH
5
683
100
AcDbEntity
8
TopSolderMaskLayer
100
AcDbHatch
10
0
20
0
30
0
210
0
220
0
230
1
2
SOLID
70
1
71
0
91
1
92
7
72
1
73
1
93
2
10
73.93009906019819
20
115.20904241808489
42
1
10
78.05008890017785
20
115.20904241808489
42
1
97
1
330

75
0
76
1
47
0.8681437583925616
98
1
10
3.629517071192367
20
33.92795499968543
450
0
451
0
460
0
461
0
452
1
462
1
453
2
463
0
63
5
421
255
463
1
63
7
421
16777215
470
LINEAR
1001
ACAD
1010
0
1020
0
1030
0
  0
CIRCLE
  5
684
330
1F
100
AcDbEntity
  8
BottomSolderMaskLayer
100
AcDbCircle
 10
75.98999237998464
 20
115.2089916179832
 30
0.0
 40
1.5449961899923803
  0
CIRCLE
  5
685
330
1F
100
AcDbEntity
  8
BottomSolderMaskLayer
100
AcDbCircle
 10
75.99009398018802
 20
115.20904241808489
 30
0.0
 40
2.05999491998984
0
HATCH
5
686
100
AcDbEntity
8
BottomSolderMaskLayer
100
AcDbHatch
10
0
20
0
30
0
210
0
220
0
230
1
2
SOLID
70
1
71
0
91
1
92
7
72
1
73
1
93
2
10
73.93009906019819
20
115.20904241808489
42
1
10
78.05008890017785
20
115.20904241808489
42
1
97
1
330

75
0
76
1
47
0.8681437583925616
98
1
10
3.629517071192367
20
33.92795499968543
450
0
451
0
460
0
461
0
452
1
462
1
453
2
463
0
63
5
421
255
463
1
63
7
421
16777215
470
LINEAR
1001
ACAD
1010
0
1020
0
1030
0
  0
CIRCLE
  5
687
330
1F
100
AcDbEntity
  8
Multi-Layer
100
AcDbCircle
 10
75.98999237998464
 20
115.2089916179832
 30
0.0
 40
1.5000000000000002
  0
CIRCLE
  5
688
330
1F
100
AcDbEntity
  8
Multi-Layer
100
AcDbCircle
 10
75.99009398018802
 20
115.20904241808489
 30
0.0
 40
2
  0
CIRCLE
  5
689
330
1F
100
AcDbEntity
  8
TopSolderMaskLayer
100
AcDbCircle
 10
2.75412750825501
 20
115.15798831597658
 30
0.0
 40
1.5449961899923803
  0
CIRCLE
  5
68a
330
1F
100
AcDbEntity
  8
TopSolderMaskLayer
100
AcDbCircle
 10
2.75412750825501
 20
115.15798831597658
 30
0.0
 40
2.05999491998984
0
HATCH
5
68b
100
AcDbEntity
8
TopSolderMaskLayer
100
AcDbHatch
10
0
20
0
30
0
210
0
220
0
230
1
2
SOLID
70
1
71
0
91
1
92
7
72
1
73
1
93
2
10
0.6941325882651701
20
115.15798831597658
42
1
10
4.8141224282448505
20
115.15798831597658
42
1
97
1
330

75
0
76
1
47
0.8681437583925616
98
1
10
3.629517071192367
20
33.92795499968543
450
0
451
0
460
0
461
0
452
1
462
1
453
2
463
0
63
5
421
255
463
1
63
7
421
16777215
470
LINEAR
1001
ACAD
1010
0
1020
0
1030
0
  0
CIRCLE
  5
68c
330
1F
100
AcDbEntity
  8
BottomSolderMaskLayer
100
AcDbCircle
 10
2.75412750825501
 20
115.15798831597658
 30
0.0
 40
1.5449961899923803
  0
CIRCLE
  5
68d
330
1F
100
AcDbEntity
  8
BottomSolderMaskLayer
100
AcDbCircle
 10
2.75412750825501
 20
115.15798831597658
 30
0.0
 40
2.05999491998984
0
HATCH
5
68e
100
AcDbEntity
8
BottomSolderMaskLayer
100
AcDbHatch
10
0
20
0
30
0
210
0
220
0
230
1
2
SOLID
70
1
71
0
91
1
92
7
72
1
73
1
93
2
10
0.6941325882651701
20
115.15798831597658
42
1
10
4.8141224282448505
20
115.15798831597658
42
1
97
1
330

75
0
76
1
47
0.8681437583925616
98
1
10
3.629517071192367
20
33.92795499968543
450
0
451
0
460
0
461
0
452
1
462
1
453
2
463
0
63
5
421
255
463
1
63
7
421
16777215
470
LINEAR
1001
ACAD
1010
0
1020
0
1030
0
  0
CIRCLE
  5
68f
330
1F
100
AcDbEntity
  8
Multi-Layer
100
AcDbCircle
 10
2.75412750825501
 20
115.15798831597658
 30
0.0
 40
1.5000000000000002
  0
CIRCLE
  5
690
330
1F
100
AcDbEntity
  8
Multi-Layer
100
AcDbCircle
 10
2.75412750825501
 20
115.15798831597658
 30
0.0
 40
2
  0
CIRCLE
  5
691
330
1F
100
AcDbEntity
  8
TopSolderMaskLayer
100
AcDbCircle
 10
2.9580899161799152
 20
104.60096520193042
 30
0.0
 40
1.5449961899923803
  0
CIRCLE
  5
692
330
1F
100
AcDbEntity
  8
TopSolderMaskLayer
100
AcDbCircle
 10
2.9580899161799152
 20
104.60096520193042
 30
0.0
 40
2.05999491998984
0
HATCH
5
693
100
AcDbEntity
8
TopSolderMaskLayer
100
AcDbHatch
10
0
20
0
30
0
210
0
220
0
230
1
2
SOLID
70
1
71
0
91
1
92
7
72
1
73
1
93
2
10
0.8980949961900753
20
104.60096520193042
42
1
10
5.018084836169756
20
104.60096520193042
42
1
97
1
330

75
0
76
1
47
0.8681437583925616
98
1
10
3.629517071192367
20
33.92795499968543
450
0
451
0
460
0
461
0
452
1
462
1
453
2
463
0
63
5
421
255
463
1
63
7
421
16777215
470
LINEAR
1001
ACAD
1010
0
1020
0
1030
0
  0
CIRCLE
  5
694
330
1F
100
AcDbEntity
  8
BottomSolderMaskLayer
100
AcDbCircle
 10
2.9580899161799152
 20
104.60096520193042
 30
0.0
 40
1.5449961899923803
  0
CIRCLE
  5
695
330
1F
100
AcDbEntity
  8
BottomSolderMaskLayer
100
AcDbCircle
 10
2.9580899161799152
 20
104.60096520193042
 30
0.0
 40
2.05999491998984
0
HATCH
5
696
100
AcDbEntity
8
BottomSolderMaskLayer
100
AcDbHatch
10
0
20
0
30
0
210
0
220
0
230
1
2
SOLID
70
1
71
0
91
1
92
7
72
1
73
1
93
2
10
0.8980949961900753
20
104.60096520193042
42
1
10
5.018084836169756
20
104.60096520193042
42
1
97
1
330

75
0
76
1
47
0.8681437583925616
98
1
10
3.629517071192367
20
33.92795499968543
450
0
451
0
460
0
461
0
452
1
462
1
453
2
463
0
63
5
421
255
463
1
63
7
421
16777215
470
LINEAR
1001
ACAD
1010
0
1020
0
1030
0
  0
CIRCLE
  5
697
330
1F
100
AcDbEntity
  8
Multi-Layer
100
AcDbCircle
 10
2.9580899161799152
 20
104.60096520193042
 30
0.0
 40
1.5000000000000002
  0
CIRCLE
  5
698
330
1F
100
AcDbEntity
  8
Multi-Layer
100
AcDbCircle
 10
2.9580899161799152
 20
104.60096520193042
 30
0.0
 40
2
  0
CIRCLE
  5
699
330
1F
100
AcDbEntity
  8
TopSolderMaskLayer
100
AcDbCircle
 10
2.8559817119635227
 20
88.48488696977392
 30
0.0
 40
1.5449961899923803
  0
CIRCLE
  5
69a
330
1F
100
AcDbEntity
  8
TopSolderMaskLayer
100
AcDbCircle
 10
2.8559817119635227
 20
88.48488696977392
 30
0.0
 40
2.05999491998984
0
HATCH
5
69b
100
AcDbEntity
8
TopSolderMaskLayer
100
AcDbHatch
10
0
20
0
30
0
210
0
220
0
230
1
2
SOLID
70
1
71
0
91
1
92
7
72
1
73
1
93
2
10
0.7959867919736827
20
88.48488696977392
42
1
10
4.915976631953363
20
88.48488696977392
42
1
97
1
330

75
0
76
1
47
0.8681437583925616
98
1
10
3.629517071192367
20
33.92795499968543
450
0
451
0
460
0
461
0
452
1
462
1
453
2
463
0
63
5
421
255
463
1
63
7
421
16777215
470
LINEAR
1001
ACAD
1010
0
1020
0
1030
0
  0
CIRCLE
  5
69c
330
1F
100
AcDbEntity
  8
BottomSolderMaskLayer
100
AcDbCircle
 10
2.8559817119635227
 20
88.48488696977392
 30
0.0
 40
1.5449961899923803
  0
CIRCLE
  5
69d
330
1F
100
AcDbEntity
  8
BottomSolderMaskLayer
100
AcDbCircle
 10
2.8559817119635227
 20
88.48488696977392
 30
0.0
 40
2.05999491998984
0
HATCH
5
69e
100
AcDbEntity
8
BottomSolderMaskLayer
100
AcDbHatch
10
0
20
0
30
0
210
0
220
0
230
1
2
SOLID
70
1
71
0
91
1
92
7
72
1
73
1
93
2
10
0.7959867919736827
20
88.48488696977392
42
1
10
4.915976631953363
20
88.48488696977392
42
1
97
1
330

75
0
76
1
47
0.8681437583925616
98
1
10
3.629517071192367
20
33.92795499968543
450
0
451
0
460
0
461
0
452
1
462
1
453
2
463
0
63
5
421
255
463
1
63
7
421
16777215
470
LINEAR
1001
ACAD
1010
0
1020
0
1030
0
  0
CIRCLE
  5
69f
330
1F
100
AcDbEntity
  8
Multi-Layer
100
AcDbCircle
 10
2.8559817119635227
 20
88.48488696977392
 30
0.0
 40
1.5000000000000002
  0
CIRCLE
  5
6a0
330
1F
100
AcDbEntity
  8
Multi-Layer
100
AcDbCircle
 10
2.8559817119635227
 20
88.48488696977392
 30
0.0
 40
2
  0
CIRCLE
  5
6a1
330
1F
100
AcDbEntity
  8
TopSolderMaskLayer
100
AcDbCircle
 10
2.8559817119635227
 20
63.39293878587762
 30
0.0
 40
1.5449961899923803
  0
CIRCLE
  5
6a2
330
1F
100
AcDbEntity
  8
TopSolderMaskLayer
100
AcDbCircle
 10
2.8559817119635227
 20
63.39293878587762
 30
0.0
 40
2.05999491998984
0
HATCH
5
6a3
100
AcDbEntity
8
TopSolderMaskLayer
100
AcDbHatch
10
0
20
0
30
0
210
0
220
0
230
1
2
SOLID
70
1
71
0
91
1
92
7
72
1
73
1
93
2
10
0.7959867919736827
20
63.39293878587762
42
1
10
4.915976631953363
20
63.39293878587762
42
1
97
1
330

75
0
76
1
47
0.8681437583925616
98
1
10
3.629517071192367
20
33.92795499968543
450
0
451
0
460
0
461
0
452
1
462
1
453
2
463
0
63
5
421
255
463
1
63
7
421
16777215
470
LINEAR
1001
ACAD
1010
0
1020
0
1030
0
  0
CIRCLE
  5
6a4
330
1F
100
AcDbEntity
  8
BottomSolderMaskLayer
100
AcDbCircle
 10
2.8559817119635227
 20
63.39293878587762
 30
0.0
 40
1.5449961899923803
  0
CIRCLE
  5
6a5
330
1F
100
AcDbEntity
  8
BottomSolderMaskLayer
100
AcDbCircle
 10
2.8559817119635227
 20
63.39293878587762
 30
0.0
 40
2.05999491998984
0
HATCH
5
6a6
100
AcDbEntity
8
BottomSolderMaskLayer
100
AcDbHatch
10
0
20
0
30
0
210
0
220
0
230
1
2
SOLID
70
1
71
0
91
1
92
7
72
1
73
1
93
2
10
0.7959867919736827
20
63.39293878587762
42
1
10
4.915976631953363
20
63.39293878587762
42
1
97
1
330

75
0
76
1
47
0.8681437583925616
98
1
10
3.629517071192367
20
33.92795499968543
450
0
451
0
460
0
461
0
452
1
462
1
453
2
463
0
63
5
421
255
463
1
63
7
421
16777215
470
LINEAR
1001
ACAD
1010
0
1020
0
1030
0
  0
CIRCLE
  5
6a7
330
1F
100
AcDbEntity
  8
Multi-Layer
100
AcDbCircle
 10
2.8559817119635227
 20
63.39293878587762
 30
0.0
 40
1.5000000000000002
  0
CIRCLE
  5
6a8
330
1F
100
AcDbEntity
  8
Multi-Layer
100
AcDbCircle
 10
2.8559817119635227
 20
63.39293878587762
 30
0.0
 40
2
  0
CIRCLE
  5
6a9
330
1F
100
AcDbEntity
  8
TopSolderMaskLayer
100
AcDbCircle
 10
2.6520193040386175
 20
23.20497840995688
 30
0.0
 40
1.5449961899923803
  0
CIRCLE
  5
6aa
330
1F
100
AcDbEntity
  8
TopSolderMaskLayer
100
AcDbCircle
 10
2.6520193040386175
 20
23.20497840995688
 30
0.0
 40
2.05999491998984
0
HATCH
5
6ab
100
AcDbEntity
8
TopSolderMaskLayer
100
AcDbHatch
10
0
20
0
30
0
210
0
220
0
230
1
2
SOLID
70
1
71
0
91
1
92
7
72
1
73
1
93
2
10
0.5920243840487776
20
23.20497840995688
42
1
10
4.712014224028458
20
23.20497840995688
42
1
97
1
330

75
0
76
1
47
0.8681437583925616
98
1
10
3.629517071192367
20
33.92795499968543
450
0
451
0
460
0
461
0
452
1
462
1
453
2
463
0
63
5
421
255
463
1
63
7
421
16777215
470
LINEAR
1001
ACAD
1010
0
1020
0
1030
0
  0
CIRCLE
  5
6ac
330
1F
100
AcDbEntity
  8
BottomSolderMaskLayer
100
AcDbCircle
 10
2.6520193040386175
 20
23.20497840995688
 30
0.0
 40
1.5449961899923803
  0
CIRCLE
  5
6ad
330
1F
100
AcDbEntity
  8
BottomSolderMaskLayer
100
AcDbCircle
 10
2.6520193040386175
 20
23.20497840995688
 30
0.0
 40
2.05999491998984
0
HATCH
5
6ae
100
AcDbEntity
8
BottomSolderMaskLayer
100
AcDbHatch
10
0
20
0
30
0
210
0
220
0
230
1
2
SOLID
70
1
71
0
91
1
92
7
72
1
73
1
93
2
10
0.5920243840487776
20
23.20497840995688
42
1
10
4.712014224028458
20
23.20497840995688
42
1
97
1
330

75
0
76
1
47
0.8681437583925616
98
1
10
3.629517071192367
20
33.92795499968543
450
0
451
0
460
0
461
0
452
1
462
1
453
2
463
0
63
5
421
255
463
1
63
7
421
16777215
470
LINEAR
1001
ACAD
1010
0
1020
0
1030
0
  0
CIRCLE
  5
6af
330
1F
100
AcDbEntity
  8
Multi-Layer
100
AcDbCircle
 10
2.6520193040386175
 20
23.20497840995688
 30
0.0
 40
1.5000000000000002
  0
CIRCLE
  5
6b0
330
1F
100
AcDbEntity
  8
Multi-Layer
100
AcDbCircle
 10
2.6520193040386175
 20
23.20497840995688
 30
0.0
 40
2
  0
CIRCLE
  5
6b1
330
1F
100
AcDbEntity
  8
TopSolderMaskLayer
100
AcDbCircle
 10
75.78613157226323
 20
23.256032512065076
 30
0.0
 40
1.5449961899923803
  0
CIRCLE
  5
6b2
330
1F
100
AcDbEntity
  8
TopSolderMaskLayer
100
AcDbCircle
 10
75.78613157226323
 20
23.256032512065076
 30
0.0
 40
2.05999491998984
0
HATCH
5
6b3
100
AcDbEntity
8
TopSolderMaskLayer
100
AcDbHatch
10
0
20
0
30
0
210
0
220
0
230
1
2
SOLID
70
1
71
0
91
1
92
7
72
1
73
1
93
2
10
73.7261366522734
20
23.256032512065076
42
1
10
77.84612649225306
20
23.256032512065076
42
1
97
1
330

75
0
76
1
47
0.8681437583925616
98
1
10
3.629517071192367
20
33.92795499968543
450
0
451
0
460
0
461
0
452
1
462
1
453
2
463
0
63
5
421
255
463
1
63
7
421
16777215
470
LINEAR
1001
ACAD
1010
0
1020
0
1030
0
  0
CIRCLE
  5
6b4
330
1F
100
AcDbEntity
  8
BottomSolderMaskLayer
100
AcDbCircle
 10
75.78613157226323
 20
23.256032512065076
 30
0.0
 40
1.5449961899923803
  0
CIRCLE
  5
6b5
330
1F
100
AcDbEntity
  8
BottomSolderMaskLayer
100
AcDbCircle
 10
75.78613157226323
 20
23.256032512065076
 30
0.0
 40
2.05999491998984
0
HATCH
5
6b6
100
AcDbEntity
8
BottomSolderMaskLayer
100
AcDbHatch
10
0
20
0
30
0
210
0
220
0
230
1
2
SOLID
70
1
71
0
91
1
92
7
72
1
73
1
93
2
10
73.7261366522734
20
23.256032512065076
42
1
10
77.84612649225306
20
23.256032512065076
42
1
97
1
330

75
0
76
1
47
0.8681437583925616
98
1
10
3.629517071192367
20
33.92795499968543
450
0
451
0
460
0
461
0
452
1
462
1
453
2
463
0
63
5
421
255
463
1
63
7
421
16777215
470
LINEAR
1001
ACAD
1010
0
1020
0
1030
0
  0
CIRCLE
  5
6b7
330
1F
100
AcDbEntity
  8
Multi-Layer
100
AcDbCircle
 10
75.78613157226323
 20
23.256032512065076
 30
0.0
 40
1.5000000000000002
  0
CIRCLE
  5
6b8
330
1F
100
AcDbEntity
  8
Multi-Layer
100
AcDbCircle
 10
75.78613157226323
 20
23.256032512065076
 30
0.0
 40
2
  0
CIRCLE
  5
6b9
330
1F
100
AcDbEntity
  8
TopSolderMaskLayer
100
AcDbCircle
 10
75.58191516383022
 20
63.39293878587762
 30
0.0
 40
1.5449961899923803
  0
CIRCLE
  5
6ba
330
1F
100
AcDbEntity
  8
TopSolderMaskLayer
100
AcDbCircle
 10
75.58191516383022
 20
63.39293878587762
 30
0.0
 40
2.05999491998984
0
HATCH
5
6bb
100
AcDbEntity
8
TopSolderMaskLayer
100
AcDbHatch
10
0
20
0
30
0
210
0
220
0
230
1
2
SOLID
70
1
71
0
91
1
92
7
72
1
73
1
93
2
10
73.52192024384038
20
63.39293878587762
42
1
10
77.64191008382005
20
63.39293878587762
42
1
97
1
330

75
0
76
1
47
0.8681437583925616
98
1
10
3.629517071192367
20
33.92795499968543
450
0
451
0
460
0
461
0
452
1
462
1
453
2
463
0
63
5
421
255
463
1
63
7
421
16777215
470
LINEAR
1001
ACAD
1010
0
1020
0
1030
0
  0
CIRCLE
  5
6bc
330
1F
100
AcDbEntity
  8
BottomSolderMaskLayer
100
AcDbCircle
 10
75.58191516383022
 20
63.39293878587762
 30
0.0
 40
1.5449961899923803
  0
CIRCLE
  5
6bd
330
1F
100
AcDbEntity
  8
BottomSolderMaskLayer
100
AcDbCircle
 10
75.58191516383022
 20
63.39293878587762
 30
0.0
 40
2.05999491998984
0
HATCH
5
6be
100
AcDbEntity
8
BottomSolderMaskLayer
100
AcDbHatch
10
0
20
0
30
0
210
0
220
0
230
1
2
SOLID
70
1
71
0
91
1
92
7
72
1
73
1
93
2
10
73.52192024384038
20
63.39293878587762
42
1
10
77.64191008382005
20
63.39293878587762
42
1
97
1
330

75
0
76
1
47
0.8681437583925616
98
1
10
3.629517071192367
20
33.92795499968543
450
0
451
0
460
0
461
0
452
1
462
1
453
2
463
0
63
5
421
255
463
1
63
7
421
16777215
470
LINEAR
1001
ACAD
1010
0
1020
0
1030
0
  0
CIRCLE
  5
6bf
330
1F
100
AcDbEntity
  8
Multi-Layer
100
AcDbCircle
 10
75.58191516383022
 20
63.39293878587762
 30
0.0
 40
1.5000000000000002
  0
CIRCLE
  5
6c0
330
1F
100
AcDbEntity
  8
Multi-Layer
100
AcDbCircle
 10
75.58191516383022
 20
63.39293878587762
 30
0.0
 40
2
  0
CIRCLE
  5
6c1
330
1F
100
AcDbEntity
  8
TopSolderMaskLayer
100
AcDbCircle
 10
76.04099568199149
 20
88.3830073660148
 30
0.0
 40
1.5449961899923803
  0
CIRCLE
  5
6c2
330
1F
100
AcDbEntity
  8
TopSolderMaskLayer
100
AcDbCircle
 10
76.04089408178811
 20
88.38303276606553
 30
0.0
 40
2.05999491998984
0
HATCH
5
6c3
100
AcDbEntity
8
TopSolderMaskLayer
100
AcDbHatch
10
0
20
0
30
0
210
0
220
0
230
1
2
SOLID
70
1
71
0
91
1
92
7
72
1
73
1
93
2
10
73.98089916179828
20
88.38303276606553
42
1
10
78.10088900177794
20
88.38303276606553
42
1
97
1
330

75
0
76
1
47
0.8681437583925616
98
1
10
3.629517071192367
20
33.92795499968543
450
0
451
0
460
0
461
0
452
1
462
1
453
2
463
0
63
5
421
255
463
1
63
7
421
16777215
470
LINEAR
1001
ACAD
1010
0
1020
0
1030
0
  0
CIRCLE
  5
6c4
330
1F
100
AcDbEntity
  8
BottomSolderMaskLayer
100
AcDbCircle
 10
76.04099568199149
 20
88.3830073660148
 30
0.0
 40
1.5449961899923803
  0
CIRCLE
  5
6c5
330
1F
100
AcDbEntity
  8
BottomSolderMaskLayer
100
AcDbCircle
 10
76.04089408178811
 20
88.38303276606553
 30
0.0
 40
2.05999491998984
0
HATCH
5
6c6
100
AcDbEntity
8
BottomSolderMaskLayer
100
AcDbHatch
10
0
20
0
30
0
210
0
220
0
230
1
2
SOLID
70
1
71
0
91
1
92
7
72
1
73
1
93
2
10
73.98089916179828
20
88.38303276606553
42
1
10
78.10088900177794
20
88.38303276606553
42
1
97
1
330

75
0
76
1
47
0.8681437583925616
98
1
10
3.629517071192367
20
33.92795499968543
450
0
451
0
460
0
461
0
452
1
462
1
453
2
463
0
63
5
421
255
463
1
63
7
421
16777215
470
LINEAR
1001
ACAD
1010
0
1020
0
1030
0
  0
CIRCLE
  5
6c7
330
1F
100
AcDbEntity
  8
Multi-Layer
100
AcDbCircle
 10
76.04099568199149
 20
88.3830073660148
 30
0.0
 40
1.5000000000000002
  0
CIRCLE
  5
6c8
330
1F
100
AcDbEntity
  8
Multi-Layer
100
AcDbCircle
 10
76.04089408178811
 20
88.38303276606553
 30
0.0
 40
2
  0
CIRCLE
  5
6c9
330
1F
100
AcDbEntity
  8
TopSolderMaskLayer
100
AcDbCircle
 10
75.99009398018802
 20
104.65201930403862
 30
0.0
 40
1.5449961899923803
  0
CIRCLE
  5
6ca
330
1F
100
AcDbEntity
  8
TopSolderMaskLayer
100
AcDbCircle
 10
75.99009398018802
 20
104.65201930403862
 30
0.0
 40
2.05999491998984
0
HATCH
5
6cb
100
AcDbEntity
8
TopSolderMaskLayer
100
AcDbHatch
10
0
20
0
30
0
210
0
220
0
230
1
2
SOLID
70
1
71
0
91
1
92
7
72
1
73
1
93
2
10
73.93009906019819
20
104.65201930403862
42
1
10
78.05008890017785
20
104.65201930403862
42
1
97
1
330

75
0
76
1
47
0.8681437583925616
98
1
10
3.629517071192367
20
33.92795499968543
450
0
451
0
460
0
461
0
452
1
462
1
453
2
463
0
63
5
421
255
463
1
63
7
421
16777215
470
LINEAR
1001
ACAD
1010
0
1020
0
1030
0
  0
CIRCLE
  5
6cc
330
1F
100
AcDbEntity
  8
BottomSolderMaskLayer
100
AcDbCircle
 10
75.99009398018802
 20
104.65201930403862
 30
0.0
 40
1.5449961899923803
  0
CIRCLE
  5
6cd
330
1F
100
AcDbEntity
  8
BottomSolderMaskLayer
100
AcDbCircle
 10
75.99009398018802
 20
104.65201930403862
 30
0.0
 40
2.05999491998984
0
HATCH
5
6ce
100
AcDbEntity
8
BottomSolderMaskLayer
100
AcDbHatch
10
0
20
0
30
0
210
0
220
0
230
1
2
SOLID
70
1
71
0
91
1
92
7
72
1
73
1
93
2
10
73.93009906019819
20
104.65201930403862
42
1
10
78.05008890017785
20
104.65201930403862
42
1
97
1
330

75
0
76
1
47
0.8681437583925616
98
1
10
3.629517071192367
20
33.92795499968543
450
0
451
0
460
0
461
0
452
1
462
1
453
2
463
0
63
5
421
255
463
1
63
7
421
16777215
470
LINEAR
1001
ACAD
1010
0
1020
0
1030
0
  0
CIRCLE
  5
6cf
330
1F
100
AcDbEntity
  8
Multi-Layer
100
AcDbCircle
 10
75.99009398018802
 20
104.65201930403862
 30
0.0
 40
1.5000000000000002
  0
CIRCLE
  5
6d0
330
1F
100
AcDbEntity
  8
Multi-Layer
100
AcDbCircle
 10
75.99009398018802
 20
104.65201930403862
 30
0.0
 40
2
  0
CIRCLE
  5
6d1
330
1F
100
AcDbEntity
  8
TopSolderMaskLayer
100
AcDbCircle
 10
75.99009398018802
 20
130.6108712217425
 30
0.0
 40
1.5449961899923803
  0
CIRCLE
  5
6d2
330
1F
100
AcDbEntity
  8
TopSolderMaskLayer
100
AcDbCircle
 10
75.99009398018802
 20
130.6108712217425
 30
0.0
 40
2.05999491998984
0
HATCH
5
6d3
100
AcDbEntity
8
TopSolderMaskLayer
100
AcDbHatch
10
0
20
0
30
0
210
0
220
0
230
1
2
SOLID
70
1
71
0
91
1
92
7
72
1
73
1
93
2
10
73.93009906019819
20
130.6108712217425
42
1
10
78.05008890017785
20
130.6108712217425
42
1
97
1
330

75
0
76
1
47
0.8681437583925616
98
1
10
3.629517071192367
20
33.92795499968543
450
0
451
0
460
0
461
0
452
1
462
1
453
2
463
0
63
5
421
255
463
1
63
7
421
16777215
470
LINEAR
1001
ACAD
1010
0
1020
0
1030
0
  0
CIRCLE
  5
6d4
330
1F
100
AcDbEntity
  8
BottomSolderMaskLayer
100
AcDbCircle
 10
75.99009398018802
 20
130.6108712217425
 30
0.0
 40
1.5449961899923803
  0
CIRCLE
  5
6d5
330
1F
100
AcDbEntity
  8
BottomSolderMaskLayer
100
AcDbCircle
 10
75.99009398018802
 20
130.6108712217425
 30
0.0
 40
2.05999491998984
0
HATCH
5
6d6
100
AcDbEntity
8
BottomSolderMaskLayer
100
AcDbHatch
10
0
20
0
30
0
210
0
220
0
230
1
2
SOLID
70
1
71
0
91
1
92
7
72
1
73
1
93
2
10
73.93009906019819
20
130.6108712217425
42
1
10
78.05008890017785
20
130.6108712217425
42
1
97
1
330

75
0
76
1
47
0.8681437583925616
98
1
10
3.629517071192367
20
33.92795499968543
450
0
451
0
460
0
461
0
452
1
462
1
453
2
463
0
63
5
421
255
463
1
63
7
421
16777215
470
LINEAR
1001
ACAD
1010
0
1020
0
1030
0
  0
CIRCLE
  5
6d7
330
1F
100
AcDbEntity
  8
Multi-Layer
100
AcDbCircle
 10
75.99009398018802
 20
130.6108712217425
 30
0.0
 40
1.5000000000000002
  0
CIRCLE
  5
6d8
330
1F
100
AcDbEntity
  8
Multi-Layer
100
AcDbCircle
 10
75.99009398018802
 20
130.6108712217425
 30
0.0
 40
2
  0
CIRCLE
  5
6d9
330
1F
100
AcDbEntity
  8
TopSolderMaskLayer
100
AcDbCircle
 10
2.907035814071719
 20
130.509017018034
 30
0.0
 40
1.5449961899923803
  0
CIRCLE
  5
6da
330
1F
100
AcDbEntity
  8
TopSolderMaskLayer
100
AcDbCircle
 10
2.907035814071719
 20
130.509017018034
 30
0.0
 40
2.05999491998984
0
HATCH
5
6db
100
AcDbEntity
8
TopSolderMaskLayer
100
AcDbHatch
10
0
20
0
30
0
210
0
220
0
230
1
2
SOLID
70
1
71
0
91
1
92
7
72
1
73
1
93
2
10
0.847040894081879
20
130.509017018034
42
1
10
4.967030734061559
20
130.509017018034
42
1
97
1
330

75
0
76
1
47
0.8681437583925616
98
1
10
3.629517071192367
20
33.92795499968543
450
0
451
0
460
0
461
0
452
1
462
1
453
2
463
0
63
5
421
255
463
1
63
7
421
16777215
470
LINEAR
1001
ACAD
1010
0
1020
0
1030
0
  0
CIRCLE
  5
6dc
330
1F
100
AcDbEntity
  8
BottomSolderMaskLayer
100
AcDbCircle
 10
2.907035814071719
 20
130.509017018034
 30
0.0
 40
1.5449961899923803
  0
CIRCLE
  5
6dd
330
1F
100
AcDbEntity
  8
BottomSolderMaskLayer
100
AcDbCircle
 10
2.907035814071719
 20
130.509017018034
 30
0.0
 40
2.05999491998984
0
HATCH
5
6de
100
AcDbEntity
8
BottomSolderMaskLayer
100
AcDbHatch
10
0
20
0
30
0
210
0
220
0
230
1
2
SOLID
70
1
71
0
91
1
92
7
72
1
73
1
93
2
10
0.847040894081879
20
130.509017018034
42
1
10
4.967030734061559
20
130.509017018034
42
1
97
1
330

75
0
76
1
47
0.8681437583925616
98
1
10
3.629517071192367
20
33.92795499968543
450
0
451
0
460
0
461
0
452
1
462
1
453
2
463
0
63
5
421
255
463
1
63
7
421
16777215
470
LINEAR
1001
ACAD
1010
0
1020
0
1030
0
  0
CIRCLE
  5
6df
330
1F
100
AcDbEntity
  8
Multi-Layer
100
AcDbCircle
 10
2.907035814071719
 20
130.509017018034
 30
0.0
 40
1.5000000000000002
  0
CIRCLE
  5
6e0
330
1F
100
AcDbEntity
  8
Multi-Layer
100
AcDbCircle
 10
2.907035814071719
 20
130.509017018034
 30
0.0
 40
2
  0
CIRCLE
  5
6e1
330
1F
100
AcDbEntity
  8
TopSolderMaskLayer
100
AcDbCircle
 10
65.07599695199406
 20
9.486004572009165
 30
0.0
 40
1.5449961899923803
  0
CIRCLE
  5
6e2
330
1F
100
AcDbEntity
  8
TopSolderMaskLayer
100
AcDbCircle
 10
65.07594615189237
 20
9.4859029718059
 30
0.0
 40
2.05999491998984
0
HATCH
5
6e3
100
AcDbEntity
8
TopSolderMaskLayer
100
AcDbHatch
10
0
20
0
30
0
210
0
220
0
230
1
2
SOLID
70
1
71
0
91
1
92
7
72
1
73
1
93
2
10
63.01595123190253
20
9.4859029718059
42
1
10
67.1359410718822
20
9.4859029718059
42
1
97
1
330

75
0
76
1
47
0.8681437583925616
98
1
10
3.629517071192367
20
33.92795499968543
450
0
451
0
460
0
461
0
452
1
462
1
453
2
463
0
63
5
421
255
463
1
63
7
421
16777215
470
LINEAR
1001
ACAD
1010
0
1020
0
1030
0
  0
CIRCLE
  5
6e4
330
1F
100
AcDbEntity
  8
BottomSolderMaskLayer
100
AcDbCircle
 10
65.07599695199406
 20
9.486004572009165
 30
0.0
 40
1.5449961899923803
  0
CIRCLE
  5
6e5
330
1F
100
AcDbEntity
  8
BottomSolderMaskLayer
100
AcDbCircle
 10
65.07594615189237
 20
9.4859029718059
 30
0.0
 40
2.05999491998984
0
HATCH
5
6e6
100
AcDbEntity
8
BottomSolderMaskLayer
100
AcDbHatch
10
0
20
0
30
0
210
0
220
0
230
1
2
SOLID
70
1
71
0
91
1
92
7
72
1
73
1
93
2
10
63.01595123190253
20
9.4859029718059
42
1
10
67.1359410718822
20
9.4859029718059
42
1
97
1
330

75
0
76
1
47
0.8681437583925616
98
1
10
3.629517071192367
20
33.92795499968543
450
0
451
0
460
0
461
0
452
1
462
1
453
2
463
0
63
5
421
255
463
1
63
7
421
16777215
470
LINEAR
1001
ACAD
1010
0
1020
0
1030
0
  0
CIRCLE
  5
6e7
330
1F
100
AcDbEntity
  8
Multi-Layer
100
AcDbCircle
 10
65.07599695199406
 20
9.486004572009165
 30
0.0
 40
1.5000000000000002
  0
CIRCLE
  5
6e8
330
1F
100
AcDbEntity
  8
Multi-Layer
100
AcDbCircle
 10
65.07594615189237
 20
9.4859029718059
 30
0.0
 40
2
  0
CIRCLE
  5
6e9
330
1F
100
AcDbEntity
  8
TopSolderMaskLayer
100
AcDbCircle
 10
13.66799593599194
 20
9.435001270002545
 30
0.0
 40
1.5449961899923803
  0
CIRCLE
  5
6ea
330
1F
100
AcDbEntity
  8
TopSolderMaskLayer
100
AcDbCircle
 10
13.668021336042784
 20
9.43510287020581
 30
0.0
 40
2.05999491998984
0
HATCH
5
6eb
100
AcDbEntity
8
TopSolderMaskLayer
100
AcDbHatch
10
0
20
0
30
0
210
0
220
0
230
1
2
SOLID
70
1
71
0
91
1
92
7
72
1
73
1
93
2
10
11.608026416052944
20
9.43510287020581
42
1
10
15.728016256032625
20
9.43510287020581
42
1
97
1
330

75
0
76
1
47
0.8681437583925616
98
1
10
3.629517071192367
20
33.92795499968543
450
0
451
0
460
0
461
0
452
1
462
1
453
2
463
0
63
5
421
255
463
1
63
7
421
16777215
470
LINEAR
1001
ACAD
1010
0
1020
0
1030
0
  0
CIRCLE
  5
6ec
330
1F
100
AcDbEntity
  8
BottomSolderMaskLayer
100
AcDbCircle
 10
13.66799593599194
 20
9.435001270002545
 30
0.0
 40
1.5449961899923803
  0
CIRCLE
  5
6ed
330
1F
100
AcDbEntity
  8
BottomSolderMaskLayer
100
AcDbCircle
 10
13.668021336042784
 20
9.43510287020581
 30
0.0
 40
2.05999491998984
0
HATCH
5
6ee
100
AcDbEntity
8
BottomSolderMaskLayer
100
AcDbHatch
10
0
20
0
30
0
210
0
220
0
230
1
2
SOLID
70
1
71
0
91
1
92
7
72
1
73
1
93
2
10
11.608026416052944
20
9.43510287020581
42
1
10
15.728016256032625
20
9.43510287020581
42
1
97
1
330

75
0
76
1
47
0.8681437583925616
98
1
10
3.629517071192367
20
33.92795499968543
450
0
451
0
460
0
461
0
452
1
462
1
453
2
463
0
63
5
421
255
463
1
63
7
421
16777215
470
LINEAR
1001
ACAD
1010
0
1020
0
1030
0
  0
CIRCLE
  5
6ef
330
1F
100
AcDbEntity
  8
Multi-Layer
100
AcDbCircle
 10
13.66799593599194
 20
9.435001270002545
 30
0.0
 40
1.5000000000000002
  0
CIRCLE
  5
6f0
330
1F
100
AcDbEntity
  8
Multi-Layer
100
AcDbCircle
 10
13.668021336042784
 20
9.43510287020581
 30
0.0
 40
2
  0
CIRCLE
  5
8a1
330
1F
100
AcDbEntity
  8
TopSolderMaskLayer
100
AcDbCircle
 10
35.867995935991985
 20
25.194005588011123
 30
0.0
 40
0.5655353117157847
  0
CIRCLE
  5
8a2
330
1F
100
AcDbEntity
  8
TopSolderMaskLayer
100
AcDbCircle
 10
35.868173736347444
 20
25.1940563881127
 30
0.0
 40
0.9254000508001016
0
HATCH
5
8a3
100
AcDbEntity
8
TopSolderMaskLayer
100
AcDbHatch
10
0
20
0
30
0
210
0
220
0
230
1
2
SOLID
70
1
71
0
91
1
92
7
72
1
73
1
93
2
10
34.942773685547344
20
25.1940563881127
42
1
10
36.793573787147544
20
25.1940563881127
42
1
97
1
330

75
0
76
1
47
0.8681437583925616
98
1
10
3.629517071192367
20
33.92795499968543
450
0
451
0
460
0
461
0
452
1
462
1
453
2
463
0
63
5
421
255
463
1
63
7
421
16777215
470
LINEAR
1001
ACAD
1010
0
1020
0
1030
0
  0
CIRCLE
  5
8a4
330
1F
100
AcDbEntity
  8
BottomSolderMaskLayer
100
AcDbCircle
 10
35.867995935991985
 20
25.194005588011123
 30
0.0
 40
0.5655353117157847
  0
CIRCLE
  5
8a5
330
1F
100
AcDbEntity
  8
BottomSolderMaskLayer
100
AcDbCircle
 10
35.868173736347444
 20
25.1940563881127
 30
0.0
 40
0.9254000508001016
0
HATCH
5
8a6
100
AcDbEntity
8
BottomSolderMaskLayer
100
AcDbHatch
10
0
20
0
30
0
210
0
220
0
230
1
2
SOLID
70
1
71
0
91
1
92
7
72
1
73
1
93
2
10
34.942773685547344
20
25.1940563881127
42
1
10
36.793573787147544
20
25.1940563881127
42
1
97
1
330

75
0
76
1
47
0.8681437583925616
98
1
10
3.629517071192367
20
33.92795499968543
450
0
451
0
460
0
461
0
452
1
462
1
453
2
463
0
63
5
421
255
463
1
63
7
421
16777215
470
LINEAR
1001
ACAD
1010
0
1020
0
1030
0
  0
CIRCLE
  5
8a7
330
1F
100
AcDbEntity
  8
Multi-Layer
100
AcDbCircle
 10
35.867995935991985
 20
25.194005588011123
 30
0.0
 40
0.5500127000254001
  0
CIRCLE
  5
8a8
330
1F
100
AcDbEntity
  8
Multi-Layer
100
AcDbCircle
 10
35.868173736347444
 20
25.1940563881127
 30
0.0
 40
0.9000000000000001
0
HATCH
5
8a9
100
AcDbEntity
8
Multi-Layer
100
AcDbHatch
10
0
20
0
30
0
210
0
220
0
230
1
2
SOLID
70
1
71
0
91
1
92
7
72
1
73
1
93
2
10
34.968173736347445
20
25.1940563881127
42
1
10
36.76817373634744
20
25.1940563881127
42
1
97
1
330

75
0
76
1
47
0.8681437583925616
98
1
10
3.629517071192367
20
33.92795499968543
450
0
451
0
460
0
461
0
452
1
462
1
453
2
463
0
63
5
421
255
463
1
63
7
421
16777215
470
LINEAR
1001
ACAD
1010
0
1020
0
1030
0
  0
CIRCLE
  5
8aa
330
1F
100
AcDbEntity
  8
TopSolderMaskLayer
100
AcDbCircle
 10
38.40800101600212
 20
25.194005588011123
 30
0.0
 40
0.5655353117157847
  0
CIRCLE
  5
8ab
330
1F
100
AcDbEntity
  8
TopSolderMaskLayer
100
AcDbCircle
 10
38.40817881635758
 20
25.1940563881127
 30
0.0
 40
0.9254000508001016
0
HATCH
5
8ac
100
AcDbEntity
8
TopSolderMaskLayer
100
AcDbHatch
10
0
20
0
30
0
210
0
220
0
230
1
2
SOLID
70
1
71
0
91
1
92
7
72
1
73
1
93
2
10
37.48277876555748
20
25.1940563881127
42
1
10
39.33357886715768
20
25.1940563881127
42
1
97
1
330

75
0
76
1
47
0.8681437583925616
98
1
10
3.629517071192367
20
33.92795499968543
450
0
451
0
460
0
461
0
452
1
462
1
453
2
463
0
63
5
421
255
463
1
63
7
421
16777215
470
LINEAR
1001
ACAD
1010
0
1020
0
1030
0
  0
CIRCLE
  5
8ad
330
1F
100
AcDbEntity
  8
BottomSolderMaskLayer
100
AcDbCircle
 10
38.40800101600212
 20
25.194005588011123
 30
0.0
 40
0.5655353117157847
  0
CIRCLE
  5
8ae
330
1F
100
AcDbEntity
  8
BottomSolderMaskLayer
100
AcDbCircle
 10
38.40817881635758
 20
25.1940563881127
 30
0.0
 40
0.9254000508001016
0
HATCH
5
8af
100
AcDbEntity
8
BottomSolderMaskLayer
100
AcDbHatch
10
0
20
0
30
0
210
0
220
0
230
1
2
SOLID
70
1
71
0
91
1
92
7
72
1
73
1
93
2
10
37.48277876555748
20
25.1940563881127
42
1
10
39.33357886715768
20
25.1940563881127
42
1
97
1
330

75
0
76
1
47
0.8681437583925616
98
1
10
3.629517071192367
20
33.92795499968543
450
0
451
0
460
0
461
0
452
1
462
1
453
2
463
0
63
5
421
255
463
1
63
7
421
16777215
470
LINEAR
1001
ACAD
1010
0
1020
0
1030
0
  0
CIRCLE
  5
8b0
330
1F
100
AcDbEntity
  8
Multi-Layer
100
AcDbCircle
 10
38.40800101600212
 20
25.194005588011123
 30
0.0
 40
0.5500127000254001
  0
CIRCLE
  5
8b1
330
1F
100
AcDbEntity
  8
Multi-Layer
100
AcDbCircle
 10
38.40817881635758
 20
25.1940563881127
 30
0.0
 40
0.9000000000000001
0
HATCH
5
8b2
100
AcDbEntity
8
Multi-Layer
100
AcDbHatch
10
0
20
0
30
0
210
0
220
0
230
1
2
SOLID
70
1
71
0
91
1
92
7
72
1
73
1
93
2
10
37.50817881635758
20
25.1940563881127
42
1
10
39.308178816357575
20
25.1940563881127
42
1
97
1
330

75
0
76
1
47
0.8681437583925616
98
1
10
3.629517071192367
20
33.92795499968543
450
0
451
0
460
0
461
0
452
1
462
1
453
2
463
0
63
5
421
255
463
1
63
7
421
16777215
470
LINEAR
1001
ACAD
1010
0
1020
0
1030
0
  0
CIRCLE
  5
8b3
330
1F
100
AcDbEntity
  8
TopSolderMaskLayer
100
AcDbCircle
 10
40.94800609601225
 20
25.194005588011123
 30
0.0
 40
0.5655353117157847
  0
CIRCLE
  5
8b4
330
1F
100
AcDbEntity
  8
TopSolderMaskLayer
100
AcDbCircle
 10
40.94818389636771
 20
25.1940563881127
 30
0.0
 40
0.9254000508001016
0
HATCH
5
8b5
100
AcDbEntity
8
TopSolderMaskLayer
100
AcDbHatch
10
0
20
0
30
0
210
0
220
0
230
1
2
SOLID
70
1
71
0
91
1
92
7
72
1
73
1
93
2
10
40.02278384556761
20
25.1940563881127
42
1
10
41.87358394716781
20
25.1940563881127
42
1
97
1
330

75
0
76
1
47
0.8681437583925616
98
1
10
3.629517071192367
20
33.92795499968543
450
0
451
0
460
0
461
0
452
1
462
1
453
2
463
0
63
5
421
255
463
1
63
7
421
16777215
470
LINEAR
1001
ACAD
1010
0
1020
0
1030
0
  0
CIRCLE
  5
8b6
330
1F
100
AcDbEntity
  8
BottomSolderMaskLayer
100
AcDbCircle
 10
40.94800609601225
 20
25.194005588011123
 30
0.0
 40
0.5655353117157847
  0
CIRCLE
  5
8b7
330
1F
100
AcDbEntity
  8
BottomSolderMaskLayer
100
AcDbCircle
 10
40.94818389636771
 20
25.1940563881127
 30
0.0
 40
0.9254000508001016
0
HATCH
5
8b8
100
AcDbEntity
8
BottomSolderMaskLayer
100
AcDbHatch
10
0
20
0
30
0
210
0
220
0
230
1
2
SOLID
70
1
71
0
91
1
92
7
72
1
73
1
93
2
10
40.02278384556761
20
25.1940563881127
42
1
10
41.87358394716781
20
25.1940563881127
42
1
97
1
330

75
0
76
1
47
0.8681437583925616
98
1
10
3.629517071192367
20
33.92795499968543
450
0
451
0
460
0
461
0
452
1
462
1
453
2
463
0
63
5
421
255
463
1
63
7
421
16777215
470
LINEAR
1001
ACAD
1010
0
1020
0
1030
0
  0
CIRCLE
  5
8b9
330
1F
100
AcDbEntity
  8
Multi-Layer
100
AcDbCircle
 10
40.94800609601225
 20
25.194005588011123
 30
0.0
 40
0.5500127000254001
  0
CIRCLE
  5
8ba
330
1F
100
AcDbEntity
  8
Multi-Layer
100
AcDbCircle
 10
40.94818389636771
 20
25.1940563881127
 30
0.0
 40
0.9000000000000001
0
HATCH
5
8bb
100
AcDbEntity
8
Multi-Layer
100
AcDbHatch
10
0
20
0
30
0
210
0
220
0
230
1
2
SOLID
70
1
71
0
91
1
92
7
72
1
73
1
93
2
10
40.04818389636771
20
25.1940563881127
42
1
10
41.84818389636771
20
25.1940563881127
42
1
97
1
330

75
0
76
1
47
0.8681437583925616
98
1
10
3.629517071192367
20
33.92795499968543
450
0
451
0
460
0
461
0
452
1
462
1
453
2
463
0
63
5
421
255
463
1
63
7
421
16777215
470
LINEAR
1001
ACAD
1010
0
1020
0
1030
0
  0
CIRCLE
  5
ceb
330
1F
100
AcDbEntity
  8
TopSolderMaskLayer
100
AcDbCircle
 10
26.2089916179832
 20
127.24500889001786
 30
0.0
 40
0.5664484065211015
  0
CIRCLE
  5
cec
330
1F
100
AcDbEntity
  8
TopSolderMaskLayer
100
AcDbCircle
 10
26.20904241808489
 20
127.24485648971302
 30
0.0
 40
0.8754000508001016
0
HATCH
5
ced
100
AcDbEntity
8
TopSolderMaskLayer
100
AcDbHatch
10
0
20
0
30
0
210
0
220
0
230
1
2
SOLID
70
1
71
0
91
1
92
7
72
1
73
1
93
2
10
25.33364236728479
20
127.24485648971302
42
1
10
27.084442468884994
20
127.24485648971302
42
1
97
1
330

75
0
76
1
47
0.8681437583925616
98
1
10
3.629517071192367
20
33.92795499968543
450
0
451
0
460
0
461
0
452
1
462
1
453
2
463
0
63
5
421
255
463
1
63
7
421
16777215
470
LINEAR
1001
ACAD
1010
0
1020
0
1030
0
  0
CIRCLE
  5
cee
330
1F
100
AcDbEntity
  8
BottomSolderMaskLayer
100
AcDbCircle
 10
26.2089916179832
 20
127.24500889001786
 30
0.0
 40
0.5664484065211015
  0
CIRCLE
  5
cef
330
1F
100
AcDbEntity
  8
BottomSolderMaskLayer
100
AcDbCircle
 10
26.20904241808489
 20
127.24485648971302
 30
0.0
 40
0.8754000508001016
0
HATCH
5
cf0
100
AcDbEntity
8
BottomSolderMaskLayer
100
AcDbHatch
10
0
20
0
30
0
210
0
220
0
230
1
2
SOLID
70
1
71
0
91
1
92
7
72
1
73
1
93
2
10
25.33364236728479
20
127.24485648971302
42
1
10
27.084442468884994
20
127.24485648971302
42
1
97
1
330

75
0
76
1
47
0.8681437583925616
98
1
10
3.629517071192367
20
33.92795499968543
450
0
451
0
460
0
461
0
452
1
462
1
453
2
463
0
63
5
421
255
463
1
63
7
421
16777215
470
LINEAR
1001
ACAD
1010
0
1020
0
1030
0
  0
CIRCLE
  5
cf1
330
1F
100
AcDbEntity
  8
Multi-Layer
100
AcDbCircle
 10
26.2089916179832
 20
127.24500889001786
 30
0.0
 40
0.5500127000254001
  0
CIRCLE
  5
cf2
330
1F
100
AcDbEntity
  8
Multi-Layer
100
AcDbCircle
 10
26.20904241808489
 20
127.24485648971302
 30
0.0
 40
0.8500000000000001
0
HATCH
5
cf3
100
AcDbEntity
8
Multi-Layer
100
AcDbHatch
10
0
20
0
30
0
210
0
220
0
230
1
2
SOLID
70
1
71
0
91
1
92
7
72
1
73
1
93
2
10
25.35904241808489
20
127.24485648971302
42
1
10
27.059042418084893
20
127.24485648971302
42
1
97
1
330

75
0
76
1
47
0.8681437583925616
98
1
10
3.629517071192367
20
33.92795499968543
450
0
451
0
460
0
461
0
452
1
462
1
453
2
463
0
63
5
421
255
463
1
63
7
421
16777215
470
LINEAR
1001
ACAD
1010
0
1020
0
1030
0
  0
CIRCLE
  5
cf4
330
1F
100
AcDbEntity
  8
TopSolderMaskLayer
100
AcDbCircle
 10
23.66898653797307
 20
127.24500889001786
 30
0.0
 40
0.5664484065211015
  0
CIRCLE
  5
cf5
330
1F
100
AcDbEntity
  8
TopSolderMaskLayer
100
AcDbCircle
 10
23.66903733807476
 20
127.24485648971302
 30
0.0
 40
0.8754000508001016
0
HATCH
5
cf6
100
AcDbEntity
8
TopSolderMaskLayer
100
AcDbHatch
10
0
20
0
30
0
210
0
220
0
230
1
2
SOLID
70
1
71
0
91
1
92
7
72
1
73
1
93
2
10
22.793637287274656
20
127.24485648971302
42
1
10
24.54443738887486
20
127.24485648971302
42
1
97
1
330

75
0
76
1
47
0.8681437583925616
98
1
10
3.629517071192367
20
33.92795499968543
450
0
451
0
460
0
461
0
452
1
462
1
453
2
463
0
63
5
421
255
463
1
63
7
421
16777215
470
LINEAR
1001
ACAD
1010
0
1020
0
1030
0
  0
CIRCLE
  5
cf7
330
1F
100
AcDbEntity
  8
BottomSolderMaskLayer
100
AcDbCircle
 10
23.66898653797307
 20
127.24500889001786
 30
0.0
 40
0.5664484065211015
  0
CIRCLE
  5
cf8
330
1F
100
AcDbEntity
  8
BottomSolderMaskLayer
100
AcDbCircle
 10
23.66903733807476
 20
127.24485648971302
 30
0.0
 40
0.8754000508001016
0
HATCH
5
cf9
100
AcDbEntity
8
BottomSolderMaskLayer
100
AcDbHatch
10
0
20
0
30
0
210
0
220
0
230
1
2
SOLID
70
1
71
0
91
1
92
7
72
1
73
1
93
2
10
22.793637287274656
20
127.24485648971302
42
1
10
24.54443738887486
20
127.24485648971302
42
1
97
1
330

75
0
76
1
47
0.8681437583925616
98
1
10
3.629517071192367
20
33.92795499968543
450
0
451
0
460
0
461
0
452
1
462
1
453
2
463
0
63
5
421
255
463
1
63
7
421
16777215
470
LINEAR
1001
ACAD
1010
0
1020
0
1030
0
  0
CIRCLE
  5
cfa
330
1F
100
AcDbEntity
  8
Multi-Layer
100
AcDbCircle
 10
23.66898653797307
 20
127.24500889001786
 30
0.0
 40
0.5500127000254001
  0
CIRCLE
  5
cfb
330
1F
100
AcDbEntity
  8
Multi-Layer
100
AcDbCircle
 10
23.66903733807476
 20
127.24485648971302
 30
0.0
 40
0.8500000000000001
0
HATCH
5
cfc
100
AcDbEntity
8
Multi-Layer
100
AcDbHatch
10
0
20
0
30
0
210
0
220
0
230
1
2
SOLID
70
1
71
0
91
1
92
7
72
1
73
1
93
2
10
22.819037338074757
20
127.24485648971302
42
1
10
24.51903733807476
20
127.24485648971302
42
1
97
1
330

75
0
76
1
47
0.8681437583925616
98
1
10
3.629517071192367
20
33.92795499968543
450
0
451
0
460
0
461
0
452
1
462
1
453
2
463
0
63
5
421
255
463
1
63
7
421
16777215
470
LINEAR
1001
ACAD
1010
0
1020
0
1030
0
  0
CIRCLE
  5
cfd
330
1F
100
AcDbEntity
  8
TopSolderMaskLayer
100
AcDbCircle
 10
62.21501143002274
 20
127.50000000000011
 30
0.0
 40
0.5664484065211015
  0
CIRCLE
  5
cfe
330
1F
100
AcDbEntity
  8
TopSolderMaskLayer
100
AcDbCircle
 10
62.21513843027674
 20
127.499872999746
 30
0.0
 40
0.8754000508001016
0
HATCH
5
cff
100
AcDbEntity
8
TopSolderMaskLayer
100
AcDbHatch
10
0
20
0
30
0
210
0
220
0
230
1
2
SOLID
70
1
71
0
91
1
92
7
72
1
73
1
93
2
10
61.339738379476636
20
127.499872999746
42
1
10
63.09053848107684
20
127.499872999746
42
1
97
1
330

75
0
76
1
47
0.8681437583925616
98
1
10
3.629517071192367
20
33.92795499968543
450
0
451
0
460
0
461
0
452
1
462
1
453
2
463
0
63
5
421
255
463
1
63
7
421
16777215
470
LINEAR
1001
ACAD
1010
0
1020
0
1030
0
  0
CIRCLE
  5
d00
330
1F
100
AcDbEntity
  8
BottomSolderMaskLayer
100
AcDbCircle
 10
62.21501143002274
 20
127.50000000000011
 30
0.0
 40
0.5664484065211015
  0
CIRCLE
  5
d01
330
1F
100
AcDbEntity
  8
BottomSolderMaskLayer
100
AcDbCircle
 10
62.21513843027674
 20
127.499872999746
 30
0.0
 40
0.8754000508001016
0
HATCH
5
d02
100
AcDbEntity
8
BottomSolderMaskLayer
100
AcDbHatch
10
0
20
0
30
0
210
0
220
0
230
1
2
SOLID
70
1
71
0
91
1
92
7
72
1
73
1
93
2
10
61.339738379476636
20
127.499872999746
42
1
10
63.09053848107684
20
127.499872999746
42
1
97
1
330

75
0
76
1
47
0.8681437583925616
98
1
10
3.629517071192367
20
33.92795499968543
450
0
451
0
460
0
461
0
452
1
462
1
453
2
463
0
63
5
421
255
463
1
63
7
421
16777215
470
LINEAR
1001
ACAD
1010
0
1020
0
1030
0
  0
CIRCLE
  5
d03
330
1F
100
AcDbEntity
  8
Multi-Layer
100
AcDbCircle
 10
62.21501143002274
 20
127.50000000000011
 30
0.0
 40
0.5500127000254001
  0
CIRCLE
  5
d04
330
1F
100
AcDbEntity
  8
Multi-Layer
100
AcDbCircle
 10
62.21513843027674
 20
127.499872999746
 30
0.0
 40
0.8500000000000001
0
HATCH
5
d05
100
AcDbEntity
8
Multi-Layer
100
AcDbHatch
10
0
20
0
30
0
210
0
220
0
230
1
2
SOLID
70
1
71
0
91
1
92
7
72
1
73
1
93
2
10
61.36513843027674
20
127.499872999746
42
1
10
63.06513843027674
20
127.499872999746
42
1
97
1
330

75
0
76
1
47
0.8681437583925616
98
1
10
3.629517071192367
20
33.92795499968543
450
0
451
0
460
0
461
0
452
1
462
1
453
2
463
0
63
5
421
255
463
1
63
7
421
16777215
470
LINEAR
1001
ACAD
1010
0
1020
0
1030
0
  0
CIRCLE
  5
d06
330
1F
100
AcDbEntity
  8
TopSolderMaskLayer
100
AcDbCircle
 10
59.67500635001261
 20
127.50000000000011
 30
0.0
 40
0.5664484065211015
  0
CIRCLE
  5
d07
330
1F
100
AcDbEntity
  8
TopSolderMaskLayer
100
AcDbCircle
 10
59.675133350266606
 20
127.499872999746
 30
0.0
 40
0.8754000508001016
0
HATCH
5
d08
100
AcDbEntity
8
TopSolderMaskLayer
100
AcDbHatch
10
0
20
0
30
0
210
0
220
0
230
1
2
SOLID
70
1
71
0
91
1
92
7
72
1
73
1
93
2
10
58.7997332994665
20
127.499872999746
42
1
10
60.55053340106671
20
127.499872999746
42
1
97
1
330

75
0
76
1
47
0.8681437583925616
98
1
10
3.629517071192367
20
33.92795499968543
450
0
451
0
460
0
461
0
452
1
462
1
453
2
463
0
63
5
421
255
463
1
63
7
421
16777215
470
LINEAR
1001
ACAD
1010
0
1020
0
1030
0
  0
CIRCLE
  5
d09
330
1F
100
AcDbEntity
  8
BottomSolderMaskLayer
100
AcDbCircle
 10
59.67500635001261
 20
127.50000000000011
 30
0.0
 40
0.5664484065211015
  0
CIRCLE
  5
d0a
330
1F
100
AcDbEntity
  8
BottomSolderMaskLayer
100
AcDbCircle
 10
59.675133350266606
 20
127.499872999746
 30
0.0
 40
0.8754000508001016
0
HATCH
5
d0b
100
AcDbEntity
8
BottomSolderMaskLayer
100
AcDbHatch
10
0
20
0
30
0
210
0
220
0
230
1
2
SOLID
70
1
71
0
91
1
92
7
72
1
73
1
93
2
10
58.7997332994665
20
127.499872999746
42
1
10
60.55053340106671
20
127.499872999746
42
1
97
1
330

75
0
76
1
47
0.8681437583925616
98
1
10
3.629517071192367
20
33.92795499968543
450
0
451
0
460
0
461
0
452
1
462
1
453
2
463
0
63
5
421
255
463
1
63
7
421
16777215
470
LINEAR
1001
ACAD
1010
0
1020
0
1030
0
  0
CIRCLE
  5
d0c
330
1F
100
AcDbEntity
  8
Multi-Layer
100
AcDbCircle
 10
59.67500635001261
 20
127.50000000000011
 30
0.0
 40
0.5500127000254001
  0
CIRCLE
  5
d0d
330
1F
100
AcDbEntity
  8
Multi-Layer
100
AcDbCircle
 10
59.675133350266606
 20
127.499872999746
 30
0.0
 40
0.8500000000000001
0
HATCH
5
d0e
100
AcDbEntity
8
Multi-Layer
100
AcDbHatch
10
0
20
0
30
0
210
0
220
0
230
1
2
SOLID
70
1
71
0
91
1
92
7
72
1
73
1
93
2
10
58.825133350266604
20
127.499872999746
42
1
10
60.52513335026661
20
127.499872999746
42
1
97
1
330

75
0
76
1
47
0.8681437583925616
98
1
10
3.629517071192367
20
33.92795499968543
450
0
451
0
460
0
461
0
452
1
462
1
453
2
463
0
63
5
421
255
463
1
63
7
421
16777215
470
LINEAR
1001
ACAD
1010
0
1020
0
1030
0
0
HATCH
5
6f3
100
AcDbEntity
8
TopSolderMaskLayer
100
AcDbHatch
10
0
20
0
30
0
210
0
220
0
230
1
2
SOLID
70
1
71
0
91
1
92
7
72
0
73
1
93
4
10
32.0939631256922
20
129.40862093838882
10
29.310046925577808
20
129.40862093838882
10
29.310046925577808
20
131.0743845160331
10
32.0939631256922
20
131.0743845160331
97
1
330

75
0
76
1
47
0.4128176842155181
98
1
10
34.90568961886538
20
22.81183545379326
450
0
451
0
460
0
461
0
452
1
462
1
453
2
463
0
63
5
421
255
463
1
63
7
421
16777215
470
LINEAR
1001
ACAD
1010
0
1020
0
1030
0
0
HATCH
5
6f6
100
AcDbEntity
8
TopLayer
100
AcDbHatch
10
0
20
0
30
0
210
0
220
0
230
1
2
SOLID
70
1
71
0
91
1
92
7
72
0
73
1
93
4
10
32.052019304038595
20
129.42400304800617
10
29.351993903987704
20
129.42400304800617
10
29.351993903987704
20
131.05900431800865
10
32.052019304038595
20
131.05900431800865
97
1
330

75
0
76
1
47
0.4128176842155181
98
1
10
34.90568961886538
20
22.81183545379326
450
0
451
0
460
0
461
0
452
1
462
1
453
2
463
0
63
5
421
255
463
1
63
7
421
16777215
470
LINEAR
1001
ACAD
1010
0
1020
0
1030
0
0
HATCH
5
6f9
100
AcDbEntity
8
TopSolderMaskLayer
100
AcDbHatch
10
0
20
0
30
0
210
0
220
0
230
1
2
SOLID
70
1
71
0
91
1
92
7
72
0
73
1
93
4
10
32.0939631256922
20
128.03938420182692
10
29.310046925577808
20
128.03938420182692
10
29.310046925577808
20
126.37362062418276
10
32.0939631256922
20
126.37362062418276
97
1
330

75
0
76
1
47
0.4128176842155181
98
1
10
34.90568961886538
20
22.81183545379326
450
0
451
0
460
0
461
0
452
1
462
1
453
2
463
0
63
5
421
255
463
1
63
7
421
16777215
470
LINEAR
1001
ACAD
1010
0
1020
0
1030
0
0
HATCH
5
6fc
100
AcDbEntity
8
TopLayer
100
AcDbHatch
10
0
20
0
30
0
210
0
220
0
230
1
2
SOLID
70
1
71
0
91
1
92
7
72
0
73
1
93
4
10
32.052019304038595
20
128.02400304800608
10
29.351993903987704
20
128.02400304800608
10
29.351993903987704
20
126.3890017780036
10
32.052019304038595
20
126.3890017780036
97
1
330

75
0
76
1
47
0.4128176842155181
98
1
10
34.90568961886538
20
22.81183545379326
450
0
451
0
460
0
461
0
452
1
462
1
453
2
463
0
63
5
421
255
463
1
63
7
421
16777215
470
LINEAR
1001
ACAD
1010
0
1020
0
1030
0
0
HATCH
5
6ff
100
AcDbEntity
8
TopSolderMaskLayer
100
AcDbHatch
10
0
20
0
30
0
210
0
220
0
230
1
2
SOLID
70
1
71
0
91
1
92
7
72
0
73
1
93
4
10
21.912597356620836
20
13.455093848027673
10
21.912597356620836
20
15.206883793047496
10
23.170915873257854
20
15.206883793047496
10
23.170915873257854
20
13.455093848027673
97
1
330

75
0
76
1
47
0.4128176842155181
98
1
10
34.90568961886538
20
22.81183545379326
450
0
451
0
460
0
461
0
452
1
462
1
453
2
463
0
63
5
421
255
463
1
63
7
421
16777215
470
LINEAR
1001
ACAD
1010
0
1020
0
1030
0
0
HATCH
5
702
100
AcDbEntity
8
TopLayer
100
AcDbHatch
10
0
20
0
30
0
210
0
220
0
230
1
2
SOLID
70
1
71
0
91
1
92
7
72
0
73
1
93
4
10
21.937998475996892
20
13.480492760985612
10
21.937998475996892
20
15.181483362966674
10
23.145516891033594
20
15.181483362966674
10
23.145516891033594
20
13.480492760985612
97
1
330

75
0
76
1
47
0.4128176842155181
98
1
10
34.90568961886538
20
22.81183545379326
450
0
451
0
460
0
461
0
452
1
462
1
453
2
463
0
63
5
421
255
463
1
63
7
421
16777215
470
LINEAR
1001
ACAD
1010
0
1020
0
1030
0
0
HATCH
5
705
100
AcDbEntity
8
TopSolderMaskLayer
100
AcDbHatch
10
0
20
0
30
0
210
0
220
0
230
1
2
SOLID
70
1
71
0
91
1
92
7
72
0
73
1
93
4
10
20.21338689534764
20
13.455093848027673
10
20.21338689534764
20
15.206883793047496
10
18.95506837871062
20
15.206883793047496
10
18.95506837871062
20
13.455093848027673
97
1
330

75
0
76
1
47
0.4128176842155181
98
1
10
34.90568961886538
20
22.81183545379326
450
0
451
0
460
0
461
0
452
1
462
1
453
2
463
0
63
5
421
255
463
1
63
7
421
16777215
470
LINEAR
1001
ACAD
1010
0
1020
0
1030
0
0
HATCH
5
708
100
AcDbEntity
8
TopLayer
100
AcDbHatch
10
0
20
0
30
0
210
0
220
0
230
1
2
SOLID
70
1
71
0
91
1
92
7
72
0
73
1
93
4
10
20.187985775971583
20
13.480492760985612
10
20.187985775971583
20
15.181483362966674
10
18.980467360934654
20
15.181483362966674
10
18.980467360934654
20
13.480492760985612
97
1
330

75
0
76
1
47
0.4128176842155181
98
1
10
34.90568961886538
20
22.81183545379326
450
0
451
0
460
0
461
0
452
1
462
1
453
2
463
0
63
5
421
255
463
1
63
7
421
16777215
470
LINEAR
1001
ACAD
1010
0
1020
0
1030
0
0
HATCH
5
70b
100
AcDbEntity
8
TopSolderMaskLayer
100
AcDbHatch
10
0
20
0
30
0
210
0
220
0
230
1
2
SOLID
70
1
71
0
91
1
92
7
72
0
73
1
93
4
10
23.28739592963052
20
17.56641965398626
10
23.28739592963052
20
18.41157529985321
10
24.24457305688793
20
18.41157529985321
10
24.24457305688793
20
17.56641965398626
97
1
330

75
0
76
1
47
0.4128176842155181
98
1
10
34.90568961886538
20
22.81183545379326
450
0
451
0
460
0
461
0
452
1
462
1
453
2
463
0
63
5
421
255
463
1
63
7
421
16777215
470
LINEAR
1001
ACAD
1010
0
1020
0
1030
0
0
HATCH
5
70e
100
AcDbEntity
8
TopPasteMaskLayer
100
AcDbHatch
10
0
20
0
30
0
210
0
220
0
230
1
2
SOLID
70
1
71
0
91
1
92
7
72
0
73
1
93
4
10
23.31597663195339
20
17.589001778003535
10
23.31597663195339
20
18.389001778003603
10
24.2160020320041
20
18.389001778003603
10
24.2160020320041
20
17.589001778003535
97
1
330

75
0
76
1
47
0.4128176842155181
98
1
10
34.90568961886538
20
22.81183545379326
450
0
451
0
460
0
461
0
452
1
462
1
453
2
463
0
63
5
421
255
463
1
63
7
421
16777215
470
LINEAR
1001
ACAD
1010
0
1020
0
1030
0
0
HATCH
5
711
100
AcDbEntity
8
TopLayer
100
AcDbHatch
10
0
20
0
30
0
210
0
220
0
230
1
2
SOLID
70
1
71
0
91
1
92
7
72
0
73
1
93
4
10
23.31597663195339
20
17.589001778003535
10
23.31597663195339
20
18.389001778003603
10
24.2160020320041
20
18.389001778003603
10
24.2160020320041
20
17.589001778003535
97
1
330

75
0
76
1
47
0.4128176842155181
98
1
10
34.90568961886538
20
22.81183545379326
450
0
451
0
460
0
461
0
452
1
462
1
453
2
463
0
63
5
421
255
463
1
63
7
421
16777215
470
LINEAR
1001
ACAD
1010
0
1020
0
1030
0
0
HATCH
5
714
100
AcDbEntity
8
TopSolderMaskLayer
100
AcDbHatch
10
0
20
0
30
0
210
0
220
0
230
1
2
SOLID
70
1
71
0
91
1
92
7
72
0
73
1
93
4
10
23.28739592963052
20
16.16642252137558
10
23.28739592963052
20
17.011578167242305
10
24.24457305688793
20
17.011578167242305
10
24.24457305688793
20
16.16642252137558
97
1
330

75
0
76
1
47
0.4128176842155181
98
1
10
34.90568961886538
20
22.81183545379326
450
0
451
0
460
0
461
0
452
1
462
1
453
2
463
0
63
5
421
255
463
1
63
7
421
16777215
470
LINEAR
1001
ACAD
1010
0
1020
0
1030
0
0
HATCH
5
717
100
AcDbEntity
8
TopPasteMaskLayer
100
AcDbHatch
10
0
20
0
30
0
210
0
220
0
230
1
2
SOLID
70
1
71
0
91
1
92
7
72
0
73
1
93
4
10
23.31597663195339
20
16.189001778003558
10
23.31597663195339
20
16.989001778003512
10
24.2160020320041
20
16.989001778003512
10
24.2160020320041
20
16.189001778003558
97
1
330

75
0
76
1
47
0.4128176842155181
98
1
10
34.90568961886538
20
22.81183545379326
450
0
451
0
460
0
461
0
452
1
462
1
453
2
463
0
63
5
421
255
463
1
63
7
421
16777215
470
LINEAR
1001
ACAD
1010
0
1020
0
1030
0
0
HATCH
5
71a
100
AcDbEntity
8
TopLayer
100
AcDbHatch
10
0
20
0
30
0
210
0
220
0
230
1
2
SOLID
70
1
71
0
91
1
92
7
72
0
73
1
93
4
10
23.31597663195339
20
16.189001778003558
10
23.31597663195339
20
16.989001778003512
10
24.2160020320041
20
16.989001778003512
10
24.2160020320041
20
16.189001778003558
97
1
330

75
0
76
1
47
0.4128176842155181
98
1
10
34.90568961886538
20
22.81183545379326
450
0
451
0
460
0
461
0
452
1
462
1
453
2
463
0
63
5
421
255
463
1
63
7
421
16777215
470
LINEAR
1001
ACAD
1010
0
1020
0
1030
0
0
HATCH
5
71d
100
AcDbEntity
8
TopSolderMaskLayer
100
AcDbHatch
10
0
20
0
30
0
210
0
220
0
230
1
2
SOLID
70
1
71
0
91
1
92
7
72
0
73
1
93
4
10
53.411635053504824
20
19.69959168761227
10
53.411635053504824
20
21.100404489237917
10
54.87244277512036
20
21.100404489237917
10
54.87244277512036
20
19.69959168761227
97
1
330

75
0
76
1
47
0.4128176842155181
98
1
10
34.90568961886538
20
22.81183545379326
450
0
451
0
460
0
461
0
452
1
462
1
453
2
463
0
63
5
421
255
463
1
63
7
421
16777215
470
LINEAR
1001
ACAD
1010
0
1020
0
1030
0
0
HATCH
5
720
100
AcDbEntity
8
TopLayer
100
AcDbHatch
10
0
20
0
30
0
210
0
220
0
230
1
2
SOLID
70
1
71
0
91
1
92
7
72
0
73
1
93
4
10
53.43703327406661
20
19.724993649987255
10
53.43703327406661
20
21.0750063500127
10
54.8470408940816
20
21.0750063500127
10
54.8470408940816
20
19.724993649987255
97
1
330

75
0
76
1
47
0.4128176842155181
98
1
10
34.90568961886538
20
22.81183545379326
450
0
451
0
460
0
461
0
452
1
462
1
453
2
463
0
63
5
421
255
463
1
63
7
421
16777215
470
LINEAR
1001
ACAD
1010
0
1020
0
1030
0
0
HATCH
5
723
100
AcDbEntity
8
TopSolderMaskLayer
100
AcDbHatch
10
0
20
0
30
0
210
0
220
0
230
1
2
SOLID
70
1
71
0
91
1
92
7
72
0
73
1
93
4
10
52.87239014478041
20
19.69959168761227
10
52.87239014478041
20
21.100404489237917
10
51.41158242316487
20
21.100404489237917
10
51.41158242316487
20
19.69959168761227
97
1
330

75
0
76
1
47
0.4128176842155181
98
1
10
34.90568961886538
20
22.81183545379326
450
0
451
0
460
0
461
0
452
1
462
1
453
2
463
0
63
5
421
255
463
1
63
7
421
16777215
470
LINEAR
1001
ACAD
1010
0
1020
0
1030
0
0
HATCH
5
726
100
AcDbEntity
8
TopLayer
100
AcDbHatch
10
0
20
0
30
0
210
0
220
0
230
1
2
SOLID
70
1
71
0
91
1
92
7
72
0
73
1
93
4
10
52.84699009398037
20
19.724993649987255
10
52.84699009398037
20
21.0750063500127
10
51.436982473965145
20
21.0750063500127
10
51.436982473965145
20
19.724993649987255
97
1
330

75
0
76
1
47
0.4128176842155181
98
1
10
34.90568961886538
20
22.81183545379326
450
0
451
0
460
0
461
0
452
1
462
1
453
2
463
0
63
5
421
255
463
1
63
7
421
16777215
470
LINEAR
1001
ACAD
1010
0
1020
0
1030
0
0
HATCH
5
729
100
AcDbEntity
8
TopSolderMaskLayer
100
AcDbHatch
10
0
20
0
30
0
210
0
220
0
230
1
2
SOLID
70
1
71
0
91
1
92
7
72
0
73
1
93
4
10
53.746046707864025
20
121.49042683740015
10
55.596872926362266
20
121.49042683740015
10
55.596872926362266
20
119.73960057673435
10
53.746046707864025
20
119.73960057673435
97
1
330

75
0
76
1
47
0.4128176842155181
98
1
10
34.90568961886538
20
22.81183545379326
450
0
451
0
460
0
461
0
452
1
462
1
453
2
463
0
63
5
421
255
463
1
63
7
421
16777215
470
LINEAR
1001
ACAD
1010
0
1020
0
1030
0
0
HATCH
5
72c
100
AcDbEntity
8
TopPasteMaskLayer
100
AcDbHatch
10
0
20
0
30
0
210
0
220
0
230
1
2
SOLID
70
1
71
0
91
1
92
7
72
0
73
1
93
4
10
53.77145034290061
20
121.46502413004828
10
55.57147574295141
20
121.46502413004828
10
55.57147574295141
20
119.7649987299975
10
53.77145034290061
20
119.7649987299975
97
1
330

75
0
76
1
47
0.4128176842155181
98
1
10
34.90568961886538
20
22.81183545379326
450
0
451
0
460
0
461
0
452
1
462
1
453
2
463
0
63
5
421
255
463
1
63
7
421
16777215
470
LINEAR
1001
ACAD
1010
0
1020
0
1030
0
0
HATCH
5
72f
100
AcDbEntity
8
TopLayer
100
AcDbHatch
10
0
20
0
30
0
210
0
220
0
230
1
2
SOLID
70
1
71
0
91
1
92
7
72
0
73
1
93
4
10
53.77145034290061
20
121.46502413004828
10
55.57147574295141
20
121.46502413004828
10
55.57147574295141
20
119.7649987299975
10
53.77145034290061
20
119.7649987299975
97
1
330

75
0
76
1
47
0.4128176842155181
98
1
10
34.90568961886538
20
22.81183545379326
450
0
451
0
460
0
461
0
452
1
462
1
453
2
463
0
63
5
421
255
463
1
63
7
421
16777215
470
LINEAR
1001
ACAD
1010
0
1020
0
1030
0
0
HATCH
5
732
100
AcDbEntity
8
TopSolderMaskLayer
100
AcDbHatch
10
0
20
0
30
0
210
0
220
0
230
1
2
SOLID
70
1
71
0
91
1
92
7
72
0
73
1
93
4
10
49.36111252222486
20
121.49042683740015
10
51.211938740723326
20
121.49042683740015
10
51.211938740723326
20
119.73960057673435
10
49.36111252222486
20
119.73960057673435
97
1
330

75
0
76
1
47
0.4128176842155181
98
1
10
34.90568961886538
20
22.81183545379326
450
0
451
0
460
0
461
0
452
1
462
1
453
2
463
0
63
5
421
255
463
1
63
7
421
16777215
470
LINEAR
1001
ACAD
1010
0
1020
0
1030
0
0
HATCH
5
735
100
AcDbEntity
8
TopPasteMaskLayer
100
AcDbHatch
10
0
20
0
30
0
210
0
220
0
230
1
2
SOLID
70
1
71
0
91
1
92
7
72
0
73
1
93
4
10
49.38651257302513
20
121.46502413004828
10
51.18653797307593
20
121.46502413004828
10
51.18653797307593
20
119.7649987299975
10
49.38651257302513
20
119.7649987299975
97
1
330

75
0
76
1
47
0.4128176842155181
98
1
10
34.90568961886538
20
22.81183545379326
450
0
451
0
460
0
461
0
452
1
462
1
453
2
463
0
63
5
421
255
463
1
63
7
421
16777215
470
LINEAR
1001
ACAD
1010
0
1020
0
1030
0
0
HATCH
5
738
100
AcDbEntity
8
TopLayer
100
AcDbHatch
10
0
20
0
30
0
210
0
220
0
230
1
2
SOLID
70
1
71
0
91
1
92
7
72
0
73
1
93
4
10
49.38651257302513
20
121.46502413004828
10
51.18653797307593
20
121.46502413004828
10
51.18653797307593
20
119.7649987299975
10
49.38651257302513
20
119.7649987299975
97
1
330

75
0
76
1
47
0.4128176842155181
98
1
10
34.90568961886538
20
22.81183545379326
450
0
451
0
460
0
461
0
452
1
462
1
453
2
463
0
63
5
421
255
463
1
63
7
421
16777215
470
LINEAR
1001
ACAD
1010
0
1020
0
1030
0
0
HATCH
5
73b
100
AcDbEntity
8
TopSolderMaskLayer
100
AcDbHatch
10
0
20
0
30
0
210
0
220
0
230
1
2
SOLID
70
1
71
0
91
1
92
7
72
0
73
1
93
4
10
20.961396480073063
20
15.81010968874159
10
20.961396480073063
20
17.23789640727057
10
22.144734046748226
20
17.23789640727057
10
22.144734046748226
20
15.81010968874159
97
1
330

75
0
76
1
47
0.4128176842155181
98
1
10
34.90568961886538
20
22.81183545379326
450
0
451
0
460
0
461
0
452
1
462
1
453
2
463
0
63
5
421
255
463
1
63
7
421
16777215
470
LINEAR
1001
ACAD
1010
0
1020
0
1030
0
0
HATCH
5
73e
100
AcDbEntity
8
TopLayer
100
AcDbHatch
10
0
20
0
30
0
210
0
220
0
230
1
2
SOLID
70
1
71
0
91
1
92
7
72
0
73
1
93
4
10
20.986791973583877
20
15.835509271018509
10
20.986791973583877
20
17.21249682499365
10
22.11932943865895
20
17.21249682499365
10
22.11932943865895
20
15.835509271018509
97
1
330

75
0
76
1
47
0.4128176842155181
98
1
10
34.90568961886538
20
22.81183545379326
450
0
451
0
460
0
461
0
452
1
462
1
453
2
463
0
63
5
421
255
463
1
63
7
421
16777215
470
LINEAR
1001
ACAD
1010
0
1020
0
1030
0
0
HATCH
5
741
100
AcDbEntity
8
TopSolderMaskLayer
100
AcDbHatch
10
0
20
0
30
0
210
0
220
0
230
1
2
SOLID
70
1
71
0
91
1
92
7
72
0
73
1
93
4
10
20.144627889255844
20
15.81010968874159
10
20.144627889255844
20
17.23789640727057
10
18.96129032258068
20
17.23789640727057
10
18.96129032258068
20
15.81010968874159
97
1
330

75
0
76
1
47
0.4128176842155181
98
1
10
34.90568961886538
20
22.81183545379326
450
0
451
0
460
0
461
0
452
1
462
1
453
2
463
0
63
5
421
255
463
1
63
7
421
16777215
470
LINEAR
1001
ACAD
1010
0
1020
0
1030
0
0
HATCH
5
744
100
AcDbEntity
8
TopLayer
100
AcDbHatch
10
0
20
0
30
0
210
0
220
0
230
1
2
SOLID
70
1
71
0
91
1
92
7
72
0
73
1
93
4
10
20.119227838455572
20
15.835509271018509
10
20.119227838455572
20
17.21249682499365
10
18.986690373380725
20
17.21249682499365
10
18.986690373380725
20
15.835509271018509
97
1
330

75
0
76
1
47
0.4128176842155181
98
1
10
34.90568961886538
20
22.81183545379326
450
0
451
0
460
0
461
0
452
1
462
1
453
2
463
0
63
5
421
255
463
1
63
7
421
16777215
470
LINEAR
1001
ACAD
1010
0
1020
0
1030
0
0
HATCH
5
747
100
AcDbEntity
8
TopSolderMaskLayer
100
AcDbHatch
10
0
20
0
30
0
210
0
220
0
230
1
2
SOLID
70
1
71
0
91
1
92
7
72
0
73
1
93
4
10
54.44538989078001
20
134.32339822572408
10
54.44538989078001
20
133.73259304411374
10
53.82895833901216
20
133.73259304411374
10
53.82895833901216
20
134.32339822572408
97
1
330

75
0
76
1
47
0.4128176842155181
98
1
10
34.90568961886538
20
22.81183545379326
450
0
451
0
460
0
461
0
452
1
462
1
453
2
463
0
63
5
421
255
463
1
63
7
421
16777215
470
LINEAR
1001
ACAD
1010
0
1020
0
1030
0
0
HATCH
5
74a
100
AcDbEntity
8
TopLayer
100
AcDbHatch
10
0
20
0
30
0
210
0
220
0
230
1
2
SOLID
70
1
71
0
91
1
92
7
72
0
73
1
93
4
10
54.419989839979735
20
134.29799339598685
10
54.419989839979735
20
133.7579883159766
10
53.85435610871218
20
133.7579883159766
10
53.85435610871218
20
134.29799339598685
97
1
330

75
0
76
1
47
0.4128176842155181
98
1
10
34.90568961886538
20
22.81183545379326
450
0
451
0
460
0
461
0
452
1
462
1
453
2
463
0
63
5
421
255
463
1
63
7
421
16777215
470
LINEAR
1001
ACAD
1010
0
1020
0
1030
0
0
HATCH
5
74d
100
AcDbEntity
8
TopSolderMaskLayer
100
AcDbHatch
10
0
20
0
30
0
210
0
220
0
230
1
2
SOLID
70
1
71
0
91
1
92
7
72
0
73
1
93
4
10
54.69461975143099
20
134.32339822572408
10
54.69461975143099
20
133.73259304411374
10
55.311051303198155
20
133.73259304411374
10
55.311051303198155
20
134.32339822572408
97
1
330

75
0
76
1
47
0.4128176842155181
98
1
10
34.90568961886538
20
22.81183545379326
450
0
451
0
460
0
461
0
452
1
462
1
453
2
463
0
63
5
421
255
463
1
63
7
421
16777215
470
LINEAR
1001
ACAD
1010
0
1020
0
1030
0
0
HATCH
5
750
100
AcDbEntity
8
TopLayer
100
AcDbHatch
10
0
20
0
30
0
210
0
220
0
230
1
2
SOLID
70
1
71
0
91
1
92
7
72
0
73
1
93
4
10
54.720015240030534
20
134.29799339598685
10
54.720015240030534
20
133.7579883159766
10
55.28564897129786
20
133.7579883159766
10
55.28564897129786
20
134.29799339598685
97
1
330

75
0
76
1
47
0.4128176842155181
98
1
10
34.90568961886538
20
22.81183545379326
450
0
451
0
460
0
461
0
452
1
462
1
453
2
463
0
63
5
421
255
463
1
63
7
421
16777215
470
LINEAR
1001
ACAD
1010
0
1020
0
1030
0
0
HATCH
5
753
100
AcDbEntity
8
TopSolderMaskLayer
100
AcDbHatch
10
0
20
0
30
0
210
0
220
0
230
1
2
SOLID
70
1
71
0
91
1
92
7
72
0
73
1
93
4
10
20.91038406348821
20
17.850119453984348
10
20.91038406348821
20
19.277906172512985
10
22.093721630163145
20
19.277906172512985
10
22.093721630163145
20
17.850119453984348
97
1
330

75
0
76
1
47
0.4128176842155181
98
1
10
34.90568961886538
20
22.81183545379326
450
0
451
0
460
0
461
0
452
1
462
1
453
2
463
0
63
5
421
255
463
1
63
7
421
16777215
470
LINEAR
1001
ACAD
1010
0
1020
0
1030
0
0
HATCH
5
756
100
AcDbEntity
8
TopLayer
100
AcDbHatch
10
0
20
0
30
0
210
0
220
0
230
1
2
SOLID
70
1
71
0
91
1
92
7
72
0
73
1
93
4
10
20.935788671577484
20
17.875514351028755
10
20.935788671577484
20
19.252501905003783
10
22.06832613665233
20
19.252501905003783
10
22.06832613665233
20
17.875514351028755
97
1
330

75
0
76
1
47
0.4128176842155181
98
1
10
34.90568961886538
20
22.81183545379326
450
0
451
0
460
0
461
0
452
1
462
1
453
2
463
0
63
5
421
255
463
1
63
7
421
16777215
470
LINEAR
1001
ACAD
1010
0
1020
0
1030
0
0
HATCH
5
759
100
AcDbEntity
8
TopSolderMaskLayer
100
AcDbHatch
10
0
20
0
30
0
210
0
220
0
230
1
2
SOLID
70
1
71
0
91
1
92
7
72
0
73
1
93
4
10
20.09362686589361
20
17.850119453984348
10
20.09362686589361
20
19.277906172512985
10
18.910289299218448
20
19.277906172512985
10
18.910289299218448
20
17.850119453984348
97
1
330

75
0
76
1
47
0.4128176842155181
98
1
10
34.90568961886538
20
22.81183545379326
450
0
451
0
460
0
461
0
452
1
462
1
453
2
463
0
63
5
421
255
463
1
63
7
421
16777215
470
LINEAR
1001
ACAD
1010
0
1020
0
1030
0
0
HATCH
5
75c
100
AcDbEntity
8
TopLayer
100
AcDbHatch
10
0
20
0
30
0
210
0
220
0
230
1
2
SOLID
70
1
71
0
91
1
92
7
72
0
73
1
93
4
10
20.06822453644918
20
17.875514351028755
10
20.06822453644918
20
19.252501905003783
10
18.935687071374105
20
19.252501905003783
10
18.935687071374105
20
17.875514351028755
97
1
330

75
0
76
1
47
0.4128176842155181
98
1
10
34.90568961886538
20
22.81183545379326
450
0
451
0
460
0
461
0
452
1
462
1
453
2
463
0
63
5
421
255
463
1
63
7
421
16777215
470
LINEAR
1001
ACAD
1010
0
1020
0
1030
0
0
HATCH
5
763
100
AcDbEntity
8
TopSolderMaskLayer
100
AcDbHatch
10
0
20
0
30
0
210
0
220
0
230
1
2
SOLID
70
1
71
0
91
1
92
7
72
1
73
1
93
4
10
30.848137155885297
20
16.289687579375165
42
-0.7853981633974483
10
30.848137155885297
20
16.928498856997724
42
0
10
32.43100940240765
20
16.928498856997724
42
-0.7853981633974483
10
32.43100940240765
20
16.289687579375165
42
0
97
1
330

75
0
76
1
47
0.4128176842155181
98
1
10
34.90568961886538
20
22.81183545379326
450
0
451
0
460
0
461
0
452
1
462
1
453
2
463
0
63
5
421
255
463
1
63
7
421
16777215
470
LINEAR
1001
ACAD
1010
0
1020
0
1030
0
0
HATCH
5
76a
100
AcDbEntity
8
TopPasteMaskLayer
100
AcDbHatch
10
0
20
0
30
0
210
0
220
0
230
1
2
SOLID
70
1
71
0
91
1
92
7
72
1
73
1
93
4
10
30.91107442214866
20
16.31508763017527
42
-0.7853981633974483
10
30.91107442214866
20
16.90309880619762
42
0
10
32.36807213614429
20
16.90309880619762
42
-0.7853981633974483
10
32.36807213614429
20
16.31508763017527
42
0
97
1
330

75
0
76
1
47
0.4128176842155181
98
1
10
34.90568961886538
20
22.81183545379326
450
0
451
0
460
0
461
0
452
1
462
1
453
2
463
0
63
5
421
255
463
1
63
7
421
16777215
470
LINEAR
1001
ACAD
1010
0
1020
0
1030
0
0
HATCH
5
771
100
AcDbEntity
8
TopLayer
100
AcDbHatch
10
0
20
0
30
0
210
0
220
0
230
1
2
SOLID
70
1
71
0
91
1
92
7
72
1
73
1
93
4
10
30.91107442214866
20
16.31508763017527
42
-0.7853981633974483
10
30.91107442214866
20
16.90309880619762
42
0
10
32.36807213614429
20
16.90309880619762
42
-0.7853981633974483
10
32.36807213614429
20
16.31508763017527
42
0
97
1
330

75
0
76
1
47
0.4128176842155181
98
1
10
34.90568961886538
20
22.81183545379326
450
0
451
0
460
0
461
0
452
1
462
1
453
2
463
0
63
5
421
255
463
1
63
7
421
16777215
470
LINEAR
1001
ACAD
1010
0
1020
0
1030
0
0
HATCH
5
778
100
AcDbEntity
8
TopSolderMaskLayer
100
AcDbHatch
10
0
20
0
30
0
210
0
220
0
230
1
2
SOLID
70
1
71
0
91
1
92
7
72
1
73
1
93
4
10
30.848137155885297
20
17.55969011938023
42
-0.7853981633974483
10
30.848137155885297
20
18.19850139700279
42
0
10
32.43100940240765
20
18.19850139700279
42
-0.7853981633974483
10
32.43100940240765
20
17.55969011938023
42
0
97
1
330

75
0
76
1
47
0.4128176842155181
98
1
10
34.90568961886538
20
22.81183545379326
450
0
451
0
460
0
461
0
452
1
462
1
453
2
463
0
63
5
421
255
463
1
63
7
421
16777215
470
LINEAR
1001
ACAD
1010
0
1020
0
1030
0
0
HATCH
5
77f
100
AcDbEntity
8
TopPasteMaskLayer
100
AcDbHatch
10
0
20
0
30
0
210
0
220
0
230
1
2
SOLID
70
1
71
0
91
1
92
7
72
1
73
1
93
4
10
30.91107442214866
20
17.585090170180337
42
-0.7853981633974483
10
30.91107442214866
20
18.173101346202685
42
0
10
32.36807213614429
20
18.173101346202685
42
-0.7853981633974483
10
32.36807213614429
20
17.585090170180337
42
0
97
1
330

75
0
76
1
47
0.4128176842155181
98
1
10
34.90568961886538
20
22.81183545379326
450
0
451
0
460
0
461
0
452
1
462
1
453
2
463
0
63
5
421
255
463
1
63
7
421
16777215
470
LINEAR
1001
ACAD
1010
0
1020
0
1030
0
0
HATCH
5
786
100
AcDbEntity
8
TopLayer
100
AcDbHatch
10
0
20
0
30
0
210
0
220
0
230
1
2
SOLID
70
1
71
0
91
1
92
7
72
1
73
1
93
4
10
30.91107442214866
20
17.585090170180337
42
-0.7853981633974483
10
30.91107442214866
20
18.173101346202685
42
0
10
32.36807213614429
20
18.173101346202685
42
-0.7853981633974483
10
32.36807213614429
20
17.585090170180337
42
0
97
1
330

75
0
76
1
47
0.4128176842155181
98
1
10
34.90568961886538
20
22.81183545379326
450
0
451
0
460
0
461
0
452
1
462
1
453
2
463
0
63
5
421
255
463
1
63
7
421
16777215
470
LINEAR
1001
ACAD
1010
0
1020
0
1030
0
0
HATCH
5
78d
100
AcDbEntity
8
TopSolderMaskLayer
100
AcDbHatch
10
0
20
0
30
0
210
0
220
0
230
1
2
SOLID
70
1
71
0
91
1
92
7
72
1
73
1
93
4
10
30.848137155885297
20
18.829692659385298
42
-0.7853981633974483
10
30.848137155885297
20
19.468503937007856
42
0
10
32.43100940240765
20
19.468503937007856
42
-0.7853981633974483
10
32.43100940240765
20
18.829692659385298
42
0
97
1
330

75
0
76
1
47
0.4128176842155181
98
1
10
34.90568961886538
20
22.81183545379326
450
0
451
0
460
0
461
0
452
1
462
1
453
2
463
0
63
5
421
255
463
1
63
7
421
16777215
470
LINEAR
1001
ACAD
1010
0
1020
0
1030
0
0
HATCH
5
794
100
AcDbEntity
8
TopPasteMaskLayer
100
AcDbHatch
10
0
20
0
30
0
210
0
220
0
230
1
2
SOLID
70
1
71
0
91
1
92
7
72
1
73
1
93
4
10
30.91107442214866
20
18.855092710185403
42
-0.7853981633974483
10
30.91107442214866
20
19.44310388620775
42
0
10
32.36807213614429
20
19.44310388620775
42
-0.7853981633974483
10
32.36807213614429
20
18.855092710185403
42
0
97
1
330

75
0
76
1
47
0.4128176842155181
98
1
10
34.90568961886538
20
22.81183545379326
450
0
451
0
460
0
461
0
452
1
462
1
453
2
463
0
63
5
421
255
463
1
63
7
421
16777215
470
LINEAR
1001
ACAD
1010
0
1020
0
1030
0
0
HATCH
5
79b
100
AcDbEntity
8
TopLayer
100
AcDbHatch
10
0
20
0
30
0
210
0
220
0
230
1
2
SOLID
70
1
71
0
91
1
92
7
72
1
73
1
93
4
10
30.91107442214866
20
18.855092710185403
42
-0.7853981633974483
10
30.91107442214866
20
19.44310388620775
42
0
10
32.36807213614429
20
19.44310388620775
42
-0.7853981633974483
10
32.36807213614429
20
18.855092710185403
42
0
97
1
330

75
0
76
1
47
0.4128176842155181
98
1
10
34.90568961886538
20
22.81183545379326
450
0
451
0
460
0
461
0
452
1
462
1
453
2
463
0
63
5
421
255
463
1
63
7
421
16777215
470
LINEAR
1001
ACAD
1010
0
1020
0
1030
0
0
HATCH
5
7a2
100
AcDbEntity
8
TopSolderMaskLayer
100
AcDbHatch
10
0
20
0
30
0
210
0
220
0
230
1
2
SOLID
70
1
71
0
91
1
92
7
72
1
73
1
93
4
10
30.848137155885297
20
20.099695199390364
42
-0.7853981633974483
10
30.848137155885297
20
20.738506477012923
42
0
10
32.43100940240765
20
20.738506477012923
42
-0.7853981633974483
10
32.43100940240765
20
20.099695199390364
42
0
97
1
330

75
0
76
1
47
0.4128176842155181
98
1
10
34.90568961886538
20
22.81183545379326
450
0
451
0
460
0
461
0
452
1
462
1
453
2
463
0
63
5
421
255
463
1
63
7
421
16777215
470
LINEAR
1001
ACAD
1010
0
1020
0
1030
0
0
HATCH
5
7a9
100
AcDbEntity
8
TopPasteMaskLayer
100
AcDbHatch
10
0
20
0
30
0
210
0
220
0
230
1
2
SOLID
70
1
71
0
91
1
92
7
72
1
73
1
93
4
10
30.91107442214866
20
20.12509525019047
42
-0.7853981633974483
10
30.91107442214866
20
20.713106426212818
42
0
10
32.36807213614429
20
20.713106426212818
42
-0.7853981633974483
10
32.36807213614429
20
20.12509525019047
42
0
97
1
330

75
0
76
1
47
0.4128176842155181
98
1
10
34.90568961886538
20
22.81183545379326
450
0
451
0
460
0
461
0
452
1
462
1
453
2
463
0
63
5
421
255
463
1
63
7
421
16777215
470
LINEAR
1001
ACAD
1010
0
1020
0
1030
0
0
HATCH
5
7b0
100
AcDbEntity
8
TopLayer
100
AcDbHatch
10
0
20
0
30
0
210
0
220
0
230
1
2
SOLID
70
1
71
0
91
1
92
7
72
1
73
1
93
4
10
30.91107442214866
20
20.12509525019047
42
-0.7853981633974483
10
30.91107442214866
20
20.713106426212818
42
0
10
32.36807213614429
20
20.713106426212818
42
-0.7853981633974483
10
32.36807213614429
20
20.12509525019047
42
0
97
1
330

75
0
76
1
47
0.4128176842155181
98
1
10
34.90568961886538
20
22.81183545379326
450
0
451
0
460
0
461
0
452
1
462
1
453
2
463
0
63
5
421
255
463
1
63
7
421
16777215
470
LINEAR
1001
ACAD
1010
0
1020
0
1030
0
0
HATCH
5
7b7
100
AcDbEntity
8
TopSolderMaskLayer
100
AcDbHatch
10
0
20
0
30
0
210
0
220
0
230
1
2
SOLID
70
1
71
0
91
1
92
7
72
1
73
1
93
4
10
25.30330606622306
20
16.289687579375165
42
-0.7853981633974483
10
25.30330606622306
20
16.928498856997724
42
0
10
26.886178312745415
20
16.928498856997724
42
-0.7853981633974483
10
26.886178312745415
20
16.289687579375165
42
0
97
1
330

75
0
76
1
47
0.4128176842155181
98
1
10
34.90568961886538
20
22.81183545379326
450
0
451
0
460
0
461
0
452
1
462
1
453
2
463
0
63
5
421
255
463
1
63
7
421
16777215
470
LINEAR
1001
ACAD
1010
0
1020
0
1030
0
0
HATCH
5
7be
100
AcDbEntity
8
TopPasteMaskLayer
100
AcDbHatch
10
0
20
0
30
0
210
0
220
0
230
1
2
SOLID
70
1
71
0
91
1
92
7
72
1
73
1
93
4
10
25.36624333248642
20
16.31508763017527
42
-0.7853981633974483
10
25.36624333248642
20
16.90309880619762
42
0
10
26.82324104648228
20
16.90309880619762
42
-0.7853981633974483
10
26.82324104648228
20
16.31508763017527
42
0
97
1
330

75
0
76
1
47
0.4128176842155181
98
1
10
34.90568961886538
20
22.81183545379326
450
0
451
0
460
0
461
0
452
1
462
1
453
2
463
0
63
5
421
255
463
1
63
7
421
16777215
470
LINEAR
1001
ACAD
1010
0
1020
0
1030
0
0
HATCH
5
7c5
100
AcDbEntity
8
TopLayer
100
AcDbHatch
10
0
20
0
30
0
210
0
220
0
230
1
2
SOLID
70
1
71
0
91
1
92
7
72
1
73
1
93
4
10
25.36624333248642
20
16.31508763017527
42
-0.7853981633974483
10
25.36624333248642
20
16.90309880619762
42
0
10
26.82324104648228
20
16.90309880619762
42
-0.7853981633974483
10
26.82324104648228
20
16.31508763017527
42
0
97
1
330

75
0
76
1
47
0.4128176842155181
98
1
10
34.90568961886538
20
22.81183545379326
450
0
451
0
460
0
461
0
452
1
462
1
453
2
463
0
63
5
421
255
463
1
63
7
421
16777215
470
LINEAR
1001
ACAD
1010
0
1020
0
1030
0
0
HATCH
5
7cc
100
AcDbEntity
8
TopSolderMaskLayer
100
AcDbHatch
10
0
20
0
30
0
210
0
220
0
230
1
2
SOLID
70
1
71
0
91
1
92
7
72
1
73
1
93
4
10
25.30330606622306
20
17.55969011938023
42
-0.7853981633974483
10
25.30330606622306
20
18.19850139700279
42
0
10
26.886178312745415
20
18.19850139700279
42
-0.7853981633974483
10
26.886178312745415
20
17.55969011938023
42
0
97
1
330

75
0
76
1
47
0.4128176842155181
98
1
10
34.90568961886538
20
22.81183545379326
450
0
451
0
460
0
461
0
452
1
462
1
453
2
463
0
63
5
421
255
463
1
63
7
421
16777215
470
LINEAR
1001
ACAD
1010
0
1020
0
1030
0
0
HATCH
5
7d3
100
AcDbEntity
8
TopPasteMaskLayer
100
AcDbHatch
10
0
20
0
30
0
210
0
220
0
230
1
2
SOLID
70
1
71
0
91
1
92
7
72
1
73
1
93
4
10
25.36624333248642
20
17.585090170180337
42
-0.7853981633974483
10
25.36624333248642
20
18.173101346202685
42
0
10
26.82324104648228
20
18.173101346202685
42
-0.7853981633974483
10
26.82324104648228
20
17.585090170180337
42
0
97
1
330

75
0
76
1
47
0.4128176842155181
98
1
10
34.90568961886538
20
22.81183545379326
450
0
451
0
460
0
461
0
452
1
462
1
453
2
463
0
63
5
421
255
463
1
63
7
421
16777215
470
LINEAR
1001
ACAD
1010
0
1020
0
1030
0
0
HATCH
5
7da
100
AcDbEntity
8
TopLayer
100
AcDbHatch
10
0
20
0
30
0
210
0
220
0
230
1
2
SOLID
70
1
71
0
91
1
92
7
72
1
73
1
93
4
10
25.36624333248642
20
17.585090170180337
42
-0.7853981633974483
10
25.36624333248642
20
18.173101346202685
42
0
10
26.82324104648228
20
18.173101346202685
42
-0.7853981633974483
10
26.82324104648228
20
17.585090170180337
42
0
97
1
330

75
0
76
1
47
0.4128176842155181
98
1
10
34.90568961886538
20
22.81183545379326
450
0
451
0
460
0
461
0
452
1
462
1
453
2
463
0
63
5
421
255
463
1
63
7
421
16777215
470
LINEAR
1001
ACAD
1010
0
1020
0
1030
0
0
HATCH
5
7e1
100
AcDbEntity
8
TopSolderMaskLayer
100
AcDbHatch
10
0
20
0
30
0
210
0
220
0
230
1
2
SOLID
70
1
71
0
91
1
92
7
72
1
73
1
93
4
10
25.30330606622306
20
18.829692659385298
42
-0.7853981633974483
10
25.30330606622306
20
19.468503937007856
42
0
10
26.886178312745415
20
19.468503937007856
42
-0.7853981633974483
10
26.886178312745415
20
18.829692659385298
42
0
97
1
330

75
0
76
1
47
0.4128176842155181
98
1
10
34.90568961886538
20
22.81183545379326
450
0
451
0
460
0
461
0
452
1
462
1
453
2
463
0
63
5
421
255
463
1
63
7
421
16777215
470
LINEAR
1001
ACAD
1010
0
1020
0
1030
0
0
HATCH
5
7e8
100
AcDbEntity
8
TopPasteMaskLayer
100
AcDbHatch
10
0
20
0
30
0
210
0
220
0
230
1
2
SOLID
70
1
71
0
91
1
92
7
72
1
73
1
93
4
10
25.36624333248642
20
18.855092710185403
42
-0.7853981633974483
10
25.36624333248642
20
19.44310388620775
42
0
10
26.82324104648228
20
19.44310388620775
42
-0.7853981633974483
10
26.82324104648228
20
18.855092710185403
42
0
97
1
330

75
0
76
1
47
0.4128176842155181
98
1
10
34.90568961886538
20
22.81183545379326
450
0
451
0
460
0
461
0
452
1
462
1
453
2
463
0
63
5
421
255
463
1
63
7
421
16777215
470
LINEAR
1001
ACAD
1010
0
1020
0
1030
0
0
HATCH
5
7ef
100
AcDbEntity
8
TopLayer
100
AcDbHatch
10
0
20
0
30
0
210
0
220
0
230
1
2
SOLID
70
1
71
0
91
1
92
7
72
1
73
1
93
4
10
25.36624333248642
20
18.855092710185403
42
-0.7853981633974483
10
25.36624333248642
20
19.44310388620775
42
0
10
26.82324104648228
20
19.44310388620775
42
-0.7853981633974483
10
26.82324104648228
20
18.855092710185403
42
0
97
1
330

75
0
76
1
47
0.4128176842155181
98
1
10
34.90568961886538
20
22.81183545379326
450
0
451
0
460
0
461
0
452
1
462
1
453
2
463
0
63
5
421
255
463
1
63
7
421
16777215
470
LINEAR
1001
ACAD
1010
0
1020
0
1030
0
0
HATCH
5
7f6
100
AcDbEntity
8
TopSolderMaskLayer
100
AcDbHatch
10
0
20
0
30
0
210
0
220
0
230
1
2
SOLID
70
1
71
0
91
1
92
7
72
1
73
1
93
4
10
25.30330606622306
20
20.099695199390364
42
-0.7853981633974483
10
25.30330606622306
20
20.738506477012923
42
0
10
26.886178312745415
20
20.738506477012923
42
-0.7853981633974483
10
26.886178312745415
20
20.099695199390364
42
0
97
1
330

75
0
76
1
47
0.4128176842155181
98
1
10
34.90568961886538
20
22.81183545379326
450
0
451
0
460
0
461
0
452
1
462
1
453
2
463
0
63
5
421
255
463
1
63
7
421
16777215
470
LINEAR
1001
ACAD
1010
0
1020
0
1030
0
0
HATCH
5
7fd
100
AcDbEntity
8
TopPasteMaskLayer
100
AcDbHatch
10
0
20
0
30
0
210
0
220
0
230
1
2
SOLID
70
1
71
0
91
1
92
7
72
1
73
1
93
4
10
25.36624333248642
20
20.12509525019047
42
-0.7853981633974483
10
25.36624333248642
20
20.713106426212818
42
0
10
26.82324104648228
20
20.713106426212818
42
-0.7853981633974483
10
26.82324104648228
20
20.12509525019047
42
0
97
1
330

75
0
76
1
47
0.4128176842155181
98
1
10
34.90568961886538
20
22.81183545379326
450
0
451
0
460
0
461
0
452
1
462
1
453
2
463
0
63
5
421
255
463
1
63
7
421
16777215
470
LINEAR
1001
ACAD
1010
0
1020
0
1030
0
0
HATCH
5
804
100
AcDbEntity
8
TopLayer
100
AcDbHatch
10
0
20
0
30
0
210
0
220
0
230
1
2
SOLID
70
1
71
0
91
1
92
7
72
1
73
1
93
4
10
25.36624333248642
20
20.12509525019047
42
-0.7853981633974483
10
25.36624333248642
20
20.713106426212818
42
0
10
26.82324104648228
20
20.713106426212818
42
-0.7853981633974483
10
26.82324104648228
20
20.12509525019047
42
0
97
1
330

75
0
76
1
47
0.4128176842155181
98
1
10
34.90568961886538
20
22.81183545379326
450
0
451
0
460
0
461
0
452
1
462
1
453
2
463
0
63
5
421
255
463
1
63
7
421
16777215
470
LINEAR
1001
ACAD
1010
0
1020
0
1030
0
0
HATCH
5
807
100
AcDbEntity
8
TopSolderMaskLayer
100
AcDbHatch
10
0
20
0
30
0
210
0
220
0
230
1
2
SOLID
70
1
71
0
91
1
92
7
72
0
73
1
93
4
10
62.11838394016809
20
118.26911494379692
10
62.11838394016809
20
119.69690166232567
10
63.30172150684325
20
119.69690166232567
10
63.30172150684325
20
118.26911494379692
97
1
330

75
0
76
1
47
0.4128176842155181
98
1
10
34.90568961886538
20
22.81183545379326
450
0
451
0
460
0
461
0
452
1
462
1
453
2
463
0
63
5
421
255
463
1
63
7
421
16777215
470
LINEAR
1001
ACAD
1010
0
1020
0
1030
0
0
HATCH
5
80a
100
AcDbEntity
8
TopLayer
100
AcDbHatch
10
0
20
0
30
0
210
0
220
0
230
1
2
SOLID
70
1
71
0
91
1
92
7
72
0
73
1
93
4
10
62.14378968757933
20
118.29451358902725
10
62.14378968757933
20
119.67150114300227
10
63.2763271526544
20
119.67150114300227
10
63.2763271526544
20
118.29451358902725
97
1
330

75
0
76
1
47
0.4128176842155181
98
1
10
34.90568961886538
20
22.81183545379326
450
0
451
0
460
0
461
0
452
1
462
1
453
2
463
0
63
5
421
255
463
1
63
7
421
16777215
470
LINEAR
1001
ACAD
1010
0
1020
0
1030
0
0
HATCH
5
80d
100
AcDbEntity
8
TopSolderMaskLayer
100
AcDbHatch
10
0
20
0
30
0
210
0
220
0
230
1
2
SOLID
70
1
71
0
91
1
92
7
72
0
73
1
93
4
10
61.30162674257349
20
118.26911494379692
10
61.30162674257349
20
119.69690166232567
10
60.11828917589855
20
119.69690166232567
10
60.11828917589855
20
118.26911494379692
97
1
330

75
0
76
1
47
0.4128176842155181
98
1
10
34.90568961886538
20
22.81183545379326
450
0
451
0
460
0
461
0
452
1
462
1
453
2
463
0
63
5
421
255
463
1
63
7
421
16777215
470
LINEAR
1001
ACAD
1010
0
1020
0
1030
0
0
HATCH
5
810
100
AcDbEntity
8
TopLayer
100
AcDbHatch
10
0
20
0
30
0
210
0
220
0
230
1
2
SOLID
70
1
71
0
91
1
92
7
72
0
73
1
93
4
10
61.276225552451024
20
118.29451358902725
10
61.276225552451024
20
119.67150114300227
10
60.143688087376404
20
119.67150114300227
10
60.143688087376404
20
118.29451358902725
97
1
330

75
0
76
1
47
0.4128176842155181
98
1
10
34.90568961886538
20
22.81183545379326
450
0
451
0
460
0
461
0
452
1
462
1
453
2
463
0
63
5
421
255
463
1
63
7
421
16777215
470
LINEAR
1001
ACAD
1010
0
1020
0
1030
0
0
HATCH
5
813
100
AcDbEntity
8
TopSolderMaskLayer
100
AcDbHatch
10
0
20
0
30
0
210
0
220
0
230
1
2
SOLID
70
1
71
0
91
1
92
7
72
0
73
1
93
4
10
61.14937200214399
20
120.41110122776945
10
61.14937200214399
20
121.8388879462982
10
62.332709568819155
20
121.8388879462982
10
62.332709568819155
20
120.41110122776945
97
1
330

75
0
76
1
47
0.4128176842155181
98
1
10
34.90568961886538
20
22.81183545379326
450
0
451
0
460
0
461
0
452
1
462
1
453
2
463
0
63
5
421
255
463
1
63
7
421
16777215
470
LINEAR
1001
ACAD
1010
0
1020
0
1030
0
0
HATCH
5
816
100
AcDbEntity
8
TopLayer
100
AcDbHatch
10
0
20
0
30
0
210
0
220
0
230
1
2
SOLID
70
1
71
0
91
1
92
7
72
0
73
1
93
4
10
61.17477774955546
20
120.43649987299978
10
61.17477774955546
20
121.8134874269748
10
62.307315214630535
20
121.8134874269748
10
62.307315214630535
20
120.43649987299978
97
1
330

75
0
76
1
47
0.4128176842155181
98
1
10
34.90568961886538
20
22.81183545379326
450
0
451
0
460
0
461
0
452
1
462
1
453
2
463
0
63
5
421
255
463
1
63
7
421
16777215
470
LINEAR
1001
ACAD
1010
0
1020
0
1030
0
0
HATCH
5
819
100
AcDbEntity
8
TopSolderMaskLayer
100
AcDbHatch
10
0
20
0
30
0
210
0
220
0
230
1
2
SOLID
70
1
71
0
91
1
92
7
72
0
73
1
93
4
10
60.33261480454962
20
120.41110122776945
10
60.33261480454962
20
121.8388879462982
10
59.14927723787446
20
121.8388879462982
10
59.14927723787446
20
120.41110122776945
97
1
330

75
0
76
1
47
0.4128176842155181
98
1
10
34.90568961886538
20
22.81183545379326
450
0
451
0
460
0
461
0
452
1
462
1
453
2
463
0
63
5
421
255
463
1
63
7
421
16777215
470
LINEAR
1001
ACAD
1010
0
1020
0
1030
0
0
HATCH
5
81c
100
AcDbEntity
8
TopLayer
100
AcDbHatch
10
0
20
0
30
0
210
0
220
0
230
1
2
SOLID
70
1
71
0
91
1
92
7
72
0
73
1
93
4
10
60.30721361442738
20
120.43649987299978
10
60.30721361442738
20
121.8134874269748
10
59.17467614935231
20
121.8134874269748
10
59.17467614935231
20
120.43649987299978
97
1
330

75
0
76
1
47
0.4128176842155181
98
1
10
34.90568961886538
20
22.81183545379326
450
0
451
0
460
0
461
0
452
1
462
1
453
2
463
0
63
5
421
255
463
1
63
7
421
16777215
470
LINEAR
1001
ACAD
1010
0
1020
0
1030
0
0
HATCH
5
81f
100
AcDbEntity
8
TopSolderMaskLayer
100
AcDbHatch
10
0
20
0
30
0
210
0
220
0
230
1
2
SOLID
70
1
71
0
91
1
92
7
72
0
73
1
93
4
10
55.199390398780906
20
124.39789217506438
10
55.199390398780906
20
122.64610223004433
10
53.94107188214389
20
122.64610223004433
10
53.94107188214389
20
124.39789217506438
97
1
330

75
0
76
1
47
0.4128176842155181
98
1
10
34.90568961886538
20
22.81183545379326
450
0
451
0
460
0
461
0
452
1
462
1
453
2
463
0
63
5
421
255
463
1
63
7
421
16777215
470
LINEAR
1001
ACAD
1010
0
1020
0
1030
0
0
HATCH
5
822
100
AcDbEntity
8
TopLayer
100
AcDbHatch
10
0
20
0
30
0
210
0
220
0
230
1
2
SOLID
70
1
71
0
91
1
92
7
72
0
73
1
93
4
10
55.17399034798086
20
124.37249174498356
10
55.17399034798086
20
122.67150114300227
10
53.96647193294393
20
122.67150114300227
10
53.96647193294393
20
124.37249174498356
97
1
330

75
0
76
1
47
0.4128176842155181
98
1
10
34.90568961886538
20
22.81183545379326
450
0
451
0
460
0
461
0
452
1
462
1
453
2
463
0
63
5
421
255
463
1
63
7
421
16777215
470
LINEAR
1001
ACAD
1010
0
1020
0
1030
0
0
HATCH
5
825
100
AcDbEntity
8
TopSolderMaskLayer
100
AcDbHatch
10
0
20
0
30
0
210
0
220
0
230
1
2
SOLID
70
1
71
0
91
1
92
7
72
0
73
1
93
4
10
56.8986008600541
20
124.39789217506438
10
56.8986008600541
20
122.64610223004433
10
58.15691937669112
20
122.64610223004433
10
58.15691937669112
20
124.39789217506438
97
1
330

75
0
76
1
47
0.4128176842155181
98
1
10
34.90568961886538
20
22.81183545379326
450
0
451
0
460
0
461
0
452
1
462
1
453
2
463
0
63
5
421
255
463
1
63
7
421
16777215
470
LINEAR
1001
ACAD
1010
0
1020
0
1030
0
0
HATCH
5
828
100
AcDbEntity
8
TopLayer
100
AcDbHatch
10
0
20
0
30
0
210
0
220
0
230
1
2
SOLID
70
1
71
0
91
1
92
7
72
0
73
1
93
4
10
56.92400304800617
20
124.37249174498356
10
56.92400304800617
20
122.67150114300227
10
58.13152146304287
20
122.67150114300227
10
58.13152146304287
20
124.37249174498356
97
1
330

75
0
76
1
47
0.4128176842155181
98
1
10
34.90568961886538
20
22.81183545379326
450
0
451
0
460
0
461
0
452
1
462
1
453
2
463
0
63
5
421
255
463
1
63
7
421
16777215
470
LINEAR
1001
ACAD
1010
0
1020
0
1030
0
0
HATCH
5
82b
100
AcDbEntity
8
TopSolderMaskLayer
100
AcDbHatch
10
0
20
0
30
0
210
0
220
0
230
1
2
SOLID
70
1
71
0
91
1
92
7
72
0
73
1
93
4
10
42.15740169544847
20
120.0764258403068
10
42.15740169544847
20
120.92158148617375
10
43.11457882270611
20
120.92158148617375
10
43.11457882270611
20
120.0764258403068
97
1
330

75
0
76
1
47
0.4128176842155181
98
1
10
34.90568961886538
20
22.81183545379326
450
0
451
0
460
0
461
0
452
1
462
1
453
2
463
0
63
5
421
255
463
1
63
7
421
16777215
470
LINEAR
1001
ACAD
1010
0
1020
0
1030
0
0
HATCH
5
82e
100
AcDbEntity
8
TopPasteMaskLayer
100
AcDbHatch
10
0
20
0
30
0
210
0
220
0
230
1
2
SOLID
70
1
71
0
91
1
92
7
72
0
73
1
93
4
10
42.18597917195825
20
120.09900939801878
10
42.18597917195825
20
120.89900939801885
10
43.08600457200919
20
120.89900939801885
10
43.08600457200919
20
120.09900939801878
97
1
330

75
0
76
1
47
0.4128176842155181
98
1
10
34.90568961886538
20
22.81183545379326
450
0
451
0
460
0
461
0
452
1
462
1
453
2
463
0
63
5
421
255
463
1
63
7
421
16777215
470
LINEAR
1001
ACAD
1010
0
1020
0
1030
0
0
HATCH
5
831
100
AcDbEntity
8
TopLayer
100
AcDbHatch
10
0
20
0
30
0
210
0
220
0
230
1
2
SOLID
70
1
71
0
91
1
92
7
72
0
73
1
93
4
10
42.18597917195825
20
120.09900939801878
10
42.18597917195825
20
120.89900939801885
10
43.08600457200919
20
120.89900939801885
10
43.08600457200919
20
120.09900939801878
97
1
330

75
0
76
1
47
0.4128176842155181
98
1
10
34.90568961886538
20
22.81183545379326
450
0
451
0
460
0
461
0
452
1
462
1
453
2
463
0
63
5
421
255
463
1
63
7
421
16777215
470
LINEAR
1001
ACAD
1010
0
1020
0
1030
0
0
HATCH
5
834
100
AcDbEntity
8
TopSolderMaskLayer
100
AcDbHatch
10
0
20
0
30
0
210
0
220
0
230
1
2
SOLID
70
1
71
0
91
1
92
7
72
0
73
1
93
4
10
42.15740169544847
20
118.67642870769612
10
42.15740169544847
20
119.52158435356296
10
43.11457882270611
20
119.52158435356296
10
43.11457882270611
20
118.67642870769612
97
1
330

75
0
76
1
47
0.4128176842155181
98
1
10
34.90568961886538
20
22.81183545379326
450
0
451
0
460
0
461
0
452
1
462
1
453
2
463
0
63
5
421
255
463
1
63
7
421
16777215
470
LINEAR
1001
ACAD
1010
0
1020
0
1030
0
0
HATCH
5
837
100
AcDbEntity
8
TopPasteMaskLayer
100
AcDbHatch
10
0
20
0
30
0
210
0
220
0
230
1
2
SOLID
70
1
71
0
91
1
92
7
72
0
73
1
93
4
10
42.18597917195825
20
118.69900939801892
10
42.18597917195825
20
119.49900939801876
10
43.08600457200919
20
119.49900939801876
10
43.08600457200919
20
118.69900939801892
97
1
330

75
0
76
1
47
0.4128176842155181
98
1
10
34.90568961886538
20
22.81183545379326
450
0
451
0
460
0
461
0
452
1
462
1
453
2
463
0
63
5
421
255
463
1
63
7
421
16777215
470
LINEAR
1001
ACAD
1010
0
1020
0
1030
0
0
HATCH
5
83a
100
AcDbEntity
8
TopLayer
100
AcDbHatch
10
0
20
0
30
0
210
0
220
0
230
1
2
SOLID
70
1
71
0
91
1
92
7
72
0
73
1
93
4
10
42.18597917195825
20
118.69900939801892
10
42.18597917195825
20
119.49900939801876
10
43.08600457200919
20
119.49900939801876
10
43.08600457200919
20
118.69900939801892
97
1
330

75
0
76
1
47
0.4128176842155181
98
1
10
34.90568961886538
20
22.81183545379326
450
0
451
0
460
0
461
0
452
1
462
1
453
2
463
0
63
5
421
255
463
1
63
7
421
16777215
470
LINEAR
1001
ACAD
1010
0
1020
0
1030
0
0
HATCH
5
83d
100
AcDbEntity
8
TopSolderMaskLayer
100
AcDbHatch
10
0
20
0
30
0
210
0
220
0
230
1
2
SOLID
70
1
71
0
91
1
92
7
72
0
73
1
93
4
10
41.10271380819245
20
112.88412026501476
10
41.10271380819245
20
109.23592682669243
10
39.885296630501216
20
109.23592682669243
10
39.885296630501216
20
112.88412026501476
97
1
330

75
0
76
1
47
0.4128176842155181
98
1
10
34.90568961886538
20
22.81183545379326
450
0
451
0
460
0
461
0
452
1
462
1
453
2
463
0
63
5
421
255
463
1
63
7
421
16777215
470
LINEAR
1001
ACAD
1010
0
1020
0
1030
0
0
HATCH
5
840
100
AcDbEntity
8
TopPasteMaskLayer
100
AcDbHatch
10
0
20
0
30
0
210
0
220
0
230
1
2
SOLID
70
1
71
0
91
1
92
7
72
0
73
1
93
4
10
41.09400558801099
20
112.81003302006604
10
41.09400558801099
20
109.31000762001531
10
39.894005588011396
20
109.31000762001531
10
39.894005588011396
20
112.81003302006604
97
1
330

75
0
76
1
47
0.4128176842155181
98
1
10
34.90568961886538
20
22.81183545379326
450
0
451
0
460
0
461
0
452
1
462
1
453
2
463
0
63
5
421
255
463
1
63
7
421
16777215
470
LINEAR
1001
ACAD
1010
0
1020
0
1030
0
0
HATCH
5
843
100
AcDbEntity
8
TopLayer
100
AcDbHatch
10
0
20
0
30
0
210
0
220
0
230
1
2
SOLID
70
1
71
0
91
1
92
7
72
0
73
1
93
4
10
41.09400558801099
20
112.81003302006604
10
41.09400558801099
20
109.31000762001531
10
39.894005588011396
20
109.31000762001531
10
39.894005588011396
20
112.81003302006604
97
1
330

75
0
76
1
47
0.4128176842155181
98
1
10
34.90568961886538
20
22.81183545379326
450
0
451
0
460
0
461
0
452
1
462
1
453
2
463
0
63
5
421
255
463
1
63
7
421
16777215
470
LINEAR
1001
ACAD
1010
0
1020
0
1030
0
0
HATCH
5
846
100
AcDbEntity
8
TopSolderMaskLayer
100
AcDbHatch
10
0
20
0
30
0
210
0
220
0
230
1
2
SOLID
70
1
71
0
91
1
92
7
72
0
73
1
93
4
10
41.10271380819245
20
118.22406809329755
10
41.10271380819245
20
114.57587465497522
10
39.885296630501216
20
114.57587465497522
10
39.885296630501216
20
118.22406809329755
97
1
330

75
0
76
1
47
0.4128176842155181
98
1
10
34.90568961886538
20
22.81183545379326
450
0
451
0
460
0
461
0
452
1
462
1
453
2
463
0
63
5
421
255
463
1
63
7
421
16777215
470
LINEAR
1001
ACAD
1010
0
1020
0
1030
0
0
HATCH
5
849
100
AcDbEntity
8
TopPasteMaskLayer
100
AcDbHatch
10
0
20
0
30
0
210
0
220
0
230
1
2
SOLID
70
1
71
0
91
1
92
7
72
0
73
1
93
4
10
41.09400558801099
20
118.14998729997467
10
41.09400558801099
20
114.64996189992382
10
39.894005588011396
20
114.64996189992382
10
39.894005588011396
20
118.14998729997467
97
1
330

75
0
76
1
47
0.4128176842155181
98
1
10
34.90568961886538
20
22.81183545379326
450
0
451
0
460
0
461
0
452
1
462
1
453
2
463
0
63
5
421
255
463
1
63
7
421
16777215
470
LINEAR
1001
ACAD
1010
0
1020
0
1030
0
0
HATCH
5
84c
100
AcDbEntity
8
TopLayer
100
AcDbHatch
10
0
20
0
30
0
210
0
220
0
230
1
2
SOLID
70
1
71
0
91
1
92
7
72
0
73
1
93
4
10
41.09400558801099
20
118.14998729997467
10
41.09400558801099
20
114.64996189992382
10
39.894005588011396
20
114.64996189992382
10
39.894005588011396
20
118.14998729997467
97
1
330

75
0
76
1
47
0.4128176842155181
98
1
10
34.90568961886538
20
22.81183545379326
450
0
451
0
460
0
461
0
452
1
462
1
453
2
463
0
63
5
421
255
463
1
63
7
421
16777215
470
LINEAR
1001
ACAD
1010
0
1020
0
1030
0
0
HATCH
5
84f
100
AcDbEntity
8
TopSolderMaskLayer
100
AcDbHatch
10
0
20
0
30
0
210
0
220
0
230
1
2
SOLID
70
1
71
0
91
1
92
7
72
0
73
1
93
4
10
34.36223972789185
20
123.64540719053207
10
33.77373845749048
20
123.64540719053207
10
33.77373845749048
20
124.26425199717755
10
34.36223972789185
20
124.26425199717755
97
1
330

75
0
76
1
47
0.4128176842155181
98
1
10
34.90568961886538
20
22.81183545379326
450
0
451
0
460
0
461
0
452
1
462
1
453
2
463
0
63
5
421
255
463
1
63
7
421
16777215
470
LINEAR
1001
ACAD
1010
0
1020
0
1030
0
0
HATCH
5
852
100
AcDbEntity
8
TopLayer
100
AcDbHatch
10
0
20
0
30
0
210
0
220
0
230
1
2
SOLID
70
1
71
0
91
1
92
7
72
0
73
1
93
4
10
34.33799847599698
20
123.67200914401826
10
33.79799339598685
20
123.67200914401826
10
33.79799339598685
20
124.2376428752857
10
34.33799847599698
20
124.2376428752857
97
1
330

75
0
76
1
47
0.4128176842155181
98
1
10
34.90568961886538
20
22.81183545379326
450
0
451
0
460
0
461
0
452
1
462
1
453
2
463
0
63
5
421
255
463
1
63
7
421
16777215
470
LINEAR
1001
ACAD
1010
0
1020
0
1030
0
0
HATCH
5
855
100
AcDbEntity
8
TopSolderMaskLayer
100
AcDbHatch
10
0
20
0
30
0
210
0
220
0
230
1
2
SOLID
70
1
71
0
91
1
92
7
72
0
73
1
93
4
10
34.36223972789185
20
123.39859047639072
10
33.77373845749048
20
123.39859047639072
10
33.77373845749048
20
122.77974566974547
10
34.36223972789185
20
122.77974566974547
97
1
330

75
0
76
1
47
0.4128176842155181
98
1
10
34.90568961886538
20
22.81183545379326
450
0
451
0
460
0
461
0
452
1
462
1
453
2
463
0
63
5
421
255
463
1
63
7
421
16777215
470
LINEAR
1001
ACAD
1010
0
1020
0
1030
0
0
HATCH
5
858
100
AcDbEntity
8
TopLayer
100
AcDbHatch
10
0
20
0
30
0
210
0
220
0
230
1
2
SOLID
70
1
71
0
91
1
92
7
72
0
73
1
93
4
10
34.33799847599698
20
123.37198374396746
10
33.79799339598685
20
123.37198374396746
10
33.79799339598685
20
122.80635001270002
10
34.33799847599698
20
122.80635001270002
97
1
330

75
0
76
1
47
0.4128176842155181
98
1
10
34.90568961886538
20
22.81183545379326
450
0
451
0
460
0
461
0
452
1
462
1
453
2
463
0
63
5
421
255
463
1
63
7
421
16777215
470
LINEAR
1001
ACAD
1010
0
1020
0
1030
0
0
HATCH
5
85b
100
AcDbEntity
8
TopSolderMaskLayer
100
AcDbHatch
10
0
20
0
30
0
210
0
220
0
230
1
2
SOLID
70
1
71
0
91
1
92
7
72
0
73
1
93
4
10
36.54839429656204
20
125.61140910306278
10
36.54839429656204
20
124.6966008734463
10
35.691117182007474
20
124.6966008734463
10
35.691117182007474
20
125.61140910306278
97
1
330

75
0
76
1
47
0.4128176842155181
98
1
10
34.90568961886538
20
22.81183545379326
450
0
451
0
460
0
461
0
452
1
462
1
453
2
463
0
63
5
421
255
463
1
63
7
421
16777215
470
LINEAR
1001
ACAD
1010
0
1020
0
1030
0
0
HATCH
5
85e
100
AcDbEntity
8
TopLayer
100
AcDbHatch
10
0
20
0
30
0
210
0
220
0
230
1
2
SOLID
70
1
71
0
91
1
92
7
72
0
73
1
93
4
10
36.522987045974105
20
125.58600457200919
10
36.522987045974105
20
124.72199644399291
10
35.716510033020086
20
124.72199644399291
10
35.716510033020086
20
125.58600457200919
97
1
330

75
0
76
1
47
0.4128176842155181
98
1
10
34.90568961886538
20
22.81183545379326
450
0
451
0
460
0
461
0
452
1
462
1
453
2
463
0
63
5
421
255
463
1
63
7
421
16777215
470
LINEAR
1001
ACAD
1010
0
1020
0
1030
0
0
HATCH
5
861
100
AcDbEntity
8
TopSolderMaskLayer
100
AcDbHatch
10
0
20
0
30
0
210
0
220
0
230
1
2
SOLID
70
1
71
0
91
1
92
7
72
0
73
1
93
4
10
37.19760519543706
20
125.61140910306278
10
37.19760519543706
20
124.6966008734463
10
38.05488230999117
20
124.6966008734463
10
38.05488230999117
20
125.61140910306278
97
1
330

75
0
76
1
47
0.4128176842155181
98
1
10
34.90568961886538
20
22.81183545379326
450
0
451
0
460
0
461
0
452
1
462
1
453
2
463
0
63
5
421
255
463
1
63
7
421
16777215
470
LINEAR
1001
ACAD
1010
0
1020
0
1030
0
0
HATCH
5
864
100
AcDbEntity
8
TopLayer
100
AcDbHatch
10
0
20
0
30
0
210
0
220
0
230
1
2
SOLID
70
1
71
0
91
1
92
7
72
0
73
1
93
4
10
37.22301244602477
20
125.58600457200919
10
37.22301244602477
20
124.72199644399291
10
38.029489458979015
20
124.72199644399291
10
38.029489458979015
20
125.58600457200919
97
1
330

75
0
76
1
47
0.4128176842155181
98
1
10
34.90568961886538
20
22.81183545379326
450
0
451
0
460
0
461
0
452
1
462
1
453
2
463
0
63
5
421
255
463
1
63
7
421
16777215
470
LINEAR
1001
ACAD
1010
0
1020
0
1030
0
0
HATCH
5
867
100
AcDbEntity
8
TopSolderMaskLayer
100
AcDbHatch
10
0
20
0
30
0
210
0
220
0
230
1
2
SOLID
70
1
71
0
91
1
92
7
72
0
73
1
93
4
10
61.99639319278663
20
116.56959828973424
10
61.14559309118613
20
116.56959828973424
10
61.14559309118613
20
117.52042522507998
10
61.99639319278663
20
117.52042522507998
97
1
330

75
0
76
1
47
0.4128176842155181
98
1
10
34.90568961886538
20
22.81183545379326
450
0
451
0
460
0
461
0
452
1
462
1
453
2
463
0
63
5
421
255
463
1
63
7
421
16777215
470
LINEAR
1001
ACAD
1010
0
1020
0
1030
0
0
HATCH
5
86a
100
AcDbEntity
8
TopPasteMaskLayer
100
AcDbHatch
10
0
20
0
30
0
210
0
220
0
230
1
2
SOLID
70
1
71
0
91
1
92
7
72
0
73
1
93
4
10
61.970993141986355
20
116.59499618999246
10
61.1709931419864
20
116.59499618999246
10
61.1709931419864
20
117.49502159004328
10
61.970993141986355
20
117.49502159004328
97
1
330

75
0
76
1
47
0.4128176842155181
98
1
10
34.90568961886538
20
22.81183545379326
450
0
451
0
460
0
461
0
452
1
462
1
453
2
463
0
63
5
421
255
463
1
63
7
421
16777215
470
LINEAR
1001
ACAD
1010
0
1020
0
1030
0
0
HATCH
5
86d
100
AcDbEntity
8
TopLayer
100
AcDbHatch
10
0
20
0
30
0
210
0
220
0
230
1
2
SOLID
70
1
71
0
91
1
92
7
72
0
73
1
93
4
10
61.970993141986355
20
116.59499618999246
10
61.1709931419864
20
116.59499618999246
10
61.1709931419864
20
117.49502159004328
10
61.970993141986355
20
117.49502159004328
97
1
330

75
0
76
1
47
0.4128176842155181
98
1
10
34.90568961886538
20
22.81183545379326
450
0
451
0
460
0
461
0
452
1
462
1
453
2
463
0
63
5
421
255
463
1
63
7
421
16777215
470
LINEAR
1001
ACAD
1010
0
1020
0
1030
0
0
HATCH
5
870
100
AcDbEntity
8
TopSolderMaskLayer
100
AcDbHatch
10
0
20
0
30
0
210
0
220
0
230
1
2
SOLID
70
1
71
0
91
1
92
7
72
0
73
1
93
4
10
63.39638996697363
20
116.56959828973424
10
62.54558986537336
20
116.56959828973424
10
62.54558986537336
20
117.52042522507998
10
63.39638996697363
20
117.52042522507998
97
1
330

75
0
76
1
47
0.4128176842155181
98
1
10
34.90568961886538
20
22.81183545379326
450
0
451
0
460
0
461
0
452
1
462
1
453
2
463
0
63
5
421
255
463
1
63
7
421
16777215
470
LINEAR
1001
ACAD
1010
0
1020
0
1030
0
0
HATCH
5
873
100
AcDbEntity
8
TopPasteMaskLayer
100
AcDbHatch
10
0
20
0
30
0
210
0
220
0
230
1
2
SOLID
70
1
71
0
91
1
92
7
72
0
73
1
93
4
10
63.370993141986446
20
116.59499618999246
10
62.570993141986264
20
116.59499618999246
10
62.570993141986264
20
117.49502159004328
10
63.370993141986446
20
117.49502159004328
97
1
330

75
0
76
1
47
0.4128176842155181
98
1
10
34.90568961886538
20
22.81183545379326
450
0
451
0
460
0
461
0
452
1
462
1
453
2
463
0
63
5
421
255
463
1
63
7
421
16777215
470
LINEAR
1001
ACAD
1010
0
1020
0
1030
0
0
HATCH
5
876
100
AcDbEntity
8
TopLayer
100
AcDbHatch
10
0
20
0
30
0
210
0
220
0
230
1
2
SOLID
70
1
71
0
91
1
92
7
72
0
73
1
93
4
10
63.370993141986446
20
116.59499618999246
10
62.570993141986264
20
116.59499618999246
10
62.570993141986264
20
117.49502159004328
10
63.370993141986446
20
117.49502159004328
97
1
330

75
0
76
1
47
0.4128176842155181
98
1
10
34.90568961886538
20
22.81183545379326
450
0
451
0
460
0
461
0
452
1
462
1
453
2
463
0
63
5
421
255
463
1
63
7
421
16777215
470
LINEAR
1001
ACAD
1010
0
1020
0
1030
0
0
HATCH
5
879
100
AcDbEntity
8
TopSolderMaskLayer
100
AcDbHatch
10
0
20
0
30
0
210
0
220
0
230
1
2
SOLID
70
1
71
0
91
1
92
7
72
0
73
1
93
4
10
23.239770905381192
20
121.0084701547014
10
23.239770905381192
20
123.19135476549582
10
26.638230850182936
20
123.19135476549582
10
26.638230850182936
20
121.0084701547014
97
1
330

75
0
76
1
47
0.4128176842155181
98
1
10
34.90568961886538
20
22.81183545379326
450
0
451
0
460
0
461
0
452
1
462
1
453
2
463
0
63
5
421
255
463
1
63
7
421
16777215
470
LINEAR
1001
ACAD
1010
0
1020
0
1030
0
0
HATCH
5
87c
100
AcDbEntity
8
TopPasteMaskLayer
100
AcDbHatch
10
0
20
0
30
0
210
0
220
0
230
1
2
SOLID
70
1
71
0
91
1
92
7
72
0
73
1
93
4
10
23.278994157988336
20
121.0249174498349
10
23.278994157988336
20
123.17490474980957
10
26.59900939801878
20
123.17490474980957
10
26.59900939801878
20
121.0249174498349
97
1
330

75
0
76
1
47
0.4128176842155181
98
1
10
34.90568961886538
20
22.81183545379326
450
0
451
0
460
0
461
0
452
1
462
1
453
2
463
0
63
5
421
255
463
1
63
7
421
16777215
470
LINEAR
1001
ACAD
1010
0
1020
0
1030
0
0
HATCH
5
87f
100
AcDbEntity
8
TopLayer
100
AcDbHatch
10
0
20
0
30
0
210
0
220
0
230
1
2
SOLID
70
1
71
0
91
1
92
7
72
0
73
1
93
4
10
23.278994157988336
20
121.0249174498349
10
23.278994157988336
20
123.17490474980957
10
26.59900939801878
20
123.17490474980957
10
26.59900939801878
20
121.0249174498349
97
1
330

75
0
76
1
47
0.4128176842155181
98
1
10
34.90568961886538
20
22.81183545379326
450
0
451
0
460
0
461
0
452
1
462
1
453
2
463
0
63
5
421
255
463
1
63
7
421
16777215
470
LINEAR
1001
ACAD
1010
0
1020
0
1030
0
0
HATCH
5
882
100
AcDbEntity
8
TopSolderMaskLayer
100
AcDbHatch
10
0
20
0
30
0
210
0
220
0
230
1
2
SOLID
70
1
71
0
91
1
92
7
72
0
73
1
93
4
10
23.239770905381192
20
115.18263713708643
10
23.239770905381192
20
117.36552174788085
10
26.638230850182936
20
117.36552174788085
10
26.638230850182936
20
115.18263713708643
97
1
330

75
0
76
1
47
0.4128176842155181
98
1
10
34.90568961886538
20
22.81183545379326
450
0
451
0
460
0
461
0
452
1
462
1
453
2
463
0
63
5
421
255
463
1
63
7
421
16777215
470
LINEAR
1001
ACAD
1010
0
1020
0
1030
0
0
HATCH
5
885
100
AcDbEntity
8
TopPasteMaskLayer
100
AcDbHatch
10
0
20
0
30
0
210
0
220
0
230
1
2
SOLID
70
1
71
0
91
1
92
7
72
0
73
1
93
4
10
23.278994157988336
20
115.19908559817111
10
23.278994157988336
20
117.34907289814578
10
26.59900939801878
20
117.34907289814578
10
26.59900939801878
20
115.19908559817111
97
1
330

75
0
76
1
47
0.4128176842155181
98
1
10
34.90568961886538
20
22.81183545379326
450
0
451
0
460
0
461
0
452
1
462
1
453
2
463
0
63
5
421
255
463
1
63
7
421
16777215
470
LINEAR
1001
ACAD
1010
0
1020
0
1030
0
0
HATCH
5
888
100
AcDbEntity
8
TopLayer
100
AcDbHatch
10
0
20
0
30
0
210
0
220
0
230
1
2
SOLID
70
1
71
0
91
1
92
7
72
0
73
1
93
4
10
23.278994157988336
20
115.19908559817111
10
23.278994157988336
20
117.34907289814578
10
26.59900939801878
20
117.34907289814578
10
26.59900939801878
20
115.19908559817111
97
1
330

75
0
76
1
47
0.4128176842155181
98
1
10
34.90568961886538
20
22.81183545379326
450
0
451
0
460
0
461
0
452
1
462
1
453
2
463
0
63
5
421
255
463
1
63
7
421
16777215
470
LINEAR
1001
ACAD
1010
0
1020
0
1030
0
0
HATCH
5
88b
100
AcDbEntity
8
TopSolderMaskLayer
100
AcDbHatch
10
0
20
0
30
0
210
0
220
0
230
1
2
SOLID
70
1
71
0
91
1
92
7
72
0
73
1
93
4
10
66.98728177433713
20
23.78270704565864
10
66.98728177433713
20
24.697515275275236
10
67.84455888889102
20
24.697515275275236
10
67.84455888889102
20
23.78270704565864
97
1
330

75
0
76
1
47
0.4128176842155181
98
1
10
34.90568961886538
20
22.81183545379326
450
0
451
0
460
0
461
0
452
1
462
1
453
2
463
0
63
5
421
255
463
1
63
7
421
16777215
470
LINEAR
1001
ACAD
1010
0
1020
0
1030
0
0
HATCH
5
88e
100
AcDbEntity
8
TopLayer
100
AcDbHatch
10
0
20
0
30
0
210
0
220
0
230
1
2
SOLID
70
1
71
0
91
1
92
7
72
0
73
1
93
4
10
67.01267462534929
20
23.808102616205247
10
67.01267462534929
20
24.672110744221527
10
67.81915163830331
20
24.672110744221527
10
67.81915163830331
20
23.808102616205247
97
1
330

75
0
76
1
47
0.4128176842155181
98
1
10
34.90568961886538
20
22.81183545379326
450
0
451
0
460
0
461
0
452
1
462
1
453
2
463
0
63
5
421
255
463
1
63
7
421
16777215
470
LINEAR
1001
ACAD
1010
0
1020
0
1030
0
0
HATCH
5
891
100
AcDbEntity
8
TopSolderMaskLayer
100
AcDbHatch
10
0
20
0
30
0
210
0
220
0
230
1
2
SOLID
70
1
71
0
91
1
92
7
72
0
73
1
93
4
10
66.33805487593327
20
23.78270704565864
10
66.33805487593327
20
24.697515275275236
10
65.48077776137916
20
24.697515275275236
10
65.48077776137916
20
23.78270704565864
97
1
330

75
0
76
1
47
0.4128176842155181
98
1
10
34.90568961886538
20
22.81183545379326
450
0
451
0
460
0
461
0
452
1
462
1
453
2
463
0
63
5
421
255
463
1
63
7
421
16777215
470
LINEAR
1001
ACAD
1010
0
1020
0
1030
0
0
HATCH
5
894
100
AcDbEntity
8
TopLayer
100
AcDbHatch
10
0
20
0
30
0
210
0
220
0
230
1
2
SOLID
70
1
71
0
91
1
92
7
72
0
73
1
93
4
10
66.3126492252984
20
23.808102616205247
10
66.3126492252984
20
24.672110744221527
10
65.50617221234438
20
24.672110744221527
10
65.50617221234438
20
23.808102616205247
97
1
330

75
0
76
1
47
0.4128176842155181
98
1
10
34.90568961886538
20
22.81183545379326
450
0
451
0
460
0
461
0
452
1
462
1
453
2
463
0
63
5
421
255
463
1
63
7
421
16777215
470
LINEAR
1001
ACAD
1010
0
1020
0
1030
0
0
HATCH
5
897
100
AcDbEntity
8
TopSolderMaskLayer
100
AcDbHatch
10
0
20
0
30
0
210
0
220
0
230
1
2
SOLID
70
1
71
0
91
1
92
7
72
0
73
1
93
4
10
63.06027192061947
20
26.434699456228714
10
63.06027192061947
20
27.349507685845083
10
63.91754903517358
20
27.349507685845083
10
63.91754903517358
20
26.434699456228714
97
1
330

75
0
76
1
47
0.4128176842155181
98
1
10
34.90568961886538
20
22.81183545379326
450
0
451
0
460
0
461
0
452
1
462
1
453
2
463
0
63
5
421
255
463
1
63
7
421
16777215
470
LINEAR
1001
ACAD
1010
0
1020
0
1030
0
0
HATCH
5
89a
100
AcDbEntity
8
TopLayer
100
AcDbHatch
10
0
20
0
30
0
210
0
220
0
230
1
2
SOLID
70
1
71
0
91
1
92
7
72
0
73
1
93
4
10
63.08567437134889
20
26.46009652019302
10
63.08567437134889
20
27.3241046482093
10
63.89215138430268
20
27.3241046482093
10
63.89215138430268
20
26.46009652019302
97
1
330

75
0
76
1
47
0.4128176842155181
98
1
10
34.90568961886538
20
22.81183545379326
450
0
451
0
460
0
461
0
452
1
462
1
453
2
463
0
63
5
421
255
463
1
63
7
421
16777215
470
LINEAR
1001
ACAD
1010
0
1020
0
1030
0
0
HATCH
5
89d
100
AcDbEntity
8
TopSolderMaskLayer
100
AcDbHatch
10
0
20
0
30
0
210
0
220
0
230
1
2
SOLID
70
1
71
0
91
1
92
7
72
0
73
1
93
4
10
62.41104502221606
20
26.434699456228714
10
62.41104502221606
20
27.349507685845083
10
61.55376790766195
20
27.349507685845083
10
61.55376790766195
20
26.434699456228714
97
1
330

75
0
76
1
47
0.4128176842155181
98
1
10
34.90568961886538
20
22.81183545379326
450
0
451
0
460
0
461
0
452
1
462
1
453
2
463
0
63
5
421
255
463
1
63
7
421
16777215
470
LINEAR
1001
ACAD
1010
0
1020
0
1030
0
0
HATCH
5
8a0
100
AcDbEntity
8
TopLayer
100
AcDbHatch
10
0
20
0
30
0
210
0
220
0
230
1
2
SOLID
70
1
71
0
91
1
92
7
72
0
73
1
93
4
10
62.385648971298
20
26.46009652019302
10
62.385648971298
20
27.3241046482093
10
61.57917195834398
20
27.3241046482093
10
61.57917195834398
20
26.46009652019302
97
1
330

75
0
76
1
47
0.4128176842155181
98
1
10
34.90568961886538
20
22.81183545379326
450
0
451
0
460
0
461
0
452
1
462
1
453
2
463
0
63
5
421
255
463
1
63
7
421
16777215
470
LINEAR
1001
ACAD
1010
0
1020
0
1030
0
  0
CIRCLE
  5
8bc
330
1F
100
AcDbEntity
  8
TopSolderMaskLayer
100
AcDbCircle
 10
43.48801117602238
 20
25.194005588011123
 30
0.0
 40
0.5655353117157847
0
HATCH
5
8be
100
AcDbEntity
8
TopSolderMaskLayer
100
AcDbHatch
10
0
20
0
30
0
210
0
220
0
230
1
2
SOLID
70
1
71
0
91
1
92
7
72
0
73
1
93
4
10
44.41341337736458
20
24.268604103516395
10
42.56261327576408
20
24.268604103516395
10
42.56261327576408
20
26.11940420511678
10
44.41341337736458
20
26.11940420511678
97
1
330

75
0
76
1
47
0.4128176842155181
98
1
10
34.90568961886538
20
22.81183545379326
450
0
451
0
460
0
461
0
452
1
462
1
453
2
463
0
63
5
421
255
463
1
63
7
421
16777215
470
LINEAR
1001
ACAD
1010
0
1020
0
1030
0
  0
CIRCLE
  5
8bf
330
1F
100
AcDbEntity
  8
BottomSolderMaskLayer
100
AcDbCircle
 10
43.48801117602238
 20
25.194005588011123
 30
0.0
 40
0.5655353117157847
0
HATCH
5
8c1
100
AcDbEntity
8
BottomSolderMaskLayer
100
AcDbHatch
10
0
20
0
30
0
210
0
220
0
230
1
2
SOLID
70
1
71
0
91
1
92
7
72
0
73
1
93
4
10
44.41341337736458
20
24.268604103516395
10
42.56261327576408
20
24.268604103516395
10
42.56261327576408
20
26.11940420511678
10
44.41341337736458
20
26.11940420511678
97
1
330

75
0
76
1
47
0.4128176842155181
98
1
10
34.90568961886538
20
22.81183545379326
450
0
451
0
460
0
461
0
452
1
462
1
453
2
463
0
63
5
421
255
463
1
63
7
421
16777215
470
LINEAR
1001
ACAD
1010
0
1020
0
1030
0
  0
CIRCLE
  5
8c2
330
1F
100
AcDbEntity
  8
Multi-Layer
100
AcDbCircle
 10
43.48801117602238
 20
25.194005588011123
 30
0.0
 40
0.5500127000254001
0
HATCH
5
8c4
100
AcDbEntity
8
Multi-Layer
100
AcDbHatch
10
0
20
0
30
0
210
0
220
0
230
1
2
SOLID
70
1
71
0
91
1
92
7
72
0
73
1
93
4
10
44.388011176022474
20
24.294005588011146
10
42.58801117602229
20
24.294005588011146
10
42.58801117602229
20
26.094005588011214
10
44.388011176022474
20
26.094005588011214
97
1
330

75
0
76
1
47
0.4128176842155181
98
1
10
34.90568961886538
20
22.81183545379326
450
0
451
0
460
0
461
0
452
1
462
1
453
2
463
0
63
5
421
255
463
1
63
7
421
16777215
470
LINEAR
1001
ACAD
1010
0
1020
0
1030
0
0
HATCH
5
8c7
100
AcDbEntity
8
TopSolderMaskLayer
100
AcDbHatch
10
0
20
0
30
0
210
0
220
0
230
1
2
SOLID
70
1
71
0
91
1
92
7
72
0
73
1
93
4
10
23.092582338498232
20
29.69423469646938
10
30.763397680128946
20
29.69423469646938
10
30.763397680128946
20
24.5634244348488
10
23.092582338498232
20
24.5634244348488
97
1
330

75
0
76
1
47
0.4128176842155181
98
1
10
34.90568961886538
20
22.81183545379326
450
0
451
0
460
0
461
0
452
1
462
1
453
2
463
0
63
5
421
255
463
1
63
7
421
16777215
470
LINEAR
1001
ACAD
1010
0
1020
0
1030
0
0
HATCH
5
8ca
100
AcDbEntity
8
TopPasteMaskLayer
100
AcDbHatch
10
0
20
0
30
0
210
0
220
0
230
1
2
SOLID
70
1
71
0
91
1
92
7
72
0
73
1
93
4
10
23.117983235966676
20
29.668834137668227
10
30.737998475997074
20
29.668834137668227
10
30.737998475997074
20
24.588823977647962
10
23.117983235966676
20
24.588823977647962
97
1
330

75
0
76
1
47
0.4128176842155181
98
1
10
34.90568961886538
20
22.81183545379326
450
0
451
0
460
0
461
0
452
1
462
1
453
2
463
0
63
5
421
255
463
1
63
7
421
16777215
470
LINEAR
1001
ACAD
1010
0
1020
0
1030
0
0
HATCH
5
8cd
100
AcDbEntity
8
TopLayer
100
AcDbHatch
10
0
20
0
30
0
210
0
220
0
230
1
2
SOLID
70
1
71
0
91
1
92
7
72
0
73
1
93
4
10
23.117983235966676
20
29.668834137668227
10
30.737998475997074
20
29.668834137668227
10
30.737998475997074
20
24.588823977647962
10
23.117983235966676
20
24.588823977647962
97
1
330

75
0
76
1
47
0.4128176842155181
98
1
10
34.90568961886538
20
22.81183545379326
450
0
451
0
460
0
461
0
452
1
462
1
453
2
463
0
63
5
421
255
463
1
63
7
421
16777215
470
LINEAR
1001
ACAD
1010
0
1020
0
1030
0
0
HATCH
5
8d0
100
AcDbEntity
8
TopSolderMaskLayer
100
AcDbHatch
10
0
20
0
30
0
210
0
220
0
230
1
2
SOLID
70
1
71
0
91
1
92
7
72
0
73
1
93
4
10
23.092582338498232
20
112.32059994919996
10
30.763397680128946
20
112.32059994919996
10
30.763397680128946
20
107.18978968757938
10
23.092582338498232
20
107.18978968757938
97
1
330

75
0
76
1
47
0.4128176842155181
98
1
10
34.90568961886538
20
22.81183545379326
450
0
451
0
460
0
461
0
452
1
462
1
453
2
463
0
63
5
421
255
463
1
63
7
421
16777215
470
LINEAR
1001
ACAD
1010
0
1020
0
1030
0
0
HATCH
5
8d3
100
AcDbEntity
8
TopPasteMaskLayer
100
AcDbHatch
10
0
20
0
30
0
210
0
220
0
230
1
2
SOLID
70
1
71
0
91
1
92
7
72
0
73
1
93
4
10
23.117983235966676
20
112.2951993903988
10
30.737998475997074
20
112.2951993903988
10
30.737998475997074
20
107.21518923037854
10
23.117983235966676
20
107.21518923037854
97
1
330

75
0
76
1
47
0.4128176842155181
98
1
10
34.90568961886538
20
22.81183545379326
450
0
451
0
460
0
461
0
452
1
462
1
453
2
463
0
63
5
421
255
463
1
63
7
421
16777215
470
LINEAR
1001
ACAD
1010
0
1020
0
1030
0
0
HATCH
5
8d6
100
AcDbEntity
8
TopLayer
100
AcDbHatch
10
0
20
0
30
0
210
0
220
0
230
1
2
SOLID
70
1
71
0
91
1
92
7
72
0
73
1
93
4
10
23.117983235966676
20
112.2951993903988
10
30.737998475997074
20
112.2951993903988
10
30.737998475997074
20
107.21518923037854
10
23.117983235966676
20
107.21518923037854
97
1
330

75
0
76
1
47
0.4128176842155181
98
1
10
34.90568961886538
20
22.81183545379326
450
0
451
0
460
0
461
0
452
1
462
1
453
2
463
0
63
5
421
255
463
1
63
7
421
16777215
470
LINEAR
1001
ACAD
1010
0
1020
0
1030
0
0
HATCH
5
8d9
100
AcDbEntity
8
TopSolderMaskLayer
100
AcDbHatch
10
0
20
0
30
0
210
0
220
0
230
1
2
SOLID
70
1
71
0
91
1
92
7
72
0
73
1
93
4
10
56.2123955634579
20
107.18976403352804
10
48.54158022182719
20
107.18976403352804
10
48.54158022182719
20
112.3205742951485
10
56.2123955634579
20
112.3205742951485
97
1
330

75
0
76
1
47
0.4128176842155181
98
1
10
34.90568961886538
20
22.81183545379326
450
0
451
0
460
0
461
0
452
1
462
1
453
2
463
0
63
5
421
255
463
1
63
7
421
16777215
470
LINEAR
1001
ACAD
1010
0
1020
0
1030
0
0
HATCH
5
8dc
100
AcDbEntity
8
TopPasteMaskLayer
100
AcDbHatch
10
0
20
0
30
0
210
0
220
0
230
1
2
SOLID
70
1
71
0
91
1
92
7
72
0
73
1
93
4
10
56.186995173990454
20
107.2151638303277
10
48.56697993395983
20
107.2151638303277
10
48.56697993395983
20
112.29517399034796
10
56.186995173990454
20
112.29517399034796
97
1
330

75
0
76
1
47
0.4128176842155181
98
1
10
34.90568961886538
20
22.81183545379326
450
0
451
0
460
0
461
0
452
1
462
1
453
2
463
0
63
5
421
255
463
1
63
7
421
16777215
470
LINEAR
1001
ACAD
1010
0
1020
0
1030
0
0
HATCH
5
8df
100
AcDbEntity
8
TopLayer
100
AcDbHatch
10
0
20
0
30
0
210
0
220
0
230
1
2
SOLID
70
1
71
0
91
1
92
7
72
0
73
1
93
4
10
56.186995173990454
20
107.2151638303277
10
48.56697993395983
20
107.2151638303277
10
48.56697993395983
20
112.29517399034796
10
56.186995173990454
20
112.29517399034796
97
1
330

75
0
76
1
47
0.4128176842155181
98
1
10
34.90568961886538
20
22.81183545379326
450
0
451
0
460
0
461
0
452
1
462
1
453
2
463
0
63
5
421
255
463
1
63
7
421
16777215
470
LINEAR
1001
ACAD
1010
0
1020
0
1030
0
0
HATCH
5
8e2
100
AcDbEntity
8
TopSolderMaskLayer
100
AcDbHatch
10
0
20
0
30
0
210
0
220
0
230
1
2
SOLID
70
1
71
0
91
1
92
7
72
0
73
1
93
4
10
56.2123955634579
20
24.563398780797456
10
48.54158022182719
20
24.563398780797456
10
48.54158022182719
20
29.694209042418038
10
56.2123955634579
20
29.694209042418038
97
1
330

75
0
76
1
47
0.4128176842155181
98
1
10
34.90568961886538
20
22.81183545379326
450
0
451
0
460
0
461
0
452
1
462
1
453
2
463
0
63
5
421
255
463
1
63
7
421
16777215
470
LINEAR
1001
ACAD
1010
0
1020
0
1030
0
0
HATCH
5
8e5
100
AcDbEntity
8
TopPasteMaskLayer
100
AcDbHatch
10
0
20
0
30
0
210
0
220
0
230
1
2
SOLID
70
1
71
0
91
1
92
7
72
0
73
1
93
4
10
56.186995173990454
20
24.588798577597117
10
48.56697993395983
20
24.588798577597117
10
48.56697993395983
20
29.668808737617383
10
56.186995173990454
20
29.668808737617383
97
1
330

75
0
76
1
47
0.4128176842155181
98
1
10
34.90568961886538
20
22.81183545379326
450
0
451
0
460
0
461
0
452
1
462
1
453
2
463
0
63
5
421
255
463
1
63
7
421
16777215
470
LINEAR
1001
ACAD
1010
0
1020
0
1030
0
0
HATCH
5
8e8
100
AcDbEntity
8
TopLayer
100
AcDbHatch
10
0
20
0
30
0
210
0
220
0
230
1
2
SOLID
70
1
71
0
91
1
92
7
72
0
73
1
93
4
10
56.186995173990454
20
24.588798577597117
10
48.56697993395983
20
24.588798577597117
10
48.56697993395983
20
29.668808737617383
10
56.186995173990454
20
29.668808737617383
97
1
330

75
0
76
1
47
0.4128176842155181
98
1
10
34.90568961886538
20
22.81183545379326
450
0
451
0
460
0
461
0
452
1
462
1
453
2
463
0
63
5
421
255
463
1
63
7
421
16777215
470
LINEAR
1001
ACAD
1010
0
1020
0
1030
0
0
HATCH
5
8eb
100
AcDbEntity
8
TopSolderMaskLayer
100
AcDbHatch
10
0
20
0
30
0
210
0
220
0
230
1
2
SOLID
70
1
71
0
91
1
92
7
72
0
73
1
93
4
10
32.91457237108034
20
123.75458332063613
10
32.91457237108034
20
122.9094276747694
10
31.957395243822702
20
122.9094276747694
10
31.957395243822702
20
123.75458332063613
97
1
330

75
0
76
1
47
0.4128176842155181
98
1
10
34.90568961886538
20
22.81183545379326
450
0
451
0
460
0
461
0
452
1
462
1
453
2
463
0
63
5
421
255
463
1
63
7
421
16777215
470
LINEAR
1001
ACAD
1010
0
1020
0
1030
0
0
HATCH
5
8ee
100
AcDbEntity
8
TopPasteMaskLayer
100
AcDbHatch
10
0
20
0
30
0
210
0
220
0
230
1
2
SOLID
70
1
71
0
91
1
92
7
72
0
73
1
93
4
10
32.88600457200914
20
123.73200406400815
10
32.88600457200914
20
122.93200406400808
10
31.985979171958206
20
122.93200406400808
10
31.985979171958206
20
123.73200406400815
97
1
330

75
0
76
1
47
0.4128176842155181
98
1
10
34.90568961886538
20
22.81183545379326
450
0
451
0
460
0
461
0
452
1
462
1
453
2
463
0
63
5
421
255
463
1
63
7
421
16777215
470
LINEAR
1001
ACAD
1010
0
1020
0
1030
0
0
HATCH
5
8f1
100
AcDbEntity
8
TopLayer
100
AcDbHatch
10
0
20
0
30
0
210
0
220
0
230
1
2
SOLID
70
1
71
0
91
1
92
7
72
0
73
1
93
4
10
32.88600457200914
20
123.73200406400815
10
32.88600457200914
20
122.93200406400808
10
31.985979171958206
20
122.93200406400808
10
31.985979171958206
20
123.73200406400815
97
1
330

75
0
76
1
47
0.4128176842155181
98
1
10
34.90568961886538
20
22.81183545379326
450
0
451
0
460
0
461
0
452
1
462
1
453
2
463
0
63
5
421
255
463
1
63
7
421
16777215
470
LINEAR
1001
ACAD
1010
0
1020
0
1030
0
0
HATCH
5
8f4
100
AcDbEntity
8
TopSolderMaskLayer
100
AcDbHatch
10
0
20
0
30
0
210
0
220
0
230
1
2
SOLID
70
1
71
0
91
1
92
7
72
0
73
1
93
4
10
32.91457237108034
20
125.15458045324681
10
32.91457237108034
20
124.3094248073802
10
31.957395243822702
20
124.3094248073802
10
31.957395243822702
20
125.15458045324681
97
1
330

75
0
76
1
47
0.4128176842155181
98
1
10
34.90568961886538
20
22.81183545379326
450
0
451
0
460
0
461
0
452
1
462
1
453
2
463
0
63
5
421
255
463
1
63
7
421
16777215
470
LINEAR
1001
ACAD
1010
0
1020
0
1030
0
0
HATCH
5
8f7
100
AcDbEntity
8
TopPasteMaskLayer
100
AcDbHatch
10
0
20
0
30
0
210
0
220
0
230
1
2
SOLID
70
1
71
0
91
1
92
7
72
0
73
1
93
4
10
32.88600457200914
20
125.13200406400813
10
32.88600457200914
20
124.33200406400817
10
31.985979171958206
20
124.33200406400817
10
31.985979171958206
20
125.13200406400813
97
1
330

75
0
76
1
47
0.4128176842155181
98
1
10
34.90568961886538
20
22.81183545379326
450
0
451
0
460
0
461
0
452
1
462
1
453
2
463
0
63
5
421
255
463
1
63
7
421
16777215
470
LINEAR
1001
ACAD
1010
0
1020
0
1030
0
0
HATCH
5
8fa
100
AcDbEntity
8
TopLayer
100
AcDbHatch
10
0
20
0
30
0
210
0
220
0
230
1
2
SOLID
70
1
71
0
91
1
92
7
72
0
73
1
93
4
10
32.88600457200914
20
125.13200406400813
10
32.88600457200914
20
124.33200406400817
10
31.985979171958206
20
124.33200406400817
10
31.985979171958206
20
125.13200406400813
97
1
330

75
0
76
1
47
0.4128176842155181
98
1
10
34.90568961886538
20
22.81183545379326
450
0
451
0
460
0
461
0
452
1
462
1
453
2
463
0
63
5
421
255
463
1
63
7
421
16777215
470
LINEAR
1001
ACAD
1010
0
1020
0
1030
0
0
HATCH
5
8fd
100
AcDbEntity
8
TopSolderMaskLayer
100
AcDbHatch
10
0
20
0
30
0
210
0
220
0
230
1
2
SOLID
70
1
71
0
91
1
92
7
72
0
73
1
93
4
10
52.242617285360666
20
131.73459337577185
10
52.242617285360666
20
132.64940160538833
10
53.099894399914774
20
132.64940160538833
10
53.099894399914774
20
131.73459337577185
97
1
330

75
0
76
1
47
0.4128176842155181
98
1
10
34.90568961886538
20
22.81183545379326
450
0
451
0
460
0
461
0
452
1
462
1
453
2
463
0
63
5
421
255
463
1
63
7
421
16777215
470
LINEAR
1001
ACAD
1010
0
1020
0
1030
0
0
HATCH
5
900
100
AcDbEntity
8
TopLayer
100
AcDbHatch
10
0
20
0
30
0
210
0
220
0
230
1
2
SOLID
70
1
71
0
91
1
92
7
72
0
73
1
93
4
10
52.26802133604269
20
131.75999491998982
10
52.26802133604269
20
132.6240030480061
10
53.07449834899671
20
132.6240030480061
10
53.07449834899671
20
131.75999491998982
97
1
330

75
0
76
1
47
0.4128176842155181
98
1
10
34.90568961886538
20
22.81183545379326
450
0
451
0
460
0
461
0
452
1
462
1
453
2
463
0
63
5
421
255
463
1
63
7
421
16777215
470
LINEAR
1001
ACAD
1010
0
1020
0
1030
0
0
HATCH
5
903
100
AcDbEntity
8
TopSolderMaskLayer
100
AcDbHatch
10
0
20
0
30
0
210
0
220
0
230
1
2
SOLID
70
1
71
0
91
1
92
7
72
0
73
1
93
4
10
51.593390386957026
20
131.73459337577185
10
51.593390386957026
20
132.64940160538833
10
50.736113272403145
20
132.64940160538833
10
50.736113272403145
20
131.73459337577185
97
1
330

75
0
76
1
47
0.4128176842155181
98
1
10
34.90568961886538
20
22.81183545379326
450
0
451
0
460
0
461
0
452
1
462
1
453
2
463
0
63
5
421
255
463
1
63
7
421
16777215
470
LINEAR
1001
ACAD
1010
0
1020
0
1030
0
0
HATCH
5
906
100
AcDbEntity
8
TopLayer
100
AcDbHatch
10
0
20
0
30
0
210
0
220
0
230
1
2
SOLID
70
1
71
0
91
1
92
7
72
0
73
1
93
4
10
51.5679959359918
20
131.75999491998982
10
51.5679959359918
20
132.6240030480061
10
50.76151892303801
20
132.6240030480061
10
50.76151892303801
20
131.75999491998982
97
1
330

75
0
76
1
47
0.4128176842155181
98
1
10
34.90568961886538
20
22.81183545379326
450
0
451
0
460
0
461
0
452
1
462
1
453
2
463
0
63
5
421
255
463
1
63
7
421
16777215
470
LINEAR
1001
ACAD
1010
0
1020
0
1030
0
0
HATCH
5
909
100
AcDbEntity
8
TopSolderMaskLayer
100
AcDbHatch
10
0
20
0
30
0
210
0
220
0
230
1
2
SOLID
70
1
71
0
91
1
92
7
72
0
73
1
93
4
10
53.30962295877589
20
21.790602936991377
10
53.30962295877589
20
23.191415738617025
10
54.770430680391655
20
23.191415738617025
10
54.770430680391655
20
21.790602936991377
97
1
330

75
0
76
1
47
0.4128176842155181
98
1
10
34.90568961886538
20
22.81183545379326
450
0
451
0
460
0
461
0
452
1
462
1
453
2
463
0
63
5
421
255
463
1
63
7
421
16777215
470
LINEAR
1001
ACAD
1010
0
1020
0
1030
0
0
HATCH
5
90c
100
AcDbEntity
8
TopLayer
100
AcDbHatch
10
0
20
0
30
0
210
0
220
0
230
1
2
SOLID
70
1
71
0
91
1
92
7
72
0
73
1
93
4
10
53.33502667005314
20
21.816002032004008
10
53.33502667005314
20
23.166014732029453
10
54.74503429006859
20
23.166014732029453
10
54.74503429006859
20
21.816002032004008
97
1
330

75
0
76
1
47
0.4128176842155181
98
1
10
34.90568961886538
20
22.81183545379326
450
0
451
0
460
0
461
0
452
1
462
1
453
2
463
0
63
5
421
255
463
1
63
7
421
16777215
470
LINEAR
1001
ACAD
1010
0
1020
0
1030
0
0
HATCH
5
90f
100
AcDbEntity
8
TopSolderMaskLayer
100
AcDbHatch
10
0
20
0
30
0
210
0
220
0
230
1
2
SOLID
70
1
71
0
91
1
92
7
72
0
73
1
93
4
10
52.770387201244375
20
21.790602936991377
10
52.770387201244375
20
23.191415738617025
10
51.30957947962884
20
23.191415738617025
10
51.30957947962884
20
21.790602936991377
97
1
330

75
0
76
1
47
0.4128176842155181
98
1
10
34.90568961886538
20
22.81183545379326
450
0
451
0
460
0
461
0
452
1
462
1
453
2
463
0
63
5
421
255
463
1
63
7
421
16777215
470
LINEAR
1001
ACAD
1010
0
1020
0
1030
0
0
HATCH
5
912
100
AcDbEntity
8
TopLayer
100
AcDbHatch
10
0
20
0
30
0
210
0
220
0
230
1
2
SOLID
70
1
71
0
91
1
92
7
72
0
73
1
93
4
10
52.744983489967126
20
21.816002032004008
10
52.744983489967126
20
23.166014732029453
10
51.334975869951904
20
23.166014732029453
10
51.334975869951904
20
21.816002032004008
97
1
330

75
0
76
1
47
0.4128176842155181
98
1
10
34.90568961886538
20
22.81183545379326
450
0
451
0
460
0
461
0
452
1
462
1
453
2
463
0
63
5
421
255
463
1
63
7
421
16777215
470
LINEAR
1001
ACAD
1010
0
1020
0
1030
0
0
HATCH
5
915
100
AcDbEntity
8
TopSolderMaskLayer
100
AcDbHatch
10
0
20
0
30
0
210
0
220
0
230
1
2
SOLID
70
1
71
0
91
1
92
7
72
0
73
1
93
4
10
53.411635053504824
20
17.71059277697111
10
53.411635053504824
20
19.111405578596646
10
54.87244277512036
20
19.111405578596646
10
54.87244277512036
20
17.71059277697111
97
1
330

75
0
76
1
47
0.4128176842155181
98
1
10
34.90568961886538
20
22.81183545379326
450
0
451
0
460
0
461
0
452
1
462
1
453
2
463
0
63
5
421
255
463
1
63
7
421
16777215
470
LINEAR
1001
ACAD
1010
0
1020
0
1030
0
0
HATCH
5
918
100
AcDbEntity
8
TopLayer
100
AcDbHatch
10
0
20
0
30
0
210
0
220
0
230
1
2
SOLID
70
1
71
0
91
1
92
7
72
0
73
1
93
4
10
53.43703327406661
20
17.735991871983742
10
53.43703327406661
20
19.086004572009074
10
54.8470408940816
20
19.086004572009074
10
54.8470408940816
20
17.735991871983742
97
1
330

75
0
76
1
47
0.4128176842155181
98
1
10
34.90568961886538
20
22.81183545379326
450
0
451
0
460
0
461
0
452
1
462
1
453
2
463
0
63
5
421
255
463
1
63
7
421
16777215
470
LINEAR
1001
ACAD
1010
0
1020
0
1030
0
0
HATCH
5
91b
100
AcDbEntity
8
TopSolderMaskLayer
100
AcDbHatch
10
0
20
0
30
0
210
0
220
0
230
1
2
SOLID
70
1
71
0
91
1
92
7
72
0
73
1
93
4
10
52.87239014478041
20
17.71059277697111
10
52.87239014478041
20
19.111405578596646
10
51.41158242316487
20
19.111405578596646
10
51.41158242316487
20
17.71059277697111
97
1
330

75
0
76
1
47
0.4128176842155181
98
1
10
34.90568961886538
20
22.81183545379326
450
0
451
0
460
0
461
0
452
1
462
1
453
2
463
0
63
5
421
255
463
1
63
7
421
16777215
470
LINEAR
1001
ACAD
1010
0
1020
0
1030
0
0
HATCH
5
91e
100
AcDbEntity
8
TopLayer
100
AcDbHatch
10
0
20
0
30
0
210
0
220
0
230
1
2
SOLID
70
1
71
0
91
1
92
7
72
0
73
1
93
4
10
52.84699009398037
20
17.735991871983742
10
52.84699009398037
20
19.086004572009074
10
51.436982473965145
20
19.086004572009074
10
51.436982473965145
20
17.735991871983742
97
1
330

75
0
76
1
47
0.4128176842155181
98
1
10
34.90568961886538
20
22.81183545379326
450
0
451
0
460
0
461
0
452
1
462
1
453
2
463
0
63
5
421
255
463
1
63
7
421
16777215
470
LINEAR
1001
ACAD
1010
0
1020
0
1030
0
0
HATCH
5
921
100
AcDbEntity
8
TopSolderMaskLayer
100
AcDbHatch
10
0
20
0
30
0
210
0
220
0
230
1
2
SOLID
70
1
71
0
91
1
92
7
72
0
73
1
93
4
10
60.250604159272825
20
25.681577839858164
10
60.250604159272825
20
24.83642219399144
10
59.293427032015416
20
24.83642219399144
10
59.293427032015416
20
25.681577839858164
97
1
330

75
0
76
1
47
0.4128176842155181
98
1
10
34.90568961886538
20
22.81183545379326
450
0
451
0
460
0
461
0
452
1
462
1
453
2
463
0
63
5
421
255
463
1
63
7
421
16777215
470
LINEAR
1001
ACAD
1010
0
1020
0
1030
0
0
HATCH
5
924
100
AcDbEntity
8
TopPasteMaskLayer
100
AcDbHatch
10
0
20
0
30
0
210
0
220
0
230
1
2
SOLID
70
1
71
0
91
1
92
7
72
0
73
1
93
4
10
60.222021844043866
20
25.659004318008556
10
60.222021844043866
20
24.859004318008715
10
59.32199644399293
20
24.859004318008715
10
59.32199644399293
20
25.659004318008556
97
1
330

75
0
76
1
47
0.4128176842155181
98
1
10
34.90568961886538
20
22.81183545379326
450
0
451
0
460
0
461
0
452
1
462
1
453
2
463
0
63
5
421
255
463
1
63
7
421
16777215
470
LINEAR
1001
ACAD
1010
0
1020
0
1030
0
0
HATCH
5
927
100
AcDbEntity
8
TopLayer
100
AcDbHatch
10
0
20
0
30
0
210
0
220
0
230
1
2
SOLID
70
1
71
0
91
1
92
7
72
0
73
1
93
4
10
60.222021844043866
20
25.659004318008556
10
60.222021844043866
20
24.859004318008715
10
59.32199644399293
20
24.859004318008715
10
59.32199644399293
20
25.659004318008556
97
1
330

75
0
76
1
47
0.4128176842155181
98
1
10
34.90568961886538
20
22.81183545379326
450
0
451
0
460
0
461
0
452
1
462
1
453
2
463
0
63
5
421
255
463
1
63
7
421
16777215
470
LINEAR
1001
ACAD
1010
0
1020
0
1030
0
0
HATCH
5
92a
100
AcDbEntity
8
TopSolderMaskLayer
100
AcDbHatch
10
0
20
0
30
0
210
0
220
0
230
1
2
SOLID
70
1
71
0
91
1
92
7
72
0
73
1
93
4
10
60.250604159272825
20
27.08158930941522
10
60.250604159272825
20
26.23643366354827
10
59.293427032015416
20
26.23643366354827
10
59.293427032015416
20
27.08158930941522
97
1
330

75
0
76
1
47
0.4128176842155181
98
1
10
34.90568961886538
20
22.81183545379326
450
0
451
0
460
0
461
0
452
1
462
1
453
2
463
0
63
5
421
255
463
1
63
7
421
16777215
470
LINEAR
1001
ACAD
1010
0
1020
0
1030
0
0
HATCH
5
92d
100
AcDbEntity
8
TopPasteMaskLayer
100
AcDbHatch
10
0
20
0
30
0
210
0
220
0
230
1
2
SOLID
70
1
71
0
91
1
92
7
72
0
73
1
93
4
10
60.222021844043866
20
27.059004318008647
10
60.222021844043866
20
26.25900431800858
10
59.32199644399293
20
26.25900431800858
10
59.32199644399293
20
27.059004318008647
97
1
330

75
0
76
1
47
0.4128176842155181
98
1
10
34.90568961886538
20
22.81183545379326
450
0
451
0
460
0
461
0
452
1
462
1
453
2
463
0
63
5
421
255
463
1
63
7
421
16777215
470
LINEAR
1001
ACAD
1010
0
1020
0
1030
0
0
HATCH
5
930
100
AcDbEntity
8
TopLayer
100
AcDbHatch
10
0
20
0
30
0
210
0
220
0
230
1
2
SOLID
70
1
71
0
91
1
92
7
72
0
73
1
93
4
10
60.222021844043866
20
27.059004318008647
10
60.222021844043866
20
26.25900431800858
10
59.32199644399293
20
26.25900431800858
10
59.32199644399293
20
27.059004318008647
97
1
330

75
0
76
1
47
0.4128176842155181
98
1
10
34.90568961886538
20
22.81183545379326
450
0
451
0
460
0
461
0
452
1
462
1
453
2
463
0
63
5
421
255
463
1
63
7
421
16777215
470
LINEAR
1001
ACAD
1010
0
1020
0
1030
0
0
HATCH
5
933
100
AcDbEntity
8
TopSolderMaskLayer
100
AcDbHatch
10
0
20
0
30
0
210
0
220
0
230
1
2
SOLID
70
1
71
0
91
1
92
7
72
0
73
1
93
4
10
65.88408642601507
20
28.762517489914217
10
65.88408642601507
20
28.38771434030798
10
65.46482968526084
20
28.38771434030798
10
65.46482968526084
20
28.762517489914217
97
1
330

75
0
76
1
47
0.4128176842155181
98
1
10
34.90568961886538
20
22.81183545379326
450
0
451
0
460
0
461
0
452
1
462
1
453
2
463
0
63
5
421
255
463
1
63
7
421
16777215
470
LINEAR
1001
ACAD
1010
0
1020
0
1030
0
0
HATCH
5
936
100
AcDbEntity
8
TopLayer
100
AcDbHatch
10
0
20
0
30
0
210
0
220
0
230
1
2
SOLID
70
1
71
0
91
1
92
7
72
0
73
1
93
4
10
65.8586741173483
20
28.737109474218983
10
65.8586741173483
20
28.413106426212835
10
65.49022098044202
20
28.413106426212835
10
65.49022098044202
20
28.737109474218983
97
1
330

75
0
76
1
47
0.4128176842155181
98
1
10
34.90568961886538
20
22.81183545379326
450
0
451
0
460
0
461
0
452
1
462
1
453
2
463
0
63
5
421
255
463
1
63
7
421
16777215
470
LINEAR
1001
ACAD
1010
0
1020
0
1030
0
0
HATCH
5
939
100
AcDbEntity
8
TopSolderMaskLayer
100
AcDbHatch
10
0
20
0
30
0
210
0
220
0
230
1
2
SOLID
70
1
71
0
91
1
92
7
72
0
73
1
93
4
10
66.01323956415581
20
28.762517489914217
10
66.01323956415581
20
28.38771434030798
10
66.43249630490982
20
28.38771434030798
10
66.43249630490982
20
28.762517489914217
97
1
330

75
0
76
1
47
0.4128176842155181
98
1
10
34.90568961886538
20
22.81183545379326
450
0
451
0
460
0
461
0
452
1
462
1
453
2
463
0
63
5
421
255
463
1
63
7
421
16777215
470
LINEAR
1001
ACAD
1010
0
1020
0
1030
0
0
HATCH
5
93c
100
AcDbEntity
8
TopLayer
100
AcDbHatch
10
0
20
0
30
0
210
0
220
0
230
1
2
SOLID
70
1
71
0
91
1
92
7
72
0
73
1
93
4
10
66.03865887731786
20
28.737109474218983
10
66.03865887731786
20
28.413106426212835
10
66.40711201422414
20
28.413106426212835
10
66.40711201422414
20
28.737109474218983
97
1
330

75
0
76
1
47
0.4128176842155181
98
1
10
34.90568961886538
20
22.81183545379326
450
0
451
0
460
0
461
0
452
1
462
1
453
2
463
0
63
5
421
255
463
1
63
7
421
16777215
470
LINEAR
1001
ACAD
1010
0
1020
0
1030
0
0
HATCH
5
93f
100
AcDbEntity
8
TopSolderMaskLayer
100
AcDbHatch
10
0
20
0
30
0
210
0
220
0
230
1
2
SOLID
70
1
71
0
91
1
92
7
72
0
73
1
93
4
10
45.5576702388164
20
23.95649802833009
10
46.956321528697345
20
23.95649802833009
10
46.956321528697345
20
22.493432736818363
10
45.5576702388164
20
22.493432736818363
97
1
330

75
0
76
1
47
0.4128176842155181
98
1
10
34.90568961886538
20
22.81183545379326
450
0
451
0
460
0
461
0
452
1
462
1
453
2
463
0
63
5
421
255
463
1
63
7
421
16777215
470
LINEAR
1001
ACAD
1010
0
1020
0
1030
0
0
HATCH
5
942
100
AcDbEntity
8
TopLayer
100
AcDbHatch
10
0
20
0
30
0
210
0
220
0
230
1
2
SOLID
70
1
71
0
91
1
92
7
72
0
73
1
93
4
10
45.58199136398275
20
23.929972059944134
10
46.9320040640082
20
23.929972059944134
10
46.9320040640082
20
22.5199644399288
10
45.58199136398275
20
22.5199644399288
97
1
330

75
0
76
1
47
0.4128176842155181
98
1
10
34.90568961886538
20
22.81183545379326
450
0
451
0
460
0
461
0
452
1
462
1
453
2
463
0
63
5
421
255
463
1
63
7
421
16777215
470
LINEAR
1001
ACAD
1010
0
1020
0
1030
0
0
HATCH
5
945
100
AcDbEntity
8
TopSolderMaskLayer
100
AcDbHatch
10
0
20
0
30
0
210
0
220
0
230
1
2
SOLID
70
1
71
0
91
1
92
7
72
0
73
1
93
4
10
45.5576702388164
20
24.49348544849488
10
46.956321528697345
20
24.49348544849488
10
46.956321528697345
20
25.95655074000649
10
45.5576702388164
20
25.95655074000649
97
1
330

75
0
76
1
47
0.4128176842155181
98
1
10
34.90568961886538
20
22.81183545379326
450
0
451
0
460
0
461
0
452
1
462
1
453
2
463
0
63
5
421
255
463
1
63
7
421
16777215
470
LINEAR
1001
ACAD
1010
0
1020
0
1030
0
0
HATCH
5
948
100
AcDbEntity
8
TopLayer
100
AcDbHatch
10
0
20
0
30
0
210
0
220
0
230
1
2
SOLID
70
1
71
0
91
1
92
7
72
0
73
1
93
4
10
45.58199136398275
20
24.52001524003049
10
46.9320040640082
20
24.52001524003049
10
46.9320040640082
20
25.93002286004571
10
45.58199136398275
20
25.93002286004571
97
1
330

75
0
76
1
47
0.4128176842155181
98
1
10
34.90568961886538
20
22.81183545379326
450
0
451
0
460
0
461
0
452
1
462
1
453
2
463
0
63
5
421
255
463
1
63
7
421
16777215
470
LINEAR
1001
ACAD
1010
0
1020
0
1030
0
0
HATCH
5
94b
100
AcDbEntity
8
TopSolderMaskLayer
100
AcDbHatch
10
0
20
0
30
0
210
0
220
0
230
1
2
SOLID
70
1
71
0
91
1
92
7
72
0
73
1
93
4
10
52.957605702308456
20
15.163420342611289
10
53.8084058039085
20
15.163420342611289
10
53.8084058039085
20
14.212593407265672
10
52.957605702308456
20
14.212593407265672
97
1
330

75
0
76
1
47
0.4128176842155181
98
1
10
34.90568961886538
20
22.81183545379326
450
0
451
0
460
0
461
0
452
1
462
1
453
2
463
0
63
5
421
255
463
1
63
7
421
16777215
470
LINEAR
1001
ACAD
1010
0
1020
0
1030
0
0
HATCH
5
94e
100
AcDbEntity
8
TopPasteMaskLayer
100
AcDbHatch
10
0
20
0
30
0
210
0
220
0
230
1
2
SOLID
70
1
71
0
91
1
92
7
72
0
73
1
93
4
10
52.98300736601482
20
15.138023876047669
10
53.78300736601477
20
15.138023876047669
10
53.78300736601477
20
14.23799847599696
10
52.98300736601482
20
14.23799847599696
97
1
330

75
0
76
1
47
0.4128176842155181
98
1
10
34.90568961886538
20
22.81183545379326
450
0
451
0
460
0
461
0
452
1
462
1
453
2
463
0
63
5
421
255
463
1
63
7
421
16777215
470
LINEAR
1001
ACAD
1010
0
1020
0
1030
0
0
HATCH
5
951
100
AcDbEntity
8
TopLayer
100
AcDbHatch
10
0
20
0
30
0
210
0
220
0
230
1
2
SOLID
70
1
71
0
91
1
92
7
72
0
73
1
93
4
10
52.98300736601482
20
15.138023876047669
10
53.78300736601477
20
15.138023876047669
10
53.78300736601477
20
14.23799847599696
10
52.98300736601482
20
14.23799847599696
97
1
330

75
0
76
1
47
0.4128176842155181
98
1
10
34.90568961886538
20
22.81183545379326
450
0
451
0
460
0
461
0
452
1
462
1
453
2
463
0
63
5
421
255
463
1
63
7
421
16777215
470
LINEAR
1001
ACAD
1010
0
1020
0
1030
0
0
HATCH
5
954
100
AcDbEntity
8
TopSolderMaskLayer
100
AcDbHatch
10
0
20
0
30
0
210
0
220
0
230
1
2
SOLID
70
1
71
0
91
1
92
7
72
0
73
1
93
4
10
51.557608928121
20
15.163420342611289
10
52.40840902972127
20
15.163420342611289
10
52.40840902972127
20
14.212593407265672
10
51.557608928121
20
14.212593407265672
97
1
330

75
0
76
1
47
0.4128176842155181
98
1
10
34.90568961886538
20
22.81183545379326
450
0
451
0
460
0
461
0
452
1
462
1
453
2
463
0
63
5
421
255
463
1
63
7
421
16777215
470
LINEAR
1001
ACAD
1010
0
1020
0
1030
0
0
HATCH
5
957
100
AcDbEntity
8
TopPasteMaskLayer
100
AcDbHatch
10
0
20
0
30
0
210
0
220
0
230
1
2
SOLID
70
1
71
0
91
1
92
7
72
0
73
1
93
4
10
51.583007366014726
20
15.138023876047669
10
52.38300736601468
20
15.138023876047669
10
52.38300736601468
20
14.23799847599696
10
51.583007366014726
20
14.23799847599696
97
1
330

75
0
76
1
47
0.4128176842155181
98
1
10
34.90568961886538
20
22.81183545379326
450
0
451
0
460
0
461
0
452
1
462
1
453
2
463
0
63
5
421
255
463
1
63
7
421
16777215
470
LINEAR
1001
ACAD
1010
0
1020
0
1030
0
0
HATCH
5
95a
100
AcDbEntity
8
TopLayer
100
AcDbHatch
10
0
20
0
30
0
210
0
220
0
230
1
2
SOLID
70
1
71
0
91
1
92
7
72
0
73
1
93
4
10
51.583007366014726
20
15.138023876047669
10
52.38300736601468
20
15.138023876047669
10
52.38300736601468
20
14.23799847599696
10
51.583007366014726
20
14.23799847599696
97
1
330

75
0
76
1
47
0.4128176842155181
98
1
10
34.90568961886538
20
22.81183545379326
450
0
451
0
460
0
461
0
452
1
462
1
453
2
463
0
63
5
421
255
463
1
63
7
421
16777215
470
LINEAR
1001
ACAD
1010
0
1020
0
1030
0
0
HATCH
5
95d
100
AcDbEntity
8
TopSolderMaskLayer
100
AcDbHatch
10
0
20
0
30
0
210
0
220
0
230
1
2
SOLID
70
1
71
0
91
1
92
7
72
0
73
1
93
4
10
66.07325146540757
20
23.158524106512004
10
66.68971069832583
20
23.158524106512004
10
66.68971069832583
20
22.567718924901556
10
66.07325146540757
20
22.567718924901556
97
1
330

75
0
76
1
47
0.4128176842155181
98
1
10
34.90568961886538
20
22.81183545379326
450
0
451
0
460
0
461
0
452
1
462
1
453
2
463
0
63
5
421
255
463
1
63
7
421
16777215
470
LINEAR
1001
ACAD
1010
0
1020
0
1030
0
0
HATCH
5
960
100
AcDbEntity
8
TopPasteMaskLayer
100
AcDbHatch
10
0
20
0
30
0
210
0
220
0
230
1
2
SOLID
70
1
71
0
91
1
92
7
72
0
73
1
93
4
10
66.09865379730763
20
23.13312166624337
10
66.66431292862603
20
23.13312166624337
10
66.66431292862603
20
22.593116586233123
10
66.09865379730763
20
22.593116586233123
97
1
330

75
0
76
1
47
0.4128176842155181
98
1
10
34.90568961886538
20
22.81183545379326
450
0
451
0
460
0
461
0
452
1
462
1
453
2
463
0
63
5
421
255
463
1
63
7
421
16777215
470
LINEAR
1001
ACAD
1010
0
1020
0
1030
0
0
HATCH
5
963
100
AcDbEntity
8
TopLayer
100
AcDbHatch
10
0
20
0
30
0
210
0
220
0
230
1
2
SOLID
70
1
71
0
91
1
92
7
72
0
73
1
93
4
10
66.09865379730763
20
23.13312166624337
10
66.66431292862603
20
23.13312166624337
10
66.66431292862603
20
22.593116586233123
10
66.09865379730763
20
22.593116586233123
97
1
330

75
0
76
1
47
0.4128176842155181
98
1
10
34.90568961886538
20
22.81183545379326
450
0
451
0
460
0
461
0
452
1
462
1
453
2
463
0
63
5
421
255
463
1
63
7
421
16777215
470
LINEAR
1001
ACAD
1010
0
1020
0
1030
0
0
HATCH
5
966
100
AcDbEntity
8
TopSolderMaskLayer
100
AcDbHatch
10
0
20
0
30
0
210
0
220
0
230
1
2
SOLID
70
1
71
0
91
1
92
7
72
0
73
1
93
4
10
65.20761773413983
20
23.158524106512004
10
65.82407696705832
20
23.158524106512004
10
65.82407696705832
20
22.567718924901556
10
65.20761773413983
20
22.567718924901556
97
1
330

75
0
76
1
47
0.4128176842155181
98
1
10
34.90568961886538
20
22.81183545379326
450
0
451
0
460
0
461
0
452
1
462
1
453
2
463
0
63
5
421
255
463
1
63
7
421
16777215
470
LINEAR
1001
ACAD
1010
0
1020
0
1030
0
0
HATCH
5
969
100
AcDbEntity
8
TopPasteMaskLayer
100
AcDbHatch
10
0
20
0
30
0
210
0
220
0
230
1
2
SOLID
70
1
71
0
91
1
92
7
72
0
73
1
93
4
10
65.23302006604013
20
23.13312166624337
10
65.7986791973583
20
23.13312166624337
10
65.7986791973583
20
22.593116586233123
10
65.23302006604013
20
22.593116586233123
97
1
330

75
0
76
1
47
0.4128176842155181
98
1
10
34.90568961886538
20
22.81183545379326
450
0
451
0
460
0
461
0
452
1
462
1
453
2
463
0
63
5
421
255
463
1
63
7
421
16777215
470
LINEAR
1001
ACAD
1010
0
1020
0
1030
0
0
HATCH
5
96c
100
AcDbEntity
8
TopLayer
100
AcDbHatch
10
0
20
0
30
0
210
0
220
0
230
1
2
SOLID
70
1
71
0
91
1
92
7
72
0
73
1
93
4
10
65.23302006604013
20
23.13312166624337
10
65.7986791973583
20
23.13312166624337
10
65.7986791973583
20
22.593116586233123
10
65.23302006604013
20
22.593116586233123
97
1
330

75
0
76
1
47
0.4128176842155181
98
1
10
34.90568961886538
20
22.81183545379326
450
0
451
0
460
0
461
0
452
1
462
1
453
2
463
0
63
5
421
255
463
1
63
7
421
16777215
470
LINEAR
1001
ACAD
1010
0
1020
0
1030
0
0
HATCH
5
96f
100
AcDbEntity
8
TopSolderMaskLayer
100
AcDbHatch
10
0
20
0
30
0
210
0
220
0
230
1
2
SOLID
70
1
71
0
91
1
92
7
72
0
73
1
93
4
10
66.33805487593327
20
27.75751318210075
10
66.33805487593327
20
26.842704952484155
10
65.48077776137916
20
26.842704952484155
10
65.48077776137916
20
27.75751318210075
97
1
330

75
0
76
1
47
0.4128176842155181
98
1
10
34.90568961886538
20
22.81183545379326
450
0
451
0
460
0
461
0
452
1
462
1
453
2
463
0
63
5
421
255
463
1
63
7
421
16777215
470
LINEAR
1001
ACAD
1010
0
1020
0
1030
0
0
HATCH
5
972
100
AcDbEntity
8
TopLayer
100
AcDbHatch
10
0
20
0
30
0
210
0
220
0
230
1
2
SOLID
70
1
71
0
91
1
92
7
72
0
73
1
93
4
10
66.3126492252984
20
27.732105664211417
10
66.3126492252984
20
26.868097536195137
10
65.50617221234438
20
26.868097536195137
10
65.50617221234438
20
27.732105664211417
97
1
330

75
0
76
1
47
0.4128176842155181
98
1
10
34.90568961886538
20
22.81183545379326
450
0
451
0
460
0
461
0
452
1
462
1
453
2
463
0
63
5
421
255
463
1
63
7
421
16777215
470
LINEAR
1001
ACAD
1010
0
1020
0
1030
0
0
HATCH
5
975
100
AcDbEntity
8
TopSolderMaskLayer
100
AcDbHatch
10
0
20
0
30
0
210
0
220
0
230
1
2
SOLID
70
1
71
0
91
1
92
7
72
0
73
1
93
4
10
66.98728177433713
20
27.75751318210075
10
66.98728177433713
20
26.842704952484155
10
67.84455888889102
20
26.842704952484155
10
67.84455888889102
20
27.75751318210075
97
1
330

75
0
76
1
47
0.4128176842155181
98
1
10
34.90568961886538
20
22.81183545379326
450
0
451
0
460
0
461
0
452
1
462
1
453
2
463
0
63
5
421
255
463
1
63
7
421
16777215
470
LINEAR
1001
ACAD
1010
0
1020
0
1030
0
0
HATCH
5
978
100
AcDbEntity
8
TopLayer
100
AcDbHatch
10
0
20
0
30
0
210
0
220
0
230
1
2
SOLID
70
1
71
0
91
1
92
7
72
0
73
1
93
4
10
67.01267462534929
20
27.732105664211417
10
67.01267462534929
20
26.868097536195137
10
67.81915163830331
20
26.868097536195137
10
67.81915163830331
20
27.732105664211417
97
1
330

75
0
76
1
47
0.4128176842155181
98
1
10
34.90568961886538
20
22.81183545379326
450
0
451
0
460
0
461
0
452
1
462
1
453
2
463
0
63
5
421
255
463
1
63
7
421
16777215
470
LINEAR
1001
ACAD
1010
0
1020
0
1030
0
0
HATCH
5
97b
100
AcDbEntity
8
TopSolderMaskLayer
100
AcDbHatch
10
0
20
0
30
0
210
0
220
0
230
1
2
SOLID
70
1
71
0
91
1
92
7
72
0
73
1
93
4
10
66.98728177433713
20
25.312698531982164
10
66.98728177433713
20
26.22750676159876
10
67.84455888889102
20
26.22750676159876
10
67.84455888889102
20
25.312698531982164
97
1
330

75
0
76
1
47
0.4128176842155181
98
1
10
34.90568961886538
20
22.81183545379326
450
0
451
0
460
0
461
0
452
1
462
1
453
2
463
0
63
5
421
255
463
1
63
7
421
16777215
470
LINEAR
1001
ACAD
1010
0
1020
0
1030
0
0
HATCH
5
97e
100
AcDbEntity
8
TopLayer
100
AcDbHatch
10
0
20
0
30
0
210
0
220
0
230
1
2
SOLID
70
1
71
0
91
1
92
7
72
0
73
1
93
4
10
67.01267462534929
20
25.338100076200135
10
67.01267462534929
20
26.202108204216415
10
67.81915163830331
20
26.202108204216415
10
67.81915163830331
20
25.338100076200135
97
1
330

75
0
76
1
47
0.4128176842155181
98
1
10
34.90568961886538
20
22.81183545379326
450
0
451
0
460
0
461
0
452
1
462
1
453
2
463
0
63
5
421
255
463
1
63
7
421
16777215
470
LINEAR
1001
ACAD
1010
0
1020
0
1030
0
0
HATCH
5
981
100
AcDbEntity
8
TopSolderMaskLayer
100
AcDbHatch
10
0
20
0
30
0
210
0
220
0
230
1
2
SOLID
70
1
71
0
91
1
92
7
72
0
73
1
93
4
10
66.33805487593327
20
25.312698531982164
10
66.33805487593327
20
26.22750676159876
10
65.48077776137916
20
26.22750676159876
10
65.48077776137916
20
25.312698531982164
97
1
330

75
0
76
1
47
0.4128176842155181
98
1
10
34.90568961886538
20
22.81183545379326
450
0
451
0
460
0
461
0
452
1
462
1
453
2
463
0
63
5
421
255
463
1
63
7
421
16777215
470
LINEAR
1001
ACAD
1010
0
1020
0
1030
0
0
HATCH
5
984
100
AcDbEntity
8
TopLayer
100
AcDbHatch
10
0
20
0
30
0
210
0
220
0
230
1
2
SOLID
70
1
71
0
91
1
92
7
72
0
73
1
93
4
10
66.3126492252984
20
25.338100076200135
10
66.3126492252984
20
26.202108204216415
10
65.50617221234438
20
26.202108204216415
10
65.50617221234438
20
25.338100076200135
97
1
330

75
0
76
1
47
0.4128176842155181
98
1
10
34.90568961886538
20
22.81183545379326
450
0
451
0
460
0
461
0
452
1
462
1
453
2
463
0
63
5
421
255
463
1
63
7
421
16777215
470
LINEAR
1001
ACAD
1010
0
1020
0
1030
0
0
HATCH
5
987
100
AcDbEntity
8
TopSolderMaskLayer
100
AcDbHatch
10
0
20
0
30
0
210
0
220
0
230
1
2
SOLID
70
1
71
0
91
1
92
7
72
0
73
1
93
4
10
62.59927198809419
20
25.553707764161345
10
62.59927198809419
20
25.252779468774293
10
61.79589278597996
20
25.252779468774293
10
61.79589278597996
20
25.553707764161345
97
1
330

75
0
76
1
47
0.4128176842155181
98
1
10
34.90568961886538
20
22.81183545379326
450
0
451
0
460
0
461
0
452
1
462
1
453
2
463
0
63
5
421
255
463
1
63
7
421
16777215
470
LINEAR
1001
ACAD
1010
0
1020
0
1030
0
0
HATCH
5
98a
100
AcDbEntity
8
TopPasteMaskLayer
100
AcDbHatch
10
0
20
0
30
0
210
0
220
0
230
1
2
SOLID
70
1
71
0
91
1
92
7
72
0
73
1
93
4
10
62.53759207518419
20
25.543256286512587
10
62.53759207518419
20
25.263246126492277
10
61.85758191516379
20
25.263246126492277
10
61.85758191516379
20
25.543256286512587
97
1
330

75
0
76
1
47
0.4128176842155181
98
1
10
34.90568961886538
20
22.81183545379326
450
0
451
0
460
0
461
0
452
1
462
1
453
2
463
0
63
5
421
255
463
1
63
7
421
16777215
470
LINEAR
1001
ACAD
1010
0
1020
0
1030
0
0
HATCH
5
98d
100
AcDbEntity
8
TopLayer
100
AcDbHatch
10
0
20
0
30
0
210
0
220
0
230
1
2
SOLID
70
1
71
0
91
1
92
7
72
0
73
1
93
4
10
62.53759207518419
20
25.543256286512587
10
62.53759207518419
20
25.263246126492277
10
61.85758191516379
20
25.263246126492277
10
61.85758191516379
20
25.543256286512587
97
1
330

75
0
76
1
47
0.4128176842155181
98
1
10
34.90568961886538
20
22.81183545379326
450
0
451
0
460
0
461
0
452
1
462
1
453
2
463
0
63
5
421
255
463
1
63
7
421
16777215
470
LINEAR
1001
ACAD
1010
0
1020
0
1030
0
0
HATCH
5
990
100
AcDbEntity
8
TopSolderMaskLayer
100
AcDbHatch
10
0
20
0
30
0
210
0
220
0
230
1
2
SOLID
70
1
71
0
91
1
92
7
72
0
73
1
93
4
10
62.59927198809419
20
25.05358076390735
10
62.59927198809419
20
24.752652468520296
10
61.79589278597996
20
24.752652468520296
10
61.79589278597996
20
25.05358076390735
97
1
330

75
0
76
1
47
0.4128176842155181
98
1
10
34.90568961886538
20
22.81183545379326
450
0
451
0
460
0
461
0
452
1
462
1
453
2
463
0
63
5
421
255
463
1
63
7
421
16777215
470
LINEAR
1001
ACAD
1010
0
1020
0
1030
0
0
HATCH
5
993
100
AcDbEntity
8
TopPasteMaskLayer
100
AcDbHatch
10
0
20
0
30
0
210
0
220
0
230
1
2
SOLID
70
1
71
0
91
1
92
7
72
0
73
1
93
4
10
62.53759207518419
20
25.04312928625859
10
62.53759207518419
20
24.76311912623828
10
61.85758191516379
20
24.76311912623828
10
61.85758191516379
20
25.04312928625859
97
1
330

75
0
76
1
47
0.4128176842155181
98
1
10
34.90568961886538
20
22.81183545379326
450
0
451
0
460
0
461
0
452
1
462
1
453
2
463
0
63
5
421
255
463
1
63
7
421
16777215
470
LINEAR
1001
ACAD
1010
0
1020
0
1030
0
0
HATCH
5
996
100
AcDbEntity
8
TopLayer
100
AcDbHatch
10
0
20
0
30
0
210
0
220
0
230
1
2
SOLID
70
1
71
0
91
1
92
7
72
0
73
1
93
4
10
62.53759207518419
20
25.04312928625859
10
62.53759207518419
20
24.76311912623828
10
61.85758191516379
20
24.76311912623828
10
61.85758191516379
20
25.04312928625859
97
1
330

75
0
76
1
47
0.4128176842155181
98
1
10
34.90568961886538
20
22.81183545379326
450
0
451
0
460
0
461
0
452
1
462
1
453
2
463
0
63
5
421
255
463
1
63
7
421
16777215
470
LINEAR
1001
ACAD
1010
0
1020
0
1030
0
0
HATCH
5
999
100
AcDbEntity
8
TopSolderMaskLayer
100
AcDbHatch
10
0
20
0
30
0
210
0
220
0
230
1
2
SOLID
70
1
71
0
91
1
92
7
72
0
73
1
93
4
10
62.59927198809419
20
24.553707764161345
10
62.59927198809419
20
24.25277946877418
10
61.79589278597996
20
24.25277946877418
10
61.79589278597996
20
24.553707764161345
97
1
330

75
0
76
1
47
0.4128176842155181
98
1
10
34.90568961886538
20
22.81183545379326
450
0
451
0
460
0
461
0
452
1
462
1
453
2
463
0
63
5
421
255
463
1
63
7
421
16777215
470
LINEAR
1001
ACAD
1010
0
1020
0
1030
0
0
HATCH
5
99c
100
AcDbEntity
8
TopPasteMaskLayer
100
AcDbHatch
10
0
20
0
30
0
210
0
220
0
230
1
2
SOLID
70
1
71
0
91
1
92
7
72
0
73
1
93
4
10
62.53759207518419
20
24.543256286512587
10
62.53759207518419
20
24.263246126492163
10
61.85758191516379
20
24.263246126492163
10
61.85758191516379
20
24.543256286512587
97
1
330

75
0
76
1
47
0.4128176842155181
98
1
10
34.90568961886538
20
22.81183545379326
450
0
451
0
460
0
461
0
452
1
462
1
453
2
463
0
63
5
421
255
463
1
63
7
421
16777215
470
LINEAR
1001
ACAD
1010
0
1020
0
1030
0
0
HATCH
5
99f
100
AcDbEntity
8
TopLayer
100
AcDbHatch
10
0
20
0
30
0
210
0
220
0
230
1
2
SOLID
70
1
71
0
91
1
92
7
72
0
73
1
93
4
10
62.53759207518419
20
24.543256286512587
10
62.53759207518419
20
24.263246126492163
10
61.85758191516379
20
24.263246126492163
10
61.85758191516379
20
24.543256286512587
97
1
330

75
0
76
1
47
0.4128176842155181
98
1
10
34.90568961886538
20
22.81183545379326
450
0
451
0
460
0
461
0
452
1
462
1
453
2
463
0
63
5
421
255
463
1
63
7
421
16777215
470
LINEAR
1001
ACAD
1010
0
1020
0
1030
0
0
HATCH
5
9a2
100
AcDbEntity
8
TopSolderMaskLayer
100
AcDbHatch
10
0
20
0
30
0
210
0
220
0
230
1
2
SOLID
70
1
71
0
91
1
92
7
72
0
73
1
93
4
10
63.87943454841934
20
24.553707764161345
10
63.87943454841934
20
24.25277946877418
10
63.07605534630511
20
24.25277946877418
10
63.07605534630511
20
24.553707764161345
97
1
330

75
0
76
1
47
0.4128176842155181
98
1
10
34.90568961886538
20
22.81183545379326
450
0
451
0
460
0
461
0
452
1
462
1
453
2
463
0
63
5
421
255
463
1
63
7
421
16777215
470
LINEAR
1001
ACAD
1010
0
1020
0
1030
0
0
HATCH
5
9a5
100
AcDbEntity
8
TopPasteMaskLayer
100
AcDbHatch
10
0
20
0
30
0
210
0
220
0
230
1
2
SOLID
70
1
71
0
91
1
92
7
72
0
73
1
93
4
10
63.817754635509345
20
24.543256286512587
10
63.817754635509345
20
24.263246126492163
10
63.137744475488944
20
24.263246126492163
10
63.137744475488944
20
24.543256286512587
97
1
330

75
0
76
1
47
0.4128176842155181
98
1
10
34.90568961886538
20
22.81183545379326
450
0
451
0
460
0
461
0
452
1
462
1
453
2
463
0
63
5
421
255
463
1
63
7
421
16777215
470
LINEAR
1001
ACAD
1010
0
1020
0
1030
0
0
HATCH
5
9a8
100
AcDbEntity
8
TopLayer
100
AcDbHatch
10
0
20
0
30
0
210
0
220
0
230
1
2
SOLID
70
1
71
0
91
1
92
7
72
0
73
1
93
4
10
63.817754635509345
20
24.543256286512587
10
63.817754635509345
20
24.263246126492163
10
63.137744475488944
20
24.263246126492163
10
63.137744475488944
20
24.543256286512587
97
1
330

75
0
76
1
47
0.4128176842155181
98
1
10
34.90568961886538
20
22.81183545379326
450
0
451
0
460
0
461
0
452
1
462
1
453
2
463
0
63
5
421
255
463
1
63
7
421
16777215
470
LINEAR
1001
ACAD
1010
0
1020
0
1030
0
0
HATCH
5
9ab
100
AcDbEntity
8
TopSolderMaskLayer
100
AcDbHatch
10
0
20
0
30
0
210
0
220
0
230
1
2
SOLID
70
1
71
0
91
1
92
7
72
0
73
1
93
4
10
63.87943454841934
20
25.05358076390735
10
63.87943454841934
20
24.752652468520296
10
63.07605534630511
20
24.752652468520296
10
63.07605534630511
20
25.05358076390735
97
1
330

75
0
76
1
47
0.4128176842155181
98
1
10
34.90568961886538
20
22.81183545379326
450
0
451
0
460
0
461
0
452
1
462
1
453
2
463
0
63
5
421
255
463
1
63
7
421
16777215
470
LINEAR
1001
ACAD
1010
0
1020
0
1030
0
0
HATCH
5
9ae
100
AcDbEntity
8
TopPasteMaskLayer
100
AcDbHatch
10
0
20
0
30
0
210
0
220
0
230
1
2
SOLID
70
1
71
0
91
1
92
7
72
0
73
1
93
4
10
63.817754635509345
20
25.04312928625859
10
63.817754635509345
20
24.76311912623828
10
63.137744475488944
20
24.76311912623828
10
63.137744475488944
20
25.04312928625859
97
1
330

75
0
76
1
47
0.4128176842155181
98
1
10
34.90568961886538
20
22.81183545379326
450
0
451
0
460
0
461
0
452
1
462
1
453
2
463
0
63
5
421
255
463
1
63
7
421
16777215
470
LINEAR
1001
ACAD
1010
0
1020
0
1030
0
0
HATCH
5
9b1
100
AcDbEntity
8
TopLayer
100
AcDbHatch
10
0
20
0
30
0
210
0
220
0
230
1
2
SOLID
70
1
71
0
91
1
92
7
72
0
73
1
93
4
10
63.817754635509345
20
25.04312928625859
10
63.817754635509345
20
24.76311912623828
10
63.137744475488944
20
24.76311912623828
10
63.137744475488944
20
25.04312928625859
97
1
330

75
0
76
1
47
0.4128176842155181
98
1
10
34.90568961886538
20
22.81183545379326
450
0
451
0
460
0
461
0
452
1
462
1
453
2
463
0
63
5
421
255
463
1
63
7
421
16777215
470
LINEAR
1001
ACAD
1010
0
1020
0
1030
0
0
HATCH
5
9b4
100
AcDbEntity
8
TopSolderMaskLayer
100
AcDbHatch
10
0
20
0
30
0
210
0
220
0
230
1
2
SOLID
70
1
71
0
91
1
92
7
72
0
73
1
93
4
10
63.87943454841934
20
25.553707764161345
10
63.87943454841934
20
25.252779468774293
10
63.07605534630511
20
25.252779468774293
10
63.07605534630511
20
25.553707764161345
97
1
330

75
0
76
1
47
0.4128176842155181
98
1
10
34.90568961886538
20
22.81183545379326
450
0
451
0
460
0
461
0
452
1
462
1
453
2
463
0
63
5
421
255
463
1
63
7
421
16777215
470
LINEAR
1001
ACAD
1010
0
1020
0
1030
0
0
HATCH
5
9b7
100
AcDbEntity
8
TopPasteMaskLayer
100
AcDbHatch
10
0
20
0
30
0
210
0
220
0
230
1
2
SOLID
70
1
71
0
91
1
92
7
72
0
73
1
93
4
10
63.817754635509345
20
25.543256286512587
10
63.817754635509345
20
25.263246126492277
10
63.137744475488944
20
25.263246126492277
10
63.137744475488944
20
25.543256286512587
97
1
330

75
0
76
1
47
0.4128176842155181
98
1
10
34.90568961886538
20
22.81183545379326
450
0
451
0
460
0
461
0
452
1
462
1
453
2
463
0
63
5
421
255
463
1
63
7
421
16777215
470
LINEAR
1001
ACAD
1010
0
1020
0
1030
0
0
HATCH
5
9ba
100
AcDbEntity
8
TopLayer
100
AcDbHatch
10
0
20
0
30
0
210
0
220
0
230
1
2
SOLID
70
1
71
0
91
1
92
7
72
0
73
1
93
4
10
63.817754635509345
20
25.543256286512587
10
63.817754635509345
20
25.263246126492277
10
63.137744475488944
20
25.263246126492277
10
63.137744475488944
20
25.543256286512587
97
1
330

75
0
76
1
47
0.4128176842155181
98
1
10
34.90568961886538
20
22.81183545379326
450
0
451
0
460
0
461
0
452
1
462
1
453
2
463
0
63
5
421
255
463
1
63
7
421
16777215
470
LINEAR
1001
ACAD
1010
0
1020
0
1030
0
0
HATCH
5
9bd
100
AcDbEntity
8
TopSolderMaskLayer
100
AcDbHatch
10
0
20
0
30
0
210
0
220
0
230
1
2
SOLID
70
1
71
0
91
1
92
7
72
0
73
1
93
4
10
63.14469986574386
20
23.14468564420997
10
63.14469986574386
20
21.011348077534876
10
59.86729018711503
20
21.011348077534876
10
59.86729018711503
20
23.14468564420997
97
1
330

75
0
76
1
47
0.4128176842155181
98
1
10
34.90568961886538
20
22.81183545379326
450
0
451
0
460
0
461
0
452
1
462
1
453
2
463
0
63
5
421
255
463
1
63
7
421
16777215
470
LINEAR
1001
ACAD
1010
0
1020
0
1030
0
0
HATCH
5
9c0
100
AcDbEntity
8
TopPasteMaskLayer
100
AcDbHatch
10
0
20
0
30
0
210
0
220
0
230
1
2
SOLID
70
1
71
0
91
1
92
7
72
0
73
1
93
4
10
63.10599441198883
20
23.128016256032424
10
63.10599441198883
20
21.028016256032515
10
59.905994411988786
20
21.028016256032515
10
59.905994411988786
20
23.128016256032424
97
1
330

75
0
76
1
47
0.4128176842155181
98
1
10
34.90568961886538
20
22.81183545379326
450
0
451
0
460
0
461
0
452
1
462
1
453
2
463
0
63
5
421
255
463
1
63
7
421
16777215
470
LINEAR
1001
ACAD
1010
0
1020
0
1030
0
0
HATCH
5
9c3
100
AcDbEntity
8
TopLayer
100
AcDbHatch
10
0
20
0
30
0
210
0
220
0
230
1
2
SOLID
70
1
71
0
91
1
92
7
72
0
73
1
93
4
10
63.10599441198883
20
23.128016256032424
10
63.10599441198883
20
21.028016256032515
10
59.905994411988786
20
21.028016256032515
10
59.905994411988786
20
23.128016256032424
97
1
330

75
0
76
1
47
0.4128176842155181
98
1
10
34.90568961886538
20
22.81183545379326
450
0
451
0
460
0
461
0
452
1
462
1
453
2
463
0
63
5
421
255
463
1
63
7
421
16777215
470
LINEAR
1001
ACAD
1010
0
1020
0
1030
0
0
HATCH
5
9c6
100
AcDbEntity
8
TopSolderMaskLayer
100
AcDbHatch
10
0
20
0
30
0
210
0
220
0
230
1
2
SOLID
70
1
71
0
91
1
92
7
72
0
73
1
93
4
10
63.14469986574386
20
17.544659034479423
10
63.14469986574386
20
15.411321467804214
10
59.86729018711503
20
15.411321467804214
10
59.86729018711503
20
17.544659034479423
97
1
330

75
0
76
1
47
0.4128176842155181
98
1
10
34.90568961886538
20
22.81183545379326
450
0
451
0
460
0
461
0
452
1
462
1
453
2
463
0
63
5
421
255
463
1
63
7
421
16777215
470
LINEAR
1001
ACAD
1010
0
1020
0
1030
0
0
HATCH
5
9c9
100
AcDbEntity
8
TopPasteMaskLayer
100
AcDbHatch
10
0
20
0
30
0
210
0
220
0
230
1
2
SOLID
70
1
71
0
91
1
92
7
72
0
73
1
93
4
10
63.10599441198883
20
17.527990855981784
10
63.10599441198883
20
15.427990855981648
10
59.905994411988786
20
15.427990855981648
10
59.905994411988786
20
17.527990855981784
97
1
330

75
0
76
1
47
0.4128176842155181
98
1
10
34.90568961886538
20
22.81183545379326
450
0
451
0
460
0
461
0
452
1
462
1
453
2
463
0
63
5
421
255
463
1
63
7
421
16777215
470
LINEAR
1001
ACAD
1010
0
1020
0
1030
0
0
HATCH
5
9cc
100
AcDbEntity
8
TopLayer
100
AcDbHatch
10
0
20
0
30
0
210
0
220
0
230
1
2
SOLID
70
1
71
0
91
1
92
7
72
0
73
1
93
4
10
63.10599441198883
20
17.527990855981784
10
63.10599441198883
20
15.427990855981648
10
59.905994411988786
20
15.427990855981648
10
59.905994411988786
20
17.527990855981784
97
1
330

75
0
76
1
47
0.4128176842155181
98
1
10
34.90568961886538
20
22.81183545379326
450
0
451
0
460
0
461
0
452
1
462
1
453
2
463
0
63
5
421
255
463
1
63
7
421
16777215
470
LINEAR
1001
ACAD
1010
0
1020
0
1030
0
0
HATCH
5
9d3
100
AcDbEntity
8
TopSolderMaskLayer
100
AcDbHatch
10
0
20
0
30
0
210
0
220
0
230
1
2
SOLID
70
1
71
0
91
1
92
7
72
1
73
1
93
4
10
39.64242060694028
20
120.26148082296164
42
-0.7853981633974483
10
39.64242060694028
20
120.6762890525781
42
0
10
41.10789689369494
20
120.6762890525781
42
-0.7853981633974483
10
41.10789689369494
20
120.26148082296164
42
0
97
1
330

75
0
76
1
47
0.4128176842155181
98
1
10
34.90568961886538
20
22.81183545379326
450
0
451
0
460
0
461
0
452
1
462
1
453
2
463
0
63
5
421
255
463
1
63
7
421
16777215
470
LINEAR
1001
ACAD
1010
0
1020
0
1030
0
0
HATCH
5
9da
100
AcDbEntity
8
TopPasteMaskLayer
100
AcDbHatch
10
0
20
0
30
0
210
0
220
0
230
1
2
SOLID
70
1
71
0
91
1
92
7
72
1
73
1
93
4
10
39.73215646431299
20
120.28688087376175
42
-0.7853981633974483
10
39.73215646431299
20
120.650889001778
42
0
10
41.018161036322226
20
120.650889001778
42
-0.7853981633974483
10
41.018161036322226
20
120.28688087376175
42
0
97
1
330

75
0
76
1
47
0.4128176842155181
98
1
10
34.90568961886538
20
22.81183545379326
450
0
451
0
460
0
461
0
452
1
462
1
453
2
463
0
63
5
421
255
463
1
63
7
421
16777215
470
LINEAR
1001
ACAD
1010
0
1020
0
1030
0
0
HATCH
5
9e1
100
AcDbEntity
8
TopLayer
100
AcDbHatch
10
0
20
0
30
0
210
0
220
0
230
1
2
SOLID
70
1
71
0
91
1
92
7
72
1
73
1
93
4
10
39.73215646431299
20
120.28688087376175
42
-0.7853981633974483
10
39.73215646431299
20
120.650889001778
42
0
10
41.018161036322226
20
120.650889001778
42
-0.7853981633974483
10
41.018161036322226
20
120.28688087376175
42
0
97
1
330

75
0
76
1
47
0.4128176842155181
98
1
10
34.90568961886538
20
22.81183545379326
450
0
451
0
460
0
461
0
452
1
462
1
453
2
463
0
63
5
421
255
463
1
63
7
421
16777215
470
LINEAR
1001
ACAD
1010
0
1020
0
1030
0
0
HATCH
5
9e8
100
AcDbEntity
8
TopSolderMaskLayer
100
AcDbHatch
10
0
20
0
30
0
210
0
220
0
230
1
2
SOLID
70
1
71
0
91
1
92
7
72
1
73
1
93
4
10
39.64242060694028
20
120.9114681229362
42
-0.7853981633974483
10
39.64242060694028
20
121.32627635255265
42
0
10
41.10789689369494
20
121.32627635255265
42
-0.7853981633974483
10
41.10789689369494
20
120.9114681229362
42
0
97
1
330

75
0
76
1
47
0.4128176842155181
98
1
10
34.90568961886538
20
22.81183545379326
450
0
451
0
460
0
461
0
452
1
462
1
453
2
463
0
63
5
421
255
463
1
63
7
421
16777215
470
LINEAR
1001
ACAD
1010
0
1020
0
1030
0
0
HATCH
5
9ef
100
AcDbEntity
8
TopPasteMaskLayer
100
AcDbHatch
10
0
20
0
30
0
210
0
220
0
230
1
2
SOLID
70
1
71
0
91
1
92
7
72
1
73
1
93
4
10
39.73215646431299
20
120.9368681737363
42
-0.7853981633974483
10
39.73215646431299
20
121.30087630175255
42
0
10
41.018161036322226
20
121.30087630175255
42
-0.7853981633974483
10
41.018161036322226
20
120.9368681737363
42
0
97
1
330

75
0
76
1
47
0.4128176842155181
98
1
10
34.90568961886538
20
22.81183545379326
450
0
451
0
460
0
461
0
452
1
462
1
453
2
463
0
63
5
421
255
463
1
63
7
421
16777215
470
LINEAR
1001
ACAD
1010
0
1020
0
1030
0
0
HATCH
5
9f6
100
AcDbEntity
8
TopLayer
100
AcDbHatch
10
0
20
0
30
0
210
0
220
0
230
1
2
SOLID
70
1
71
0
91
1
92
7
72
1
73
1
93
4
10
39.73215646431299
20
120.9368681737363
42
-0.7853981633974483
10
39.73215646431299
20
121.30087630175255
42
0
10
41.018161036322226
20
121.30087630175255
42
-0.7853981633974483
10
41.018161036322226
20
120.9368681737363
42
0
97
1
330

75
0
76
1
47
0.4128176842155181
98
1
10
34.90568961886538
20
22.81183545379326
450
0
451
0
460
0
461
0
452
1
462
1
453
2
463
0
63
5
421
255
463
1
63
7
421
16777215
470
LINEAR
1001
ACAD
1010
0
1020
0
1030
0
0
HATCH
5
9fd
100
AcDbEntity
8
TopSolderMaskLayer
100
AcDbHatch
10
0
20
0
30
0
210
0
220
0
230
1
2
SOLID
70
1
71
0
91
1
92
7
72
1
73
1
93
4
10
39.64242060694028
20
121.56170942341886
42
-0.7853981633974483
10
39.64242060694028
20
121.97651765303532
42
0
10
41.10789689369494
20
121.97651765303532
42
-0.7853981633974483
10
41.10789689369494
20
121.56170942341886
42
0
97
1
330

75
0
76
1
47
0.4128176842155181
98
1
10
34.90568961886538
20
22.81183545379326
450
0
451
0
460
0
461
0
452
1
462
1
453
2
463
0
63
5
421
255
463
1
63
7
421
16777215
470
LINEAR
1001
ACAD
1010
0
1020
0
1030
0
0
HATCH
5
a04
100
AcDbEntity
8
TopPasteMaskLayer
100
AcDbHatch
10
0
20
0
30
0
210
0
220
0
230
1
2
SOLID
70
1
71
0
91
1
92
7
72
1
73
1
93
4
10
39.73215646431299
20
121.58710947421896
42
-0.7853981633974483
10
39.73215646431299
20
121.95111760223521
42
0
10
41.018161036322226
20
121.95111760223521
42
-0.7853981633974483
10
41.018161036322226
20
121.58710947421896
42
0
97
1
330

75
0
76
1
47
0.4128176842155181
98
1
10
34.90568961886538
20
22.81183545379326
450
0
451
0
460
0
461
0
452
1
462
1
453
2
463
0
63
5
421
255
463
1
63
7
421
16777215
470
LINEAR
1001
ACAD
1010
0
1020
0
1030
0
0
HATCH
5
a0b
100
AcDbEntity
8
TopLayer
100
AcDbHatch
10
0
20
0
30
0
210
0
220
0
230
1
2
SOLID
70
1
71
0
91
1
92
7
72
1
73
1
93
4
10
39.73215646431299
20
121.58710947421896
42
-0.7853981633974483
10
39.73215646431299
20
121.95111760223521
42
0
10
41.018161036322226
20
121.95111760223521
42
-0.7853981633974483
10
41.018161036322226
20
121.58710947421896
42
0
97
1
330

75
0
76
1
47
0.4128176842155181
98
1
10
34.90568961886538
20
22.81183545379326
450
0
451
0
460
0
461
0
452
1
462
1
453
2
463
0
63
5
421
255
463
1
63
7
421
16777215
470
LINEAR
1001
ACAD
1010
0
1020
0
1030
0
0
HATCH
5
a12
100
AcDbEntity
8
TopSolderMaskLayer
100
AcDbHatch
10
0
20
0
30
0
210
0
220
0
230
1
2
SOLID
70
1
71
0
91
1
92
7
72
1
73
1
93
4
10
39.64242060694028
20
122.21169672339342
42
-0.7853981633974483
10
39.64242060694028
20
122.62650495300987
42
0
10
41.10789689369494
20
122.62650495300987
42
-0.7853981633974483
10
41.10789689369494
20
122.21169672339342
42
0
97
1
330

75
0
76
1
47
0.4128176842155181
98
1
10
34.90568961886538
20
22.81183545379326
450
0
451
0
460
0
461
0
452
1
462
1
453
2
463
0
63
5
421
255
463
1
63
7
421
16777215
470
LINEAR
1001
ACAD
1010
0
1020
0
1030
0
0
HATCH
5
a19
100
AcDbEntity
8
TopPasteMaskLayer
100
AcDbHatch
10
0
20
0
30
0
210
0
220
0
230
1
2
SOLID
70
1
71
0
91
1
92
7
72
1
73
1
93
4
10
39.73215646431299
20
122.23709677419352
42
-0.7853981633974483
10
39.73215646431299
20
122.60110490220977
42
0
10
41.018161036322226
20
122.60110490220977
42
-0.7853981633974483
10
41.018161036322226
20
122.23709677419352
42
0
97
1
330

75
0
76
1
47
0.4128176842155181
98
1
10
34.90568961886538
20
22.81183545379326
450
0
451
0
460
0
461
0
452
1
462
1
453
2
463
0
63
5
421
255
463
1
63
7
421
16777215
470
LINEAR
1001
ACAD
1010
0
1020
0
1030
0
0
HATCH
5
a20
100
AcDbEntity
8
TopLayer
100
AcDbHatch
10
0
20
0
30
0
210
0
220
0
230
1
2
SOLID
70
1
71
0
91
1
92
7
72
1
73
1
93
4
10
39.73215646431299
20
122.23709677419352
42
-0.7853981633974483
10
39.73215646431299
20
122.60110490220977
42
0
10
41.018161036322226
20
122.60110490220977
42
-0.7853981633974483
10
41.018161036322226
20
122.23709677419352
42
0
97
1
330

75
0
76
1
47
0.4128176842155181
98
1
10
34.90568961886538
20
22.81183545379326
450
0
451
0
460
0
461
0
452
1
462
1
453
2
463
0
63
5
421
255
463
1
63
7
421
16777215
470
LINEAR
1001
ACAD
1010
0
1020
0
1030
0
0
HATCH
5
a27
100
AcDbEntity
8
TopSolderMaskLayer
100
AcDbHatch
10
0
20
0
30
0
210
0
220
0
230
1
2
SOLID
70
1
71
0
91
1
92
7
72
1
73
1
93
4
10
39.64242060694028
20
122.86168402336808
42
-0.7853981633974483
10
39.64242060694028
20
123.27649225298454
42
0
10
41.10789689369494
20
123.27649225298454
42
-0.7853981633974483
10
41.10789689369494
20
122.86168402336808
42
0
97
1
330

75
0
76
1
47
0.4128176842155181
98
1
10
34.90568961886538
20
22.81183545379326
450
0
451
0
460
0
461
0
452
1
462
1
453
2
463
0
63
5
421
255
463
1
63
7
421
16777215
470
LINEAR
1001
ACAD
1010
0
1020
0
1030
0
0
HATCH
5
a2e
100
AcDbEntity
8
TopPasteMaskLayer
100
AcDbHatch
10
0
20
0
30
0
210
0
220
0
230
1
2
SOLID
70
1
71
0
91
1
92
7
72
1
73
1
93
4
10
39.73215646431299
20
122.88708407416819
42
-0.7853981633974483
10
39.73215646431299
20
123.25109220218444
42
0
10
41.018161036322226
20
123.25109220218444
42
-0.7853981633974483
10
41.018161036322226
20
122.88708407416819
42
0
97
1
330

75
0
76
1
47
0.4128176842155181
98
1
10
34.90568961886538
20
22.81183545379326
450
0
451
0
460
0
461
0
452
1
462
1
453
2
463
0
63
5
421
255
463
1
63
7
421
16777215
470
LINEAR
1001
ACAD
1010
0
1020
0
1030
0
0
HATCH
5
a35
100
AcDbEntity
8
TopLayer
100
AcDbHatch
10
0
20
0
30
0
210
0
220
0
230
1
2
SOLID
70
1
71
0
91
1
92
7
72
1
73
1
93
4
10
39.73215646431299
20
122.88708407416819
42
-0.7853981633974483
10
39.73215646431299
20
123.25109220218444
42
0
10
41.018161036322226
20
123.25109220218444
42
-0.7853981633974483
10
41.018161036322226
20
122.88708407416819
42
0
97
1
330

75
0
76
1
47
0.4128176842155181
98
1
10
34.90568961886538
20
22.81183545379326
450
0
451
0
460
0
461
0
452
1
462
1
453
2
463
0
63
5
421
255
463
1
63
7
421
16777215
470
LINEAR
1001
ACAD
1010
0
1020
0
1030
0
0
HATCH
5
a3c
100
AcDbEntity
8
TopSolderMaskLayer
100
AcDbHatch
10
0
20
0
30
0
210
0
220
0
230
1
2
SOLID
70
1
71
0
91
1
92
7
72
1
73
1
93
4
10
39.64242060694028
20
123.51167132334264
42
-0.7853981633974483
10
39.64242060694028
20
123.9264795529591
42
0
10
41.10789689369494
20
123.9264795529591
42
-0.7853981633974483
10
41.10789689369494
20
123.51167132334264
42
0
97
1
330

75
0
76
1
47
0.4128176842155181
98
1
10
34.90568961886538
20
22.81183545379326
450
0
451
0
460
0
461
0
452
1
462
1
453
2
463
0
63
5
421
255
463
1
63
7
421
16777215
470
LINEAR
1001
ACAD
1010
0
1020
0
1030
0
0
HATCH
5
a43
100
AcDbEntity
8
TopPasteMaskLayer
100
AcDbHatch
10
0
20
0
30
0
210
0
220
0
230
1
2
SOLID
70
1
71
0
91
1
92
7
72
1
73
1
93
4
10
39.73215646431299
20
123.53707137414274
42
-0.7853981633974483
10
39.73215646431299
20
123.90107950215899
42
0
10
41.018161036322226
20
123.90107950215899
42
-0.7853981633974483
10
41.018161036322226
20
123.53707137414274
42
0
97
1
330

75
0
76
1
47
0.4128176842155181
98
1
10
34.90568961886538
20
22.81183545379326
450
0
451
0
460
0
461
0
452
1
462
1
453
2
463
0
63
5
421
255
463
1
63
7
421
16777215
470
LINEAR
1001
ACAD
1010
0
1020
0
1030
0
0
HATCH
5
a4a
100
AcDbEntity
8
TopLayer
100
AcDbHatch
10
0
20
0
30
0
210
0
220
0
230
1
2
SOLID
70
1
71
0
91
1
92
7
72
1
73
1
93
4
10
39.73215646431299
20
123.53707137414274
42
-0.7853981633974483
10
39.73215646431299
20
123.90107950215899
42
0
10
41.018161036322226
20
123.90107950215899
42
-0.7853981633974483
10
41.018161036322226
20
123.53707137414274
42
0
97
1
330

75
0
76
1
47
0.4128176842155181
98
1
10
34.90568961886538
20
22.81183545379326
450
0
451
0
460
0
461
0
452
1
462
1
453
2
463
0
63
5
421
255
463
1
63
7
421
16777215
470
LINEAR
1001
ACAD
1010
0
1020
0
1030
0
0
HATCH
5
a51
100
AcDbEntity
8
TopSolderMaskLayer
100
AcDbHatch
10
0
20
0
30
0
210
0
220
0
230
1
2
SOLID
70
1
71
0
91
1
92
7
72
1
73
1
93
4
10
35.392484107067276
20
120.26148082296164
42
-0.7853981633974483
10
35.392484107067276
20
120.6762890525781
42
0
10
36.85796039382194
20
120.6762890525781
42
-0.7853981633974483
10
36.85796039382194
20
120.26148082296164
42
0
97
1
330

75
0
76
1
47
0.4128176842155181
98
1
10
34.90568961886538
20
22.81183545379326
450
0
451
0
460
0
461
0
452
1
462
1
453
2
463
0
63
5
421
255
463
1
63
7
421
16777215
470
LINEAR
1001
ACAD
1010
0
1020
0
1030
0
0
HATCH
5
a58
100
AcDbEntity
8
TopPasteMaskLayer
100
AcDbHatch
10
0
20
0
30
0
210
0
220
0
230
1
2
SOLID
70
1
71
0
91
1
92
7
72
1
73
1
93
4
10
35.48221996443999
20
120.28688087376175
42
-0.7853981633974483
10
35.48221996443999
20
120.650889001778
42
0
10
36.768224536449225
20
120.650889001778
42
-0.7853981633974483
10
36.768224536449225
20
120.28688087376175
42
0
97
1
330

75
0
76
1
47
0.4128176842155181
98
1
10
34.90568961886538
20
22.81183545379326
450
0
451
0
460
0
461
0
452
1
462
1
453
2
463
0
63
5
421
255
463
1
63
7
421
16777215
470
LINEAR
1001
ACAD
1010
0
1020
0
1030
0
0
HATCH
5
a5f
100
AcDbEntity
8
TopLayer
100
AcDbHatch
10
0
20
0
30
0
210
0
220
0
230
1
2
SOLID
70
1
71
0
91
1
92
7
72
1
73
1
93
4
10
35.48221996443999
20
120.28688087376175
42
-0.7853981633974483
10
35.48221996443999
20
120.650889001778
42
0
10
36.768224536449225
20
120.650889001778
42
-0.7853981633974483
10
36.768224536449225
20
120.28688087376175
42
0
97
1
330

75
0
76
1
47
0.4128176842155181
98
1
10
34.90568961886538
20
22.81183545379326
450
0
451
0
460
0
461
0
452
1
462
1
453
2
463
0
63
5
421
255
463
1
63
7
421
16777215
470
LINEAR
1001
ACAD
1010
0
1020
0
1030
0
0
HATCH
5
a66
100
AcDbEntity
8
TopSolderMaskLayer
100
AcDbHatch
10
0
20
0
30
0
210
0
220
0
230
1
2
SOLID
70
1
71
0
91
1
92
7
72
1
73
1
93
4
10
35.392484107067276
20
120.9114681229362
42
-0.7853981633974483
10
35.392484107067276
20
121.32627635255265
42
0
10
36.85796039382194
20
121.32627635255265
42
-0.7853981633974483
10
36.85796039382194
20
120.9114681229362
42
0
97
1
330

75
0
76
1
47
0.4128176842155181
98
1
10
34.90568961886538
20
22.81183545379326
450
0
451
0
460
0
461
0
452
1
462
1
453
2
463
0
63
5
421
255
463
1
63
7
421
16777215
470
LINEAR
1001
ACAD
1010
0
1020
0
1030
0
0
HATCH
5
a6d
100
AcDbEntity
8
TopPasteMaskLayer
100
AcDbHatch
10
0
20
0
30
0
210
0
220
0
230
1
2
SOLID
70
1
71
0
91
1
92
7
72
1
73
1
93
4
10
35.48221996443999
20
120.9368681737363
42
-0.7853981633974483
10
35.48221996443999
20
121.30087630175255
42
0
10
36.768224536449225
20
121.30087630175255
42
-0.7853981633974483
10
36.768224536449225
20
120.9368681737363
42
0
97
1
330

75
0
76
1
47
0.4128176842155181
98
1
10
34.90568961886538
20
22.81183545379326
450
0
451
0
460
0
461
0
452
1
462
1
453
2
463
0
63
5
421
255
463
1
63
7
421
16777215
470
LINEAR
1001
ACAD
1010
0
1020
0
1030
0
0
HATCH
5
a74
100
AcDbEntity
8
TopLayer
100
AcDbHatch
10
0
20
0
30
0
210
0
220
0
230
1
2
SOLID
70
1
71
0
91
1
92
7
72
1
73
1
93
4
10
35.48221996443999
20
120.9368681737363
42
-0.7853981633974483
10
35.48221996443999
20
121.30087630175255
42
0
10
36.768224536449225
20
121.30087630175255
42
-0.7853981633974483
10
36.768224536449225
20
120.9368681737363
42
0
97
1
330

75
0
76
1
47
0.4128176842155181
98
1
10
34.90568961886538
20
22.81183545379326
450
0
451
0
460
0
461
0
452
1
462
1
453
2
463
0
63
5
421
255
463
1
63
7
421
16777215
470
LINEAR
1001
ACAD
1010
0
1020
0
1030
0
0
HATCH
5
a7b
100
AcDbEntity
8
TopSolderMaskLayer
100
AcDbHatch
10
0
20
0
30
0
210
0
220
0
230
1
2
SOLID
70
1
71
0
91
1
92
7
72
1
73
1
93
4
10
35.392484107067276
20
121.56170942341886
42
-0.7853981633974483
10
35.392484107067276
20
121.97651765303532
42
0
10
36.85796039382194
20
121.97651765303532
42
-0.7853981633974483
10
36.85796039382194
20
121.56170942341886
42
0
97
1
330

75
0
76
1
47
0.4128176842155181
98
1
10
34.90568961886538
20
22.81183545379326
450
0
451
0
460
0
461
0
452
1
462
1
453
2
463
0
63
5
421
255
463
1
63
7
421
16777215
470
LINEAR
1001
ACAD
1010
0
1020
0
1030
0
0
HATCH
5
a82
100
AcDbEntity
8
TopPasteMaskLayer
100
AcDbHatch
10
0
20
0
30
0
210
0
220
0
230
1
2
SOLID
70
1
71
0
91
1
92
7
72
1
73
1
93
4
10
35.48221996443999
20
121.58710947421896
42
-0.7853981633974483
10
35.48221996443999
20
121.95111760223521
42
0
10
36.768224536449225
20
121.95111760223521
42
-0.7853981633974483
10
36.768224536449225
20
121.58710947421896
42
0
97
1
330

75
0
76
1
47
0.4128176842155181
98
1
10
34.90568961886538
20
22.81183545379326
450
0
451
0
460
0
461
0
452
1
462
1
453
2
463
0
63
5
421
255
463
1
63
7
421
16777215
470
LINEAR
1001
ACAD
1010
0
1020
0
1030
0
0
HATCH
5
a89
100
AcDbEntity
8
TopLayer
100
AcDbHatch
10
0
20
0
30
0
210
0
220
0
230
1
2
SOLID
70
1
71
0
91
1
92
7
72
1
73
1
93
4
10
35.48221996443999
20
121.58710947421896
42
-0.7853981633974483
10
35.48221996443999
20
121.95111760223521
42
0
10
36.768224536449225
20
121.95111760223521
42
-0.7853981633974483
10
36.768224536449225
20
121.58710947421896
42
0
97
1
330

75
0
76
1
47
0.4128176842155181
98
1
10
34.90568961886538
20
22.81183545379326
450
0
451
0
460
0
461
0
452
1
462
1
453
2
463
0
63
5
421
255
463
1
63
7
421
16777215
470
LINEAR
1001
ACAD
1010
0
1020
0
1030
0
0
HATCH
5
a90
100
AcDbEntity
8
TopSolderMaskLayer
100
AcDbHatch
10
0
20
0
30
0
210
0
220
0
230
1
2
SOLID
70
1
71
0
91
1
92
7
72
1
73
1
93
4
10
35.392484107067276
20
122.21169672339342
42
-0.7853981633974483
10
35.392484107067276
20
122.62650495300987
42
0
10
36.85796039382194
20
122.62650495300987
42
-0.7853981633974483
10
36.85796039382194
20
122.21169672339342
42
0
97
1
330

75
0
76
1
47
0.4128176842155181
98
1
10
34.90568961886538
20
22.81183545379326
450
0
451
0
460
0
461
0
452
1
462
1
453
2
463
0
63
5
421
255
463
1
63
7
421
16777215
470
LINEAR
1001
ACAD
1010
0
1020
0
1030
0
0
HATCH
5
a97
100
AcDbEntity
8
TopPasteMaskLayer
100
AcDbHatch
10
0
20
0
30
0
210
0
220
0
230
1
2
SOLID
70
1
71
0
91
1
92
7
72
1
73
1
93
4
10
35.48221996443999
20
122.23709677419352
42
-0.7853981633974483
10
35.48221996443999
20
122.60110490220977
42
0
10
36.768224536449225
20
122.60110490220977
42
-0.7853981633974483
10
36.768224536449225
20
122.23709677419352
42
0
97
1
330

75
0
76
1
47
0.4128176842155181
98
1
10
34.90568961886538
20
22.81183545379326
450
0
451
0
460
0
461
0
452
1
462
1
453
2
463
0
63
5
421
255
463
1
63
7
421
16777215
470
LINEAR
1001
ACAD
1010
0
1020
0
1030
0
0
HATCH
5
a9e
100
AcDbEntity
8
TopLayer
100
AcDbHatch
10
0
20
0
30
0
210
0
220
0
230
1
2
SOLID
70
1
71
0
91
1
92
7
72
1
73
1
93
4
10
35.48221996443999
20
122.23709677419352
42
-0.7853981633974483
10
35.48221996443999
20
122.60110490220977
42
0
10
36.768224536449225
20
122.60110490220977
42
-0.7853981633974483
10
36.768224536449225
20
122.23709677419352
42
0
97
1
330

75
0
76
1
47
0.4128176842155181
98
1
10
34.90568961886538
20
22.81183545379326
450
0
451
0
460
0
461
0
452
1
462
1
453
2
463
0
63
5
421
255
463
1
63
7
421
16777215
470
LINEAR
1001
ACAD
1010
0
1020
0
1030
0
0
HATCH
5
aa5
100
AcDbEntity
8
TopSolderMaskLayer
100
AcDbHatch
10
0
20
0
30
0
210
0
220
0
230
1
2
SOLID
70
1
71
0
91
1
92
7
72
1
73
1
93
4
10
35.392484107067276
20
122.86168402336808
42
-0.7853981633974483
10
35.392484107067276
20
123.27649225298454
42
0
10
36.85796039382194
20
123.27649225298454
42
-0.7853981633974483
10
36.85796039382194
20
122.86168402336808
42
0
97
1
330

75
0
76
1
47
0.4128176842155181
98
1
10
34.90568961886538
20
22.81183545379326
450
0
451
0
460
0
461
0
452
1
462
1
453
2
463
0
63
5
421
255
463
1
63
7
421
16777215
470
LINEAR
1001
ACAD
1010
0
1020
0
1030
0
0
HATCH
5
aac
100
AcDbEntity
8
TopPasteMaskLayer
100
AcDbHatch
10
0
20
0
30
0
210
0
220
0
230
1
2
SOLID
70
1
71
0
91
1
92
7
72
1
73
1
93
4
10
35.48221996443999
20
122.88708407416819
42
-0.7853981633974483
10
35.48221996443999
20
123.25109220218444
42
0
10
36.768224536449225
20
123.25109220218444
42
-0.7853981633974483
10
36.768224536449225
20
122.88708407416819
42
0
97
1
330

75
0
76
1
47
0.4128176842155181
98
1
10
34.90568961886538
20
22.81183545379326
450
0
451
0
460
0
461
0
452
1
462
1
453
2
463
0
63
5
421
255
463
1
63
7
421
16777215
470
LINEAR
1001
ACAD
1010
0
1020
0
1030
0
0
HATCH
5
ab3
100
AcDbEntity
8
TopLayer
100
AcDbHatch
10
0
20
0
30
0
210
0
220
0
230
1
2
SOLID
70
1
71
0
91
1
92
7
72
1
73
1
93
4
10
35.48221996443999
20
122.88708407416819
42
-0.7853981633974483
10
35.48221996443999
20
123.25109220218444
42
0
10
36.768224536449225
20
123.25109220218444
42
-0.7853981633974483
10
36.768224536449225
20
122.88708407416819
42
0
97
1
330

75
0
76
1
47
0.4128176842155181
98
1
10
34.90568961886538
20
22.81183545379326
450
0
451
0
460
0
461
0
452
1
462
1
453
2
463
0
63
5
421
255
463
1
63
7
421
16777215
470
LINEAR
1001
ACAD
1010
0
1020
0
1030
0
0
HATCH
5
aba
100
AcDbEntity
8
TopSolderMaskLayer
100
AcDbHatch
10
0
20
0
30
0
210
0
220
0
230
1
2
SOLID
70
1
71
0
91
1
92
7
72
1
73
1
93
4
10
35.392484107067276
20
123.51167132334264
42
-0.7853981633974483
10
35.392484107067276
20
123.9264795529591
42
0
10
36.85796039382194
20
123.9264795529591
42
-0.7853981633974483
10
36.85796039382194
20
123.51167132334264
42
0
97
1
330

75
0
76
1
47
0.4128176842155181
98
1
10
34.90568961886538
20
22.81183545379326
450
0
451
0
460
0
461
0
452
1
462
1
453
2
463
0
63
5
421
255
463
1
63
7
421
16777215
470
LINEAR
1001
ACAD
1010
0
1020
0
1030
0
0
HATCH
5
ac1
100
AcDbEntity
8
TopPasteMaskLayer
100
AcDbHatch
10
0
20
0
30
0
210
0
220
0
230
1
2
SOLID
70
1
71
0
91
1
92
7
72
1
73
1
93
4
10
35.48221996443999
20
123.53707137414274
42
-0.7853981633974483
10
35.48221996443999
20
123.90107950215899
42
0
10
36.768224536449225
20
123.90107950215899
42
-0.7853981633974483
10
36.768224536449225
20
123.53707137414274
42
0
97
1
330

75
0
76
1
47
0.4128176842155181
98
1
10
34.90568961886538
20
22.81183545379326
450
0
451
0
460
0
461
0
452
1
462
1
453
2
463
0
63
5
421
255
463
1
63
7
421
16777215
470
LINEAR
1001
ACAD
1010
0
1020
0
1030
0
0
HATCH
5
ac8
100
AcDbEntity
8
TopLayer
100
AcDbHatch
10
0
20
0
30
0
210
0
220
0
230
1
2
SOLID
70
1
71
0
91
1
92
7
72
1
73
1
93
4
10
35.48221996443999
20
123.53707137414274
42
-0.7853981633974483
10
35.48221996443999
20
123.90107950215899
42
0
10
36.768224536449225
20
123.90107950215899
42
-0.7853981633974483
10
36.768224536449225
20
123.53707137414274
42
0
97
1
330

75
0
76
1
47
0.4128176842155181
98
1
10
34.90568961886538
20
22.81183545379326
450
0
451
0
460
0
461
0
452
1
462
1
453
2
463
0
63
5
421
255
463
1
63
7
421
16777215
470
LINEAR
1001
ACAD
1010
0
1020
0
1030
0
0
HATCH
5
acb
100
AcDbEntity
8
TopSolderMaskLayer
100
AcDbHatch
10
0
20
0
30
0
210
0
220
0
230
1
2
SOLID
70
1
71
0
91
1
92
7
72
0
73
1
93
4
10
39.09025575969872
20
120.6277325570037
10
37.40977236159188
20
120.6277325570037
10
37.40977236159188
20
123.56028018209884
10
39.09025575969872
20
123.56028018209884
97
1
330

75
0
76
1
47
0.4128176842155181
98
1
10
34.90568961886538
20
22.81183545379326
450
0
451
0
460
0
461
0
452
1
462
1
453
2
463
0
63
5
421
255
463
1
63
7
421
16777215
470
LINEAR
1001
ACAD
1010
0
1020
0
1030
0
0
HATCH
5
ace
100
AcDbEntity
8
TopPasteMaskLayer
100
AcDbHatch
10
0
20
0
30
0
210
0
220
0
230
1
2
SOLID
70
1
71
0
91
1
92
7
72
0
73
1
93
4
10
39.07551435102869
20
120.67150114300239
10
37.42451104902216
20
120.67150114300239
10
37.42451104902216
20
123.51651003302015
10
39.07551435102869
20
123.51651003302015
97
1
330

75
0
76
1
47
0.4128176842155181
98
1
10
34.90568961886538
20
22.81183545379326
450
0
451
0
460
0
461
0
452
1
462
1
453
2
463
0
63
5
421
255
463
1
63
7
421
16777215
470
LINEAR
1001
ACAD
1010
0
1020
0
1030
0
0
HATCH
5
ad1
100
AcDbEntity
8
TopLayer
100
AcDbHatch
10
0
20
0
30
0
210
0
220
0
230
1
2
SOLID
70
1
71
0
91
1
92
7
72
0
73
1
93
4
10
39.07551435102869
20
120.67150114300239
10
37.42451104902216
20
120.67150114300239
10
37.42451104902216
20
123.51651003302015
10
39.07551435102869
20
123.51651003302015
97
1
330

75
0
76
1
47
0.4128176842155181
98
1
10
34.90568961886538
20
22.81183545379326
450
0
451
0
460
0
461
0
452
1
462
1
453
2
463
0
63
5
421
255
463
1
63
7
421
16777215
470
LINEAR
1001
ACAD
1010
0
1020
0
1030
0
0
HATCH
5
ad4
100
AcDbEntity
8
TopSolderMaskLayer
100
AcDbHatch
10
0
20
0
30
0
210
0
220
0
230
1
2
SOLID
70
1
71
0
91
1
92
7
72
0
73
1
93
4
10
46.6137900844476
20
123.29770134319199
10
47.53222220717407
20
123.29770134319199
10
47.53222220717407
20
122.44380682006897
10
46.6137900844476
20
122.44380682006897
97
1
330

75
0
76
1
47
0.4128176842155181
98
1
10
34.90568961886538
20
22.81183545379326
450
0
451
0
460
0
461
0
452
1
462
1
453
2
463
0
63
5
421
255
463
1
63
7
421
16777215
470
LINEAR
1001
ACAD
1010
0
1020
0
1030
0
0
HATCH
5
ad7
100
AcDbEntity
8
TopLayer
100
AcDbHatch
10
0
20
0
30
0
210
0
220
0
230
1
2
SOLID
70
1
71
0
91
1
92
7
72
0
73
1
93
4
10
46.6409956819914
20
123.27399034798066
10
47.50500381000779
20
123.27399034798066
10
47.50500381000779
20
122.46751333502664
10
46.6409956819914
20
122.46751333502664
97
1
330

75
0
76
1
47
0.4128176842155181
98
1
10
34.90568961886538
20
22.81183545379326
450
0
451
0
460
0
461
0
452
1
462
1
453
2
463
0
63
5
421
255
463
1
63
7
421
16777215
470
LINEAR
1001
ACAD
1010
0
1020
0
1030
0
0
HATCH
5
ada
100
AcDbEntity
8
TopSolderMaskLayer
100
AcDbHatch
10
0
20
0
30
0
210
0
220
0
230
1
2
SOLID
70
1
71
0
91
1
92
7
72
0
73
1
93
4
10
46.6137900844476
20
123.9503107264917
10
47.53222220717407
20
123.9503107264917
10
47.53222220717407
20
124.8042052496146
10
46.6137900844476
20
124.8042052496146
97
1
330

75
0
76
1
47
0.4128176842155181
98
1
10
34.90568961886538
20
22.81183545379326
450
0
451
0
460
0
461
0
452
1
462
1
453
2
463
0
63
5
421
255
463
1
63
7
421
16777215
470
LINEAR
1001
ACAD
1010
0
1020
0
1030
0
0
HATCH
5
add
100
AcDbEntity
8
TopLayer
100
AcDbHatch
10
0
20
0
30
0
210
0
220
0
230
1
2
SOLID
70
1
71
0
91
1
92
7
72
0
73
1
93
4
10
46.6409956819914
20
123.97401574803155
10
47.50500381000779
20
123.97401574803155
10
47.50500381000779
20
124.78049276098557
10
46.6409956819914
20
124.78049276098557
97
1
330

75
0
76
1
47
0.4128176842155181
98
1
10
34.90568961886538
20
22.81183545379326
450
0
451
0
460
0
461
0
452
1
462
1
453
2
463
0
63
5
421
255
463
1
63
7
421
16777215
470
LINEAR
1001
ACAD
1010
0
1020
0
1030
0
0
HATCH
5
ae0
100
AcDbEntity
8
TopSolderMaskLayer
100
AcDbHatch
10
0
20
0
30
0
210
0
220
0
230
1
2
SOLID
70
1
71
0
91
1
92
7
72
0
73
1
93
4
10
14.401705674379173
20
119.80022860045722
10
14.401705674379173
20
120.86372872745744
10
15.242345755659244
20
120.86372872745744
10
15.242345755659244
20
119.80022860045722
97
1
330

75
0
76
1
47
0.4128176842155181
98
1
10
34.90568961886538
20
22.81183545379326
450
0
451
0
460
0
461
0
452
1
462
1
453
2
463
0
63
5
421
255
463
1
63
7
421
16777215
470
LINEAR
1001
ACAD
1010
0
1020
0
1030
0
0
HATCH
5
ae3
100
AcDbEntity
8
TopPasteMaskLayer
100
AcDbHatch
10
0
20
0
30
0
210
0
220
0
230
1
2
SOLID
70
1
71
0
91
1
92
7
72
0
73
1
93
4
10
14.422021844043684
20
119.83197866395733
10
14.422021844043684
20
120.83197866395733
10
15.222021844043638
20
120.83197866395733
10
15.222021844043638
20
119.83197866395733
97
1
330

75
0
76
1
47
0.4128176842155181
98
1
10
34.90568961886538
20
22.81183545379326
450
0
451
0
460
0
461
0
452
1
462
1
453
2
463
0
63
5
421
255
463
1
63
7
421
16777215
470
LINEAR
1001
ACAD
1010
0
1020
0
1030
0
0
HATCH
5
ae6
100
AcDbEntity
8
TopLayer
100
AcDbHatch
10
0
20
0
30
0
210
0
220
0
230
1
2
SOLID
70
1
71
0
91
1
92
7
72
0
73
1
93
4
10
14.422021844043684
20
119.83197866395733
10
14.422021844043684
20
120.83197866395733
10
15.222021844043638
20
120.83197866395733
10
15.222021844043638
20
119.83197866395733
97
1
330

75
0
76
1
47
0.4128176842155181
98
1
10
34.90568961886538
20
22.81183545379326
450
0
451
0
460
0
461
0
452
1
462
1
453
2
463
0
63
5
421
255
463
1
63
7
421
16777215
470
LINEAR
1001
ACAD
1010
0
1020
0
1030
0
0
HATCH
5
ae9
100
AcDbEntity
8
TopSolderMaskLayer
100
AcDbHatch
10
0
20
0
30
0
210
0
220
0
230
1
2
SOLID
70
1
71
0
91
1
92
7
72
0
73
1
93
4
10
13.45174377445528
20
122.10025722632088
10
13.45174377445528
20
123.1637573533211
10
14.29238385573558
20
123.1637573533211
10
14.29238385573558
20
122.10025722632088
97
1
330

75
0
76
1
47
0.4128176842155181
98
1
10
34.90568961886538
20
22.81183545379326
450
0
451
0
460
0
461
0
452
1
462
1
453
2
463
0
63
5
421
255
463
1
63
7
421
16777215
470
LINEAR
1001
ACAD
1010
0
1020
0
1030
0
0
HATCH
5
aec
100
AcDbEntity
8
TopPasteMaskLayer
100
AcDbHatch
10
0
20
0
30
0
210
0
220
0
230
1
2
SOLID
70
1
71
0
91
1
92
7
72
0
73
1
93
4
10
13.472059944119792
20
122.13200406400813
10
13.472059944119792
20
123.13200406400813
10
14.272059944119974
20
123.13200406400813
10
14.272059944119974
20
122.13200406400813
97
1
330

75
0
76
1
47
0.4128176842155181
98
1
10
34.90568961886538
20
22.81183545379326
450
0
451
0
460
0
461
0
452
1
462
1
453
2
463
0
63
5
421
255
463
1
63
7
421
16777215
470
LINEAR
1001
ACAD
1010
0
1020
0
1030
0
0
HATCH
5
aef
100
AcDbEntity
8
TopLayer
100
AcDbHatch
10
0
20
0
30
0
210
0
220
0
230
1
2
SOLID
70
1
71
0
91
1
92
7
72
0
73
1
93
4
10
13.472059944119792
20
122.13200406400813
10
13.472059944119792
20
123.13200406400813
10
14.272059944119974
20
123.13200406400813
10
14.272059944119974
20
122.13200406400813
97
1
330

75
0
76
1
47
0.4128176842155181
98
1
10
34.90568961886538
20
22.81183545379326
450
0
451
0
460
0
461
0
452
1
462
1
453
2
463
0
63
5
421
255
463
1
63
7
421
16777215
470
LINEAR
1001
ACAD
1010
0
1020
0
1030
0
0
HATCH
5
af2
100
AcDbEntity
8
TopSolderMaskLayer
100
AcDbHatch
10
0
20
0
30
0
210
0
220
0
230
1
2
SOLID
70
1
71
0
91
1
92
7
72
0
73
1
93
4
10
12.501675113027659
20
119.80025561341449
10
12.501675113027659
20
120.86375574041472
10
13.34231519430773
20
120.86375574041472
10
13.34231519430773
20
119.80025561341449
97
1
330

75
0
76
1
47
0.4128176842155181
98
1
10
34.90568961886538
20
22.81183545379326
450
0
451
0
460
0
461
0
452
1
462
1
453
2
463
0
63
5
421
255
463
1
63
7
421
16777215
470
LINEAR
1001
ACAD
1010
0
1020
0
1030
0
0
HATCH
5
af5
100
AcDbEntity
8
TopPasteMaskLayer
100
AcDbHatch
10
0
20
0
30
0
210
0
220
0
230
1
2
SOLID
70
1
71
0
91
1
92
7
72
0
73
1
93
4
10
12.521996443992975
20
119.83200406400817
10
12.521996443992975
20
120.83200406400817
10
13.32199644399293
20
120.83200406400817
10
13.32199644399293
20
119.83200406400817
97
1
330

75
0
76
1
47
0.4128176842155181
98
1
10
34.90568961886538
20
22.81183545379326
450
0
451
0
460
0
461
0
452
1
462
1
453
2
463
0
63
5
421
255
463
1
63
7
421
16777215
470
LINEAR
1001
ACAD
1010
0
1020
0
1030
0
0
HATCH
5
af8
100
AcDbEntity
8
TopLayer
100
AcDbHatch
10
0
20
0
30
0
210
0
220
0
230
1
2
SOLID
70
1
71
0
91
1
92
7
72
0
73
1
93
4
10
12.521996443992975
20
119.83200406400817
10
12.521996443992975
20
120.83200406400817
10
13.32199644399293
20
120.83200406400817
10
13.32199644399293
20
119.83200406400817
97
1
330

75
0
76
1
47
0.4128176842155181
98
1
10
34.90568961886538
20
22.81183545379326
450
0
451
0
460
0
461
0
452
1
462
1
453
2
463
0
63
5
421
255
463
1
63
7
421
16777215
470
LINEAR
1001
ACAD
1010
0
1020
0
1030
0
0
HATCH
5
aff
100
AcDbEntity
8
TopSolderMaskLayer
100
AcDbHatch
10
0
20
0
30
0
210
0
220
0
230
1
2
SOLID
70
1
71
0
91
1
92
7
72
1
73
1
93
4
10
20.48247396494796
20
122.89577177489014
42
-0.7853981633974483
10
19.843662687325402
20
122.89577177489014
42
0
10
19.843662687325402
20
124.38896279457913
42
-0.7853981633974483
10
20.48247396494796
20
124.38896279457913
42
0
97
1
330

75
0
76
1
47
0.4128176842155181
98
1
10
34.90568961886538
20
22.81183545379326
450
0
451
0
460
0
461
0
452
1
462
1
453
2
463
0
63
5
421
255
463
1
63
7
421
16777215
470
LINEAR
1001
ACAD
1010
0
1020
0
1030
0
0
HATCH
5
b06
100
AcDbEntity
8
TopPasteMaskLayer
100
AcDbHatch
10
0
20
0
30
0
210
0
220
0
230
1
2
SOLID
70
1
71
0
91
1
92
7
72
1
73
1
93
4
10
20.457073914147855
20
122.91386842773693
42
-0.7853981633974483
10
19.869062738125507
20
122.91386842773693
42
0
10
19.869062738125507
20
124.37086614173234
42
-0.7853981633974483
10
20.457073914147855
20
124.37086614173234
42
0
97
1
330

75
0
76
1
47
0.4128176842155181
98
1
10
34.90568961886538
20
22.81183545379326
450
0
451
0
460
0
461
0
452
1
462
1
453
2
463
0
63
5
421
255
463
1
63
7
421
16777215
470
LINEAR
1001
ACAD
1010
0
1020
0
1030
0
0
HATCH
5
b0d
100
AcDbEntity
8
TopLayer
100
AcDbHatch
10
0
20
0
30
0
210
0
220
0
230
1
2
SOLID
70
1
71
0
91
1
92
7
72
1
73
1
93
4
10
20.457073914147855
20
122.91386842773693
42
-0.7853981633974483
10
19.869062738125507
20
122.91386842773693
42
0
10
19.869062738125507
20
124.37086614173234
42
-0.7853981633974483
10
20.457073914147855
20
124.37086614173234
42
0
97
1
330

75
0
76
1
47
0.4128176842155181
98
1
10
34.90568961886538
20
22.81183545379326
450
0
451
0
460
0
461
0
452
1
462
1
453
2
463
0
63
5
421
255
463
1
63
7
421
16777215
470
LINEAR
1001
ACAD
1010
0
1020
0
1030
0
0
HATCH
5
b14
100
AcDbEntity
8
TopSolderMaskLayer
100
AcDbHatch
10
0
20
0
30
0
210
0
220
0
230
1
2
SOLID
70
1
71
0
91
1
92
7
72
1
73
1
93
4
10
19.21247142494278
20
122.89577177489014
42
-0.7853981633974483
10
18.573660147320222
20
122.89577177489014
42
0
10
18.573660147320222
20
124.38896279457913
42
-0.7853981633974483
10
19.21247142494278
20
124.38896279457913
42
0
97
1
330

75
0
76
1
47
0.4128176842155181
98
1
10
34.90568961886538
20
22.81183545379326
450
0
451
0
460
0
461
0
452
1
462
1
453
2
463
0
63
5
421
255
463
1
63
7
421
16777215
470
LINEAR
1001
ACAD
1010
0
1020
0
1030
0
0
HATCH
5
b1b
100
AcDbEntity
8
TopPasteMaskLayer
100
AcDbHatch
10
0
20
0
30
0
210
0
220
0
230
1
2
SOLID
70
1
71
0
91
1
92
7
72
1
73
1
93
4
10
19.187071374142675
20
122.91386842773693
42
-0.7853981633974483
10
18.599060198120327
20
122.91386842773693
42
0
10
18.599060198120327
20
124.37086614173234
42
-0.7853981633974483
10
19.187071374142675
20
124.37086614173234
42
0
97
1
330

75
0
76
1
47
0.4128176842155181
98
1
10
34.90568961886538
20
22.81183545379326
450
0
451
0
460
0
461
0
452
1
462
1
453
2
463
0
63
5
421
255
463
1
63
7
421
16777215
470
LINEAR
1001
ACAD
1010
0
1020
0
1030
0
0
HATCH
5
b22
100
AcDbEntity
8
TopLayer
100
AcDbHatch
10
0
20
0
30
0
210
0
220
0
230
1
2
SOLID
70
1
71
0
91
1
92
7
72
1
73
1
93
4
10
19.187071374142675
20
122.91386842773693
42
-0.7853981633974483
10
18.599060198120327
20
122.91386842773693
42
0
10
18.599060198120327
20
124.37086614173234
42
-0.7853981633974483
10
19.187071374142675
20
124.37086614173234
42
0
97
1
330

75
0
76
1
47
0.4128176842155181
98
1
10
34.90568961886538
20
22.81183545379326
450
0
451
0
460
0
461
0
452
1
462
1
453
2
463
0
63
5
421
255
463
1
63
7
421
16777215
470
LINEAR
1001
ACAD
1010
0
1020
0
1030
0
0
HATCH
5
b29
100
AcDbEntity
8
TopSolderMaskLayer
100
AcDbHatch
10
0
20
0
30
0
210
0
220
0
230
1
2
SOLID
70
1
71
0
91
1
92
7
72
1
73
1
93
4
10
17.942468884937828
20
122.89577177489014
42
-0.7853981633974483
10
17.30365760731527
20
122.89577177489014
42
0
10
17.30365760731527
20
124.38896279457913
42
-0.7853981633974483
10
17.942468884937828
20
124.38896279457913
42
0
97
1
330

75
0
76
1
47
0.4128176842155181
98
1
10
34.90568961886538
20
22.81183545379326
450
0
451
0
460
0
461
0
452
1
462
1
453
2
463
0
63
5
421
255
463
1
63
7
421
16777215
470
LINEAR
1001
ACAD
1010
0
1020
0
1030
0
0
HATCH
5
b30
100
AcDbEntity
8
TopPasteMaskLayer
100
AcDbHatch
10
0
20
0
30
0
210
0
220
0
230
1
2
SOLID
70
1
71
0
91
1
92
7
72
1
73
1
93
4
10
17.917068834137723
20
122.91386842773693
42
-0.7853981633974483
10
17.329057658115374
20
122.91386842773693
42
0
10
17.329057658115374
20
124.37086614173234
42
-0.7853981633974483
10
17.917068834137723
20
124.37086614173234
42
0
97
1
330

75
0
76
1
47
0.4128176842155181
98
1
10
34.90568961886538
20
22.81183545379326
450
0
451
0
460
0
461
0
452
1
462
1
453
2
463
0
63
5
421
255
463
1
63
7
421
16777215
470
LINEAR
1001
ACAD
1010
0
1020
0
1030
0
0
HATCH
5
b37
100
AcDbEntity
8
TopLayer
100
AcDbHatch
10
0
20
0
30
0
210
0
220
0
230
1
2
SOLID
70
1
71
0
91
1
92
7
72
1
73
1
93
4
10
17.917068834137723
20
122.91386842773693
42
-0.7853981633974483
10
17.329057658115374
20
122.91386842773693
42
0
10
17.329057658115374
20
124.37086614173234
42
-0.7853981633974483
10
17.917068834137723
20
124.37086614173234
42
0
97
1
330

75
0
76
1
47
0.4128176842155181
98
1
10
34.90568961886538
20
22.81183545379326
450
0
451
0
460
0
461
0
452
1
462
1
453
2
463
0
63
5
421
255
463
1
63
7
421
16777215
470
LINEAR
1001
ACAD
1010
0
1020
0
1030
0
0
HATCH
5
b3e
100
AcDbEntity
8
TopSolderMaskLayer
100
AcDbHatch
10
0
20
0
30
0
210
0
220
0
230
1
2
SOLID
70
1
71
0
91
1
92
7
72
1
73
1
93
4
10
16.672466344932648
20
122.89577177489014
42
-0.7853981633974483
10
16.03365506731009
20
122.89577177489014
42
0
10
16.03365506731009
20
124.38896279457913
42
-0.7853981633974483
10
16.672466344932648
20
124.38896279457913
42
0
97
1
330

75
0
76
1
47
0.4128176842155181
98
1
10
34.90568961886538
20
22.81183545379326
450
0
451
0
460
0
461
0
452
1
462
1
453
2
463
0
63
5
421
255
463
1
63
7
421
16777215
470
LINEAR
1001
ACAD
1010
0
1020
0
1030
0
0
HATCH
5
b45
100
AcDbEntity
8
TopPasteMaskLayer
100
AcDbHatch
10
0
20
0
30
0
210
0
220
0
230
1
2
SOLID
70
1
71
0
91
1
92
7
72
1
73
1
93
4
10
16.647066294132543
20
122.91386842773693
42
-0.7853981633974483
10
16.059055118110194
20
122.91386842773693
42
0
10
16.059055118110194
20
124.37086614173234
42
-0.7853981633974483
10
16.647066294132543
20
124.37086614173234
42
0
97
1
330

75
0
76
1
47
0.4128176842155181
98
1
10
34.90568961886538
20
22.81183545379326
450
0
451
0
460
0
461
0
452
1
462
1
453
2
463
0
63
5
421
255
463
1
63
7
421
16777215
470
LINEAR
1001
ACAD
1010
0
1020
0
1030
0
0
HATCH
5
b4c
100
AcDbEntity
8
TopLayer
100
AcDbHatch
10
0
20
0
30
0
210
0
220
0
230
1
2
SOLID
70
1
71
0
91
1
92
7
72
1
73
1
93
4
10
16.647066294132543
20
122.91386842773693
42
-0.7853981633974483
10
16.059055118110194
20
122.91386842773693
42
0
10
16.059055118110194
20
124.37086614173234
42
-0.7853981633974483
10
16.647066294132543
20
124.37086614173234
42
0
97
1
330

75
0
76
1
47
0.4128176842155181
98
1
10
34.90568961886538
20
22.81183545379326
450
0
451
0
460
0
461
0
452
1
462
1
453
2
463
0
63
5
421
255
463
1
63
7
421
16777215
470
LINEAR
1001
ACAD
1010
0
1020
0
1030
0
0
HATCH
5
b53
100
AcDbEntity
8
TopSolderMaskLayer
100
AcDbHatch
10
0
20
0
30
0
210
0
220
0
230
1
2
SOLID
70
1
71
0
91
1
92
7
72
1
73
1
93
4
10
20.48247396494796
20
117.35094068522778
42
-0.7853981633974483
10
19.843662687325402
20
117.35094068522778
42
0
10
19.843662687325402
20
118.84413170491689
42
-0.7853981633974483
10
20.48247396494796
20
118.84413170491689
42
0
97
1
330

75
0
76
1
47
0.4128176842155181
98
1
10
34.90568961886538
20
22.81183545379326
450
0
451
0
460
0
461
0
452
1
462
1
453
2
463
0
63
5
421
255
463
1
63
7
421
16777215
470
LINEAR
1001
ACAD
1010
0
1020
0
1030
0
0
HATCH
5
b5a
100
AcDbEntity
8
TopPasteMaskLayer
100
AcDbHatch
10
0
20
0
30
0
210
0
220
0
230
1
2
SOLID
70
1
71
0
91
1
92
7
72
1
73
1
93
4
10
20.457073914147855
20
117.36903733807458
42
-0.7853981633974483
10
19.869062738125507
20
117.36903733807458
42
0
10
19.869062738125507
20
118.8260350520701
42
-0.7853981633974483
10
20.457073914147855
20
118.8260350520701
42
0
97
1
330

75
0
76
1
47
0.4128176842155181
98
1
10
34.90568961886538
20
22.81183545379326
450
0
451
0
460
0
461
0
452
1
462
1
453
2
463
0
63
5
421
255
463
1
63
7
421
16777215
470
LINEAR
1001
ACAD
1010
0
1020
0
1030
0
0
HATCH
5
b61
100
AcDbEntity
8
TopLayer
100
AcDbHatch
10
0
20
0
30
0
210
0
220
0
230
1
2
SOLID
70
1
71
0
91
1
92
7
72
1
73
1
93
4
10
20.457073914147855
20
117.36903733807458
42
-0.7853981633974483
10
19.869062738125507
20
117.36903733807458
42
0
10
19.869062738125507
20
118.8260350520701
42
-0.7853981633974483
10
20.457073914147855
20
118.8260350520701
42
0
97
1
330

75
0
76
1
47
0.4128176842155181
98
1
10
34.90568961886538
20
22.81183545379326
450
0
451
0
460
0
461
0
452
1
462
1
453
2
463
0
63
5
421
255
463
1
63
7
421
16777215
470
LINEAR
1001
ACAD
1010
0
1020
0
1030
0
0
HATCH
5
b68
100
AcDbEntity
8
TopSolderMaskLayer
100
AcDbHatch
10
0
20
0
30
0
210
0
220
0
230
1
2
SOLID
70
1
71
0
91
1
92
7
72
1
73
1
93
4
10
19.21247142494278
20
117.35094068522778
42
-0.7853981633974483
10
18.573660147320222
20
117.35094068522778
42
0
10
18.573660147320222
20
118.84413170491689
42
-0.7853981633974483
10
19.21247142494278
20
118.84413170491689
42
0
97
1
330

75
0
76
1
47
0.4128176842155181
98
1
10
34.90568961886538
20
22.81183545379326
450
0
451
0
460
0
461
0
452
1
462
1
453
2
463
0
63
5
421
255
463
1
63
7
421
16777215
470
LINEAR
1001
ACAD
1010
0
1020
0
1030
0
0
HATCH
5
b6f
100
AcDbEntity
8
TopPasteMaskLayer
100
AcDbHatch
10
0
20
0
30
0
210
0
220
0
230
1
2
SOLID
70
1
71
0
91
1
92
7
72
1
73
1
93
4
10
19.187071374142675
20
117.36903733807458
42
-0.7853981633974483
10
18.599060198120327
20
117.36903733807458
42
0
10
18.599060198120327
20
118.8260350520701
42
-0.7853981633974483
10
19.187071374142675
20
118.8260350520701
42
0
97
1
330

75
0
76
1
47
0.4128176842155181
98
1
10
34.90568961886538
20
22.81183545379326
450
0
451
0
460
0
461
0
452
1
462
1
453
2
463
0
63
5
421
255
463
1
63
7
421
16777215
470
LINEAR
1001
ACAD
1010
0
1020
0
1030
0
0
HATCH
5
b76
100
AcDbEntity
8
TopLayer
100
AcDbHatch
10
0
20
0
30
0
210
0
220
0
230
1
2
SOLID
70
1
71
0
91
1
92
7
72
1
73
1
93
4
10
19.187071374142675
20
117.36903733807458
42
-0.7853981633974483
10
18.599060198120327
20
117.36903733807458
42
0
10
18.599060198120327
20
118.8260350520701
42
-0.7853981633974483
10
19.187071374142675
20
118.8260350520701
42
0
97
1
330

75
0
76
1
47
0.4128176842155181
98
1
10
34.90568961886538
20
22.81183545379326
450
0
451
0
460
0
461
0
452
1
462
1
453
2
463
0
63
5
421
255
463
1
63
7
421
16777215
470
LINEAR
1001
ACAD
1010
0
1020
0
1030
0
0
HATCH
5
b7d
100
AcDbEntity
8
TopSolderMaskLayer
100
AcDbHatch
10
0
20
0
30
0
210
0
220
0
230
1
2
SOLID
70
1
71
0
91
1
92
7
72
1
73
1
93
4
10
17.942468884937828
20
117.35094068522778
42
-0.7853981633974483
10
17.30365760731527
20
117.35094068522778
42
0
10
17.30365760731527
20
118.84413170491689
42
-0.7853981633974483
10
17.942468884937828
20
118.84413170491689
42
0
97
1
330

75
0
76
1
47
0.4128176842155181
98
1
10
34.90568961886538
20
22.81183545379326
450
0
451
0
460
0
461
0
452
1
462
1
453
2
463
0
63
5
421
255
463
1
63
7
421
16777215
470
LINEAR
1001
ACAD
1010
0
1020
0
1030
0
0
HATCH
5
b84
100
AcDbEntity
8
TopPasteMaskLayer
100
AcDbHatch
10
0
20
0
30
0
210
0
220
0
230
1
2
SOLID
70
1
71
0
91
1
92
7
72
1
73
1
93
4
10
17.917068834137723
20
117.36903733807458
42
-0.7853981633974483
10
17.329057658115374
20
117.36903733807458
42
0
10
17.329057658115374
20
118.8260350520701
42
-0.7853981633974483
10
17.917068834137723
20
118.8260350520701
42
0
97
1
330

75
0
76
1
47
0.4128176842155181
98
1
10
34.90568961886538
20
22.81183545379326
450
0
451
0
460
0
461
0
452
1
462
1
453
2
463
0
63
5
421
255
463
1
63
7
421
16777215
470
LINEAR
1001
ACAD
1010
0
1020
0
1030
0
0
HATCH
5
b8b
100
AcDbEntity
8
TopLayer
100
AcDbHatch
10
0
20
0
30
0
210
0
220
0
230
1
2
SOLID
70
1
71
0
91
1
92
7
72
1
73
1
93
4
10
17.917068834137723
20
117.36903733807458
42
-0.7853981633974483
10
17.329057658115374
20
117.36903733807458
42
0
10
17.329057658115374
20
118.8260350520701
42
-0.7853981633974483
10
17.917068834137723
20
118.8260350520701
42
0
97
1
330

75
0
76
1
47
0.4128176842155181
98
1
10
34.90568961886538
20
22.81183545379326
450
0
451
0
460
0
461
0
452
1
462
1
453
2
463
0
63
5
421
255
463
1
63
7
421
16777215
470
LINEAR
1001
ACAD
1010
0
1020
0
1030
0
0
HATCH
5
b92
100
AcDbEntity
8
TopSolderMaskLayer
100
AcDbHatch
10
0
20
0
30
0
210
0
220
0
230
1
2
SOLID
70
1
71
0
91
1
92
7
72
1
73
1
93
4
10
16.672466344932648
20
117.35094068522778
42
-0.7853981633974483
10
16.03365506731009
20
117.35094068522778
42
0
10
16.03365506731009
20
118.84413170491689
42
-0.7853981633974483
10
16.672466344932648
20
118.84413170491689
42
0
97
1
330

75
0
76
1
47
0.4128176842155181
98
1
10
34.90568961886538
20
22.81183545379326
450
0
451
0
460
0
461
0
452
1
462
1
453
2
463
0
63
5
421
255
463
1
63
7
421
16777215
470
LINEAR
1001
ACAD
1010
0
1020
0
1030
0
0
HATCH
5
b99
100
AcDbEntity
8
TopPasteMaskLayer
100
AcDbHatch
10
0
20
0
30
0
210
0
220
0
230
1
2
SOLID
70
1
71
0
91
1
92
7
72
1
73
1
93
4
10
16.647066294132543
20
117.36903733807458
42
-0.7853981633974483
10
16.059055118110194
20
117.36903733807458
42
0
10
16.059055118110194
20
118.8260350520701
42
-0.7853981633974483
10
16.647066294132543
20
118.8260350520701
42
0
97
1
330

75
0
76
1
47
0.4128176842155181
98
1
10
34.90568961886538
20
22.81183545379326
450
0
451
0
460
0
461
0
452
1
462
1
453
2
463
0
63
5
421
255
463
1
63
7
421
16777215
470
LINEAR
1001
ACAD
1010
0
1020
0
1030
0
0
HATCH
5
ba0
100
AcDbEntity
8
TopLayer
100
AcDbHatch
10
0
20
0
30
0
210
0
220
0
230
1
2
SOLID
70
1
71
0
91
1
92
7
72
1
73
1
93
4
10
16.647066294132543
20
117.36903733807458
42
-0.7853981633974483
10
16.059055118110194
20
117.36903733807458
42
0
10
16.059055118110194
20
118.8260350520701
42
-0.7853981633974483
10
16.647066294132543
20
118.8260350520701
42
0
97
1
330

75
0
76
1
47
0.4128176842155181
98
1
10
34.90568961886538
20
22.81183545379326
450
0
451
0
460
0
461
0
452
1
462
1
453
2
463
0
63
5
421
255
463
1
63
7
421
16777215
470
LINEAR
1001
ACAD
1010
0
1020
0
1030
0
0
HATCH
5
ba3
100
AcDbEntity
8
TopSolderMaskLayer
100
AcDbHatch
10
0
20
0
30
0
210
0
220
0
230
1
2
SOLID
70
1
71
0
91
1
92
7
72
0
73
1
93
4
10
48.14378114463125
20
123.29770134319199
10
49.06221326735749
20
123.29770134319199
10
49.06221326735749
20
122.44380682006897
10
48.14378114463125
20
122.44380682006897
97
1
330

75
0
76
1
47
0.4128176842155181
98
1
10
34.90568961886538
20
22.81183545379326
450
0
451
0
460
0
461
0
452
1
462
1
453
2
463
0
63
5
421
255
463
1
63
7
421
16777215
470
LINEAR
1001
ACAD
1010
0
1020
0
1030
0
0
HATCH
5
ba6
100
AcDbEntity
8
TopLayer
100
AcDbHatch
10
0
20
0
30
0
210
0
220
0
230
1
2
SOLID
70
1
71
0
91
1
92
7
72
0
73
1
93
4
10
48.17099314198617
20
123.27399034798066
10
49.03500127000257
20
123.27399034798066
10
49.03500127000257
20
122.46751333502664
10
48.17099314198617
20
122.46751333502664
97
1
330

75
0
76
1
47
0.4128176842155181
98
1
10
34.90568961886538
20
22.81183545379326
450
0
451
0
460
0
461
0
452
1
462
1
453
2
463
0
63
5
421
255
463
1
63
7
421
16777215
470
LINEAR
1001
ACAD
1010
0
1020
0
1030
0
0
HATCH
5
ba9
100
AcDbEntity
8
TopSolderMaskLayer
100
AcDbHatch
10
0
20
0
30
0
210
0
220
0
230
1
2
SOLID
70
1
71
0
91
1
92
7
72
0
73
1
93
4
10
48.14378114463125
20
123.9503107264917
10
49.06221326735749
20
123.9503107264917
10
49.06221326735749
20
124.8042052496146
10
48.14378114463125
20
124.8042052496146
97
1
330

75
0
76
1
47
0.4128176842155181
98
1
10
34.90568961886538
20
22.81183545379326
450
0
451
0
460
0
461
0
452
1
462
1
453
2
463
0
63
5
421
255
463
1
63
7
421
16777215
470
LINEAR
1001
ACAD
1010
0
1020
0
1030
0
0
HATCH
5
bac
100
AcDbEntity
8
TopLayer
100
AcDbHatch
10
0
20
0
30
0
210
0
220
0
230
1
2
SOLID
70
1
71
0
91
1
92
7
72
0
73
1
93
4
10
48.17099314198617
20
123.97401574803155
10
49.03500127000257
20
123.97401574803155
10
49.03500127000257
20
124.78049276098557
10
48.17099314198617
20
124.78049276098557
97
1
330

75
0
76
1
47
0.4128176842155181
98
1
10
34.90568961886538
20
22.81183545379326
450
0
451
0
460
0
461
0
452
1
462
1
453
2
463
0
63
5
421
255
463
1
63
7
421
16777215
470
LINEAR
1001
ACAD
1010
0
1020
0
1030
0
0
HATCH
5
baf
100
AcDbEntity
8
TopSolderMaskLayer
100
AcDbHatch
10
0
20
0
30
0
210
0
220
0
230
1
2
SOLID
70
1
71
0
91
1
92
7
72
0
73
1
93
4
10
45.083783024735794
20
123.29770134319199
10
46.00221514746204
20
123.29770134319199
10
46.00221514746204
20
122.44380682006897
10
45.083783024735794
20
122.44380682006897
97
1
330

75
0
76
1
47
0.4128176842155181
98
1
10
34.90568961886538
20
22.81183545379326
450
0
451
0
460
0
461
0
452
1
462
1
453
2
463
0
63
5
421
255
463
1
63
7
421
16777215
470
LINEAR
1001
ACAD
1010
0
1020
0
1030
0
0
HATCH
5
bb2
100
AcDbEntity
8
TopLayer
100
AcDbHatch
10
0
20
0
30
0
210
0
220
0
230
1
2
SOLID
70
1
71
0
91
1
92
7
72
0
73
1
93
4
10
45.1109982219964
20
123.27399034798066
10
45.97500635001279
20
123.27399034798066
10
45.97500635001279
20
122.46751333502664
10
45.1109982219964
20
122.46751333502664
97
1
330

75
0
76
1
47
0.4128176842155181
98
1
10
34.90568961886538
20
22.81183545379326
450
0
451
0
460
0
461
0
452
1
462
1
453
2
463
0
63
5
421
255
463
1
63
7
421
16777215
470
LINEAR
1001
ACAD
1010
0
1020
0
1030
0
0
HATCH
5
bb5
100
AcDbEntity
8
TopSolderMaskLayer
100
AcDbHatch
10
0
20
0
30
0
210
0
220
0
230
1
2
SOLID
70
1
71
0
91
1
92
7
72
0
73
1
93
4
10
45.083783024735794
20
123.9503107264917
10
46.00221514746204
20
123.9503107264917
10
46.00221514746204
20
124.8042052496146
10
45.083783024735794
20
124.8042052496146
97
1
330

75
0
76
1
47
0.4128176842155181
98
1
10
34.90568961886538
20
22.81183545379326
450
0
451
0
460
0
461
0
452
1
462
1
453
2
463
0
63
5
421
255
463
1
63
7
421
16777215
470
LINEAR
1001
ACAD
1010
0
1020
0
1030
0
0
HATCH
5
bb8
100
AcDbEntity
8
TopLayer
100
AcDbHatch
10
0
20
0
30
0
210
0
220
0
230
1
2
SOLID
70
1
71
0
91
1
92
7
72
0
73
1
93
4
10
45.1109982219964
20
123.97401574803155
10
45.97500635001279
20
123.97401574803155
10
45.97500635001279
20
124.78049276098557
10
45.1109982219964
20
124.78049276098557
97
1
330

75
0
76
1
47
0.4128176842155181
98
1
10
34.90568961886538
20
22.81183545379326
450
0
451
0
460
0
461
0
452
1
462
1
453
2
463
0
63
5
421
255
463
1
63
7
421
16777215
470
LINEAR
1001
ACAD
1010
0
1020
0
1030
0
0
HATCH
5
bbb
100
AcDbEntity
8
TopSolderMaskLayer
100
AcDbHatch
10
0
20
0
30
0
210
0
220
0
230
1
2
SOLID
70
1
71
0
91
1
92
7
72
0
73
1
93
4
10
30.80422975123929
20
133.53829500904533
10
29.885797628513046
20
133.53829500904533
10
29.885797628513046
20
134.39218953216835
10
30.80422975123929
20
134.39218953216835
97
1
330

75
0
76
1
47
0.4128176842155181
98
1
10
34.90568961886538
20
22.81183545379326
450
0
451
0
460
0
461
0
452
1
462
1
453
2
463
0
63
5
421
255
463
1
63
7
421
16777215
470
LINEAR
1001
ACAD
1010
0
1020
0
1030
0
0
HATCH
5
bbe
100
AcDbEntity
8
TopLayer
100
AcDbHatch
10
0
20
0
30
0
210
0
220
0
230
1
2
SOLID
70
1
71
0
91
1
92
7
72
0
73
1
93
4
10
30.77701295402585
20
133.562001524003
10
29.913004826009683
20
133.562001524003
10
29.913004826009683
20
134.368478536957
10
30.77701295402585
20
134.368478536957
97
1
330

75
0
76
1
47
0.4128176842155181
98
1
10
34.90568961886538
20
22.81183545379326
450
0
451
0
460
0
461
0
452
1
462
1
453
2
463
0
63
5
421
255
463
1
63
7
421
16777215
470
LINEAR
1001
ACAD
1010
0
1020
0
1030
0
0
HATCH
5
bc1
100
AcDbEntity
8
TopSolderMaskLayer
100
AcDbHatch
10
0
20
0
30
0
210
0
220
0
230
1
2
SOLID
70
1
71
0
91
1
92
7
72
0
73
1
93
4
10
30.80422975123929
20
132.88568562574562
10
29.885797628513046
20
132.88568562574562
10
29.885797628513046
20
132.03179110262272
10
30.80422975123929
20
132.03179110262272
97
1
330

75
0
76
1
47
0.4128176842155181
98
1
10
34.90568961886538
20
22.81183545379326
450
0
451
0
460
0
461
0
452
1
462
1
453
2
463
0
63
5
421
255
463
1
63
7
421
16777215
470
LINEAR
1001
ACAD
1010
0
1020
0
1030
0
0
HATCH
5
bc4
100
AcDbEntity
8
TopLayer
100
AcDbHatch
10
0
20
0
30
0
210
0
220
0
230
1
2
SOLID
70
1
71
0
91
1
92
7
72
0
73
1
93
4
10
30.77701295402585
20
132.86197612395233
10
29.913004826009683
20
132.86197612395233
10
29.913004826009683
20
132.0554991109983
10
30.77701295402585
20
132.0554991109983
97
1
330

75
0
76
1
47
0.4128176842155181
98
1
10
34.90568961886538
20
22.81183545379326
450
0
451
0
460
0
461
0
452
1
462
1
453
2
463
0
63
5
421
255
463
1
63
7
421
16777215
470
LINEAR
1001
ACAD
1010
0
1020
0
1030
0
0
HATCH
5
bc7
100
AcDbEntity
8
TopSolderMaskLayer
100
AcDbHatch
10
0
20
0
30
0
210
0
220
0
230
1
2
SOLID
70
1
71
0
91
1
92
7
72
0
73
1
93
4
10
37.23021560316079
20
133.53829500904533
10
36.311783480434315
20
133.53829500904533
10
36.311783480434315
20
134.39218953216835
10
37.23021560316079
20
134.39218953216835
97
1
330

75
0
76
1
47
0.4128176842155181
98
1
10
34.90568961886538
20
22.81183545379326
450
0
451
0
460
0
461
0
452
1
462
1
453
2
463
0
63
5
421
255
463
1
63
7
421
16777215
470
LINEAR
1001
ACAD
1010
0
1020
0
1030
0
0
HATCH
5
bca
100
AcDbEntity
8
TopLayer
100
AcDbHatch
10
0
20
0
30
0
210
0
220
0
230
1
2
SOLID
70
1
71
0
91
1
92
7
72
0
73
1
93
4
10
37.20299720599451
20
133.562001524003
10
36.33898907797811
20
133.562001524003
10
36.33898907797811
20
134.368478536957
10
37.20299720599451
20
134.368478536957
97
1
330

75
0
76
1
47
0.4128176842155181
98
1
10
34.90568961886538
20
22.81183545379326
450
0
451
0
460
0
461
0
452
1
462
1
453
2
463
0
63
5
421
255
463
1
63
7
421
16777215
470
LINEAR
1001
ACAD
1010
0
1020
0
1030
0
0
HATCH
5
bcd
100
AcDbEntity
8
TopSolderMaskLayer
100
AcDbHatch
10
0
20
0
30
0
210
0
220
0
230
1
2
SOLID
70
1
71
0
91
1
92
7
72
0
73
1
93
4
10
37.23021560316079
20
132.88568562574562
10
36.311783480434315
20
132.88568562574562
10
36.311783480434315
20
132.03179110262272
10
37.23021560316079
20
132.03179110262272
97
1
330

75
0
76
1
47
0.4128176842155181
98
1
10
34.90568961886538
20
22.81183545379326
450
0
451
0
460
0
461
0
452
1
462
1
453
2
463
0
63
5
421
255
463
1
63
7
421
16777215
470
LINEAR
1001
ACAD
1010
0
1020
0
1030
0
0
HATCH
5
bd0
100
AcDbEntity
8
TopLayer
100
AcDbHatch
10
0
20
0
30
0
210
0
220
0
230
1
2
SOLID
70
1
71
0
91
1
92
7
72
0
73
1
93
4
10
37.20299720599451
20
132.86197612395233
10
36.33898907797811
20
132.86197612395233
10
36.33898907797811
20
132.0554991109983
10
37.20299720599451
20
132.0554991109983
97
1
330

75
0
76
1
47
0.4128176842155181
98
1
10
34.90568961886538
20
22.81183545379326
450
0
451
0
460
0
461
0
452
1
462
1
453
2
463
0
63
5
421
255
463
1
63
7
421
16777215
470
LINEAR
1001
ACAD
1010
0
1020
0
1030
0
0
HATCH
5
bd3
100
AcDbEntity
8
TopSolderMaskLayer
100
AcDbHatch
10
0
20
0
30
0
210
0
220
0
230
1
2
SOLID
70
1
71
0
91
1
92
7
72
0
73
1
93
4
10
16.607387414900813
20
126.63139446278888
10
16.607387414900813
20
125.7165862331725
10
15.750110300346705
20
125.7165862331725
10
15.750110300346705
20
126.63139446278888
97
1
330

75
0
76
1
47
0.4128176842155181
98
1
10
34.90568961886538
20
22.81183545379326
450
0
451
0
460
0
461
0
452
1
462
1
453
2
463
0
63
5
421
255
463
1
63
7
421
16777215
470
LINEAR
1001
ACAD
1010
0
1020
0
1030
0
0
HATCH
5
bd6
100
AcDbEntity
8
TopLayer
100
AcDbHatch
10
0
20
0
30
0
210
0
220
0
230
1
2
SOLID
70
1
71
0
91
1
92
7
72
0
73
1
93
4
10
16.581991363982752
20
126.60599441198883
10
16.581991363982752
20
125.74198628397266
10
15.775514351028733
20
125.74198628397266
10
15.775514351028733
20
126.60599441198883
97
1
330

75
0
76
1
47
0.4128176842155181
98
1
10
34.90568961886538
20
22.81183545379326
450
0
451
0
460
0
461
0
452
1
462
1
453
2
463
0
63
5
421
255
463
1
63
7
421
16777215
470
LINEAR
1001
ACAD
1010
0
1020
0
1030
0
0
HATCH
5
bd9
100
AcDbEntity
8
TopSolderMaskLayer
100
AcDbHatch
10
0
20
0
30
0
210
0
220
0
230
1
2
SOLID
70
1
71
0
91
1
92
7
72
0
73
1
93
4
10
17.256614313304226
20
126.63139446278888
10
17.256614313304226
20
125.7165862331725
10
18.113891427858334
20
125.7165862331725
10
18.113891427858334
20
126.63139446278888
97
1
330

75
0
76
1
47
0.4128176842155181
98
1
10
34.90568961886538
20
22.81183545379326
450
0
451
0
460
0
461
0
452
1
462
1
453
2
463
0
63
5
421
255
463
1
63
7
421
16777215
470
LINEAR
1001
ACAD
1010
0
1020
0
1030
0
0
HATCH
5
bdc
100
AcDbEntity
8
TopLayer
100
AcDbHatch
10
0
20
0
30
0
210
0
220
0
230
1
2
SOLID
70
1
71
0
91
1
92
7
72
0
73
1
93
4
10
17.282016764033415
20
126.60599441198883
10
17.282016764033415
20
125.74198628397266
10
18.088493776987434
20
125.74198628397266
10
18.088493776987434
20
126.60599441198883
97
1
330

75
0
76
1
47
0.4128176842155181
98
1
10
34.90568961886538
20
22.81183545379326
450
0
451
0
460
0
461
0
452
1
462
1
453
2
463
0
63
5
421
255
463
1
63
7
421
16777215
470
LINEAR
1001
ACAD
1010
0
1020
0
1030
0
0
HATCH
5
bdf
100
AcDbEntity
8
TopSolderMaskLayer
100
AcDbHatch
10
0
20
0
30
0
210
0
220
0
230
1
2
SOLID
70
1
71
0
91
1
92
7
72
0
73
1
93
4
10
22.930407086620562
20
20.02659887111895
10
22.07960698502052
20
20.02659887111895
10
22.07960698502052
20
20.977425806464566
10
22.930407086620562
20
20.977425806464566
97
1
330

75
0
76
1
47
0.4128176842155181
98
1
10
34.90568961886538
20
22.81183545379326
450
0
451
0
460
0
461
0
452
1
462
1
453
2
463
0
63
5
421
255
463
1
63
7
421
16777215
470
LINEAR
1001
ACAD
1010
0
1020
0
1030
0
0
HATCH
5
be2
100
AcDbEntity
8
TopPasteMaskLayer
100
AcDbHatch
10
0
20
0
30
0
210
0
220
0
230
1
2
SOLID
70
1
71
0
91
1
92
7
72
0
73
1
93
4
10
22.905003810007656
20
20.051993903987864
10
22.1050038100077
20
20.051993903987864
10
22.1050038100077
20
20.952019304038572
10
22.905003810007656
20
20.952019304038572
97
1
330

75
0
76
1
47
0.4128176842155181
98
1
10
34.90568961886538
20
22.81183545379326
450
0
451
0
460
0
461
0
452
1
462
1
453
2
463
0
63
5
421
255
463
1
63
7
421
16777215
470
LINEAR
1001
ACAD
1010
0
1020
0
1030
0
0
HATCH
5
be5
100
AcDbEntity
8
TopLayer
100
AcDbHatch
10
0
20
0
30
0
210
0
220
0
230
1
2
SOLID
70
1
71
0
91
1
92
7
72
0
73
1
93
4
10
22.905003810007656
20
20.051993903987864
10
22.1050038100077
20
20.051993903987864
10
22.1050038100077
20
20.952019304038572
10
22.905003810007656
20
20.952019304038572
97
1
330

75
0
76
1
47
0.4128176842155181
98
1
10
34.90568961886538
20
22.81183545379326
450
0
451
0
460
0
461
0
452
1
462
1
453
2
463
0
63
5
421
255
463
1
63
7
421
16777215
470
LINEAR
1001
ACAD
1010
0
1020
0
1030
0
0
HATCH
5
be8
100
AcDbEntity
8
TopSolderMaskLayer
100
AcDbHatch
10
0
20
0
30
0
210
0
220
0
230
1
2
SOLID
70
1
71
0
91
1
92
7
72
0
73
1
93
4
10
24.33040386080779
20
20.02659887111895
10
23.47960375920752
20
20.02659887111895
10
23.47960375920752
20
20.977425806464566
10
24.33040386080779
20
20.977425806464566
97
1
330

75
0
76
1
47
0.4128176842155181
98
1
10
34.90568961886538
20
22.81183545379326
450
0
451
0
460
0
461
0
452
1
462
1
453
2
463
0
63
5
421
255
463
1
63
7
421
16777215
470
LINEAR
1001
ACAD
1010
0
1020
0
1030
0
0
HATCH
5
beb
100
AcDbEntity
8
TopPasteMaskLayer
100
AcDbHatch
10
0
20
0
30
0
210
0
220
0
230
1
2
SOLID
70
1
71
0
91
1
92
7
72
0
73
1
93
4
10
24.30500381000752
20
20.051993903987864
10
23.505003810007793
20
20.051993903987864
10
23.505003810007793
20
20.952019304038572
10
24.30500381000752
20
20.952019304038572
97
1
330

75
0
76
1
47
0.4128176842155181
98
1
10
34.90568961886538
20
22.81183545379326
450
0
451
0
460
0
461
0
452
1
462
1
453
2
463
0
63
5
421
255
463
1
63
7
421
16777215
470
LINEAR
1001
ACAD
1010
0
1020
0
1030
0
0
HATCH
5
bee
100
AcDbEntity
8
TopLayer
100
AcDbHatch
10
0
20
0
30
0
210
0
220
0
230
1
2
SOLID
70
1
71
0
91
1
92
7
72
0
73
1
93
4
10
24.30500381000752
20
20.051993903987864
10
23.505003810007793
20
20.051993903987864
10
23.505003810007793
20
20.952019304038572
10
24.30500381000752
20
20.952019304038572
97
1
330

75
0
76
1
47
0.4128176842155181
98
1
10
34.90568961886538
20
22.81183545379326
450
0
451
0
460
0
461
0
452
1
462
1
453
2
463
0
63
5
421
255
463
1
63
7
421
16777215
470
LINEAR
1001
ACAD
1010
0
1020
0
1030
0
0
HATCH
5
bf1
100
AcDbEntity
8
TopSolderMaskLayer
100
AcDbHatch
10
0
20
0
30
0
210
0
220
0
230
1
2
SOLID
70
1
71
0
91
1
92
7
72
0
73
1
93
4
10
52.957605702308456
20
16.948416081061623
10
53.8084058039085
20
16.948416081061623
10
53.8084058039085
20
15.997589145715892
10
52.957605702308456
20
15.997589145715892
97
1
330

75
0
76
1
47
0.4128176842155181
98
1
10
34.90568961886538
20
22.81183545379326
450
0
451
0
460
0
461
0
452
1
462
1
453
2
463
0
63
5
421
255
463
1
63
7
421
16777215
470
LINEAR
1001
ACAD
1010
0
1020
0
1030
0
0
HATCH
5
bf4
100
AcDbEntity
8
TopPasteMaskLayer
100
AcDbHatch
10
0
20
0
30
0
210
0
220
0
230
1
2
SOLID
70
1
71
0
91
1
92
7
72
0
73
1
93
4
10
52.98300736601482
20
16.923012446024927
10
53.78300736601477
20
16.923012446024927
10
53.78300736601477
20
16.022987045974105
10
52.98300736601482
20
16.022987045974105
97
1
330

75
0
76
1
47
0.4128176842155181
98
1
10
34.90568961886538
20
22.81183545379326
450
0
451
0
460
0
461
0
452
1
462
1
453
2
463
0
63
5
421
255
463
1
63
7
421
16777215
470
LINEAR
1001
ACAD
1010
0
1020
0
1030
0
0
HATCH
5
bf7
100
AcDbEntity
8
TopLayer
100
AcDbHatch
10
0
20
0
30
0
210
0
220
0
230
1
2
SOLID
70
1
71
0
91
1
92
7
72
0
73
1
93
4
10
52.98300736601482
20
16.923012446024927
10
53.78300736601477
20
16.923012446024927
10
53.78300736601477
20
16.022987045974105
10
52.98300736601482
20
16.022987045974105
97
1
330

75
0
76
1
47
0.4128176842155181
98
1
10
34.90568961886538
20
22.81183545379326
450
0
451
0
460
0
461
0
452
1
462
1
453
2
463
0
63
5
421
255
463
1
63
7
421
16777215
470
LINEAR
1001
ACAD
1010
0
1020
0
1030
0
0
HATCH
5
bfa
100
AcDbEntity
8
TopSolderMaskLayer
100
AcDbHatch
10
0
20
0
30
0
210
0
220
0
230
1
2
SOLID
70
1
71
0
91
1
92
7
72
0
73
1
93
4
10
51.557608928121
20
16.948416081061623
10
52.40840902972127
20
16.948416081061623
10
52.40840902972127
20
15.997589145715892
10
51.557608928121
20
15.997589145715892
97
1
330

75
0
76
1
47
0.4128176842155181
98
1
10
34.90568961886538
20
22.81183545379326
450
0
451
0
460
0
461
0
452
1
462
1
453
2
463
0
63
5
421
255
463
1
63
7
421
16777215
470
LINEAR
1001
ACAD
1010
0
1020
0
1030
0
0
HATCH
5
bfd
100
AcDbEntity
8
TopPasteMaskLayer
100
AcDbHatch
10
0
20
0
30
0
210
0
220
0
230
1
2
SOLID
70
1
71
0
91
1
92
7
72
0
73
1
93
4
10
51.583007366014726
20
16.923012446024927
10
52.38300736601468
20
16.923012446024927
10
52.38300736601468
20
16.022987045974105
10
51.583007366014726
20
16.022987045974105
97
1
330

75
0
76
1
47
0.4128176842155181
98
1
10
34.90568961886538
20
22.81183545379326
450
0
451
0
460
0
461
0
452
1
462
1
453
2
463
0
63
5
421
255
463
1
63
7
421
16777215
470
LINEAR
1001
ACAD
1010
0
1020
0
1030
0
0
HATCH
5
c00
100
AcDbEntity
8
TopLayer
100
AcDbHatch
10
0
20
0
30
0
210
0
220
0
230
1
2
SOLID
70
1
71
0
91
1
92
7
72
0
73
1
93
4
10
51.583007366014726
20
16.923012446024927
10
52.38300736601468
20
16.923012446024927
10
52.38300736601468
20
16.022987045974105
10
51.583007366014726
20
16.022987045974105
97
1
330

75
0
76
1
47
0.4128176842155181
98
1
10
34.90568961886538
20
22.81183545379326
450
0
451
0
460
0
461
0
452
1
462
1
453
2
463
0
63
5
421
255
463
1
63
7
421
16777215
470
LINEAR
1001
ACAD
1010
0
1020
0
1030
0
0
HATCH
5
c03
100
AcDbEntity
8
TopSolderMaskLayer
100
AcDbHatch
10
0
20
0
30
0
210
0
220
0
230
1
2
SOLID
70
1
71
0
91
1
92
7
72
0
73
1
93
4
10
38.89595494029686
20
134.40228600457203
10
38.89595494029686
20
133.55148590297176
10
38.04515483869659
20
133.55148590297176
10
38.04515483869659
20
134.40228600457203
97
1
330

75
0
76
1
47
0.4128176842155181
98
1
10
34.90568961886538
20
22.81183545379326
450
0
451
0
460
0
461
0
452
1
462
1
453
2
463
0
63
5
421
255
463
1
63
7
421
16777215
470
LINEAR
1001
ACAD
1010
0
1020
0
1030
0
0
HATCH
5
c06
100
AcDbEntity
8
TopPasteMaskLayer
100
AcDbHatch
10
0
20
0
30
0
210
0
220
0
230
1
2
SOLID
70
1
71
0
91
1
92
7
72
0
73
1
93
4
10
38.870561341122766
20
134.37688595377188
10
38.870561341122766
20
133.57688595377192
10
38.070561341122584
20
133.57688595377192
10
38.070561341122584
20
134.37688595377188
97
1
330

75
0
76
1
47
0.4128176842155181
98
1
10
34.90568961886538
20
22.81183545379326
450
0
451
0
460
0
461
0
452
1
462
1
453
2
463
0
63
5
421
255
463
1
63
7
421
16777215
470
LINEAR
1001
ACAD
1010
0
1020
0
1030
0
0
HATCH
5
c09
100
AcDbEntity
8
TopLayer
100
AcDbHatch
10
0
20
0
30
0
210
0
220
0
230
1
2
SOLID
70
1
71
0
91
1
92
7
72
0
73
1
93
4
10
38.870561341122766
20
134.37688595377188
10
38.870561341122766
20
133.57688595377192
10
38.070561341122584
20
133.57688595377192
10
38.070561341122584
20
134.37688595377188
97
1
330

75
0
76
1
47
0.4128176842155181
98
1
10
34.90568961886538
20
22.81183545379326
450
0
451
0
460
0
461
0
452
1
462
1
453
2
463
0
63
5
421
255
463
1
63
7
421
16777215
470
LINEAR
1001
ACAD
1010
0
1020
0
1030
0
0
HATCH
5
c0c
100
AcDbEntity
8
TopSolderMaskLayer
100
AcDbHatch
10
0
20
0
30
0
210
0
220
0
230
1
2
SOLID
70
1
71
0
91
1
92
7
72
0
73
1
93
4
10
40.49496917703527
20
134.40243195325104
10
40.49496917703527
20
133.55163185165077
10
39.644169075435
20
133.55163185165077
10
39.644169075435
20
134.40243195325104
97
1
330

75
0
76
1
47
0.4128176842155181
98
1
10
34.90568961886538
20
22.81183545379326
450
0
451
0
460
0
461
0
452
1
462
1
453
2
463
0
63
5
421
255
463
1
63
7
421
16777215
470
LINEAR
1001
ACAD
1010
0
1020
0
1030
0
0
HATCH
5
c0f
100
AcDbEntity
8
TopPasteMaskLayer
100
AcDbHatch
10
0
20
0
30
0
210
0
220
0
230
1
2
SOLID
70
1
71
0
91
1
92
7
72
0
73
1
93
4
10
40.469570739141545
20
134.37703835407672
10
40.469570739141545
20
133.57703835407676
10
39.66957073914159
20
133.57703835407676
10
39.66957073914159
20
134.37703835407672
97
1
330

75
0
76
1
47
0.4128176842155181
98
1
10
34.90568961886538
20
22.81183545379326
450
0
451
0
460
0
461
0
452
1
462
1
453
2
463
0
63
5
421
255
463
1
63
7
421
16777215
470
LINEAR
1001
ACAD
1010
0
1020
0
1030
0
0
HATCH
5
c12
100
AcDbEntity
8
TopLayer
100
AcDbHatch
10
0
20
0
30
0
210
0
220
0
230
1
2
SOLID
70
1
71
0
91
1
92
7
72
0
73
1
93
4
10
40.469570739141545
20
134.37703835407672
10
40.469570739141545
20
133.57703835407676
10
39.66957073914159
20
133.57703835407676
10
39.66957073914159
20
134.37703835407672
97
1
330

75
0
76
1
47
0.4128176842155181
98
1
10
34.90568961886538
20
22.81183545379326
450
0
451
0
460
0
461
0
452
1
462
1
453
2
463
0
63
5
421
255
463
1
63
7
421
16777215
470
LINEAR
1001
ACAD
1010
0
1020
0
1030
0
0
HATCH
5
c15
100
AcDbEntity
8
TopSolderMaskLayer
100
AcDbHatch
10
0
20
0
30
0
210
0
220
0
230
1
2
SOLID
70
1
71
0
91
1
92
7
72
0
73
1
93
4
10
32.72497470156236
20
134.35131294133555
10
32.72497470156236
20
133.5005128397354
10
31.874174599962316
20
133.5005128397354
10
31.874174599962316
20
134.35131294133555
97
1
330

75
0
76
1
47
0.4128176842155181
98
1
10
34.90568961886538
20
22.81183545379326
450
0
451
0
460
0
461
0
452
1
462
1
453
2
463
0
63
5
421
255
463
1
63
7
421
16777215
470
LINEAR
1001
ACAD
1010
0
1020
0
1030
0
0
HATCH
5
c18
100
AcDbEntity
8
TopPasteMaskLayer
100
AcDbHatch
10
0
20
0
30
0
210
0
220
0
230
1
2
SOLID
70
1
71
0
91
1
92
7
72
0
73
1
93
4
10
32.699568199136365
20
134.3259080518161
10
32.699568199136365
20
133.52590805181615
10
31.89956819913641
20
133.52590805181615
10
31.89956819913641
20
134.3259080518161
97
1
330

75
0
76
1
47
0.4128176842155181
98
1
10
34.90568961886538
20
22.81183545379326
450
0
451
0
460
0
461
0
452
1
462
1
453
2
463
0
63
5
421
255
463
1
63
7
421
16777215
470
LINEAR
1001
ACAD
1010
0
1020
0
1030
0
0
HATCH
5
c1b
100
AcDbEntity
8
TopLayer
100
AcDbHatch
10
0
20
0
30
0
210
0
220
0
230
1
2
SOLID
70
1
71
0
91
1
92
7
72
0
73
1
93
4
10
32.699568199136365
20
134.3259080518161
10
32.699568199136365
20
133.52590805181615
10
31.89956819913641
20
133.52590805181615
10
31.89956819913641
20
134.3259080518161
97
1
330

75
0
76
1
47
0.4128176842155181
98
1
10
34.90568961886538
20
22.81183545379326
450
0
451
0
460
0
461
0
452
1
462
1
453
2
463
0
63
5
421
255
463
1
63
7
421
16777215
470
LINEAR
1001
ACAD
1010
0
1020
0
1030
0
0
HATCH
5
c1e
100
AcDbEntity
8
TopSolderMaskLayer
100
AcDbHatch
10
0
20
0
30
0
210
0
220
0
230
1
2
SOLID
70
1
71
0
91
1
92
7
72
0
73
1
93
4
10
34.323972809235784
20
134.35145889001456
10
34.323972809235784
20
133.5006587884144
10
33.47317270763574
20
133.5006587884144
10
33.47317270763574
20
134.35145889001456
97
1
330

75
0
76
1
47
0.4128176842155181
98
1
10
34.90568961886538
20
22.81183545379326
450
0
451
0
460
0
461
0
452
1
462
1
453
2
463
0
63
5
421
255
463
1
63
7
421
16777215
470
LINEAR
1001
ACAD
1010
0
1020
0
1030
0
0
HATCH
5
c21
100
AcDbEntity
8
TopPasteMaskLayer
100
AcDbHatch
10
0
20
0
30
0
210
0
220
0
230
1
2
SOLID
70
1
71
0
91
1
92
7
72
0
73
1
93
4
10
34.298577597155145
20
134.32606045212094
10
34.298577597155145
20
133.526060452121
10
33.49857759715519
20
133.526060452121
10
33.49857759715519
20
134.32606045212094
97
1
330

75
0
76
1
47
0.4128176842155181
98
1
10
34.90568961886538
20
22.81183545379326
450
0
451
0
460
0
461
0
452
1
462
1
453
2
463
0
63
5
421
255
463
1
63
7
421
16777215
470
LINEAR
1001
ACAD
1010
0
1020
0
1030
0
0
HATCH
5
c24
100
AcDbEntity
8
TopLayer
100
AcDbHatch
10
0
20
0
30
0
210
0
220
0
230
1
2
SOLID
70
1
71
0
91
1
92
7
72
0
73
1
93
4
10
34.298577597155145
20
134.32606045212094
10
34.298577597155145
20
133.526060452121
10
33.49857759715519
20
133.526060452121
10
33.49857759715519
20
134.32606045212094
97
1
330

75
0
76
1
47
0.4128176842155181
98
1
10
34.90568961886538
20
22.81183545379326
450
0
451
0
460
0
461
0
452
1
462
1
453
2
463
0
63
5
421
255
463
1
63
7
421
16777215
470
LINEAR
1001
ACAD
1010
0
1020
0
1030
0
0
HATCH
5
c27
100
AcDbEntity
8
TopSolderMaskLayer
100
AcDbHatch
10
0
20
0
30
0
210
0
220
0
230
1
2
SOLID
70
1
71
0
91
1
92
7
72
0
73
1
93
4
10
52.241043256280136
20
133.57451891032815
10
52.241043256280136
20
134.4253190119283
10
53.09184335788018
20
134.4253190119283
10
53.09184335788018
20
133.57451891032815
97
1
330

75
0
76
1
47
0.4128176842155181
98
1
10
34.90568961886538
20
22.81183545379326
450
0
451
0
460
0
461
0
452
1
462
1
453
2
463
0
63
5
421
255
463
1
63
7
421
16777215
470
LINEAR
1001
ACAD
1010
0
1020
0
1030
0
0
HATCH
5
c2a
100
AcDbEntity
8
TopPasteMaskLayer
100
AcDbHatch
10
0
20
0
30
0
210
0
220
0
230
1
2
SOLID
70
1
71
0
91
1
92
7
72
0
73
1
93
4
10
52.26644653289304
20
133.5999237998476
10
52.26644653289304
20
134.39992379984767
10
53.066446532892996
20
134.39992379984767
10
53.066446532892996
20
133.5999237998476
97
1
330

75
0
76
1
47
0.4128176842155181
98
1
10
34.90568961886538
20
22.81183545379326
450
0
451
0
460
0
461
0
452
1
462
1
453
2
463
0
63
5
421
255
463
1
63
7
421
16777215
470
LINEAR
1001
ACAD
1010
0
1020
0
1030
0
0
HATCH
5
c2d
100
AcDbEntity
8
TopLayer
100
AcDbHatch
10
0
20
0
30
0
210
0
220
0
230
1
2
SOLID
70
1
71
0
91
1
92
7
72
0
73
1
93
4
10
52.26644653289304
20
133.5999237998476
10
52.26644653289304
20
134.39992379984767
10
53.066446532892996
20
134.39992379984767
10
53.066446532892996
20
133.5999237998476
97
1
330

75
0
76
1
47
0.4128176842155181
98
1
10
34.90568961886538
20
22.81183545379326
450
0
451
0
460
0
461
0
452
1
462
1
453
2
463
0
63
5
421
255
463
1
63
7
421
16777215
470
LINEAR
1001
ACAD
1010
0
1020
0
1030
0
0
HATCH
5
c30
100
AcDbEntity
8
TopSolderMaskLayer
100
AcDbHatch
10
0
20
0
30
0
210
0
220
0
230
1
2
SOLID
70
1
71
0
91
1
92
7
72
0
73
1
93
4
10
50.64202901954195
20
133.57437296164915
10
50.64202901954195
20
134.4251730632493
10
51.49282912114222
20
134.4251730632493
10
51.49282912114222
20
133.57437296164915
97
1
330

75
0
76
1
47
0.4128176842155181
98
1
10
34.90568961886538
20
22.81183545379326
450
0
451
0
460
0
461
0
452
1
462
1
453
2
463
0
63
5
421
255
463
1
63
7
421
16777215
470
LINEAR
1001
ACAD
1010
0
1020
0
1030
0
0
HATCH
5
c33
100
AcDbEntity
8
TopPasteMaskLayer
100
AcDbHatch
10
0
20
0
30
0
210
0
220
0
230
1
2
SOLID
70
1
71
0
91
1
92
7
72
0
73
1
93
4
10
50.66743713487449
20
133.59977139954287
10
50.66743713487449
20
134.39977139954283
10
51.46743713487422
20
134.39977139954283
10
51.46743713487422
20
133.59977139954287
97
1
330

75
0
76
1
47
0.4128176842155181
98
1
10
34.90568961886538
20
22.81183545379326
450
0
451
0
460
0
461
0
452
1
462
1
453
2
463
0
63
5
421
255
463
1
63
7
421
16777215
470
LINEAR
1001
ACAD
1010
0
1020
0
1030
0
0
HATCH
5
c36
100
AcDbEntity
8
TopLayer
100
AcDbHatch
10
0
20
0
30
0
210
0
220
0
230
1
2
SOLID
70
1
71
0
91
1
92
7
72
0
73
1
93
4
10
50.66743713487449
20
133.59977139954287
10
50.66743713487449
20
134.39977139954283
10
51.46743713487422
20
134.39977139954283
10
51.46743713487422
20
133.59977139954287
97
1
330

75
0
76
1
47
0.4128176842155181
98
1
10
34.90568961886538
20
22.81183545379326
450
0
451
0
460
0
461
0
452
1
462
1
453
2
463
0
63
5
421
255
463
1
63
7
421
16777215
470
LINEAR
1001
ACAD
1010
0
1020
0
1030
0
0
HATCH
5
c39
100
AcDbEntity
8
TopSolderMaskLayer
100
AcDbHatch
10
0
20
0
30
0
210
0
220
0
230
1
2
SOLID
70
1
71
0
91
1
92
7
72
0
73
1
93
4
10
43.553791964552374
20
123.2467010280211
10
44.47222408727839
20
123.2467010280211
10
44.47222408727839
20
122.39280650489809
10
43.553791964552374
20
122.39280650489809
97
1
330

75
0
76
1
47
0.4128176842155181
98
1
10
34.90568961886538
20
22.81183545379326
450
0
451
0
460
0
461
0
452
1
462
1
453
2
463
0
63
5
421
255
463
1
63
7
421
16777215
470
LINEAR
1001
ACAD
1010
0
1020
0
1030
0
0
HATCH
5
c3c
100
AcDbEntity
8
TopLayer
100
AcDbHatch
10
0
20
0
30
0
210
0
220
0
230
1
2
SOLID
70
1
71
0
91
1
92
7
72
0
73
1
93
4
10
43.58100076200162
20
123.22298704597415
10
44.44500889001779
20
123.22298704597415
10
44.44500889001779
20
122.41651003302002
10
43.58100076200162
20
122.41651003302002
97
1
330

75
0
76
1
47
0.4128176842155181
98
1
10
34.90568961886538
20
22.81183545379326
450
0
451
0
460
0
461
0
452
1
462
1
453
2
463
0
63
5
421
255
463
1
63
7
421
16777215
470
LINEAR
1001
ACAD
1010
0
1020
0
1030
0
0
HATCH
5
c3f
100
AcDbEntity
8
TopSolderMaskLayer
100
AcDbHatch
10
0
20
0
30
0
210
0
220
0
230
1
2
SOLID
70
1
71
0
91
1
92
7
72
0
73
1
93
4
10
43.553791964552374
20
123.8993104113207
10
44.47222408727839
20
123.8993104113207
10
44.47222408727839
20
124.75320493444372
10
43.553791964552374
20
124.75320493444372
97
1
330

75
0
76
1
47
0.4128176842155181
98
1
10
34.90568961886538
20
22.81183545379326
450
0
451
0
460
0
461
0
452
1
462
1
453
2
463
0
63
5
421
255
463
1
63
7
421
16777215
470
LINEAR
1001
ACAD
1010
0
1020
0
1030
0
0
HATCH
5
c42
100
AcDbEntity
8
TopLayer
100
AcDbHatch
10
0
20
0
30
0
210
0
220
0
230
1
2
SOLID
70
1
71
0
91
1
92
7
72
0
73
1
93
4
10
43.58100076200162
20
123.92301244602493
10
44.44500889001779
20
123.92301244602493
10
44.44500889001779
20
124.72948945897895
10
43.58100076200162
20
124.72948945897895
97
1
330

75
0
76
1
47
0.4128176842155181
98
1
10
34.90568961886538
20
22.81183545379326
450
0
451
0
460
0
461
0
452
1
462
1
453
2
463
0
63
5
421
255
463
1
63
7
421
16777215
470
LINEAR
1001
ACAD
1010
0
1020
0
1030
0
0
HATCH
5
c49
100
AcDbEntity
8
TopSolderMaskLayer
100
AcDbHatch
10
0
20
0
30
0
210
0
220
0
230
1
2
SOLID
70
1
71
0
91
1
92
7
72
1
73
1
93
4
10
62.01130302260614
20
110.12327826321007
42
-0.7853981633974483
10
61.37249174498359
20
110.12327826321007
42
0
10
61.37249174498359
20
108.63008724352096
42
-0.7853981633974483
10
62.01130302260614
20
108.63008724352096
42
0
97
1
330

75
0
76
1
47
0.4128176842155181
98
1
10
34.90568961886538
20
22.81183545379326
450
0
451
0
460
0
461
0
452
1
462
1
453
2
463
0
63
5
421
255
463
1
63
7
421
16777215
470
LINEAR
1001
ACAD
1010
0
1020
0
1030
0
0
HATCH
5
c50
100
AcDbEntity
8
TopPasteMaskLayer
100
AcDbHatch
10
0
20
0
30
0
210
0
220
0
230
1
2
SOLID
70
1
71
0
91
1
92
7
72
1
73
1
93
4
10
61.98590297180604
20
110.10518161036327
42
-0.7853981633974483
10
61.39789179578369
20
110.10518161036327
42
0
10
61.39789179578369
20
108.64818389636775
42
-0.7853981633974483
10
61.98590297180604
20
108.64818389636775
42
0
97
1
330

75
0
76
1
47
0.4128176842155181
98
1
10
34.90568961886538
20
22.81183545379326
450
0
451
0
460
0
461
0
452
1
462
1
453
2
463
0
63
5
421
255
463
1
63
7
421
16777215
470
LINEAR
1001
ACAD
1010
0
1020
0
1030
0
0
HATCH
5
c57
100
AcDbEntity
8
TopLayer
100
AcDbHatch
10
0
20
0
30
0
210
0
220
0
230
1
2
SOLID
70
1
71
0
91
1
92
7
72
1
73
1
93
4
10
61.98590297180604
20
110.10518161036327
42
-0.7853981633974483
10
61.39789179578369
20
110.10518161036327
42
0
10
61.39789179578369
20
108.64818389636775
42
-0.7853981633974483
10
61.98590297180604
20
108.64818389636775
42
0
97
1
330

75
0
76
1
47
0.4128176842155181
98
1
10
34.90568961886538
20
22.81183545379326
450
0
451
0
460
0
461
0
452
1
462
1
453
2
463
0
63
5
421
255
463
1
63
7
421
16777215
470
LINEAR
1001
ACAD
1010
0
1020
0
1030
0
0
HATCH
5
c5e
100
AcDbEntity
8
TopSolderMaskLayer
100
AcDbHatch
10
0
20
0
30
0
210
0
220
0
230
1
2
SOLID
70
1
71
0
91
1
92
7
72
1
73
1
93
4
10
63.28130556261132
20
110.12327826321007
42
-0.7853981633974483
10
62.64249428498877
20
110.12327826321007
42
0
10
62.64249428498877
20
108.63008724352096
42
-0.7853981633974483
10
63.28130556261132
20
108.63008724352096
42
0
97
1
330

75
0
76
1
47
0.4128176842155181
98
1
10
34.90568961886538
20
22.81183545379326
450
0
451
0
460
0
461
0
452
1
462
1
453
2
463
0
63
5
421
255
463
1
63
7
421
16777215
470
LINEAR
1001
ACAD
1010
0
1020
0
1030
0
0
HATCH
5
c65
100
AcDbEntity
8
TopPasteMaskLayer
100
AcDbHatch
10
0
20
0
30
0
210
0
220
0
230
1
2
SOLID
70
1
71
0
91
1
92
7
72
1
73
1
93
4
10
63.25590551181122
20
110.10518161036327
42
-0.7853981633974483
10
62.66789433578887
20
110.10518161036327
42
0
10
62.66789433578887
20
108.64818389636775
42
-0.7853981633974483
10
63.25590551181122
20
108.64818389636775
42
0
97
1
330

75
0
76
1
47
0.4128176842155181
98
1
10
34.90568961886538
20
22.81183545379326
450
0
451
0
460
0
461
0
452
1
462
1
453
2
463
0
63
5
421
255
463
1
63
7
421
16777215
470
LINEAR
1001
ACAD
1010
0
1020
0
1030
0
0
HATCH
5
c6c
100
AcDbEntity
8
TopLayer
100
AcDbHatch
10
0
20
0
30
0
210
0
220
0
230
1
2
SOLID
70
1
71
0
91
1
92
7
72
1
73
1
93
4
10
63.25590551181122
20
110.10518161036327
42
-0.7853981633974483
10
62.66789433578887
20
110.10518161036327
42
0
10
62.66789433578887
20
108.64818389636775
42
-0.7853981633974483
10
63.25590551181122
20
108.64818389636775
42
0
97
1
330

75
0
76
1
47
0.4128176842155181
98
1
10
34.90568961886538
20
22.81183545379326
450
0
451
0
460
0
461
0
452
1
462
1
453
2
463
0
63
5
421
255
463
1
63
7
421
16777215
470
LINEAR
1001
ACAD
1010
0
1020
0
1030
0
0
HATCH
5
c73
100
AcDbEntity
8
TopSolderMaskLayer
100
AcDbHatch
10
0
20
0
30
0
210
0
220
0
230
1
2
SOLID
70
1
71
0
91
1
92
7
72
1
73
1
93
4
10
64.55130810261628
20
110.12327826321007
42
-0.7853981633974483
10
63.912496824993724
20
110.12327826321007
42
0
10
63.912496824993724
20
108.63008724352096
42
-0.7853981633974483
10
64.55130810261628
20
108.63008724352096
42
0
97
1
330

75
0
76
1
47
0.4128176842155181
98
1
10
34.90568961886538
20
22.81183545379326
450
0
451
0
460
0
461
0
452
1
462
1
453
2
463
0
63
5
421
255
463
1
63
7
421
16777215
470
LINEAR
1001
ACAD
1010
0
1020
0
1030
0
0
HATCH
5
c7a
100
AcDbEntity
8
TopPasteMaskLayer
100
AcDbHatch
10
0
20
0
30
0
210
0
220
0
230
1
2
SOLID
70
1
71
0
91
1
92
7
72
1
73
1
93
4
10
64.52590805181617
20
110.10518161036327
42
-0.7853981633974483
10
63.937896875793825
20
110.10518161036327
42
0
10
63.937896875793825
20
108.64818389636775
42
-0.7853981633974483
10
64.52590805181617
20
108.64818389636775
42
0
97
1
330

75
0
76
1
47
0.4128176842155181
98
1
10
34.90568961886538
20
22.81183545379326
450
0
451
0
460
0
461
0
452
1
462
1
453
2
463
0
63
5
421
255
463
1
63
7
421
16777215
470
LINEAR
1001
ACAD
1010
0
1020
0
1030
0
0
HATCH
5
c81
100
AcDbEntity
8
TopLayer
100
AcDbHatch
10
0
20
0
30
0
210
0
220
0
230
1
2
SOLID
70
1
71
0
91
1
92
7
72
1
73
1
93
4
10
64.52590805181617
20
110.10518161036327
42
-0.7853981633974483
10
63.937896875793825
20
110.10518161036327
42
0
10
63.937896875793825
20
108.64818389636775
42
-0.7853981633974483
10
64.52590805181617
20
108.64818389636775
42
0
97
1
330

75
0
76
1
47
0.4128176842155181
98
1
10
34.90568961886538
20
22.81183545379326
450
0
451
0
460
0
461
0
452
1
462
1
453
2
463
0
63
5
421
255
463
1
63
7
421
16777215
470
LINEAR
1001
ACAD
1010
0
1020
0
1030
0
0
HATCH
5
c88
100
AcDbEntity
8
TopSolderMaskLayer
100
AcDbHatch
10
0
20
0
30
0
210
0
220
0
230
1
2
SOLID
70
1
71
0
91
1
92
7
72
1
73
1
93
4
10
65.82131064262146
20
110.12327826321007
42
-0.7853981633974483
10
65.1824993649989
20
110.12327826321007
42
0
10
65.1824993649989
20
108.63008724352096
42
-0.7853981633974483
10
65.82131064262146
20
108.63008724352096
42
0
97
1
330

75
0
76
1
47
0.4128176842155181
98
1
10
34.90568961886538
20
22.81183545379326
450
0
451
0
460
0
461
0
452
1
462
1
453
2
463
0
63
5
421
255
463
1
63
7
421
16777215
470
LINEAR
1001
ACAD
1010
0
1020
0
1030
0
0
HATCH
5
c8f
100
AcDbEntity
8
TopPasteMaskLayer
100
AcDbHatch
10
0
20
0
30
0
210
0
220
0
230
1
2
SOLID
70
1
71
0
91
1
92
7
72
1
73
1
93
4
10
65.79591059182135
20
110.10518161036327
42
-0.7853981633974483
10
65.207899415799
20
110.10518161036327
42
0
10
65.207899415799
20
108.64818389636775
42
-0.7853981633974483
10
65.79591059182135
20
108.64818389636775
42
0
97
1
330

75
0
76
1
47
0.4128176842155181
98
1
10
34.90568961886538
20
22.81183545379326
450
0
451
0
460
0
461
0
452
1
462
1
453
2
463
0
63
5
421
255
463
1
63
7
421
16777215
470
LINEAR
1001
ACAD
1010
0
1020
0
1030
0
0
HATCH
5
c96
100
AcDbEntity
8
TopLayer
100
AcDbHatch
10
0
20
0
30
0
210
0
220
0
230
1
2
SOLID
70
1
71
0
91
1
92
7
72
1
73
1
93
4
10
65.79591059182135
20
110.10518161036327
42
-0.7853981633974483
10
65.207899415799
20
110.10518161036327
42
0
10
65.207899415799
20
108.64818389636775
42
-0.7853981633974483
10
65.79591059182135
20
108.64818389636775
42
0
97
1
330

75
0
76
1
47
0.4128176842155181
98
1
10
34.90568961886538
20
22.81183545379326
450
0
451
0
460
0
461
0
452
1
462
1
453
2
463
0
63
5
421
255
463
1
63
7
421
16777215
470
LINEAR
1001
ACAD
1010
0
1020
0
1030
0
0
HATCH
5
c9d
100
AcDbEntity
8
TopSolderMaskLayer
100
AcDbHatch
10
0
20
0
30
0
210
0
220
0
230
1
2
SOLID
70
1
71
0
91
1
92
7
72
1
73
1
93
4
10
62.01130302260614
20
115.6676013518562
42
-0.7853981633974483
10
61.37249174498359
20
115.6676013518562
42
0
10
61.37249174498359
20
114.17441033216721
42
-0.7853981633974483
10
62.01130302260614
20
114.17441033216721
42
0
97
1
330

75
0
76
1
47
0.4128176842155181
98
1
10
34.90568961886538
20
22.81183545379326
450
0
451
0
460
0
461
0
452
1
462
1
453
2
463
0
63
5
421
255
463
1
63
7
421
16777215
470
LINEAR
1001
ACAD
1010
0
1020
0
1030
0
0
HATCH
5
ca4
100
AcDbEntity
8
TopPasteMaskLayer
100
AcDbHatch
10
0
20
0
30
0
210
0
220
0
230
1
2
SOLID
70
1
71
0
91
1
92
7
72
1
73
1
93
4
10
61.98590297180604
20
115.64950469900941
42
-0.7853981633974483
10
61.39789179578369
20
115.64950469900941
42
0
10
61.39789179578369
20
114.19250698501389
42
-0.7853981633974483
10
61.98590297180604
20
114.19250698501389
42
0
97
1
330

75
0
76
1
47
0.4128176842155181
98
1
10
34.90568961886538
20
22.81183545379326
450
0
451
0
460
0
461
0
452
1
462
1
453
2
463
0
63
5
421
255
463
1
63
7
421
16777215
470
LINEAR
1001
ACAD
1010
0
1020
0
1030
0
0
HATCH
5
cab
100
AcDbEntity
8
TopLayer
100
AcDbHatch
10
0
20
0
30
0
210
0
220
0
230
1
2
SOLID
70
1
71
0
91
1
92
7
72
1
73
1
93
4
10
61.98590297180604
20
115.64950469900941
42
-0.7853981633974483
10
61.39789179578369
20
115.64950469900941
42
0
10
61.39789179578369
20
114.19250698501389
42
-0.7853981633974483
10
61.98590297180604
20
114.19250698501389
42
0
97
1
330

75
0
76
1
47
0.4128176842155181
98
1
10
34.90568961886538
20
22.81183545379326
450
0
451
0
460
0
461
0
452
1
462
1
453
2
463
0
63
5
421
255
463
1
63
7
421
16777215
470
LINEAR
1001
ACAD
1010
0
1020
0
1030
0
0
HATCH
5
cb2
100
AcDbEntity
8
TopSolderMaskLayer
100
AcDbHatch
10
0
20
0
30
0
210
0
220
0
230
1
2
SOLID
70
1
71
0
91
1
92
7
72
1
73
1
93
4
10
63.28130556261132
20
115.6676013518562
42
-0.7853981633974483
10
62.64249428498877
20
115.6676013518562
42
0
10
62.64249428498877
20
114.17441033216721
42
-0.7853981633974483
10
63.28130556261132
20
114.17441033216721
42
0
97
1
330

75
0
76
1
47
0.4128176842155181
98
1
10
34.90568961886538
20
22.81183545379326
450
0
451
0
460
0
461
0
452
1
462
1
453
2
463
0
63
5
421
255
463
1
63
7
421
16777215
470
LINEAR
1001
ACAD
1010
0
1020
0
1030
0
0
HATCH
5
cb9
100
AcDbEntity
8
TopPasteMaskLayer
100
AcDbHatch
10
0
20
0
30
0
210
0
220
0
230
1
2
SOLID
70
1
71
0
91
1
92
7
72
1
73
1
93
4
10
63.25590551181122
20
115.64950469900941
42
-0.7853981633974483
10
62.66789433578887
20
115.64950469900941
42
0
10
62.66789433578887
20
114.19250698501389
42
-0.7853981633974483
10
63.25590551181122
20
114.19250698501389
42
0
97
1
330

75
0
76
1
47
0.4128176842155181
98
1
10
34.90568961886538
20
22.81183545379326
450
0
451
0
460
0
461
0
452
1
462
1
453
2
463
0
63
5
421
255
463
1
63
7
421
16777215
470
LINEAR
1001
ACAD
1010
0
1020
0
1030
0
0
HATCH
5
cc0
100
AcDbEntity
8
TopLayer
100
AcDbHatch
10
0
20
0
30
0
210
0
220
0
230
1
2
SOLID
70
1
71
0
91
1
92
7
72
1
73
1
93
4
10
63.25590551181122
20
115.64950469900941
42
-0.7853981633974483
10
62.66789433578887
20
115.64950469900941
42
0
10
62.66789433578887
20
114.19250698501389
42
-0.7853981633974483
10
63.25590551181122
20
114.19250698501389
42
0
97
1
330

75
0
76
1
47
0.4128176842155181
98
1
10
34.90568961886538
20
22.81183545379326
450
0
451
0
460
0
461
0
452
1
462
1
453
2
463
0
63
5
421
255
463
1
63
7
421
16777215
470
LINEAR
1001
ACAD
1010
0
1020
0
1030
0
0
HATCH
5
cc7
100
AcDbEntity
8
TopSolderMaskLayer
100
AcDbHatch
10
0
20
0
30
0
210
0
220
0
230
1
2
SOLID
70
1
71
0
91
1
92
7
72
1
73
1
93
4
10
64.55130810261628
20
115.6676013518562
42
-0.7853981633974483
10
63.912496824993724
20
115.6676013518562
42
0
10
63.912496824993724
20
114.17441033216721
42
-0.7853981633974483
10
64.55130810261628
20
114.17441033216721
42
0
97
1
330

75
0
76
1
47
0.4128176842155181
98
1
10
34.90568961886538
20
22.81183545379326
450
0
451
0
460
0
461
0
452
1
462
1
453
2
463
0
63
5
421
255
463
1
63
7
421
16777215
470
LINEAR
1001
ACAD
1010
0
1020
0
1030
0
0
HATCH
5
cce
100
AcDbEntity
8
TopPasteMaskLayer
100
AcDbHatch
10
0
20
0
30
0
210
0
220
0
230
1
2
SOLID
70
1
71
0
91
1
92
7
72
1
73
1
93
4
10
64.52590805181617
20
115.64950469900941
42
-0.7853981633974483
10
63.937896875793825
20
115.64950469900941
42
0
10
63.937896875793825
20
114.19250698501389
42
-0.7853981633974483
10
64.52590805181617
20
114.19250698501389
42
0
97
1
330

75
0
76
1
47
0.4128176842155181
98
1
10
34.90568961886538
20
22.81183545379326
450
0
451
0
460
0
461
0
452
1
462
1
453
2
463
0
63
5
421
255
463
1
63
7
421
16777215
470
LINEAR
1001
ACAD
1010
0
1020
0
1030
0
0
HATCH
5
cd5
100
AcDbEntity
8
TopLayer
100
AcDbHatch
10
0
20
0
30
0
210
0
220
0
230
1
2
SOLID
70
1
71
0
91
1
92
7
72
1
73
1
93
4
10
64.52590805181617
20
115.64950469900941
42
-0.7853981633974483
10
63.937896875793825
20
115.64950469900941
42
0
10
63.937896875793825
20
114.19250698501389
42
-0.7853981633974483
10
64.52590805181617
20
114.19250698501389
42
0
97
1
330

75
0
76
1
47
0.4128176842155181
98
1
10
34.90568961886538
20
22.81183545379326
450
0
451
0
460
0
461
0
452
1
462
1
453
2
463
0
63
5
421
255
463
1
63
7
421
16777215
470
LINEAR
1001
ACAD
1010
0
1020
0
1030
0
0
HATCH
5
cdc
100
AcDbEntity
8
TopSolderMaskLayer
100
AcDbHatch
10
0
20
0
30
0
210
0
220
0
230
1
2
SOLID
70
1
71
0
91
1
92
7
72
1
73
1
93
4
10
65.82131064262146
20
115.6676013518562
42
-0.7853981633974483
10
65.1824993649989
20
115.6676013518562
42
0
10
65.1824993649989
20
114.17441033216721
42
-0.7853981633974483
10
65.82131064262146
20
114.17441033216721
42
0
97
1
330

75
0
76
1
47
0.4128176842155181
98
1
10
34.90568961886538
20
22.81183545379326
450
0
451
0
460
0
461
0
452
1
462
1
453
2
463
0
63
5
421
255
463
1
63
7
421
16777215
470
LINEAR
1001
ACAD
1010
0
1020
0
1030
0
0
HATCH
5
ce3
100
AcDbEntity
8
TopPasteMaskLayer
100
AcDbHatch
10
0
20
0
30
0
210
0
220
0
230
1
2
SOLID
70
1
71
0
91
1
92
7
72
1
73
1
93
4
10
65.79591059182135
20
115.64950469900941
42
-0.7853981633974483
10
65.207899415799
20
115.64950469900941
42
0
10
65.207899415799
20
114.19250698501389
42
-0.7853981633974483
10
65.79591059182135
20
114.19250698501389
42
0
97
1
330

75
0
76
1
47
0.4128176842155181
98
1
10
34.90568961886538
20
22.81183545379326
450
0
451
0
460
0
461
0
452
1
462
1
453
2
463
0
63
5
421
255
463
1
63
7
421
16777215
470
LINEAR
1001
ACAD
1010
0
1020
0
1030
0
0
HATCH
5
cea
100
AcDbEntity
8
TopLayer
100
AcDbHatch
10
0
20
0
30
0
210
0
220
0
230
1
2
SOLID
70
1
71
0
91
1
92
7
72
1
73
1
93
4
10
65.79591059182135
20
115.64950469900941
42
-0.7853981633974483
10
65.207899415799
20
115.64950469900941
42
0
10
65.207899415799
20
114.19250698501389
42
-0.7853981633974483
10
65.79591059182135
20
114.19250698501389
42
0
97
1
330

75
0
76
1
47
0.4128176842155181
98
1
10
34.90568961886538
20
22.81183545379326
450
0
451
0
460
0
461
0
452
1
462
1
453
2
463
0
63
5
421
255
463
1
63
7
421
16777215
470
LINEAR
1001
ACAD
1010
0
1020
0
1030
0
0
HATCH
5
d11
100
AcDbEntity
8
TopSolderMaskLayer
100
AcDbHatch
10
0
20
0
30
0
210
0
220
0
230
1
2
SOLID
70
1
71
0
91
1
92
7
72
0
73
1
93
4
10
32.04268878444077
20
118.10250516662836
10
33.44134007432149
20
118.10250516662836
10
33.44134007432149
20
116.63943987511686
10
32.04268878444077
20
116.63943987511686
97
1
330

75
0
76
1
47
0.4128176842155181
98
1
10
34.90568961886538
20
22.81183545379326
450
0
451
0
460
0
461
0
452
1
462
1
453
2
463
0
63
5
421
255
463
1
63
7
421
16777215
470
LINEAR
1001
ACAD
1010
0
1020
0
1030
0
0
HATCH
5
d14
100
AcDbEntity
8
TopLayer
100
AcDbHatch
10
0
20
0
30
0
210
0
220
0
230
1
2
SOLID
70
1
71
0
91
1
92
7
72
0
73
1
93
4
10
32.06700533401067
20
118.0759715519431
10
33.41701803403612
20
118.0759715519431
10
33.41701803403612
20
116.66596393192788
10
32.06700533401067
20
116.66596393192788
97
1
330

75
0
76
1
47
0.4128176842155181
98
1
10
34.90568961886538
20
22.81183545379326
450
0
451
0
460
0
461
0
452
1
462
1
453
2
463
0
63
5
421
255
463
1
63
7
421
16777215
470
LINEAR
1001
ACAD
1010
0
1020
0
1030
0
0
HATCH
5
d17
100
AcDbEntity
8
TopSolderMaskLayer
100
AcDbHatch
10
0
20
0
30
0
210
0
220
0
230
1
2
SOLID
70
1
71
0
91
1
92
7
72
0
73
1
93
4
10
32.04268878444077
20
118.6394830289189
10
33.44134007432149
20
118.6394830289189
10
33.44134007432149
20
120.10254832043063
10
32.04268878444077
20
120.10254832043063
97
1
330

75
0
76
1
47
0.4128176842155181
98
1
10
34.90568961886538
20
22.81183545379326
450
0
451
0
460
0
461
0
452
1
462
1
453
2
463
0
63
5
421
255
463
1
63
7
421
16777215
470
LINEAR
1001
ACAD
1010
0
1020
0
1030
0
0
HATCH
5
d1a
100
AcDbEntity
8
TopLayer
100
AcDbHatch
10
0
20
0
30
0
210
0
220
0
230
1
2
SOLID
70
1
71
0
91
1
92
7
72
0
73
1
93
4
10
32.06700533401067
20
118.66601473202945
10
33.41701803403612
20
118.66601473202945
10
33.41701803403612
20
120.07602235204479
10
32.06700533401067
20
120.07602235204479
97
1
330

75
0
76
1
47
0.4128176842155181
98
1
10
34.90568961886538
20
22.81183545379326
450
0
451
0
460
0
461
0
452
1
462
1
453
2
463
0
63
5
421
255
463
1
63
7
421
16777215
470
LINEAR
1001
ACAD
1010
0
1020
0
1030
0
0
HATCH
5
d1d
100
AcDbEntity
8
TopSolderMaskLayer
100
AcDbHatch
10
0
20
0
30
0
210
0
220
0
230
1
2
SOLID
70
1
71
0
91
1
92
7
72
0
73
1
93
4
10
33.32260443230575
20
122.0084138684407
10
34.17340453390602
20
122.0084138684407
10
34.17340453390602
20
121.05758693309508
10
33.32260443230575
20
121.05758693309508
97
1
330

75
0
76
1
47
0.4128176842155181
98
1
10
34.90568961886538
20
22.81183545379326
450
0
451
0
460
0
461
0
452
1
462
1
453
2
463
0
63
5
421
255
463
1
63
7
421
16777215
470
LINEAR
1001
ACAD
1010
0
1020
0
1030
0
0
HATCH
5
d20
100
AcDbEntity
8
TopPasteMaskLayer
100
AcDbHatch
10
0
20
0
30
0
210
0
220
0
230
1
2
SOLID
70
1
71
0
91
1
92
7
72
0
73
1
93
4
10
33.34800609601234
20
121.9830073660147
10
34.148006096012296
20
121.9830073660147
10
34.148006096012296
20
121.082981965964
10
33.34800609601234
20
121.082981965964
97
1
330

75
0
76
1
47
0.4128176842155181
98
1
10
34.90568961886538
20
22.81183545379326
450
0
451
0
460
0
461
0
452
1
462
1
453
2
463
0
63
5
421
255
463
1
63
7
421
16777215
470
LINEAR
1001
ACAD
1010
0
1020
0
1030
0
0
HATCH
5
d23
100
AcDbEntity
8
TopLayer
100
AcDbHatch
10
0
20
0
30
0
210
0
220
0
230
1
2
SOLID
70
1
71
0
91
1
92
7
72
0
73
1
93
4
10
33.34800609601234
20
121.9830073660147
10
34.148006096012296
20
121.9830073660147
10
34.148006096012296
20
121.082981965964
10
33.34800609601234
20
121.082981965964
97
1
330

75
0
76
1
47
0.4128176842155181
98
1
10
34.90568961886538
20
22.81183545379326
450
0
451
0
460
0
461
0
452
1
462
1
453
2
463
0
63
5
421
255
463
1
63
7
421
16777215
470
LINEAR
1001
ACAD
1010
0
1020
0
1030
0
0
HATCH
5
d26
100
AcDbEntity
8
TopSolderMaskLayer
100
AcDbHatch
10
0
20
0
30
0
210
0
220
0
230
1
2
SOLID
70
1
71
0
91
1
92
7
72
0
73
1
93
4
10
31.922607658118523
20
122.0084138684407
10
32.773407759718566
20
122.0084138684407
10
32.773407759718566
20
121.05758693309508
10
31.922607658118523
20
121.05758693309508
97
1
330

75
0
76
1
47
0.4128176842155181
98
1
10
34.90568961886538
20
22.81183545379326
450
0
451
0
460
0
461
0
452
1
462
1
453
2
463
0
63
5
421
255
463
1
63
7
421
16777215
470
LINEAR
1001
ACAD
1010
0
1020
0
1030
0
0
HATCH
5
d29
100
AcDbEntity
8
TopPasteMaskLayer
100
AcDbHatch
10
0
20
0
30
0
210
0
220
0
230
1
2
SOLID
70
1
71
0
91
1
92
7
72
0
73
1
93
4
10
31.94800609601225
20
121.9830073660147
10
32.748006096012205
20
121.9830073660147
10
32.748006096012205
20
121.082981965964
10
31.94800609601225
20
121.082981965964
97
1
330

75
0
76
1
47
0.4128176842155181
98
1
10
34.90568961886538
20
22.81183545379326
450
0
451
0
460
0
461
0
452
1
462
1
453
2
463
0
63
5
421
255
463
1
63
7
421
16777215
470
LINEAR
1001
ACAD
1010
0
1020
0
1030
0
0
HATCH
5
d2c
100
AcDbEntity
8
TopLayer
100
AcDbHatch
10
0
20
0
30
0
210
0
220
0
230
1
2
SOLID
70
1
71
0
91
1
92
7
72
0
73
1
93
4
10
31.94800609601225
20
121.9830073660147
10
32.748006096012205
20
121.9830073660147
10
32.748006096012205
20
121.082981965964
10
31.94800609601225
20
121.082981965964
97
1
330

75
0
76
1
47
0.4128176842155181
98
1
10
34.90568961886538
20
22.81183545379326
450
0
451
0
460
0
461
0
452
1
462
1
453
2
463
0
63
5
421
255
463
1
63
7
421
16777215
470
LINEAR
1001
ACAD
1010
0
1020
0
1030
0
0
HATCH
5
d2f
100
AcDbEntity
8
TopSolderMaskLayer
100
AcDbHatch
10
0
20
0
30
0
210
0
220
0
230
1
2
SOLID
70
1
71
0
91
1
92
7
72
0
73
1
93
4
10
32.98905401179968
20
115.26840423434157
10
34.83988023029815
20
115.26840423434157
10
34.83988023029815
20
113.51757797367588
10
32.98905401179968
20
113.51757797367588
97
1
330

75
0
76
1
47
0.4128176842155181
98
1
10
34.90568961886538
20
22.81183545379326
450
0
451
0
460
0
461
0
452
1
462
1
453
2
463
0
63
5
421
255
463
1
63
7
421
16777215
470
LINEAR
1001
ACAD
1010
0
1020
0
1030
0
0
HATCH
5
d32
100
AcDbEntity
8
TopPasteMaskLayer
100
AcDbHatch
10
0
20
0
30
0
210
0
220
0
230
1
2
SOLID
70
1
71
0
91
1
92
7
72
0
73
1
93
4
10
33.01445262890525
20
115.24300228600453
10
34.814478028956046
20
115.24300228600453
10
34.814478028956046
20
113.54297688595386
10
33.01445262890525
20
113.54297688595386
97
1
330

75
0
76
1
47
0.4128176842155181
98
1
10
34.90568961886538
20
22.81183545379326
450
0
451
0
460
0
461
0
452
1
462
1
453
2
463
0
63
5
421
255
463
1
63
7
421
16777215
470
LINEAR
1001
ACAD
1010
0
1020
0
1030
0
0
HATCH
5
d35
100
AcDbEntity
8
TopLayer
100
AcDbHatch
10
0
20
0
30
0
210
0
220
0
230
1
2
SOLID
70
1
71
0
91
1
92
7
72
0
73
1
93
4
10
33.01445262890525
20
115.24300228600453
10
34.814478028956046
20
115.24300228600453
10
34.814478028956046
20
113.54297688595386
10
33.01445262890525
20
113.54297688595386
97
1
330

75
0
76
1
47
0.4128176842155181
98
1
10
34.90568961886538
20
22.81183545379326
450
0
451
0
460
0
461
0
452
1
462
1
453
2
463
0
63
5
421
255
463
1
63
7
421
16777215
470
LINEAR
1001
ACAD
1010
0
1020
0
1030
0
0
HATCH
5
d38
100
AcDbEntity
8
TopSolderMaskLayer
100
AcDbHatch
10
0
20
0
30
0
210
0
220
0
230
1
2
SOLID
70
1
71
0
91
1
92
7
72
0
73
1
93
4
10
28.604112657687665
20
115.26840423434157
10
30.454938876185906
20
115.26840423434157
10
30.454938876185906
20
113.51757797367588
10
28.604112657687665
20
113.51757797367588
97
1
330

75
0
76
1
47
0.4128176842155181
98
1
10
34.90568961886538
20
22.81183545379326
450
0
451
0
460
0
461
0
452
1
462
1
453
2
463
0
63
5
421
255
463
1
63
7
421
16777215
470
LINEAR
1001
ACAD
1010
0
1020
0
1030
0
0
HATCH
5
d3b
100
AcDbEntity
8
TopPasteMaskLayer
100
AcDbHatch
10
0
20
0
30
0
210
0
220
0
230
1
2
SOLID
70
1
71
0
91
1
92
7
72
0
73
1
93
4
10
28.62951485902977
20
115.24300228600453
10
30.429540259080568
20
115.24300228600453
10
30.429540259080568
20
113.54297688595386
10
28.62951485902977
20
113.54297688595386
97
1
330

75
0
76
1
47
0.4128176842155181
98
1
10
34.90568961886538
20
22.81183545379326
450
0
451
0
460
0
461
0
452
1
462
1
453
2
463
0
63
5
421
255
463
1
63
7
421
16777215
470
LINEAR
1001
ACAD
1010
0
1020
0
1030
0
0
HATCH
5
d3e
100
AcDbEntity
8
TopLayer
100
AcDbHatch
10
0
20
0
30
0
210
0
220
0
230
1
2
SOLID
70
1
71
0
91
1
92
7
72
0
73
1
93
4
10
28.62951485902977
20
115.24300228600453
10
30.429540259080568
20
115.24300228600453
10
30.429540259080568
20
113.54297688595386
10
28.62951485902977
20
113.54297688595386
97
1
330

75
0
76
1
47
0.4128176842155181
98
1
10
34.90568961886538
20
22.81183545379326
450
0
451
0
460
0
461
0
452
1
462
1
453
2
463
0
63
5
421
255
463
1
63
7
421
16777215
470
LINEAR
1001
ACAD
1010
0
1020
0
1030
0
0
HATCH
5
d41
100
AcDbEntity
8
TopSolderMaskLayer
100
AcDbHatch
10
0
20
0
30
0
210
0
220
0
230
1
2
SOLID
70
1
71
0
91
1
92
7
72
0
73
1
93
4
10
29.063005878700096
20
121.47257015045352
10
29.063005878700096
20
123.32638465238983
10
30.811009869331656
20
123.32638465238983
10
30.811009869331656
20
121.47257015045352
97
1
330

75
0
76
1
47
0.4128176842155181
98
1
10
34.90568961886538
20
22.81183545379326
450
0
451
0
460
0
461
0
452
1
462
1
453
2
463
0
63
5
421
255
463
1
63
7
421
16777215
470
LINEAR
1001
ACAD
1010
0
1020
0
1030
0
0
HATCH
5
d44
100
AcDbEntity
8
TopPasteMaskLayer
100
AcDbHatch
10
0
20
0
30
0
210
0
220
0
230
1
2
SOLID
70
1
71
0
91
1
92
7
72
0
73
1
93
4
10
29.086995173990545
20
121.49946659893328
10
29.086995173990545
20
123.29949199898397
10
30.787020574041208
20
123.29949199898397
10
30.787020574041208
20
121.49946659893328
97
1
330

75
0
76
1
47
0.4128176842155181
98
1
10
34.90568961886538
20
22.81183545379326
450
0
451
0
460
0
461
0
452
1
462
1
453
2
463
0
63
5
421
255
463
1
63
7
421
16777215
470
LINEAR
1001
ACAD
1010
0
1020
0
1030
0
0
HATCH
5
d47
100
AcDbEntity
8
TopLayer
100
AcDbHatch
10
0
20
0
30
0
210
0
220
0
230
1
2
SOLID
70
1
71
0
91
1
92
7
72
0
73
1
93
4
10
29.086995173990545
20
121.49946659893328
10
29.086995173990545
20
123.29949199898397
10
30.787020574041208
20
123.29949199898397
10
30.787020574041208
20
121.49946659893328
97
1
330

75
0
76
1
47
0.4128176842155181
98
1
10
34.90568961886538
20
22.81183545379326
450
0
451
0
460
0
461
0
452
1
462
1
453
2
463
0
63
5
421
255
463
1
63
7
421
16777215
470
LINEAR
1001
ACAD
1010
0
1020
0
1030
0
0
HATCH
5
d4a
100
AcDbEntity
8
TopSolderMaskLayer
100
AcDbHatch
10
0
20
0
30
0
210
0
220
0
230
1
2
SOLID
70
1
71
0
91
1
92
7
72
0
73
1
93
4
10
29.063005878700096
20
117.08763617565194
10
29.063005878700096
20
118.94145067758825
10
30.811009869331656
20
118.94145067758825
10
30.811009869331656
20
117.08763617565194
97
1
330

75
0
76
1
47
0.4128176842155181
98
1
10
34.90568961886538
20
22.81183545379326
450
0
451
0
460
0
461
0
452
1
462
1
453
2
463
0
63
5
421
255
463
1
63
7
421
16777215
470
LINEAR
1001
ACAD
1010
0
1020
0
1030
0
0
HATCH
5
d4d
100
AcDbEntity
8
TopPasteMaskLayer
100
AcDbHatch
10
0
20
0
30
0
210
0
220
0
230
1
2
SOLID
70
1
71
0
91
1
92
7
72
0
73
1
93
4
10
29.086995173990545
20
117.11452882905769
10
29.086995173990545
20
118.91455422910849
10
30.787020574041208
20
118.91455422910849
10
30.787020574041208
20
117.11452882905769
97
1
330

75
0
76
1
47
0.4128176842155181
98
1
10
34.90568961886538
20
22.81183545379326
450
0
451
0
460
0
461
0
452
1
462
1
453
2
463
0
63
5
421
255
463
1
63
7
421
16777215
470
LINEAR
1001
ACAD
1010
0
1020
0
1030
0
0
HATCH
5
d50
100
AcDbEntity
8
TopLayer
100
AcDbHatch
10
0
20
0
30
0
210
0
220
0
230
1
2
SOLID
70
1
71
0
91
1
92
7
72
0
73
1
93
4
10
29.086995173990545
20
117.11452882905769
10
29.086995173990545
20
118.91455422910849
10
30.787020574041208
20
118.91455422910849
10
30.787020574041208
20
117.11452882905769
97
1
330

75
0
76
1
47
0.4128176842155181
98
1
10
34.90568961886538
20
22.81183545379326
450
0
451
0
460
0
461
0
452
1
462
1
453
2
463
0
63
5
421
255
463
1
63
7
421
16777215
470
LINEAR
1001
ACAD
1010
0
1020
0
1030
0
0
HATCH
5
d53
100
AcDbEntity
8
TopSolderMaskLayer
100
AcDbHatch
10
0
20
0
30
0
210
0
220
0
230
1
2
SOLID
70
1
71
0
91
1
92
7
72
0
73
1
93
4
10
65.47700058984356
20
127.08255616549184
10
65.47700058984356
20
128.93637066742815
10
67.22500458047489
20
128.93637066742815
10
67.22500458047489
20
127.08255616549184
97
1
330

75
0
76
1
47
0.4128176842155181
98
1
10
34.90568961886538
20
22.81183545379326
450
0
451
0
460
0
461
0
452
1
462
1
453
2
463
0
63
5
421
255
463
1
63
7
421
16777215
470
LINEAR
1001
ACAD
1010
0
1020
0
1030
0
0
HATCH
5
d56
100
AcDbEntity
8
TopPasteMaskLayer
100
AcDbHatch
10
0
20
0
30
0
210
0
220
0
230
1
2
SOLID
70
1
71
0
91
1
92
7
72
0
73
1
93
4
10
65.50099060198136
20
127.1094488188977
10
65.50099060198136
20
128.9094742189484
10
67.20101600203202
20
128.9094742189484
10
67.20101600203202
20
127.1094488188977
97
1
330

75
0
76
1
47
0.4128176842155181
98
1
10
34.90568961886538
20
22.81183545379326
450
0
451
0
460
0
461
0
452
1
462
1
453
2
463
0
63
5
421
255
463
1
63
7
421
16777215
470
LINEAR
1001
ACAD
1010
0
1020
0
1030
0
0
HATCH
5
d59
100
AcDbEntity
8
TopLayer
100
AcDbHatch
10
0
20
0
30
0
210
0
220
0
230
1
2
SOLID
70
1
71
0
91
1
92
7
72
0
73
1
93
4
10
65.50099060198136
20
127.1094488188977
10
65.50099060198136
20
128.9094742189484
10
67.20101600203202
20
128.9094742189484
10
67.20101600203202
20
127.1094488188977
97
1
330

75
0
76
1
47
0.4128176842155181
98
1
10
34.90568961886538
20
22.81183545379326
450
0
451
0
460
0
461
0
452
1
462
1
453
2
463
0
63
5
421
255
463
1
63
7
421
16777215
470
LINEAR
1001
ACAD
1010
0
1020
0
1030
0
0
HATCH
5
d5c
100
AcDbEntity
8
TopSolderMaskLayer
100
AcDbHatch
10
0
20
0
30
0
210
0
220
0
230
1
2
SOLID
70
1
71
0
91
1
92
7
72
0
73
1
93
4
10
65.47700058984356
20
122.69761460054235
10
65.47700058984356
20
124.55142910247866
10
67.22500458047489
20
124.55142910247866
10
67.22500458047489
20
122.69761460054235
97
1
330

75
0
76
1
47
0.4128176842155181
98
1
10
34.90568961886538
20
22.81183545379326
450
0
451
0
460
0
461
0
452
1
462
1
453
2
463
0
63
5
421
255
463
1
63
7
421
16777215
470
LINEAR
1001
ACAD
1010
0
1020
0
1030
0
0
HATCH
5
d5f
100
AcDbEntity
8
TopPasteMaskLayer
100
AcDbHatch
10
0
20
0
30
0
210
0
220
0
230
1
2
SOLID
70
1
71
0
91
1
92
7
72
0
73
1
93
4
10
65.50099060198136
20
122.72451104902211
10
65.50099060198136
20
124.52453644907291
10
67.20101600203202
20
124.52453644907291
10
67.20101600203202
20
122.72451104902211
97
1
330

75
0
76
1
47
0.4128176842155181
98
1
10
34.90568961886538
20
22.81183545379326
450
0
451
0
460
0
461
0
452
1
462
1
453
2
463
0
63
5
421
255
463
1
63
7
421
16777215
470
LINEAR
1001
ACAD
1010
0
1020
0
1030
0
0
HATCH
5
d62
100
AcDbEntity
8
TopLayer
100
AcDbHatch
10
0
20
0
30
0
210
0
220
0
230
1
2
SOLID
70
1
71
0
91
1
92
7
72
0
73
1
93
4
10
65.50099060198136
20
122.72451104902211
10
65.50099060198136
20
124.52453644907291
10
67.20101600203202
20
124.52453644907291
10
67.20101600203202
20
122.72451104902211
97
1
330

75
0
76
1
47
0.4128176842155181
98
1
10
34.90568961886538
20
22.81183545379326
450
0
451
0
460
0
461
0
452
1
462
1
453
2
463
0
63
5
421
255
463
1
63
7
421
16777215
470
LINEAR
1001
ACAD
1010
0
1020
0
1030
0
0
HATCH
5
d65
100
AcDbEntity
8
TopSolderMaskLayer
100
AcDbHatch
10
0
20
0
30
0
210
0
220
0
230
1
2
SOLID
70
1
71
0
91
1
92
7
72
0
73
1
93
4
10
43.775514351028505
20
133.60259403099462
10
43.775514351028505
20
134.45339413259467
10
44.626314452629
20
134.45339413259467
10
44.626314452629
20
133.60259403099462
97
1
330

75
0
76
1
47
0.4128176842155181
98
1
10
34.90568961886538
20
22.81183545379326
450
0
451
0
460
0
461
0
452
1
462
1
453
2
463
0
63
5
421
255
463
1
63
7
421
16777215
470
LINEAR
1001
ACAD
1010
0
1020
0
1030
0
0
HATCH
5
d68
100
AcDbEntity
8
TopPasteMaskLayer
100
AcDbHatch
10
0
20
0
30
0
210
0
220
0
230
1
2
SOLID
70
1
71
0
91
1
92
7
72
0
73
1
93
4
10
43.80091440182878
20
133.6279908559818
10
43.80091440182878
20
134.42799085598176
10
44.60091440182873
20
134.42799085598176
10
44.60091440182873
20
133.6279908559818
97
1
330

75
0
76
1
47
0.4128176842155181
98
1
10
34.90568961886538
20
22.81183545379326
450
0
451
0
460
0
461
0
452
1
462
1
453
2
463
0
63
5
421
255
463
1
63
7
421
16777215
470
LINEAR
1001
ACAD
1010
0
1020
0
1030
0
0
HATCH
5
d6b
100
AcDbEntity
8
TopLayer
100
AcDbHatch
10
0
20
0
30
0
210
0
220
0
230
1
2
SOLID
70
1
71
0
91
1
92
7
72
0
73
1
93
4
10
43.80091440182878
20
133.6279908559818
10
43.80091440182878
20
134.42799085598176
10
44.60091440182873
20
134.42799085598176
10
44.60091440182873
20
133.6279908559818
97
1
330

75
0
76
1
47
0.4128176842155181
98
1
10
34.90568961886538
20
22.81183545379326
450
0
451
0
460
0
461
0
452
1
462
1
453
2
463
0
63
5
421
255
463
1
63
7
421
16777215
470
LINEAR
1001
ACAD
1010
0
1020
0
1030
0
0
HATCH
5
d6e
100
AcDbEntity
8
TopSolderMaskLayer
100
AcDbHatch
10
0
20
0
30
0
210
0
220
0
230
1
2
SOLID
70
1
71
0
91
1
92
7
72
0
73
1
93
4
10
42.07371094742189
20
133.60259403099462
10
42.07371094742189
20
134.45339413259467
10
42.92451104902216
20
134.45339413259467
10
42.92451104902216
20
133.60259403099462
97
1
330

75
0
76
1
47
0.4128176842155181
98
1
10
34.90568961886538
20
22.81183545379326
450
0
451
0
460
0
461
0
452
1
462
1
453
2
463
0
63
5
421
255
463
1
63
7
421
16777215
470
LINEAR
1001
ACAD
1010
0
1020
0
1030
0
0
HATCH
5
d71
100
AcDbEntity
8
TopPasteMaskLayer
100
AcDbHatch
10
0
20
0
30
0
210
0
220
0
230
1
2
SOLID
70
1
71
0
91
1
92
7
72
0
73
1
93
4
10
42.09911099822193
20
133.6279908559818
10
42.09911099822193
20
134.42799085598176
10
42.899110998221886
20
134.42799085598176
10
42.899110998221886
20
133.6279908559818
97
1
330

75
0
76
1
47
0.4128176842155181
98
1
10
34.90568961886538
20
22.81183545379326
450
0
451
0
460
0
461
0
452
1
462
1
453
2
463
0
63
5
421
255
463
1
63
7
421
16777215
470
LINEAR
1001
ACAD
1010
0
1020
0
1030
0
0
HATCH
5
d74
100
AcDbEntity
8
TopLayer
100
AcDbHatch
10
0
20
0
30
0
210
0
220
0
230
1
2
SOLID
70
1
71
0
91
1
92
7
72
0
73
1
93
4
10
42.09911099822193
20
133.6279908559818
10
42.09911099822193
20
134.42799085598176
10
42.899110998221886
20
134.42799085598176
10
42.899110998221886
20
133.6279908559818
97
1
330

75
0
76
1
47
0.4128176842155181
98
1
10
34.90568961886538
20
22.81183545379326
450
0
451
0
460
0
461
0
452
1
462
1
453
2
463
0
63
5
421
255
463
1
63
7
421
16777215
470
LINEAR
1001
ACAD
1010
0
1020
0
1030
0
0
HATCH
5
d77
100
AcDbEntity
8
TopSolderMaskLayer
100
AcDbHatch
10
0
20
0
30
0
210
0
220
0
230
1
2
SOLID
70
1
71
0
91
1
92
7
72
0
73
1
93
4
10
46.58039116078248
20
134.8528855607309
10
46.58039116078248
20
133.10109561571096
10
45.32207264414524
20
133.10109561571096
10
45.32207264414524
20
134.8528855607309
97
1
330

75
0
76
1
47
0.4128176842155181
98
1
10
34.90568961886538
20
22.81183545379326
450
0
451
0
460
0
461
0
452
1
462
1
453
2
463
0
63
5
421
255
463
1
63
7
421
16777215
470
LINEAR
1001
ACAD
1010
0
1020
0
1030
0
0
HATCH
5
d7a
100
AcDbEntity
8
TopLayer
100
AcDbHatch
10
0
20
0
30
0
210
0
220
0
230
1
2
SOLID
70
1
71
0
91
1
92
7
72
0
73
1
93
4
10
46.55499110998221
20
134.82748285496564
10
46.55499110998221
20
133.12649225298458
10
45.34747269494551
20
133.12649225298458
10
45.34747269494551
20
134.82748285496564
97
1
330

75
0
76
1
47
0.4128176842155181
98
1
10
34.90568961886538
20
22.81183545379326
450
0
451
0
460
0
461
0
452
1
462
1
453
2
463
0
63
5
421
255
463
1
63
7
421
16777215
470
LINEAR
1001
ACAD
1010
0
1020
0
1030
0
0
HATCH
5
d7d
100
AcDbEntity
8
TopSolderMaskLayer
100
AcDbHatch
10
0
20
0
30
0
210
0
220
0
230
1
2
SOLID
70
1
71
0
91
1
92
7
72
0
73
1
93
4
10
48.27960162205568
20
134.8528855607309
10
48.27960162205568
20
133.10109561571096
10
49.5379201386927
20
133.10109561571096
10
49.5379201386927
20
134.8528855607309
97
1
330

75
0
76
1
47
0.4128176842155181
98
1
10
34.90568961886538
20
22.81183545379326
450
0
451
0
460
0
461
0
452
1
462
1
453
2
463
0
63
5
421
255
463
1
63
7
421
16777215
470
LINEAR
1001
ACAD
1010
0
1020
0
1030
0
0
HATCH
5
d80
100
AcDbEntity
8
TopLayer
100
AcDbHatch
10
0
20
0
30
0
210
0
220
0
230
1
2
SOLID
70
1
71
0
91
1
92
7
72
0
73
1
93
4
10
48.30500381000775
20
134.82748285496564
10
48.30500381000775
20
133.12649225298458
10
49.51252222504445
20
133.12649225298458
10
49.51252222504445
20
134.82748285496564
97
1
330

75
0
76
1
47
0.4128176842155181
98
1
10
34.90568961886538
20
22.81183545379326
450
0
451
0
460
0
461
0
452
1
462
1
453
2
463
0
63
5
421
255
463
1
63
7
421
16777215
470
LINEAR
1001
ACAD
1010
0
1020
0
1030
0
0
HATCH
5
d83
100
AcDbEntity
8
TopSolderMaskLayer
100
AcDbHatch
10
0
20
0
30
0
210
0
220
0
230
1
2
SOLID
70
1
71
0
91
1
92
7
72
0
73
1
93
4
10
17.561394059935992
20
129.19189776307553
10
17.561394059935992
20
127.44010781805571
10
16.303075543298746
20
127.44010781805571
10
16.303075543298746
20
129.19189776307553
97
1
330

75
0
76
1
47
0.4128176842155181
98
1
10
34.90568961886538
20
22.81183545379326
450
0
451
0
460
0
461
0
452
1
462
1
453
2
463
0
63
5
421
255
463
1
63
7
421
16777215
470
LINEAR
1001
ACAD
1010
0
1020
0
1030
0
0
HATCH
5
d86
100
AcDbEntity
8
TopLayer
100
AcDbHatch
10
0
20
0
30
0
210
0
220
0
230
1
2
SOLID
70
1
71
0
91
1
92
7
72
0
73
1
93
4
10
17.535991871983697
20
129.1664973329947
10
17.535991871983697
20
127.46550673101353
10
16.328473456946995
20
127.46550673101353
10
16.328473456946995
20
129.1664973329947
97
1
330

75
0
76
1
47
0.4128176842155181
98
1
10
34.90568961886538
20
22.81183545379326
450
0
451
0
460
0
461
0
452
1
462
1
453
2
463
0
63
5
421
255
463
1
63
7
421
16777215
470
LINEAR
1001
ACAD
1010
0
1020
0
1030
0
0
HATCH
5
d89
100
AcDbEntity
8
TopSolderMaskLayer
100
AcDbHatch
10
0
20
0
30
0
210
0
220
0
230
1
2
SOLID
70
1
71
0
91
1
92
7
72
0
73
1
93
4
10
19.26060452120919
20
129.19189776307553
10
19.26060452120919
20
127.44010781805571
10
20.518923037846207
20
127.44010781805571
10
20.518923037846207
20
129.19189776307553
97
1
330

75
0
76
1
47
0.4128176842155181
98
1
10
34.90568961886538
20
22.81183545379326
450
0
451
0
460
0
461
0
452
1
462
1
453
2
463
0
63
5
421
255
463
1
63
7
421
16777215
470
LINEAR
1001
ACAD
1010
0
1020
0
1030
0
0
HATCH
5
d8c
100
AcDbEntity
8
TopLayer
100
AcDbHatch
10
0
20
0
30
0
210
0
220
0
230
1
2
SOLID
70
1
71
0
91
1
92
7
72
0
73
1
93
4
10
19.286004572009233
20
129.1664973329947
10
19.286004572009233
20
127.46550673101353
10
20.493522987045935
20
127.46550673101353
10
20.493522987045935
20
129.1664973329947
97
1
330

75
0
76
1
47
0.4128176842155181
98
1
10
34.90568961886538
20
22.81183545379326
450
0
451
0
460
0
461
0
452
1
462
1
453
2
463
0
63
5
421
255
463
1
63
7
421
16777215
470
LINEAR
1001
ACAD
1010
0
1020
0
1030
0
  0
CIRCLE
  5
de6
330
1F
100
AcDbEntity
  8
Multi-Layer
100
AcDbCircle
 10
22.504953009906103
 20
21.358648717297456
 30
0.0
 40
0.30500381000762006
  0
CIRCLE
  5
de7
330
1F
100
AcDbEntity
  8
Hole
100
AcDbCircle
 10
22.504953009906103
 20
21.358648717297456
 30
0.0
 40
0.15250190500381003
  0
CIRCLE
  5
de8
330
1F
100
AcDbEntity
  8
Multi-Layer
100
AcDbCircle
 10
55.15189230378451
 20
22.33858267716539
 30
0.0
 40
0.30500381000762006
  0
CIRCLE
  5
de9
330
1F
100
AcDbEntity
  8
Hole
100
AcDbCircle
 10
55.15189230378451
 20
22.33858267716539
 30
0.0
 40
0.15250190500381003
  0
CIRCLE
  5
dea
330
1F
100
AcDbEntity
  8
Multi-Layer
100
AcDbCircle
 10
43.16154432308849
 20
124.22072644145283
 30
0.0
 40
0.30500381000762006
  0
CIRCLE
  5
deb
330
1F
100
AcDbEntity
  8
Hole
100
AcDbCircle
 10
43.16154432308849
 20
124.22072644145283
 30
0.0
 40
0.15250190500381003
  0
CIRCLE
  5
dec
330
1F
100
AcDbEntity
  8
Multi-Layer
100
AcDbCircle
 10
40.375158750317496
 20
124.32715265430534
 30
0.0
 40
0.30500381000762006
  0
CIRCLE
  5
ded
330
1F
100
AcDbEntity
  8
Hole
100
AcDbCircle
 10
40.375158750317496
 20
124.32715265430534
 30
0.0
 40
0.15250190500381003
  0
CIRCLE
  5
dee
330
1F
100
AcDbEntity
  8
Multi-Layer
100
AcDbCircle
 10
32.347980695961496
 20
122.40614681229363
 30
0.0
 40
0.30500381000762006
  0
CIRCLE
  5
def
330
1F
100
AcDbEntity
  8
Hole
100
AcDbCircle
 10
32.347980695961496
 20
122.40614681229363
 30
0.0
 40
0.15250190500381003
  0
CIRCLE
  5
df0
330
1F
100
AcDbEntity
  8
Multi-Layer
100
AcDbCircle
 10
31.63957327914659
 20
21.12750825501655
 30
0.0
 40
0.30500381000762006
  0
CIRCLE
  5
df1
330
1F
100
AcDbEntity
  8
Hole
100
AcDbCircle
 10
31.63957327914659
 20
21.12750825501655
 30
0.0
 40
0.15250190500381003
  0
CIRCLE
  5
df2
330
1F
100
AcDbEntity
  8
Multi-Layer
100
AcDbCircle
 10
66.223012446025
 20
29.30302260604526
 30
0.0
 40
0.32999745999492003
  0
CIRCLE
  5
df3
330
1F
100
AcDbEntity
  8
Hole
100
AcDbCircle
 10
66.223012446025
 20
29.30302260604526
 30
0.0
 40
0.2250190500381001
  0
CIRCLE
  5
df4
330
1F
100
AcDbEntity
  8
Multi-Layer
100
AcDbCircle
 10
37.683769367538616
 20
132.30378460756924
 30
0.0
 40
0.32999745999492003
  0
CIRCLE
  5
df5
330
1F
100
AcDbEntity
  8
Hole
100
AcDbCircle
 10
37.683769367538616
 20
132.30378460756924
 30
0.0
 40
0.2250190500381001
  0
CIRCLE
  5
df6
330
1F
100
AcDbEntity
  8
Multi-Layer
100
AcDbCircle
 10
66.21082042164085
 20
118.52603505207014
 30
0.0
 40
0.32999745999492003
  0
CIRCLE
  5
df7
330
1F
100
AcDbEntity
  8
Hole
100
AcDbCircle
 10
66.21082042164085
 20
118.52603505207014
 30
0.0
 40
0.2250190500381001
  0
CIRCLE
  5
df8
330
1F
100
AcDbEntity
  8
Multi-Layer
100
AcDbCircle
 10
33.144018288036705
 20
17.87909575819151
 30
0.0
 40
0.32999745999492003
  0
CIRCLE
  5
df9
330
1F
100
AcDbEntity
  8
Hole
100
AcDbCircle
 10
33.144018288036705
 20
17.87909575819151
 30
0.0
 40
0.2250190500381001
  0
CIRCLE
  5
dfa
330
1F
100
AcDbEntity
  8
Multi-Layer
100
AcDbCircle
 10
50.8971297942594
 20
20.24917449834902
 30
0.0
 40
0.32999745999492003
  0
CIRCLE
  5
dfb
330
1F
100
AcDbEntity
  8
Hole
100
AcDbCircle
 10
50.8971297942594
 20
20.24917449834902
 30
0.0
 40
0.2250190500381001
  0
CIRCLE
  5
dfc
330
1F
100
AcDbEntity
  8
Multi-Layer
100
AcDbCircle
 10
22.565913131826164
 20
106.9542799085599
 30
0.0
 40
0.4500127000254001
  0
CIRCLE
  5
dfd
330
1F
100
AcDbEntity
  8
Hole
100
AcDbCircle
 10
22.565913131826164
 20
106.9542799085599
 30
0.0
 40
0.30000000000000004
  0
CIRCLE
  5
dfe
330
1F
100
AcDbEntity
  8
Multi-Layer
100
AcDbCircle
 10
12.144780289560458
 20
117.37541275082549
 30
0.0
 40
0.4500127000254001
  0
CIRCLE
  5
dff
330
1F
100
AcDbEntity
  8
Hole
100
AcDbCircle
 10
12.144780289560458
 20
117.37541275082549
 30
0.0
 40
0.30000000000000004
  0
CIRCLE
  5
e00
330
1F
100
AcDbEntity
  8
Multi-Layer
100
AcDbCircle
 10
23.024638049276064
 20
125.57378714757431
 30
0.0
 40
0.30500381000762006
  0
CIRCLE
  5
e01
330
1F
100
AcDbEntity
  8
Hole
100
AcDbCircle
 10
23.024638049276064
 20
125.57378714757431
 30
0.0
 40
0.15250190500381003
  0
CIRCLE
  5
e02
330
1F
100
AcDbEntity
  8
Multi-Layer
100
AcDbCircle
 10
18.84150368300743
 20
127.83921767843538
 30
0.0
 40
0.30500381000762006
  0
CIRCLE
  5
e03
330
1F
100
AcDbEntity
  8
Hole
100
AcDbCircle
 10
18.84150368300743
 20
127.83921767843538
 30
0.0
 40
0.15250190500381003
  0
CIRCLE
  5
e04
330
1F
100
AcDbEntity
  8
Multi-Layer
100
AcDbCircle
 10
33.093726187452376
 20
19.149098298196577
 30
0.0
 40
0.30500381000762006
  0
CIRCLE
  5
e05
330
1F
100
AcDbEntity
  8
Hole
100
AcDbCircle
 10
33.093726187452376
 20
19.149098298196577
 30
0.0
 40
0.15250190500381003
  0
CIRCLE
  5
e06
330
1F
100
AcDbEntity
  8
Multi-Layer
100
AcDbCircle
 10
71.70612141224274
 20
134.0789941579884
 30
0.0
 40
1.8750063500127003
  0
CIRCLE
  5
e07
330
1F
100
AcDbEntity
  8
Multi-Layer
100
AcDbCircle
 10
6.221996443993021
 20
134.1811023622048
 30
0.0
 40
1.8750063500127003
  0
CIRCLE
  5
e08
330
1F
100
AcDbEntity
  8
Multi-Layer
100
AcDbCircle
 10
6.018034036068229
 20
17.69697739395474
 30
0.0
 40
1.8750063500127003
  0
CIRCLE
  5
e09
330
1F
100
AcDbEntity
  8
Multi-Layer
100
AcDbCircle
 10
72.21590043180095
 20
17.544069088138144
 30
0.0
 40
1.8750063500127003
  0
CIRCLE
  5
e0a
330
1F
100
AcDbEntity
  8
Multi-Layer
100
AcDbCircle
 10
39.37211074422157
 20
9.588011176022405
 30
0.0
 40
2
  0
CIRCLE
  5
e0b
330
1F
100
AcDbEntity
  8
Multi-Layer
100
AcDbCircle
 10
34.927863855727765
 20
104.28194056388111
 30
0.0
 40
1.2000000000000002
  0
CIRCLE
  5
e0c
330
1F
100
AcDbEntity
  8
Multi-Layer
100
AcDbCircle
 10
44.37693675387368
 20
32.601981203962396
 30
0.0
 40
1.2000000000000002
  0
LWPOLYLINE
  5
e0d
330
1F
100
AcDbEntity
  8
Multi-Layer
100
AcDbPolyline
 90
439
 70
 1
 43
0
 10
-9.842138684277415
 20
6.775996951993989
 10
-9.839020488922756
 20
6.918627143308868
 10
-9.833856629936577
 20
7.0611979298577126
 10
-9.826648169939972
 20
7.203679973362455
 10
-9.817396592292994
 20
7.346043953806429
 10
-9.806103800789174
 20
7.488260575468075
 10
-9.792772119264328
 20
7.630300572949409
 10
-9.77740429111725
 20
7.772134717198355
 10
-9.760003478746512
 20
7.913733821523351
 10
-9.74057326289892
 20
8.055068747599421
 10
-9.719117641932371
 20
8.196110411464133
 10
-9.695641030994125
 20
8.336829789502985
 10
-9.670148261111194
 20
8.477197924421489
 10
-9.64264457819695
 20
8.617185931203949
 10
-9.613135641970871
 20
8.756765003057922
 10
-9.581627524794953
 20
8.895906417341507
 10
-9.548126710423048
 20
9.034581541474267
 10
-9.512640092667198
 20
9.172761838828933
 10
-9.475174973979051
 20
9.310418874604352
 10
-9.435739063946812
 20
9.447524321676042
 10
-9.394340477709193
 20
9.584049966425823
 10
-9.350987734285354
 20
9.719967714547352
 10
-9.305689754821401
 20
9.855249596827548
 10
-9.258455860755134
 20
9.989867774902223
 10
-9.2092957718977
 20
10.1237945469843
 10
-9.158219604433725
 20
10.257002353564758
 10
-9.105237868838799
 20
10.389463783083443
 10
-9.050361467717607
 20
10.521151577570208
 10
-8.993601693559413
 20
10.65203863825343
 10
-8.93497022641543
 20
10.782098031137366
 10
-8.874479131494127
 20
10.911302992543824
 10
-8.81214085667932
 20
11.039626934619719
 10
-8.747968229968137
 20
11.167043450808933
 10
-8.68197445683154
 20
11.293526321285526
 10
-8.614173117496648
 20
11.419049518349539
 10
-8.544578164152426
 20
11.543587211783347
 10
-8.473203918078525
 20
11.66711377416641
 10
-8.400065066698176
 20
11.789603786149314
 10
-8.32517666055594
 20
11.91103204168428
 10
-8.248554110220311
 20
12.031373553212347
 10
-8.170213183112992
 20
12.150603556805322
 10
-8.09017000026381
 20
12.268697517261216
 10
-8.008441032993574
 20
12.385631133153879
 10
-7.925043099524601
 20
12.501380341833283
 10
-7.839993361519646
 20
12.615921324377041
 10
-7.75330932055067
 20
12.729230510492243
 10
-7.6650088144972415
 20
12.84128458336545
 10
-7.57511001387536
 20
12.952060484461185
 10
-7.483631418099549
 20
13.061535418266544
 10
-7.390591851674685
 20
13.169686856982139
 10
-7.296010460322918
 20
13.276492545158249
 10
-7.199906707043965
 20
13.38193050427401
 10
-7.102300368109695
 20
13.485979037260563
 10
-7.0032115289950525
 20
13.588616732965875
 10
-6.90266058024406
 20
13.689822470560443
 10
-6.800668213274321
 20
13.789575423883662
 10
-6.697255416119447
 20
13.887855065729923
 10
-6.592443469109639
 20
13.984641172071633
 10
-6.486253940492588
 20
14.079913826222196
 10
-6.378708681995477
 20
14.173653422933398
 10
-6.2698298243282125
 20
14.265840672430727
 10
-6.159639772629134
 20
14.356456604381833
 10
-6.048161201854896
 20
14.445482571800994
 10
-5.935417052114076
 20
14.532900254886272
 10
-5.821430523946333
 20
14.618691664788912
 10
-5.706225073549149
 20
14.702839147315558
 10
-5.5898244079496635
 20
14.785325386560658
 10
-5.472252480127395
 20
14.866133408470318
 10
-5.353533484084551
 20
14.945246584334768
 10
-5.233691849867455
 20
15.022648634210555
 10
-5.112752238539542
 20
15.098323630270215
 10
-4.9907395371060375
 20
15.172256000080324
 10
-4.867678853394068
 20
15.244430529805754
 10
-4.743595510883779
 20
15.314832367340841
 10
-4.618515043499542
 20
15.383447025364603
 10
-4.492463190353874
 20
15.450260384323201
 10
-4.36546589045156
 20
15.51525869533475
 10
-4.2375492773522865
 20
15.578428583018649
 10
-4.108739673791774
 20
15.63975704824793
 10
-3.979063586266193
 20
15.699231470824543
 10
-3.8485476995766703
 20
15.756839612076192
 10
-3.717218871339128
 20
15.812569617374493
 10
-3.5851041264565993
 20
15.866410018575039
 10
-3.452230651558466
 20
15.918349736376513
 10
-3.318625789406042
 20
15.968378082601475
 10
-3.1843170332654154
 20
16.016484762394953
 10
-3.049332021250734
 20
16.062659876343787
 10
-2.913698530636111
 20
16.10689392251311
 10
-2.7774444721400187
 20
16.149177798401524
 10
-2.6405978841816022
 20
16.1895028028149
 10
-2.50318692711096
 20
16.227860637656136
 10
-2.3652398774142966
 20
16.264243409633764
 10
-2.226785121895091
 20
16.298643631884943
 10
-2.0878511518330924
 20
16.33105422551705
 10
-1.9484665571205824
 20
16.361468521064353
 10
-1.8086600203798753
 20
16.389880259859638
 10
-1.6684603110606986
 20
16.416283595323193
 10
-1.527896279519723
 20
16.440673094165163
 10
-1.3869968510844046
 20
16.463043737503767
 10
-1.2457910201000004
 20
16.483390921898604
 10
-1.104307843963511
 20
16.501710460297318
 10
-0.9625764371442074
 20
16.517998582896894
 10
-0.8206259651924483
 20
16.53225193792082
 10
-0.6784856387374703
 20
16.544467592307342
 10
-0.536184707477446
 20
16.554643032313948
 10
-0.3937524541595394
 20
16.562776164034176
 10
-0.2512181885543896
 20
16.568865313828724
 10
-0.10861124142502376
 20
16.57290922866946
 10
0.03403904150923154
 20
16.57490707639795
 10
0.17670330561168157
 20
16.574858445896325
 10
0.31935219336810405
 20
16.572763347171644
 10
0.46195635042852246
 20
16.568622211354295
 10
0.6044864316479561
 20
16.562435890609095
 10
0.7469131071246693
 20
16.554205657959756
 10
0.8892070682354642
 20
16.543933207026953
 10
1.0313390336677912
 20
16.531620651680328
 10
1.173279755444014
 20
16.517270525602612
 10
1.3150000249411278
 20
16.50088578176917
 10
1.456470678900473
 20
16.48246979183955
 10
1.5976626054299459
 20
16.46202634546421
 10
1.7385467499935885
 20
16.439559649504304
 10
1.8790941213912902
 20
16.41507432716628
 10
2.019275797724049
 20
16.388575417050447
 10
2.1590629323459325
 20
16.360068372113915
 10
2.2984267597996677
 20
16.329559058548853
 10
2.4373386017367693
 20
16.297053754574677
 10
2.5757698728182277
 20
16.262559149147364
 10
2.713692086597007
 20
16.226082340581456
 10
2.8510768613803066
 20
16.18763083509043
 10
2.9878959260697684
 20
16.147212545241928
 10
3.1241211259791726
 20
16.10483578832884
 10
3.259724428627578
 20
16.06050928465868
 10
3.3946779295090437
 20
16.014242155758666
 10
3.528953857833585
 20
15.966043922498443
 10
3.6625245822424404
 20
15.915924503131464
 10
3.7953626164942307
 20
15.863894211253296
 10
3.927440625120653
 20
15.809963753680222
 10
4.058731429052159
 20
15.754144228244968
 10
4.189208011209985
 20
15.696447121513529
 10
4.318843522067027
 20
15.636884306421734
 10
4.447611285171433
 20
15.575468039831549
 10
4.57548480263722
 20
15.512210960008588
 10
4.702437760596467
 20
15.447126084022102
 10
4.828444034614904
 20
15.380226805066286
 10
4.953477695066567
 20
15.311526889703714
 10
5.077513012470945
 20
15.241040475032491
 10
5.200524462786689
 20
15.168782065777691
 10
5.322486732664174
 20
15.094766531305936
 10
5.443374724654632
 20
15.019009102565974
 10
5.563163562375166
 20
14.941525368954444
 10
5.6818285956264845
 20
14.862331275107522
 10
5.799345405466738
 20
14.781443117619915
 10
5.915689809236255
 20
14.6988775416919
 10
6.030837865532931
 20
14.614651537703367
 10
6.144765879140095
 20
14.528782437717723
 10
6.257450405901636
 20
14.441287911915765
 10
6.368868257547092
 20
14.352185964958835
 10
6.478996506462636
 20
14.261494932283995
 10
6.587812490409306
 20
14.169233476331328
 10
6.695293817187121
 20
14.07542058270326
 10
6.801418369241901
 20
13.980075556257361
 10
6.906164308217512
 20
13.883218017134595
 10
7.009510079449456
 20
13.784867896721494
 10
7.1114344163997885
 20
13.685045433548112
 10
7.211916345034979
 20
13.583771169124248
 10
7.3109351881394105
 20
13.481065943711883
 10
7.40847056957341
 20
13.376950892036689
 10
7.504502418463744
 20
13.271447438939049
 10
7.599010973334771
 20
13.164577294965284
 10
7.6919767861754735
 20
13.056362451899986
 10
7.783380726440555
 20
12.946825178240147
 10
7.873203984987413
 20
12.83598801461335
 10
7.961428077947403
 20
12.723873769139345
 10
8.048034850527984
 20
12.61050551273604
 10
8.13300648075051
 20
12.495906574372157
 10
8.216325483115952
 20
12.38010053626681
 10
8.297974712203768
 20
12.263111229036895
 10
8.377937366200513
 20
12.144962726792528
 10
8.456196990356602
 20
12.025679342183594
 10
8.532737480372589
 20
11.905285621396729
 10
8.60754308571336
 20
11.783806339103648
 10
8.680598412848894
 20
11.66126649336411
 10
8.751888428422717
 20
11.537691300480219
 10
8.821398462344177
 20
11.413106189808786
 10
8.889114210808657
 20
11.28753679852764
 10
8.955021739240237
 20
11.161008966360782
 10
9.019107485158884
 20
11.033548730260122
 10
9.081358260972138
 20
10.905182319048208
 10
9.141761256688596
 20
10.775936148020719
 10
9.200304042553626
 20
10.645836813510527
 10
9.256974571607316
 20
10.514911087415271
 10
9.311761182163309
 20
10.383185911687406
 10
9.364652600209865
 20
10.250688392790494
 10
9.41563794172771
 20
10.117445796121501
 10
9.464706714931253
 20
9.983485540399556
 10
9.511848822427055
 20
9.848835192024012
 10
9.557054563292013
 20
9.71352245940193
 10
9.600314635069026
 20
9.577575187245884
 10
9.641620135681706
 20
9.441021350844494
 10
9.680962565266555
 20
9.303889050305429
 10
9.718333827921015
 20
9.166206504772617
 10
9.753726233370799
 20
9.028002046619804
 10
9.787132498551273
 20
8.889304115620575
 10
9.818545749106761
 20
8.750141253094966
 10
9.847959520805034
 20
8.610542096036966
 10
9.87536776086722
 20
8.470535371221786
 10
9.90076482921404
 20
8.330149889293693
 10
9.924145499625638
 20
8.189414538837923
 10
9.945504960817516
 20
8.048358280435878
 10
9.964838817430518
 20
7.907010140705438
 10
9.982143090935324
 20
7.76539920632797
 10
9.997414220450992
 20
7.623554618062826
 10
10.010649063478013
 20
7.481505564750705
 10
10.021844896544508
 20
7.339281277307464
 10
10.030999415767155
 20
7.196911022708491
 10
10.038110737325042
 20
7.054424097966148
 10
10.043177397847103
 20
6.9118498241017505
 10
10.046198354714306
 20
6.769217540111072
 10
10.047172986272244
 20
6.62655659692723
 10
10.046101092202207
 20
6.483896367792681
 10
10.042982896847661
 20
6.341266176477802
 10
10.037819037861254
 20
6.198695389928957
 10
10.030610577864763
 20
6.056213346424215
 10
10.021359000217899
 20
5.913849365980354
 10
10.010066208714079
 20
5.771632744318708
 10
9.996734527189119
 20
5.629592746837375
 10
9.981366699042155
 20
5.487758602588315
 10
9.963965886671303
 20
5.346159498263319
 10
9.944535670823825
 20
5.204824572187249
 10
9.923080049857163
 20
5.063782908322537
 10
9.89960343891903
 20
4.9230635302836845
 10
9.8741106690361
 20
4.782695395365295
 10
9.846606986121742
 20
4.642707388582721
 10
9.817098049895776
 20
4.503128316728748
 10
9.785589932719859
 20
4.363986902445163
 10
9.75208911834784
 20
4.225311778312516
 10
9.71660250059199
 20
4.087131480957737
 10
9.679137381903729
 20
3.949474445182318
 10
9.639701471871604
 20
3.812368998110628
 10
9.598302885633984
 20
3.6758433533609605
 10
9.554950142210146
 20
3.539925605239432
 10
9.509652162746079
 20
3.4046437229592357
 10
9.46241826868004
 20
3.270025544884561
 10
9.413258179822606
 20
3.13609877280237
 10
9.362182012358744
 20
3.002890966221912
 10
9.309200276763704
 20
2.8704295367032273
 10
9.254323875642285
 20
2.7387417422164617
 10
9.197564101484204
 20
2.60785468153324
 10
9.138932634340108
 20
2.477795288649304
 10
9.078441539418918
 20
2.348590327242846
 10
9.016103264604226
 20
2.220266385167065
 10
8.951930637892929
 20
2.092849868977737
 10
8.885936864756331
 20
1.9663669985012575
 10
8.81813552542144
 20
1.840843801437245
 10
8.748540572077218
 20
1.716306108003323
 10
8.677166326003316
 20
1.592779545620374
 10
8.60402747462308
 20
1.4702895336373558
 10
8.529139068480845
 20
1.348861278102504
 10
8.452516518145103
 20
1.2285197665743226
 10
8.374175591037783
 20
1.1092897629814615
 10
8.294132408188716
 20
0.9911958025254535
 10
8.212403440918479
 20
0.8742621866327909
 10
8.129005507449392
 20
0.7585129779535009
 10
8.043955769444437
 20
0.643971995409629
 10
7.957271728475462
 20
0.5306628092945402
 10
7.868971222422033
 20
0.4186087364212199
 10
7.779072421800265
 20
0.30783283532548467
 10
7.6875938260245675
 20
0.19835790152023947
 10
7.59455425959959
 20
0.09020646280464462
 10
7.4999728682478235
 20
-0.016599225371464854
 10
7.4038691149687565
 20
-0.12203718448722611
 10
7.3062627760346
 20
-0.22608571747389306
 10
7.207173936920071
 20
-0.32872341317909104
 10
7.106622988168965
 20
-0.4299291507736598
 10
7.004630621199112
 20
-0.5296821040969917
 10
6.901217824044352
 20
-0.6279617459431392
 10
6.796405877034431
 20
-0.7247478522849633
 10
6.690216348417607
 20
-0.8200205064354122
 10
6.582671089920495
 20
-0.9137601031466147
 10
6.473792232253118
 20
-1.0059473526438296
 10
6.363602180554153
 20
-1.0965632845950495
 10
6.252123609779801
 20
-1.1855892520142106
 10
6.139379460038981
 20
-1.2730069350994881
 10
6.025392931871238
 20
-1.358798345002242
 10
5.910187481474168
 20
-1.4429458275287743
 10
5.793786815874682
 20
-1.5254320667739876
 10
5.676214888052527
 20
-1.6062400886836485
 10
5.557495892009456
 20
-1.6853532645480982
 10
5.437654257792246
 20
-1.7627553144238846
 10
5.316714646464334
 20
-1.8384303104834316
 10
5.194701945031056
 20
-1.9123626802935405
 10
5.071641261318973
 20
-1.9845372100190843
 10
4.947557918808798
 20
-2.0549390475540577
 10
4.822477451424447
 20
-2.123553705577933
 10
4.696425598278665
 20
-2.190367064536531
 10
4.569428298376579
 20
-2.255365375548081
 10
4.441511685277192
 20
-2.3185352632318654
 10
4.3127020817166795
 20
-2.3798637284612596
 10
4.183025994190984
 20
-2.439338151037873
 10
4.0525101075015755
 20
-2.496946292289408
 10
3.9211812792641467
 20
-2.5526762975878228
 10
3.789066534381618
 20
-2.606516698788255
 10
3.656193059483485
 20
-2.658456416589729
 10
3.5225881973308333
 20
-2.708484762814578
 10
3.3882794411904342
 20
-2.756591442608169
 10
3.2532944291756394
 20
-2.8027665565570032
 10
3.11766093856113
 20
-2.8470006027263253
 10
2.981406880065151
 20
-2.8892844786147407
 10
2.844560292106621
 20
-2.9296094830280026
 10
2.7071493350359788
 20
-2.9679673178694657
 10
2.569202285339202
 20
-3.004350089847094
 10
2.430747529819996
 20
-3.038750312098273
 10
2.2918135597579976
 20
-3.0711609057303804
 10
2.152428965045601
 20
-3.101575201277683
 10
2.012622428304894
 20
-3.1299869400729676
 10
1.8724227189856038
 20
-3.1563902755365234
 10
1.7318586874446282
 20
-3.180779774378493
 10
1.5909592590094235
 20
-3.2031504177170973
 10
1.4497534280250193
 20
-3.2234976021119337
 10
1.3082702518884162
 20
-3.2418171405104204
 10
1.1665388450692262
 20
-3.258105263110224
 10
1.0245883731173535
 20
-3.272358618134035
 10
0.8824480466624891
 20
-3.284574272520672
 10
0.7401471154024648
 20
-3.2947497125272776
 10
0.5977148620845583
 20
-3.302882844247506
 10
0.45518059647952214
 20
-3.3089719940420537
 10
0.3125736493501563
 20
-3.3130159088827895
 10
0.1699233664157873
 20
-3.315013756611279
 10
0.027259102313450967
 20
-3.314965126109655
 10
-0.11538978544297152
 20
-3.3128700273849745
 10
-0.2579939425035036
 20
-3.3087288915676254
 10
-0.40052402372305096
 20
-3.3025425708224248
 10
-0.5429506991996504
 20
-3.2943123381730857
 10
-0.6852446603105591
 20
-3.284039887240283
 10
-0.8273766257428861
 20
-3.2717273318936577
 10
-0.9693173475189951
 20
-3.257377205815942
 10
-1.1110376170159952
 20
-3.2409924619825006
 10
-1.252508270975568
 20
-3.2225764720528787
 10
-1.3937001975048133
 20
-3.20213302567754
 10
-1.5345843420685696
 20
-3.1796663297176337
 10
-1.6751317134662713
 20
-3.1551810073796105
 10
-1.8153133897991438
 20
-3.128682097263777
 10
-1.9551005244209136
 20
-3.100175052327245
 10
-2.0944643518747625
 20
-3.069665738762069
 10
-2.233376193811864
 20
-3.0371604347881203
 10
-2.371807464893209
 20
-3.0026658293606943
 10
-2.509729678671988
 20
-2.9661890207949
 10
-2.6471144534554014
 20
-2.9277375153038747
 10
-2.7839335181447495
 20
-2.8873192254552578
 10
-2.9201587180541537
 20
-2.844942468542172
 10
-3.055762020702673
 20
-2.8006159648720086
 10
-3.190715521584025
 20
-2.754348835971996
 10
-3.3249914499084525
 20
-2.7061506027118867
 10
-3.458562174317308
 20
-2.656031183344794
 10
-3.591400208569098
 20
-2.604000891466626
 10
-3.7234782171957477
 20
-2.550070433893552
 10
-3.85476902112714
 20
-2.4942509084584117
 10
-3.9852456032851933
 20
-2.436553801726973
 10
-4.114881114142122
 20
-2.376990986635178
 10
-4.2436488772464145
 20
-2.3155747200448786
 10
-4.371522394712201
 20
-2.252317640221804
 10
-4.498475352671562
 20
-2.187232764235546
 10
-4.624481626689999
 20
-2.1203334852797298
 10
-4.749515287141662
 20
-2.051633569917044
 10
-4.87355060454604
 20
-1.9811471552459352
 10
-4.99656205486167
 20
-1.908888745991021
 10
-5.118524324739155
 20
-1.8348732115193798
 10
-5.239412316729727
 20
-1.7591157827794177
 10
-5.359201154450147
 20
-1.681632049167888
 10
-5.477866187701466
 20
-1.6024379553208519
 10
-5.595382997541947
 20
-1.5215497978333588
 10
-5.71172740131135
 20
-1.4389842219053435
 10
-5.8268754576080255
 20
-1.354758217916583
 10
-5.94080347121519
 20
-1.2688891179311668
 10
-6.0534879979769585
 20
-1.1813945921292088
 10
-6.164905849622187
 20
-1.092292645172165
 10
-6.275034098537617
 20
-1.0016016124974385
 10
-6.383850082484287
 20
-0.9093401565447721
 10
-6.491331409262102
 20
-0.815527262916703
 10
-6.597455961316996
 20
-0.720182236470805
 10
-6.702201900292607
 20
-0.6233246973480391
 10
-6.805547671524437
 20
-0.5249745769349374
 10
-6.907472008474997
 20
-0.4251521137614418
 10
-7.00795393710996
 20
-0.32387784933769126
 10
-7.106972780214619
 20
-0.22117262392532666
 10
-7.204508161648505
 20
-0.1170575722500189
 10
-7.300540010538725
 20
-0.011554119152492603
 10
-7.395048565409979
 20
0.09531602482127255
 10
-7.488014378250682
 20
0.20353086788668406
 10
-7.579418318515536
 20
0.3130681415465233
 10
-7.6692415770625075
 20
0.4239053051732071
 10
-7.757465670022384
 20
0.536019550647211
 10
-7.844072442603192
 20
0.6493878070506298
 10
-7.929044072825718
 20
0.7639867454145133
 10
-8.012363075191047
 20
0.879792783519747
 10
-8.094012304278863
 20
0.9967820907496616
 10
-8.173974958275608
 20
1.114930592994142
 10
-8.252234582431697
 20
1.2342139776030763
 10
-8.32877507244757
 20
1.354607698389941
 10
-8.40358067778834
 20
1.4760869806829078
 10
-8.47663600492399
 20
1.59862682642256
 10
-8.547926020497698
 20
1.7222020193063372
 10
-8.617436054419386
 20
1.8467871299778835
 10
-8.685151802883865
 20
1.9723565212589165
 10
-8.751059331315332
 20
2.0988843534258876
 10
-8.815145077234092
 20
2.226344589526434
 10
-8.877395853047346
 20
2.3547110007384617
 10
-8.937798848763805
 20
2.483957171765951
 10
-8.996341634628834
 20
2.614056506276029
 10
-9.053012163682297
 20
2.744982232371399
 10
-9.107798774238631
 20
2.8767074080992643
 10
-9.160690192285188
 20
3.0092049269961763
 10
-9.211675533802918
 20
3.1424475236651688
 10
-9.260744307006462
 20
3.276407779387114
 10
-9.307886414502264
 20
3.411058127762658
 10
-9.353092155367108
 20
3.546370860384741
 10
-9.39635222714412
 20
3.682318132540672
 10
-9.4376577277568
 20
3.8188719689420623
 10
-9.47700015734165
 20
3.956004269481241
 10
-9.514371419996223
 20
4.093686815014053
 10
-9.54976382544612
 20
4.231891273166752
 10
-9.583170090626481
 20
4.3705892041660945
 10
-9.61458334118197
 20
4.5097520666917035
 10
-9.643997112880243
 20
4.649351223749591
 10
-9.671405352942429
 20
4.789357948564884
 10
-9.696802421289135
 20
4.929743430492977
 10
-9.720183091700733
 20
5.070478780948747
 10
-9.74154255289261
 20
5.211535039350792
 10
-9.760876409505613
 20
5.352883179081232
 10
-9.778180683010419
 20
5.4944941134587
 10
-9.7934518125262
 20
5.636338701723844
 10
-9.806686655553221
 20
5.778387755035965
 10
-9.817882488619603
 20
5.920612042479206
 10
-9.82703700784225
 20
6.062982297078179
 10
-9.834148329400136
 20
6.205469221820522
 10
-9.839214989922311
 20
6.348043495684919
 10
-9.842235946789401
 20
6.490675779675598
 10
-9.843210578347453
 20
6.63333672285944
 10
-9.842138684036286
 20
6.775996968405934
  0
LWPOLYLINE
  5
e0e
330
1F
100
AcDbEntity
  8
Multi-Layer
100
AcDbPolyline
 90
439
 70
 1
 43
0
 10
69.30406400812763
 20
7.004013208026436
 10
69.30718220348263
 20
7.146643399341201
 10
69.3123460624688
 20
7.28921418589016
 10
69.31955452246507
 20
7.431696229394788
 10
69.32880610011239
 20
7.574060209838763
 10
69.34009889161598
 20
7.716276831500409
 10
69.35343057314117
 20
7.858316828981856
 10
69.3687984012879
 20
8.000150973230802
 10
69.38619921365876
 20
8.141750077555798
 10
69.40562942950646
 20
8.283085003631754
 10
69.4270850504729
 20
8.424126667496466
 10
69.45056166141126
 20
8.564846045535319
 10
69.47605443129396
 20
8.705214180453936
 10
69.50355811420832
 20
8.845202187236396
 10
69.53306705043451
 20
8.984781259090369
 10
69.5645751676102
 20
9.12392267337384
 10
69.59807598198222
 20
9.2625977975066
 10
69.63356259973807
 20
9.40077809486138
 10
69.6710277184261
 20
9.538435130636685
 10
69.71046362845823
 20
9.675540577708375
 10
69.75186221469608
 20
9.81206622245827
 10
69.79521495811991
 20
9.947983970579685
 10
69.84051293758375
 20
10.083265852859881
 10
69.88774683165002
 20
10.217884030934556
 10
69.93690692050745
 20
10.351810803016633
 10
69.98798308797132
 20
10.485018609597091
 10
70.04096482356636
 20
10.61748003911589
 10
70.09584122468777
 20
10.749167833602542
 10
70.15260099884586
 20
10.880054894285877
 10
70.21123246598995
 20
11.010114287169813
 10
70.27172356091114
 20
11.139319248576157
 10
70.33406183572583
 20
11.267643190652166
 10
70.39823446243713
 20
11.395059706841266
 10
70.4642282355735
 20
11.52154257731786
 10
70.53202957490862
 20
11.647065774381986
 10
70.60162452825284
 20
11.77160346781568
 10
70.67299877432674
 20
11.895130030198857
 10
70.7461376257072
 20
12.017620042181647
 10
70.82102603184921
 20
12.139048297716727
 10
70.89764858218496
 20
12.259389809244794
 10
70.97598950929228
 20
12.378619812837655
 10
71.05603269214157
 20
12.49671377329355
 10
71.13776165941158
 20
12.613647389186326
 10
71.22115959288067
 20
12.72939659786573
 10
71.30620933088562
 20
12.843937580409374
 10
71.39289337185437
 20
12.957246766524577
 10
71.48119387790825
 20
13.069300839397783
 10
71.5710926785298
 20
13.180076740493519
 10
71.66257127430572
 20
13.289551674298991
 10
71.7556108407307
 20
13.397703113014586
 10
71.85019223208224
 20
13.504508801190582
 10
71.9462959853613
 20
13.609946760306457
 10
72.04390232429546
 20
13.713995293292896
 10
72.14299116341022
 20
13.816632988998322
 10
72.24354211216132
 20
13.917838726592777
 10
72.34553447913095
 20
14.017591679916109
 10
72.44894727628571
 20
14.11587132176237
 10
72.55375922329563
 20
14.212657428103967
 10
72.65994875191268
 20
14.30793008225453
 10
72.76749401040979
 20
14.401669678965845
 10
72.87637286807694
 20
14.49385692846306
 10
72.98656291977613
 20
14.584472860414166
 10
73.09804149055026
 20
14.673498827833328
 10
73.21078564029108
 20
14.760916510918719
 10
73.32477216845882
 20
14.846707920821245
 10
73.43997761885612
 20
14.930855403348005
 10
73.5563782844556
 20
15.01334164259299
 10
73.67395021227776
 20
15.094149664502766
 10
73.7926692083206
 20
15.173262840367215
 10
73.91251084253781
 20
15.250664890242888
 10
74.03345045386595
 20
15.326339886302662
 10
74.155463155299
 20
15.400272256112771
 10
74.27852383901131
 20
15.472446785838201
 10
74.40260718152149
 20
15.542848623373175
 10
74.52768764890584
 20
15.611463281396937
 10
74.6537395020514
 20
15.678276640355648
 10
74.78073680195371
 20
15.743274951367084
 10
74.90865341505287
 20
15.806444839050982
 10
75.03746301861338
 20
15.867773304280263
 10
75.16713910613908
 20
15.92724772685699
 10
75.29765499282871
 20
15.984855868108639
 10
75.42898382106591
 20
16.04058587340694
 10
75.56109856594867
 20
16.094426274607486
 10
75.69397204084657
 20
16.14636599240896
 10
75.82757690299923
 20
16.19639433863381
 10
75.96188565913985
 20
16.2445010184274
 10
76.09687067115442
 20
16.290676132376234
 10
76.23250416176916
 20
16.334910178545442
 10
76.36875822026514
 20
16.377194054433858
 10
76.50560480822355
 20
16.417519058847233
 10
76.6430157652942
 20
16.45587689368847
 10
76.78096281499097
 20
16.492259665666097
 10
76.91941757051018
 20
16.526659887917276
 10
77.05835154057218
 20
16.559070481549497
 10
77.19773613528469
 20
16.589484777096686
 10
77.33754267202539
 20
16.617896515892085
 10
77.47774238134457
 20
16.644299851355527
 10
77.61830641288566
 20
16.668689350197496
 10
77.75920584132086
 20
16.691059993536214
 10
77.90041167230515
 20
16.71140717793105
 10
78.04189484844187
 20
16.72972671632965
 10
78.18362625526083
 20
16.746014838929227
 10
78.32557672721305
 20
16.760268193953266
 10
78.46771705366768
 20
16.77248384833979
 10
78.61001798492771
 20
16.782659288346395
 10
78.75245023824573
 20
16.790792420066623
 10
78.89498450385076
 20
16.796881569861057
 10
79.03759145098002
 20
16.800925484701793
 10
79.1802417339145
 20
16.802923332430282
 10
79.32290599801695
 20
16.80287470192866
 10
79.46555488577337
 20
16.80077960320409
 10
79.6081590428339
 20
16.796638467386742
 10
79.75068912405322
 20
16.79045214664154
 10
79.89311579952982
 20
16.78222191399209
 10
80.03540976064096
 20
16.771949463059286
 10
80.17754172607306
 20
16.75963690771266
 10
80.31948244784917
 20
16.745286781634945
 10
80.4612027173464
 20
16.728902037801618
 10
80.60267337130585
 20
16.710486047871882
 10
80.7438652978351
 20
16.690042601496543
 10
80.88474944239874
 20
16.667575905536637
 10
81.02529681379656
 20
16.643090583198727
 10
81.16547849012932
 20
16.616591673082894
 10
81.30526562475097
 20
16.588084628146362
 10
81.44462945220494
 20
16.557575314581186
 10
81.58354129414192
 20
16.525070010607124
 10
81.72197256522327
 20
16.49057540517981
 10
81.85989477900216
 20
16.45409859661379
 10
81.99727955378535
 20
16.415647091122878
 10
82.13409861847504
 20
16.37522880127426
 10
82.27032381838421
 20
16.33285204436129
 10
82.40592712103285
 20
16.288525540691126
 10
82.54088062191431
 20
16.242258411791
 10
82.67515655023863
 20
16.194060178530776
 10
82.80872727464748
 20
16.143940759163797
 10
82.94156530889927
 20
16.091910467285743
 10
83.0736433175257
 20
16.037980009712555
 10
83.2049341214572
 20
15.982160484277301
 10
83.33541070361525
 20
15.924463377545976
 10
83.4650462144723
 20
15.864900562454181
 10
83.5938139775767
 20
15.803484295863882
 10
83.72168749504226
 20
15.740227216040921
 10
83.84864045300174
 20
15.675142340054549
 10
83.97464672702017
 20
15.608243061098733
 10
84.09968038747184
 20
15.539543145736047
 10
84.22371570487621
 20
15.469056731064825
 10
84.34672715519173
 20
15.396798321810024
 10
84.46868942506944
 20
15.32278278733827
 10
84.5895774170599
 20
15.247025358598421
 10
84.7093662547802
 20
15.169541624986891
 10
84.82803128803175
 20
15.090347531139855
 10
84.945548097872
 20
15.009459373652248
 10
85.06189250164152
 20
14.926893797724233
 10
85.1770405579382
 20
14.8426677937357
 10
85.29096857154536
 20
14.75679869375017
 10
85.40365309830713
 20
14.669304167948098
 10
85.51507094995259
 20
14.580202220991168
 10
85.6251991988679
 20
14.489511188316328
 10
85.73401518281457
 20
14.397249732363775
 10
85.84149650959216
 20
14.303436838735593
 10
85.94762106164717
 20
14.208091812289695
 10
86.05236700062301
 20
14.111234273167042
 10
86.15571277185472
 20
14.01288415275394
 10
86.25763710880528
 20
13.913061689580559
 10
86.35811903744002
 20
13.811787425156695
 10
86.45713788054468
 20
13.709082199744216
 10
86.55467326197868
 20
13.604967148069022
 10
86.65070511086901
 20
13.499463694971496
 10
86.74521366574004
 20
13.392593550997617
 10
86.83817947858074
 20
13.28437870793232
 10
86.92958341884582
 20
13.17484143427248
 10
87.01940667739268
 20
13.064004270645682
 10
87.10763077035244
 20
12.951890025171679
 10
87.19423754293325
 20
12.838521768768373
 10
87.27920917315578
 20
12.72392283040449
 10
87.36252817552099
 20
12.608116792299256
 10
87.44417740460904
 20
12.491127485069228
 10
87.52414005860578
 20
12.372978982824861
 10
87.60239968276187
 20
12.25369559821604
 10
87.67894017277763
 20
12.133301877429062
 10
87.7537457781184
 20
12.011822595136096
 10
87.82680110525416
 20
11.889282749396557
 10
87.89809112082776
 20
11.765707556512552
 10
87.96760115474945
 20
11.64112244584112
 10
88.03531690321392
 20
11.515553054560087
 10
88.1012244316455
 20
11.38902522239323
 10
88.16531017756415
 20
11.261564986292456
 10
88.2275609533774
 20
11.133198575080655
 10
88.28796394909386
 20
11.003952404053166
 10
88.34650673495867
 20
10.873853069542974
 10
88.40317726401236
 20
10.742927343447718
 10
88.45796387456858
 20
10.611202167719739
 10
88.51085529261513
 20
10.47870464882294
 10
88.56184063413298
 20
10.345462052153835
 10
88.61090940733652
 20
10.21150179643189
 10
88.65805151483232
 20
10.076851448056345
 10
88.70325725569728
 20
9.941538715434262
 10
88.7465173274743
 20
9.805591443278217
 10
88.78782282808697
 20
9.669037606876941
 10
88.8271652576716
 20
9.531905306337762
 10
88.86453652032628
 20
9.39422276080495
 10
88.89992892577607
 20
9.256018302652251
 10
88.93333519095677
 20
9.117320371653022
 10
88.96474844151226
 20
8.978157509127414
 10
88.99416221321007
 20
8.838558352069299
 10
89.02157045327249
 20
8.698551627254233
 10
89.04696752161908
 20
8.558166145326027
 10
89.07034819203068
 20
8.41743079487037
 10
89.09170765322278
 20
8.27637453646821
 10
89.11104150983579
 20
8.135026396737771
 10
89.12834578334059
 20
7.9934154623603035
 10
89.14361691285626
 20
7.8515708740951595
 10
89.15685175588328
 20
7.709521820783152
 10
89.16804758894978
 20
7.567297533339797
 10
89.1772021081722
 20
7.4249272787408245
 10
89.18431342973008
 20
7.282440353998595
 10
89.18938009025237
 20
7.1398660801341975
 10
89.19240104711957
 20
6.997233796143519
 10
89.19337567867751
 20
6.854572852959677
 10
89.19230378460747
 20
6.711912623825128
 10
89.1891855892527
 20
6.569282432510249
 10
89.18402173026652
 20
6.426711645961291
 10
89.17681327027003
 20
6.284229602456662
 10
89.16756169262294
 20
6.141865622012801
 10
89.15626890111935
 20
5.999649000351042
 10
89.14293721959416
 20
5.857609002869708
 10
89.12756939144742
 20
5.715774858620648
 10
89.11016857907657
 20
5.574175754295766
 10
89.09073836322887
 20
5.432840828219696
 10
89.06928274226243
 20
5.291799164354984
 10
89.04580613132407
 20
5.1510797863161315
 10
89.02031336144137
 20
5.010711651397628
 10
88.99280967852701
 20
4.870723644615055
 10
88.96330074230104
 20
4.731144572761082
 10
88.9317926251249
 20
4.59200315847761
 10
88.89829181075311
 20
4.453328034344963
 10
88.86280519299726
 20
4.31514773699007
 10
88.825340074309
 20
4.177490701214765
 10
88.78590416427687
 20
4.040385254143075
 10
88.74450557803925
 20
3.903859609393294
 10
88.70115283461541
 20
3.767941861271879
 10
88.65585485515157
 20
3.6326599789916827
 10
88.60862096108508
 20
3.498041800917008
 10
88.55946087222787
 20
3.364115028834817
 10
88.50838470476378
 20
3.230907222254359
 10
88.45540296916897
 20
3.0984457927355606
 10
88.40052656804755
 20
2.9667579982489087
 10
88.34376679388947
 20
2.8358709375655735
 10
88.2851353267456
 20
2.7058115446816373
 10
88.22464423182419
 20
2.576606583275293
 10
88.1623059570095
 20
2.4482826411993983
 10
88.09813333029842
 20
2.320866125010184
 10
88.0321395571616
 20
2.1943832545337045
 10
87.96433821782671
 20
2.0688600574695784
 10
87.89474326448249
 20
1.94432236403577
 10
87.82336901840858
 20
1.8207958016527073
 10
87.75023016702835
 20
1.6983057896698028
 10
87.67534176088611
 20
1.5768775341348373
 10
87.59871921055037
 20
1.456536022606656
 10
87.52037828344305
 20
1.3373060190139086
 10
87.44033510059376
 20
1.2192120585579005
 10
87.35860613332352
 20
1.1022784426651242
 10
87.27520819985466
 20
0.9865292339858343
 10
87.19015846184993
 20
0.871988251442076
 10
87.10347442088073
 20
0.7586790653269873
 10
87.0151739148273
 20
0.6466249924536669
 10
86.92527511420553
 20
0.5358490913579317
 10
86.83379651842961
 20
0.4263741575526865
 10
86.74075695200486
 20
0.31822271883709163
 10
86.64617556065286
 20
0.21141703066098216
 10
86.55007180737425
 20
0.1059790715452209
 10
86.4524654684401
 20
0.0019305385585539625
 10
86.35337662932534
 20
-0.10070715714675771
 10
86.25282568057423
 20
-0.20191289474121277
 10
86.15083331360461
 20
-0.30166584806465835
 10
86.04742051644962
 20
-0.3999454899108059
 10
85.94260856943993
 20
-0.4967315962525163
 10
85.83641904082288
 20
-0.5920042504029652
 10
85.72887378232554
 20
-0.6857438471142814
 10
85.61999492465839
 20
-0.7779310966114963
 10
85.50980487295942
 20
-0.8685470285626025
 10
85.39832630218507
 20
-0.9575729959817636
 10
85.28558215244402
 20
-1.0449906790671548
 10
85.1715956242765
 20
-1.130782088969795
 10
85.05639017387944
 20
-1.2149295714963273
 10
84.93998950827995
 20
-1.2974158107415406
 10
84.8224175804578
 20
-1.3782238326512015
 10
84.70369858441495
 20
-1.4573370085157649
 10
84.58385695019774
 20
-1.5347390583914375
 10
84.4629173388696
 20
-1.6104140544510983
 10
84.34090463743632
 20
-1.6843464242610935
 10
84.21784395372424
 20
-1.756520953986751
 10
84.09376061121407
 20
-1.8269227915216106
 10
83.96868014382972
 20
-1.8955374495454862
 10
83.84262829068393
 20
-1.962350808504084
 10
83.71563099078185
 20
-2.027349119515634
 10
83.58771437768246
 20
-2.0905190071994184
 10
83.45890477412195
 20
-2.1518474724288126
 10
83.32922868659648
 20
-2.2113218950055398
 10
83.19871279990684
 20
-2.268930036257075
 10
83.06738397166941
 20
-2.3246600415554894
 10
82.93526922678689
 20
-2.3785004427559215
 10
82.80239575188875
 20
-2.430440160557282
 10
82.6687908897361
 20
-2.4804685067822447
 10
82.5344821335957
 20
-2.5285751865758357
 10
82.39949712158091
 20
-2.57475030052467
 10
82.2638636309664
 20
-2.6189843466938783
 10
82.12760957247019
 20
-2.6612682225822937
 10
81.99076298451178
 20
-2.7015932269956693
 10
81.85335202744113
 20
-2.7399510618370186
 10
81.71540497774458
 20
-2.776333833814647
 10
81.57695022222538
 20
-2.810734056065826
 10
81.43801625216338
 20
-2.843144649698047
 10
81.29863165745087
 20
-2.873558945245236
 10
81.15882512070993
 20
-2.9019706840406343
 10
81.01862541139076
 20
-2.9283740195040764
 10
80.8780613798499
 20
-2.952763518346046
 10
80.73716195141469
 20
-2.975134161684764
 10
80.59595612043017
 20
-2.9954813460796004
 10
80.45447294429368
 20
-3.013800884478087
 10
80.31274153747427
 20
-3.030089007077777
 10
80.17079106552251
 20
-3.044342362101702
 10
80.02865073906764
 20
-3.0565580164883386
 10
79.88634980780762
 20
-3.066733456494944
 10
79.74391755448983
 20
-3.0748665882151727
 10
79.60138328888479
 20
-3.0809557380096066
 10
79.45877634175531
 20
-3.0849996528503425
 10
79.31612605882106
 20
-3.086997500578832
 10
79.1734617947186
 20
-3.086948870077208
 10
79.03081290696218
 20
-3.0848537713525275
 10
78.88820874990165
 20
-3.080712635535292
 10
78.74567866868233
 20
-3.0745263147900914
 10
78.6032519932055
 20
-3.0662960821406386
 10
78.4609580320946
 20
-3.056023631207836
 10
78.3188260666625
 20
-3.0437110758612107
 10
78.17688534488616
 20
-3.029360949783495
 10
78.03516507538916
 20
-3.0129762059500536
 10
77.8936944214297
 20
-2.9945602160204317
 10
77.75250249490023
 20
-2.974116769645093
 10
77.61161835033658
 20
-2.9516500736851867
 10
77.471070978939
 20
-2.927164751347277
 10
77.33088930260624
 20
-2.9006658412314437
 10
77.19110216798413
 20
-2.8721587962949116
 10
77.05173834053039
 20
-2.8416494827297356
 10
76.9128264985934
 20
-2.809144178755787
 10
76.77439522751206
 20
-2.774649573328361
 10
76.6364730137334
 20
-2.738172764762453
 10
76.49908823894975
 20
-2.6997212592715414
 10
76.36226917426029
 20
-2.6593029694228107
 10
76.22604397435089
 20
-2.616926212509725
 10
76.09044067170271
 20
-2.5725997088396753
 10
75.95548717082124
 20
-2.526332579939549
 10
75.8212112424967
 20
-2.4781343466794397
 10
75.68764051808785
 20
-2.428014927312347
 10
75.55480248383606
 20
-2.3759846354342926
 10
75.42272447520963
 20
-2.322054177861105
 10
75.2914336712779
 20
-2.2662346524259647
 10
75.1609570891203
 20
-2.2085375456946394
 10
75.03132157826303
 20
-2.148974730602845
 10
74.90255381515885
 20
-2.0875584640124316
 10
74.77468029769307
 20
-2.024301384189471
 10
74.64772733973359
 20
-1.9592165082032125
 10
74.52172106571538
 20
-1.8923172292473964
 10
74.39668740526372
 20
-1.8236173138847107
 10
74.27265208785911
 20
-1.7531308992134882
 10
74.1496406375436
 20
-1.680872489958574
 10
74.02767836766611
 20
-1.6068569554869327
 10
73.90679037567566
 20
-1.5310995267470844
 10
73.78700153795512
 20
-1.4536157931355547
 10
73.6683365047038
 20
-1.3744216992884049
 10
73.5508196948631
 20
-1.2935335418009117
 10
73.4344752910938
 20
-1.2109679658728965
 10
73.31932723479713
 20
-1.1267419618842496
 10
73.20539922118996
 20
-1.0408728618987197
 10
73.09271469442842
 20
-0.9533783360967618
 10
72.98129684278297
 20
-0.864276389139718
 10
72.87116859386765
 20
-0.7735853564649915
 10
72.76235260992098
 20
-0.6813239005124387
 10
72.65487128314294
 20
-0.587511006884256
 10
72.54874673108839
 20
-0.492165980438358
 10
72.44400079211255
 20
-0.39530844131570575
 10
72.34065502088083
 20
-0.2969583209024904
 10
72.23873068393027
 20
-0.19713585772910847
 10
72.13824875529508
 20
-0.09586159330535793
 10
72.03922991219042
 20
0.0068436321071203565
 10
71.94169453075665
 20
0.11095868378242812
 10
71.84566268186632
 20
0.21646213687995441
 10
71.75115412699529
 20
0.32333228085371957
 10
71.65818831415459
 20
0.4315471239191311
 10
71.56678437388973
 20
0.5410843975789703
 10
71.47696111534265
 20
0.6519215612056541
 10
71.38873702238266
 20
0.764035806679658
 10
71.30213024980208
 20
0.8774040630830768
 10
71.21715861957955
 20
0.9920030014469603
 10
71.13383961721411
 20
1.1078090395520803
 10
71.05219038812629
 20
1.2247983467821086
 10
70.97222773412955
 20
1.342946849026589
 10
70.89396810997346
 20
1.4622302336354096
 10
70.8174276199577
 20
1.5826239544223881
 10
70.7426220146167
 20
1.704103236715241
 10
70.66956668748116
 20
1.8266430824548934
 10
70.59827667190757
 20
1.9502182753387842
 10
70.52876663798611
 20
2.0748033860103305
 10
70.4610508895214
 20
2.20037277729125
 10
70.39514336108982
 20
2.326900609458221
 10
70.33105761517118
 20
2.454360845558881
 10
70.26880683935792
 20
2.582727256770795
 10
70.20840384364146
 20
2.711973427798398
 10
70.14986105777666
 20
2.842072762308362
 10
70.09319052872297
 20
2.972998488403732
 10
70.03840391816675
 20
3.1047236641317113
 10
69.9855125001202
 20
3.2372211830285096
 10
69.93452715860235
 20
3.370463779697616
 10
69.8854583853988
 20
3.504424035419561
 10
69.838316277903
 20
3.639074383795105
 10
69.79311053703805
 20
3.774387116417188
 10
69.74985046526103
 20
3.910334388573119
 10
69.70854496464835
 20
4.046888224974396
 10
69.66920253506373
 20
4.184020525513688
 10
69.63183127240904
 20
4.3217030710465
 10
69.59643886695926
 20
4.459907529199086
 10
69.56303260177856
 20
4.598605460198428
 10
69.53161935122307
 20
4.7377683227241505
 10
69.50220557952503
 20
4.877367479782038
 10
69.47479733946284
 20
5.017374204597218
 10
69.44940027111602
 20
5.157759686525424
 10
69.42601960070442
 20
5.29849503698108
 10
69.40466013951254
 20
5.4395512953832394
 10
69.38532628289954
 20
5.580899435113679
 10
69.36802200939474
 20
5.722510369491147
 10
69.35275087987907
 20
5.864354957756291
 10
69.33951603685182
 20
6.006404011068412
 10
69.32832020378555
 20
6.148628298511653
 10
69.3191656845629
 20
6.290998553110626
 10
69.31205436300525
 20
6.433485477852855
 10
69.30698770248296
 20
6.576059751717253
 10
69.30396674561575
 20
6.718692035707932
 10
69.30299211405782
 20
6.861352978891773
 10
69.30406400836887
 20
7.004013224438268
0
HATCH
5
e10
100
AcDbEntity
8
TopPasteMaskLayer
100
AcDbHatch
10
0
20
0
30
0
210
0
220
0
230
1
2
SOLID
70
1
71
0
91
1
92
7
72
0
73
1
93
16
10
31.952019304038686
20
129.42400304800617
10
31.261010922021796
20
129.42400304800617
10
31.161010922021887
20
129.5240030480062
10
31.161010922021887
20
129.87990855981707
10
31.06101092202175
20
129.9799085598171
10
30.34300228600455
20
129.9799085598171
10
30.24300228600464
20
129.87990855981707
10
30.24300228600464
20
129.5240030480062
10
30.143002286004503
20
129.42400304800617
10
29.45199390398784
20
129.42400304800617
10
29.351993903987704
20
129.5240030480062
10
29.351993903987704
20
130.95900431800862
10
29.45199390398784
20
131.05900431800865
10
31.952019304038686
20
131.05900431800865
10
32.052019304038595
20
130.95900431800862
10
32.052019304038595
20
129.5240030480062
97
1
330

75
0
76
1
47
0.4128176842155181
98
1
10
34.90568961886538
20
22.81183545379326
450
0
451
0
460
0
461
0
452
1
462
1
453
2
463
0
63
5
421
255
463
1
63
7
421
16777215
470
LINEAR
1001
ACAD
1010
0
1020
0
1030
0
0
HATCH
5
e12
100
AcDbEntity
8
TopPasteMaskLayer
100
AcDbHatch
10
0
20
0
30
0
210
0
220
0
230
1
2
SOLID
70
1
71
0
91
1
92
7
72
0
73
1
93
16
10
31.952019304038686
20
128.02400304800608
10
31.261010922021796
20
128.02400304800608
10
31.161010922021887
20
127.92400304800617
10
31.161010922021887
20
127.56809753619507
10
31.06101092202175
20
127.46809753619505
10
30.34300228600455
20
127.46809753619505
10
30.24300228600464
20
127.56809753619507
10
30.24300228600464
20
127.92400304800617
10
30.143002286004503
20
128.02400304800608
10
29.45199390398784
20
128.02400304800608
10
29.351993903987704
20
127.92400304800617
10
29.351993903987704
20
126.48900177800363
10
29.45199390398784
20
126.3890017780036
10
31.952019304038686
20
126.3890017780036
10
32.052019304038595
20
126.48900177800363
10
32.052019304038595
20
127.92400304800617
97
1
330

75
0
76
1
47
0.4128176842155181
98
1
10
34.90568961886538
20
22.81183545379326
450
0
451
0
460
0
461
0
452
1
462
1
453
2
463
0
63
5
421
255
463
1
63
7
421
16777215
470
LINEAR
1001
ACAD
1010
0
1020
0
1030
0
0
HATCH
5
e14
100
AcDbEntity
8
TopPasteMaskLayer
100
AcDbHatch
10
0
20
0
30
0
210
0
220
0
230
1
2
SOLID
70
1
71
0
91
1
92
7
72
0
73
1
93
16
10
21.937998475996892
20
13.580492760985521
10
21.937998475996892
20
13.94180848361691
10
22.03799847599703
20
14.041808483616933
10
22.24856489712988
20
14.041808483616933
10
22.34856489712979
20
14.141808483616956
10
22.34856489712979
20
14.520167640335217
10
22.24856489712988
20
14.62016764033524
10
22.03799847599703
20
14.62016764033524
10
21.937998475996892
20
14.720167640335262
10
21.937998475996892
20
15.081483362966651
10
22.03799847599703
20
15.181483362966674
10
23.045516891033685
20
15.181483362966674
10
23.145516891033594
20
15.081483362966651
10
23.145516891033594
20
13.580492760985521
10
23.045516891033685
20
13.480492760985612
10
22.03799847599703
20
13.480492760985612
97
1
330

75
0
76
1
47
0.4128176842155181
98
1
10
34.90568961886538
20
22.81183545379326
450
0
451
0
460
0
461
0
452
1
462
1
453
2
463
0
63
5
421
255
463
1
63
7
421
16777215
470
LINEAR
1001
ACAD
1010
0
1020
0
1030
0
0
HATCH
5
e16
100
AcDbEntity
8
TopPasteMaskLayer
100
AcDbHatch
10
0
20
0
30
0
210
0
220
0
230
1
2
SOLID
70
1
71
0
91
1
92
7
72
0
73
1
93
16
10
20.187985775971583
20
13.580492760985521
10
20.187985775971583
20
13.94180848361691
10
20.087985775971674
20
14.041808483616933
10
19.87741935483882
20
14.041808483616933
10
19.777419354838685
20
14.141808483616956
10
19.777419354838685
20
14.520167640335217
10
19.87741935483882
20
14.62016764033524
10
20.087985775971674
20
14.62016764033524
10
20.187985775971583
20
14.720167640335262
10
20.187985775971583
20
15.081483362966651
10
20.087985775971674
20
15.181483362966674
10
19.08046736093479
20
15.181483362966674
10
18.980467360934654
20
15.081483362966651
10
18.980467360934654
20
13.580492760985521
10
19.08046736093479
20
13.480492760985612
10
20.087985775971674
20
13.480492760985612
97
1
330

75
0
76
1
47
0.4128176842155181
98
1
10
34.90568961886538
20
22.81183545379326
450
0
451
0
460
0
461
0
452
1
462
1
453
2
463
0
63
5
421
255
463
1
63
7
421
16777215
470
LINEAR
1001
ACAD
1010
0
1020
0
1030
0
0
HATCH
5
e18
100
AcDbEntity
8
TopPasteMaskLayer
100
AcDbHatch
10
0
20
0
30
0
210
0
220
0
230
1
2
SOLID
70
1
71
0
91
1
92
7
72
0
73
1
93
12
10
51.43703327406661
20
19.759994919989822
10
51.43703327406661
20
21.0399796799594
10
51.48704597409187
20
21.08999237998478
10
52.6370586741175
20
21.08999237998478
10
52.687045974091916
20
21.0399796799594
10
52.692075184150326
20
20.629946659893335
10
52.24206248412497
20
20.629946659893335
10
52.24206248412497
20
20.179959359918712
10
52.682067564135195
20
20.179959359918712
10
52.687045974091916
20
19.759994919989822
10
52.6370586741175
20
19.709982219964445
10
51.48704597409187
20
19.709982219964445
97
1
330

75
0
76
1
47
0.4128176842155181
98
1
10
34.90568961886538
20
22.81183545379326
450
0
451
0
460
0
461
0
452
1
462
1
453
2
463
0
63
5
421
255
463
1
63
7
421
16777215
470
LINEAR
1001
ACAD
1010
0
1020
0
1030
0
0
HATCH
5
e1a
100
AcDbEntity
8
TopPasteMaskLayer
100
AcDbHatch
10
0
20
0
30
0
210
0
220
0
230
1
2
SOLID
70
1
71
0
91
1
92
7
72
0
73
1
93
12
10
54.84699009398014
20
21.040005080010133
10
54.84699009398014
20
19.760020320040667
10
54.796977393954876
20
19.71000762001529
10
53.646964693929476
20
19.71000762001529
10
53.59697739395483
20
19.760020320040667
10
53.59194818389642
20
20.170053340106733
10
54.041960883921774
20
20.170053340106733
10
54.041960883921774
20
20.620040640081243
10
53.60195580391155
20
20.620040640081243
10
53.59697739395483
20
21.040005080010133
10
53.646964693929476
20
21.09001778003551
10
54.796977393954876
20
21.09001778003551
97
1
330

75
0
76
1
47
0.4128176842155181
98
1
10
34.90568961886538
20
22.81183545379326
450
0
451
0
460
0
461
0
452
1
462
1
453
2
463
0
63
5
421
255
463
1
63
7
421
16777215
470
LINEAR
1001
ACAD
1010
0
1020
0
1030
0
0
HATCH
5
e1c
100
AcDbEntity
8
TopSilkLayer
100
AcDbHatch
10
0
20
0
30
0
210
0
220
0
230
1
2
SOLID
70
1
71
0
91
1
92
7
72
0
73
1
93
4
10
49.82898145796298
20
122.09240538481072
10
49.82898145796298
20
121.56390652781306
10
49.371780543561044
20
121.56390652781306
10
49.371780543561044
20
122.09240538481072
97
1
330

75
0
76
1
47
0.4128176842155181
98
1
10
34.90568961886538
20
22.81183545379326
450
0
451
0
460
0
461
0
452
1
462
1
453
2
463
0
63
5
421
255
463
1
63
7
421
16777215
470
LINEAR
1001
ACAD
1010
0
1020
0
1030
0
0
HATCH
5
e1e
100
AcDbEntity
8
TopSilkLayer
100
AcDbHatch
10
0
20
0
30
0
210
0
220
0
230
1
2
SOLID
70
1
71
0
91
1
92
7
72
0
73
1
93
4
10
49.82898145796298
20
119.13761747523495
10
49.82898145796298
20
119.66611633223272
10
49.371780543561044
20
119.66611633223272
10
49.371780543561044
20
119.13761747523495
97
1
330

75
0
76
1
47
0.4128176842155181
98
1
10
34.90568961886538
20
22.81183545379326
450
0
451
0
460
0
461
0
452
1
462
1
453
2
463
0
63
5
421
255
463
1
63
7
421
16777215
470
LINEAR
1001
ACAD
1010
0
1020
0
1030
0
0
HATCH
5
e20
100
AcDbEntity
8
Document
100
AcDbHatch
10
0
20
0
30
0
210
0
220
0
230
1
2
SOLID
70
1
71
0
91
1
92
7
72
0
73
1
93
4
10
50.027736855473904
20
120.51564643129291
10
50.027736855473904
20
120.71437642875287
10
50.822733045466066
20
120.71437642875287
10
50.822733045466066
20
120.51564643129291
97
1
330

75
0
76
1
47
0.4128176842155181
98
1
10
34.90568961886538
20
22.81183545379326
450
0
451
0
460
0
461
0
452
1
462
1
453
2
463
0
63
5
421
255
463
1
63
7
421
16777215
470
LINEAR
1001
ACAD
1010
0
1020
0
1030
0
0
HATCH
5
e22
100
AcDbEntity
8
Document
100
AcDbHatch
10
0
20
0
30
0
210
0
220
0
230
1
2
SOLID
70
1
71
0
91
1
92
7
72
0
73
1
93
4
10
54.93025146050309
20
120.51564643129291
10
54.93025146050309
20
120.71437642875287
10
54.1352552705107
20
120.71437642875287
10
54.1352552705107
20
120.51564643129291
97
1
330

75
0
76
1
47
0.4128176842155181
98
1
10
34.90568961886538
20
22.81183545379326
450
0
451
0
460
0
461
0
452
1
462
1
453
2
463
0
63
5
421
255
463
1
63
7
421
16777215
470
LINEAR
1001
ACAD
1010
0
1020
0
1030
0
0
HATCH
5
e24
100
AcDbEntity
8
Document
100
AcDbHatch
10
0
20
0
30
0
210
0
220
0
230
1
2
SOLID
70
1
71
0
91
1
92
7
72
0
73
1
93
4
10
54.63213106426201
20
119.95250190500383
10
54.63213106426201
20
121.27752095504195
10
54.43337566675132
20
121.27752095504195
10
54.43337566675132
20
119.95250190500383
97
1
330

75
0
76
1
47
0.4128176842155181
98
1
10
34.90568961886538
20
22.81183545379326
450
0
451
0
460
0
461
0
452
1
462
1
453
2
463
0
63
5
421
255
463
1
63
7
421
16777215
470
LINEAR
1001
ACAD
1010
0
1020
0
1030
0
0
HATCH
5
e26
100
AcDbEntity
8
TopPasteMaskLayer
100
AcDbHatch
10
0
20
0
30
0
210
0
220
0
230
1
2
SOLID
70
1
71
0
91
1
92
7
72
0
73
1
93
12
10
18.85298450596906
20
15.883997967995924
10
18.85298450596906
20
17.16398272796539
10
18.902997205994325
20
17.213995427990767
10
20.053009906019724
20
17.213995427990767
10
20.10299720599437
20
17.16398272796539
10
20.10802641605278
20
16.753949707899437
10
19.658013716027426
20
16.753949707899437
10
19.658013716027426
20
16.303962407924814
10
20.09801879603765
20
16.303962407924814
10
20.10299720599437
20
15.883997967995924
10
20.053009906019724
20
15.833985267970547
10
18.902997205994325
20
15.833985267970547
97
1
330

75
0
76
1
47
0.4128176842155181
98
1
10
34.90568961886538
20
22.81183545379326
450
0
451
0
460
0
461
0
452
1
462
1
453
2
463
0
63
5
421
255
463
1
63
7
421
16777215
470
LINEAR
1001
ACAD
1010
0
1020
0
1030
0
0
HATCH
5
e28
100
AcDbEntity
8
TopPasteMaskLayer
100
AcDbHatch
10
0
20
0
30
0
210
0
220
0
230
1
2
SOLID
70
1
71
0
91
1
92
7
72
0
73
1
93
12
10
21.00299720599446
20
15.883997967995924
10
21.003022606045306
20
16.303962407924814
10
21.44800609601225
20
16.303962407924814
10
21.44800609601225
20
16.753949707899437
10
21.00802641605287
20
16.753949707899437
10
21.00299720599446
20
17.16398272796539
10
21.053009906019724
20
17.213995427990767
10
22.202997205994507
20
17.213995427990767
10
22.25300990601977
20
17.16398272796539
10
22.25300990601977
20
15.883997967995924
10
22.202997205994507
20
15.833985267970547
10
21.053009906019724
20
15.833985267970547
97
1
330

75
0
76
1
47
0.4128176842155181
98
1
10
34.90568961886538
20
22.81183545379326
450
0
451
0
460
0
461
0
452
1
462
1
453
2
463
0
63
5
421
255
463
1
63
7
421
16777215
470
LINEAR
1001
ACAD
1010
0
1020
0
1030
0
0
HATCH
5
e2a
100
AcDbEntity
8
TopPasteMaskLayer
100
AcDbHatch
10
0
20
0
30
0
210
0
220
0
230
1
2
SOLID
70
1
71
0
91
1
92
7
72
0
73
1
93
8
10
54.43500127000243
20
134.2579883159766
10
54.43500127000243
20
133.79799339598685
10
54.394996189992526
20
133.7579883159766
10
53.894361188722314
20
133.7579883159766
10
53.85435610871218
20
133.79799339598685
10
53.85435610871218
20
134.2579883159766
10
53.894361188722314
20
134.29799339598685
10
54.394996189992526
20
134.29799339598685
97
1
330

75
0
76
1
47
0.4128176842155181
98
1
10
34.90568961886538
20
22.81183545379326
450
0
451
0
460
0
461
0
452
1
462
1
453
2
463
0
63
5
421
255
463
1
63
7
421
16777215
470
LINEAR
1001
ACAD
1010
0
1020
0
1030
0
0
HATCH
5
e2c
100
AcDbEntity
8
TopPasteMaskLayer
100
AcDbHatch
10
0
20
0
30
0
210
0
220
0
230
1
2
SOLID
70
1
71
0
91
1
92
7
72
0
73
1
93
8
10
54.70500381000761
20
134.2579883159766
10
54.70500381000761
20
133.79799339598685
10
54.74500889001774
20
133.7579883159766
10
55.24564389128773
20
133.7579883159766
10
55.28564897129786
20
133.79799339598685
10
55.28564897129786
20
134.2579883159766
10
55.24564389128773
20
134.29799339598685
10
54.74500889001774
20
134.29799339598685
97
1
330

75
0
76
1
47
0.4128176842155181
98
1
10
34.90568961886538
20
22.81183545379326
450
0
451
0
460
0
461
0
452
1
462
1
453
2
463
0
63
5
421
255
463
1
63
7
421
16777215
470
LINEAR
1001
ACAD
1010
0
1020
0
1030
0
0
HATCH
5
e2e
100
AcDbEntity
8
TopPasteMaskLayer
100
AcDbHatch
10
0
20
0
30
0
210
0
220
0
230
1
2
SOLID
70
1
71
0
91
1
92
7
72
0
73
1
93
12
10
18.80198120396244
20
17.924003048006057
10
18.80198120396244
20
19.203987807975636
10
18.851993903987704
20
19.254000508001013
10
20.00200660401333
20
19.254000508001013
10
20.05199390398775
20
19.203987807975636
10
20.05702311404616
20
18.79395478790957
10
19.607010414020806
20
18.79395478790957
10
19.607010414020806
20
18.34396748793506
10
20.04701549403103
20
18.34396748793506
10
20.05199390398775
20
17.924003048006057
10
20.00200660401333
20
17.87399034798068
10
18.851993903987704
20
17.87399034798068
97
1
330

75
0
76
1
47
0.4128176842155181
98
1
10
34.90568961886538
20
22.81183545379326
450
0
451
0
460
0
461
0
452
1
462
1
453
2
463
0
63
5
421
255
463
1
63
7
421
16777215
470
LINEAR
1001
ACAD
1010
0
1020
0
1030
0
0
HATCH
5
e30
100
AcDbEntity
8
TopPasteMaskLayer
100
AcDbHatch
10
0
20
0
30
0
210
0
220
0
230
1
2
SOLID
70
1
71
0
91
1
92
7
72
0
73
1
93
12
10
20.95199390398784
20
17.924003048006057
10
20.95201930403846
20
18.34396748793506
10
21.39700279400563
20
18.34396748793506
10
21.39700279400563
20
18.79395478790957
10
20.95702311404625
20
18.79395478790957
10
20.95199390398784
20
19.203987807975636
10
21.00200660401333
20
19.254000508001013
10
22.151993903987886
20
19.254000508001013
10
22.202006604013377
20
19.203987807975636
10
22.202006604013377
20
17.924003048006057
10
22.151993903987886
20
17.87399034798068
10
21.00200660401333
20
17.87399034798068
97
1
330

75
0
76
1
47
0.4128176842155181
98
1
10
34.90568961886538
20
22.81183545379326
450
0
451
0
460
0
461
0
452
1
462
1
453
2
463
0
63
5
421
255
463
1
63
7
421
16777215
470
LINEAR
1001
ACAD
1010
0
1020
0
1030
0
0
HATCH
5
e32
100
AcDbEntity
8
TopPasteMaskLayer
100
AcDbHatch
10
0
20
0
30
0
210
0
220
0
230
1
2
SOLID
70
1
71
0
91
1
92
7
72
0
73
1
93
12
10
60.009982219964286
20
118.34300228600455
10
60.009982219964286
20
119.62298704597413
10
60.05999491998978
20
119.6729997459995
10
61.210007620015176
20
119.6729997459995
10
61.25999491998982
20
119.62298704597413
10
61.26502413004823
20
119.21295402590806
10
60.81501143002288
20
119.21295402590806
10
60.81501143002288
20
118.76296672593355
10
61.2550165100331
20
118.76296672593355
10
61.25999491998982
20
118.34300228600455
10
61.210007620015176
20
118.29298958597917
10
60.05999491998978
20
118.29298958597917
97
1
330

75
0
76
1
47
0.4128176842155181
98
1
10
34.90568961886538
20
22.81183545379326
450
0
451
0
460
0
461
0
452
1
462
1
453
2
463
0
63
5
421
255
463
1
63
7
421
16777215
470
LINEAR
1001
ACAD
1010
0
1020
0
1030
0
0
HATCH
5
e34
100
AcDbEntity
8
TopPasteMaskLayer
100
AcDbHatch
10
0
20
0
30
0
210
0
220
0
230
1
2
SOLID
70
1
71
0
91
1
92
7
72
0
73
1
93
12
10
62.15999491998991
20
118.34300228600455
10
62.16002032004076
20
118.76296672593355
10
62.6050038100077
20
118.76296672593355
10
62.6050038100077
20
119.21295402590806
10
62.16502413004832
20
119.21295402590806
10
62.15999491998991
20
119.62298704597413
10
62.210007620015176
20
119.6729997459995
10
63.35999491998996
20
119.6729997459995
10
63.41000762001522
20
119.62298704597413
10
63.41000762001522
20
118.34300228600455
10
63.35999491998996
20
118.29298958597917
10
62.210007620015176
20
118.29298958597917
97
1
330

75
0
76
1
47
0.4128176842155181
98
1
10
34.90568961886538
20
22.81183545379326
450
0
451
0
460
0
461
0
452
1
462
1
453
2
463
0
63
5
421
255
463
1
63
7
421
16777215
470
LINEAR
1001
ACAD
1010
0
1020
0
1030
0
0
HATCH
5
e36
100
AcDbEntity
8
TopPasteMaskLayer
100
AcDbHatch
10
0
20
0
30
0
210
0
220
0
230
1
2
SOLID
70
1
71
0
91
1
92
7
72
0
73
1
93
12
10
59.040970281940645
20
120.48498856997719
10
59.040970281940645
20
121.76497332994666
10
59.09098298196591
20
121.81498602997203
10
60.240995681991535
20
121.81498602997203
10
60.29098298196595
20
121.76497332994666
10
60.296012192024364
20
121.35494030988059
10
59.84599949199901
20
121.35494030988059
10
59.84599949199901
20
120.90495300990608
10
60.286004572009006
20
120.90495300990608
10
60.29098298196595
20
120.48498856997719
10
60.240995681991535
20
120.43497586995181
10
59.09098298196591
20
120.43497586995181
97
1
330

75
0
76
1
47
0.4128176842155181
98
1
10
34.90568961886538
20
22.81183545379326
450
0
451
0
460
0
461
0
452
1
462
1
453
2
463
0
63
5
421
255
463
1
63
7
421
16777215
470
LINEAR
1001
ACAD
1010
0
1020
0
1030
0
0
HATCH
5
e38
100
AcDbEntity
8
TopPasteMaskLayer
100
AcDbHatch
10
0
20
0
30
0
210
0
220
0
230
1
2
SOLID
70
1
71
0
91
1
92
7
72
0
73
1
93
12
10
61.190982981966044
20
120.48498856997719
10
61.19100838201666
20
120.90495300990608
10
61.63599187198383
20
120.90495300990608
10
61.63599187198383
20
121.35494030988059
10
61.196012192024455
20
121.35494030988059
10
61.190982981966044
20
121.76497332994666
10
61.240995681991535
20
121.81498602997203
10
62.39098298196609
20
121.81498602997203
10
62.44099568199158
20
121.76497332994666
10
62.44099568199158
20
120.48498856997719
10
62.39098298196609
20
120.43497586995181
10
61.240995681991535
20
120.43497586995181
97
1
330

75
0
76
1
47
0.4128176842155181
98
1
10
34.90568961886538
20
22.81183545379326
450
0
451
0
460
0
461
0
452
1
462
1
453
2
463
0
63
5
421
255
463
1
63
7
421
16777215
470
LINEAR
1001
ACAD
1010
0
1020
0
1030
0
0
HATCH
5
e3a
100
AcDbEntity
8
TopPasteMaskLayer
100
AcDbHatch
10
0
20
0
30
0
210
0
220
0
230
1
2
SOLID
70
1
71
0
91
1
92
7
72
0
73
1
93
16
10
55.17399034798086
20
124.27249174498354
10
55.17399034798086
20
123.91117602235204
10
55.073990347980725
20
123.81117602235202
10
54.86342392684787
20
123.81117602235202
10
54.76342392684796
20
123.7111760223521
10
54.76342392684796
20
123.33281686563373
10
54.86342392684787
20
123.23281686563382
10
55.073990347980725
20
123.23281686563382
10
55.17399034798086
20
123.1328168656338
10
55.17399034798086
20
122.7715011430023
10
55.073990347980725
20
122.67150114300227
10
54.06647193294384
20
122.67150114300227
10
53.96647193294393
20
122.7715011430023
10
53.96647193294393
20
124.27249174498354
10
54.06647193294384
20
124.37249174498356
10
55.073990347980725
20
124.37249174498356
97
1
330

75
0
76
1
47
0.4128176842155181
98
1
10
34.90568961886538
20
22.81183545379326
450
0
451
0
460
0
461
0
452
1
462
1
453
2
463
0
63
5
421
255
463
1
63
7
421
16777215
470
LINEAR
1001
ACAD
1010
0
1020
0
1030
0
0
HATCH
5
e3c
100
AcDbEntity
8
TopPasteMaskLayer
100
AcDbHatch
10
0
20
0
30
0
210
0
220
0
230
1
2
SOLID
70
1
71
0
91
1
92
7
72
0
73
1
93
16
10
56.92400304800617
20
124.27249174498354
10
56.92400304800617
20
123.91117602235204
10
57.02400304800608
20
123.81117602235202
10
57.23456946913916
20
123.81117602235202
10
57.33456946913907
20
123.7111760223521
10
57.33456946913907
20
123.33281686563373
10
57.23456946913916
20
123.23281686563382
10
57.02400304800608
20
123.23281686563382
10
56.92400304800617
20
123.1328168656338
10
56.92400304800617
20
122.7715011430023
10
57.02400304800608
20
122.67150114300227
10
58.031521463042736
20
122.67150114300227
10
58.13152146304287
20
122.7715011430023
10
58.13152146304287
20
124.27249174498354
10
58.031521463042736
20
124.37249174498356
10
57.02400304800608
20
124.37249174498356
97
1
330

75
0
76
1
47
0.4128176842155181
98
1
10
34.90568961886538
20
22.81183545379326
450
0
451
0
460
0
461
0
452
1
462
1
453
2
463
0
63
5
421
255
463
1
63
7
421
16777215
470
LINEAR
1001
ACAD
1010
0
1020
0
1030
0
0
HATCH
5
e3e
100
AcDbEntity
8
Document
100
AcDbHatch
10
0
20
0
30
0
210
0
220
0
230
1
2
SOLID
70
1
71
0
91
1
92
7
72
0
73
1
93
4
10
41.15400050800099
20
116.53500127000257
10
39.83401066802139
20
116.53500127000257
10
39.83401066802139
20
116.33700787401574
10
41.15400050800099
20
116.33700787401574
97
1
330

75
0
76
1
47
0.4128176842155181
98
1
10
34.90568961886538
20
22.81183545379326
450
0
451
0
460
0
461
0
452
1
462
1
453
2
463
0
63
5
421
255
463
1
63
7
421
16777215
470
LINEAR
1001
ACAD
1010
0
1020
0
1030
0
0
HATCH
5
e40
100
AcDbEntity
8
Document
100
AcDbHatch
10
0
20
0
30
0
210
0
220
0
230
1
2
SOLID
70
1
71
0
91
1
92
7
72
0
73
1
93
4
10
40.59301498602986
20
116.83200406400817
10
40.394996189992526
20
116.83200406400817
10
40.394996189992526
20
116.04000508001013
10
40.59301498602986
20
116.04000508001013
97
1
330

75
0
76
1
47
0.4128176842155181
98
1
10
34.90568961886538
20
22.81183545379326
450
0
451
0
460
0
461
0
452
1
462
1
453
2
463
0
63
5
421
255
463
1
63
7
421
16777215
470
LINEAR
1001
ACAD
1010
0
1020
0
1030
0
0
HATCH
5
e42
100
AcDbEntity
8
Document
100
AcDbHatch
10
0
20
0
30
0
210
0
220
0
230
1
2
SOLID
70
1
71
0
91
1
92
7
72
0
73
1
93
4
10
40.59301498602986
20
110.6279908559817
10
40.394996189992526
20
110.6279908559817
10
40.394996189992526
20
111.41998983997973
10
40.59301498602986
20
111.41998983997973
97
1
330

75
0
76
1
47
0.4128176842155181
98
1
10
34.90568961886538
20
22.81183545379326
450
0
451
0
460
0
461
0
452
1
462
1
453
2
463
0
63
5
421
255
463
1
63
7
421
16777215
470
LINEAR
1001
ACAD
1010
0
1020
0
1030
0
0
HATCH
5
e44
100
AcDbEntity
8
TopSilkLayer
100
AcDbHatch
10
0
20
0
30
0
210
0
220
0
230
1
2
SOLID
70
1
71
0
91
1
92
7
72
0
73
1
93
4
10
39.63599187198383
20
116.53500127000257
10
38.31600203200401
20
116.53500127000257
10
38.31600203200401
20
116.33700787401574
10
39.63599187198383
20
116.33700787401574
97
1
330

75
0
76
1
47
0.4128176842155181
98
1
10
34.90568961886538
20
22.81183545379326
450
0
451
0
460
0
461
0
452
1
462
1
453
2
463
0
63
5
421
255
463
1
63
7
421
16777215
470
LINEAR
1001
ACAD
1010
0
1020
0
1030
0
0
HATCH
5
e46
100
AcDbEntity
8
TopSilkLayer
100
AcDbHatch
10
0
20
0
30
0
210
0
220
0
230
1
2
SOLID
70
1
71
0
91
1
92
7
72
0
73
1
93
4
10
39.0750063500127
20
116.83200406400817
10
38.877012954025986
20
116.83200406400817
10
38.877012954025986
20
116.04000508001013
10
39.0750063500127
20
116.04000508001013
97
1
330

75
0
76
1
47
0.4128176842155181
98
1
10
34.90568961886538
20
22.81183545379326
450
0
451
0
460
0
461
0
452
1
462
1
453
2
463
0
63
5
421
255
463
1
63
7
421
16777215
470
LINEAR
1001
ACAD
1010
0
1020
0
1030
0
0
HATCH
5
e48
100
AcDbEntity
8
TopSilkLayer
100
AcDbHatch
10
0
20
0
30
0
210
0
220
0
230
1
2
SOLID
70
1
71
0
91
1
92
7
72
0
73
1
93
4
10
39.0750063500127
20
110.6279908559817
10
38.877012954025986
20
110.6279908559817
10
38.877012954025986
20
111.41998983997973
10
39.0750063500127
20
111.41998983997973
97
1
330

75
0
76
1
47
0.4128176842155181
98
1
10
34.90568961886538
20
22.81183545379326
450
0
451
0
460
0
461
0
452
1
462
1
453
2
463
0
63
5
421
255
463
1
63
7
421
16777215
470
LINEAR
1001
ACAD
1010
0
1020
0
1030
0
0
HATCH
5
e4a
100
AcDbEntity
8
TopPasteMaskLayer
100
AcDbHatch
10
0
20
0
30
0
210
0
220
0
230
1
2
SOLID
70
1
71
0
91
1
92
7
72
0
73
1
93
8
10
34.29799339598685
20
123.65699771399545
10
33.83799847599698
20
123.65699771399545
10
33.79799339598685
20
123.69700279400558
10
33.79799339598685
20
124.19763779527568
10
33.83799847599698
20
124.2376428752857
10
34.29799339598685
20
124.2376428752857
10
34.33799847599698
20
124.19763779527568
10
34.33799847599698
20
123.69700279400558
97
1
330

75
0
76
1
47
0.4128176842155181
98
1
10
34.90568961886538
20
22.81183545379326
450
0
451
0
460
0
461
0
452
1
462
1
453
2
463
0
63
5
421
255
463
1
63
7
421
16777215
470
LINEAR
1001
ACAD
1010
0
1020
0
1030
0
0
HATCH
5
e4c
100
AcDbEntity
8
TopPasteMaskLayer
100
AcDbHatch
10
0
20
0
30
0
210
0
220
0
230
1
2
SOLID
70
1
71
0
91
1
92
7
72
0
73
1
93
8
10
34.29799339598685
20
123.38699517399039
10
33.83799847599698
20
123.38699517399039
10
33.79799339598685
20
123.34699009398014
10
33.79799339598685
20
122.84635509271016
10
33.83799847599698
20
122.80635001270002
10
34.29799339598685
20
122.80635001270002
10
34.33799847599698
20
122.84635509271016
10
34.33799847599698
20
123.34699009398014
97
1
330

75
0
76
1
47
0.4128176842155181
98
1
10
34.90568961886538
20
22.81183545379326
450
0
451
0
460
0
461
0
452
1
462
1
453
2
463
0
63
5
421
255
463
1
63
7
421
16777215
470
LINEAR
1001
ACAD
1010
0
1020
0
1030
0
0
HATCH
5
e4e
100
AcDbEntity
8
TopPasteMaskLayer
100
AcDbHatch
10
0
20
0
30
0
210
0
220
0
230
1
2
SOLID
70
1
71
0
91
1
92
7
72
0
73
1
93
12
10
35.67797815595645
20
124.70401320802637
10
36.47797815595641
20
124.70401320802637
10
36.52799085598167
20
124.75402590805174
10
36.52799085598167
20
124.98199136398273
10
36.15798831597681
20
124.98199136398273
10
36.15798831597681
20
125.31198882397769
10
36.52799085598167
20
125.31198882397769
10
36.52799085598167
20
125.55402590805181
10
36.47797815595641
20
125.60401320802646
10
35.67797815595645
20
125.60401320802646
10
35.62799085598158
20
125.55402590805181
10
35.62799085598158
20
124.75402590805174
97
1
330

75
0
76
1
47
0.4128176842155181
98
1
10
34.90568961886538
20
22.81183545379326
450
0
451
0
460
0
461
0
452
1
462
1
453
2
463
0
63
5
421
255
463
1
63
7
421
16777215
470
LINEAR
1001
ACAD
1010
0
1020
0
1030
0
0
HATCH
5
e50
100
AcDbEntity
8
TopPasteMaskLayer
100
AcDbHatch
10
0
20
0
30
0
210
0
220
0
230
1
2
SOLID
70
1
71
0
91
1
92
7
72
0
73
1
93
12
10
38.068021336042875
20
125.60398780797561
10
37.26802133604269
20
125.60398780797561
10
37.2180086360172
20
125.55397510795024
10
37.2180086360172
20
125.32600965201937
10
37.58801117602252
20
125.32600965201937
10
37.58801117602252
20
124.99601219202441
10
37.2180086360172
20
124.99601219202441
10
37.2180086360172
20
124.75397510795017
10
37.26802133604269
20
124.70398780797564
10
38.068021336042875
20
124.70398780797564
10
38.118008636017294
20
124.75397510795017
10
38.118008636017294
20
125.55397510795024
97
1
330

75
0
76
1
47
0.4128176842155181
98
1
10
34.90568961886538
20
22.81183545379326
450
0
451
0
460
0
461
0
452
1
462
1
453
2
463
0
63
5
421
255
463
1
63
7
421
16777215
470
LINEAR
1001
ACAD
1010
0
1020
0
1030
0
0
HATCH
5
e52
100
AcDbEntity
8
TopPasteMaskLayer
100
AcDbHatch
10
0
20
0
30
0
210
0
220
0
230
1
2
SOLID
70
1
71
0
91
1
92
7
72
0
73
1
93
12
10
67.85768351536717
20
24.690093980187953
10
67.05768351536699
20
24.690093980187953
10
67.0076708153415
20
24.640081280162462
10
67.0076708153415
20
24.41211582423159
10
67.37767335534681
20
24.41211582423159
10
67.37767335534681
20
24.082118364236635
10
67.0076708153415
20
24.082118364236635
10
67.0076708153415
20
23.84008128016262
10
67.05768351536699
20
23.790093980187976
10
67.85768351536717
20
23.790093980187976
10
67.90767081534159
20
23.84008128016262
10
67.90767081534159
20
24.640081280162462
97
1
330

75
0
76
1
47
0.4128176842155181
98
1
10
34.90568961886538
20
22.81183545379326
450
0
451
0
460
0
461
0
452
1
462
1
453
2
463
0
63
5
421
255
463
1
63
7
421
16777215
470
LINEAR
1001
ACAD
1010
0
1020
0
1030
0
0
HATCH
5
e54
100
AcDbEntity
8
TopPasteMaskLayer
100
AcDbHatch
10
0
20
0
30
0
210
0
220
0
230
1
2
SOLID
70
1
71
0
91
1
92
7
72
0
73
1
93
12
10
65.46764033528075
20
23.79011938023882
10
66.2676403352807
20
23.79011938023882
10
66.3176530353062
20
23.840132080264198
10
66.3176530353062
20
24.06809753619507
10
65.9476504953011
20
24.06809753619507
10
65.9476504953011
20
24.398094996190025
10
66.3176530353062
20
24.398094996190025
10
66.3176530353062
20
24.640132080264266
10
66.2676403352807
20
24.690119380238798
10
65.46764033528075
20
24.690119380238798
10
65.4176530353061
20
24.640132080264266
10
65.4176530353061
20
23.840132080264198
97
1
330

75
0
76
1
47
0.4128176842155181
98
1
10
34.90568961886538
20
22.81183545379326
450
0
451
0
460
0
461
0
452
1
462
1
453
2
463
0
63
5
421
255
463
1
63
7
421
16777215
470
LINEAR
1001
ACAD
1010
0
1020
0
1030
0
0
HATCH
5
e56
100
AcDbEntity
8
TopPasteMaskLayer
100
AcDbHatch
10
0
20
0
30
0
210
0
220
0
230
1
2
SOLID
70
1
71
0
91
1
92
7
72
0
73
1
93
12
10
63.93068326136654
20
27.342087884175726
10
63.130683261366585
20
27.342087884175726
10
63.08067056134132
20
27.29207518415035
10
63.08067056134132
20
27.064109728219364
10
63.45067310134618
20
27.064109728219364
10
63.45067310134618
20
26.73411226822452
10
63.08067056134132
20
26.73411226822452
10
63.08067056134132
20
26.492075184150394
10
63.130683261366585
20
26.44208788417575
10
63.93068326136654
20
26.44208788417575
10
63.98067056134096
20
26.492075184150394
10
63.98067056134096
20
27.29207518415035
97
1
330

75
0
76
1
47
0.4128176842155181
98
1
10
34.90568961886538
20
22.81183545379326
450
0
451
0
460
0
461
0
452
1
462
1
453
2
463
0
63
5
421
255
463
1
63
7
421
16777215
470
LINEAR
1001
ACAD
1010
0
1020
0
1030
0
0
HATCH
5
e58
100
AcDbEntity
8
TopPasteMaskLayer
100
AcDbHatch
10
0
20
0
30
0
210
0
220
0
230
1
2
SOLID
70
1
71
0
91
1
92
7
72
0
73
1
93
12
10
61.54064008128012
20
26.442113284226593
10
62.34064008128007
20
26.442113284226593
10
62.39065278130556
20
26.49212598425197
10
62.39065278130556
20
26.720091440182955
10
62.02065024130047
20
26.720091440182955
10
62.02065024130047
20
27.050088900177798
10
62.39065278130556
20
27.050088900177798
10
62.39065278130556
20
27.292125984251925
10
62.34064008128007
20
27.34211328422657
10
61.54064008128012
20
27.34211328422657
10
61.4906527813057
20
27.292125984251925
10
61.4906527813057
20
26.49212598425197
97
1
330

75
0
76
1
47
0.4128176842155181
98
1
10
34.90568961886538
20
22.81183545379326
450
0
451
0
460
0
461
0
452
1
462
1
453
2
463
0
63
5
421
255
463
1
63
7
421
16777215
470
LINEAR
1001
ACAD
1010
0
1020
0
1030
0
0
HATCH
5
e5a
100
AcDbEntity
8
Document
100
AcDbHatch
10
0
20
0
30
0
210
0
220
0
230
1
2
SOLID
70
1
71
0
91
1
92
7
72
0
73
1
93
4
10
28.187807975616124
20
95.86931673863353
10
28.187807975616124
20
96.12331724663454
10
25.647802895605764
20
96.12331724663454
10
25.647802895605764
20
95.86931673863353
97
1
330

75
0
76
1
47
0.4128176842155181
98
1
10
34.90568961886538
20
22.81183545379326
450
0
451
0
460
0
461
0
452
1
462
1
453
2
463
0
63
5
421
255
463
1
63
7
421
16777215
470
LINEAR
1001
ACAD
1010
0
1020
0
1030
0
0
HATCH
5
e5c
100
AcDbEntity
8
Document
100
AcDbHatch
10
0
20
0
30
0
210
0
220
0
230
1
2
SOLID
70
1
71
0
91
1
92
7
72
0
73
1
93
4
10
27.065684531369016
20
97.27282194564384
10
26.811684023368116
20
97.27282194564384
10
26.811684023368116
20
94.73281686563371
10
27.065684531369016
20
94.73281686563371
97
1
330

75
0
76
1
47
0.4128176842155181
98
1
10
34.90568961886538
20
22.81183545379326
450
0
451
0
460
0
461
0
452
1
462
1
453
2
463
0
63
5
421
255
463
1
63
7
421
16777215
470
LINEAR
1001
ACAD
1010
0
1020
0
1030
0
0
HATCH
5
e5e
100
AcDbEntity
8
Document
100
AcDbHatch
10
0
20
0
30
0
210
0
220
0
230
1
2
SOLID
70
1
71
0
91
1
92
7
72
0
73
1
93
4
10
27.05445770891538
20
41.883997967995924
10
26.80045720091448
20
41.883997967995924
10
26.80045720091448
20
39.34399288798579
10
27.05445770891538
20
39.34399288798579
97
1
330

75
0
76
1
47
0.4128176842155181
98
1
10
34.90568961886538
20
22.81183545379326
450
0
451
0
460
0
461
0
452
1
462
1
453
2
463
0
63
5
421
255
463
1
63
7
421
16777215
470
LINEAR
1001
ACAD
1010
0
1020
0
1030
0
0
HATCH
5
e60
100
AcDbEntity
8
Document
100
AcDbHatch
10
0
20
0
30
0
210
0
220
0
230
1
2
SOLID
70
1
71
0
91
1
92
7
72
0
73
1
93
4
10
51.117170434341006
20
41.01468122936251
10
51.117170434341006
20
40.76068072136138
10
53.65717551435114
20
40.76068072136138
10
53.65717551435114
20
41.01468122936251
97
1
330

75
0
76
1
47
0.4128176842155181
98
1
10
34.90568961886538
20
22.81183545379326
450
0
451
0
460
0
461
0
452
1
462
1
453
2
463
0
63
5
421
255
463
1
63
7
421
16777215
470
LINEAR
1001
ACAD
1010
0
1020
0
1030
0
0
HATCH
5
e62
100
AcDbEntity
8
Document
100
AcDbHatch
10
0
20
0
30
0
210
0
220
0
230
1
2
SOLID
70
1
71
0
91
1
92
7
72
0
73
1
93
4
10
52.23929387858789
20
39.61117602235208
10
52.493294386588786
20
39.61117602235208
10
52.493294386588786
20
42.151181102362216
10
52.23929387858789
20
42.151181102362216
97
1
330

75
0
76
1
47
0.4128176842155181
98
1
10
34.90568961886538
20
22.81183545379326
450
0
451
0
460
0
461
0
452
1
462
1
453
2
463
0
63
5
421
255
463
1
63
7
421
16777215
470
LINEAR
1001
ACAD
1010
0
1020
0
1030
0
0
HATCH
5
e64
100
AcDbEntity
8
Document
100
AcDbHatch
10
0
20
0
30
0
210
0
220
0
230
1
2
SOLID
70
1
71
0
91
1
92
7
72
0
73
1
93
4
10
52.250520701041296
20
95
10
52.50452120904242
20
95
10
52.50452120904242
20
97.54000508001013
10
52.250520701041296
20
97.54000508001013
97
1
330

75
0
76
1
47
0.4128176842155181
98
1
10
34.90568961886538
20
22.81183545379326
450
0
451
0
460
0
461
0
452
1
462
1
453
2
463
0
63
5
421
255
463
1
63
7
421
16777215
470
LINEAR
1001
ACAD
1010
0
1020
0
1030
0
0
HATCH
5
e66
100
AcDbEntity
8
TopPasteMaskLayer
100
AcDbHatch
10
0
20
0
30
0
210
0
220
0
230
1
2
SOLID
70
1
71
0
91
1
92
7
72
0
73
1
93
12
10
53.113030226060346
20
132.64198628397253
10
52.31303022606039
20
132.64198628397253
10
52.26301752603513
20
132.59197358394715
10
52.26301752603513
20
132.36400812801628
10
52.63302006604022
20
132.36400812801628
10
52.63302006604022
20
132.03401066802132
10
52.26301752603513
20
132.03401066802132
10
52.26301752603513
20
131.79197358394708
10
52.31303022606039
20
131.74198628397255
10
53.113030226060346
20
131.74198628397255
10
53.16301752603522
20
131.79197358394708
10
53.16301752603522
20
132.59197358394715
97
1
330

75
0
76
1
47
0.4128176842155181
98
1
10
34.90568961886538
20
22.81183545379326
450
0
451
0
460
0
461
0
452
1
462
1
453
2
463
0
63
5
421
255
463
1
63
7
421
16777215
470
LINEAR
1001
ACAD
1010
0
1020
0
1030
0
0
HATCH
5
e68
100
AcDbEntity
8
TopPasteMaskLayer
100
AcDbHatch
10
0
20
0
30
0
210
0
220
0
230
1
2
SOLID
70
1
71
0
91
1
92
7
72
0
73
1
93
12
10
50.72298704597415
20
131.74201168402328
10
51.522987045974105
20
131.74201168402328
10
51.572999745999596
20
131.7920243840489
10
51.572999745999596
20
132.01998983997976
10
51.20299720599428
20
132.01998983997976
10
51.20299720599428
20
132.3499872999746
10
51.572999745999596
20
132.3499872999746
10
51.572999745999596
20
132.59202438404873
10
51.522987045974105
20
132.64201168402337
10
50.72298704597415
20
132.64201168402337
10
50.672999745999505
20
132.59202438404873
10
50.672999745999505
20
131.7920243840489
97
1
330

75
0
76
1
47
0.4128176842155181
98
1
10
34.90568961886538
20
22.81183545379326
450
0
451
0
460
0
461
0
452
1
462
1
453
2
463
0
63
5
421
255
463
1
63
7
421
16777215
470
LINEAR
1001
ACAD
1010
0
1020
0
1030
0
0
HATCH
5
e6a
100
AcDbEntity
8
TopPasteMaskLayer
100
AcDbHatch
10
0
20
0
30
0
210
0
220
0
230
1
2
SOLID
70
1
71
0
91
1
92
7
72
0
73
1
93
12
10
51.33502667005337
20
21.851003302006575
10
51.33502667005337
20
23.13098806197604
10
51.38503937007863
20
23.18100076200153
10
52.53505207010426
20
23.18100076200153
10
52.585039370078675
20
23.13098806197604
10
52.590068580137086
20
22.720955041910088
10
52.14005588011196
20
22.720955041910088
10
52.14005588011196
20
22.270967741935465
10
52.580060960121955
20
22.270967741935465
10
52.585039370078675
20
21.851003302006575
10
52.53505207010426
20
21.800990601981198
10
51.38503937007863
20
21.800990601981198
97
1
330

75
0
76
1
47
0.4128176842155181
98
1
10
34.90568961886538
20
22.81183545379326
450
0
451
0
460
0
461
0
452
1
462
1
453
2
463
0
63
5
421
255
463
1
63
7
421
16777215
470
LINEAR
1001
ACAD
1010
0
1020
0
1030
0
0
HATCH
5
e6c
100
AcDbEntity
8
TopPasteMaskLayer
100
AcDbHatch
10
0
20
0
30
0
210
0
220
0
230
1
2
SOLID
70
1
71
0
91
1
92
7
72
0
73
1
93
12
10
54.7449834899669
20
23.131013462026885
10
54.7449834899669
20
21.85102870205742
10
54.694970789941635
20
21.80101600203193
10
53.544958089916236
20
21.80101600203193
10
53.49497078994159
20
21.85102870205742
10
53.48994157988318
20
22.261061722123372
10
53.939954279908534
20
22.261061722123372
10
53.939954279908534
20
22.711049022097995
10
53.49994919989831
20
22.711049022097995
10
53.49497078994159
20
23.131013462026885
10
53.544958089916236
20
23.181026162052262
10
54.694970789941635
20
23.181026162052262
97
1
330

75
0
76
1
47
0.4128176842155181
98
1
10
34.90568961886538
20
22.81183545379326
450
0
451
0
460
0
461
0
452
1
462
1
453
2
463
0
63
5
421
255
463
1
63
7
421
16777215
470
LINEAR
1001
ACAD
1010
0
1020
0
1030
0
0
HATCH
5
e6e
100
AcDbEntity
8
TopPasteMaskLayer
100
AcDbHatch
10
0
20
0
30
0
210
0
220
0
230
1
2
SOLID
70
1
71
0
91
1
92
7
72
0
73
1
93
12
10
51.43703327406661
20
17.770993141986196
10
51.43703327406661
20
19.05097790195589
10
51.48704597409187
20
19.100990601981266
10
52.6370586741175
20
19.100990601981266
10
52.687045974091916
20
19.05097790195589
10
52.692075184150326
20
18.640944881889823
10
52.24206248412497
20
18.640944881889823
10
52.24206248412497
20
18.1909575819152
10
52.682067564135195
20
18.1909575819152
10
52.687045974091916
20
17.770993141986196
10
52.6370586741175
20
17.72098044196082
10
51.48704597409187
20
17.72098044196082
97
1
330

75
0
76
1
47
0.4128176842155181
98
1
10
34.90568961886538
20
22.81183545379326
450
0
451
0
460
0
461
0
452
1
462
1
453
2
463
0
63
5
421
255
463
1
63
7
421
16777215
470
LINEAR
1001
ACAD
1010
0
1020
0
1030
0
0
HATCH
5
e70
100
AcDbEntity
8
TopPasteMaskLayer
100
AcDbHatch
10
0
20
0
30
0
210
0
220
0
230
1
2
SOLID
70
1
71
0
91
1
92
7
72
0
73
1
93
12
10
54.84699009398014
20
19.05100330200662
10
54.84699009398014
20
17.77101854203704
10
54.796977393954876
20
17.721005842011664
10
53.646964693929476
20
17.721005842011664
10
53.59697739395483
20
17.77101854203704
10
53.59194818389642
20
18.181051562103107
10
54.041960883921774
20
18.181051562103107
10
54.041960883921774
20
18.63103886207773
10
53.60195580391155
20
18.63103886207773
10
53.59697739395483
20
19.05100330200662
10
53.646964693929476
20
19.101016002031997
10
54.796977393954876
20
19.101016002031997
97
1
330

75
0
76
1
47
0.4128176842155181
98
1
10
34.90568961886538
20
22.81183545379326
450
0
451
0
460
0
461
0
452
1
462
1
453
2
463
0
63
5
421
255
463
1
63
7
421
16777215
470
LINEAR
1001
ACAD
1010
0
1020
0
1030
0
0
HATCH
5
e72
100
AcDbEntity
8
TopPasteMaskLayer
100
AcDbHatch
10
0
20
0
30
0
210
0
220
0
230
1
2
SOLID
70
1
71
0
91
1
92
7
72
0
73
1
93
8
10
65.86766573533146
20
28.713106426212903
10
65.86766573533146
20
28.437109474219028
10
65.84366268732538
20
28.413106426212835
10
65.5142240284481
20
28.413106426212835
10
65.49022098044202
20
28.437109474219028
10
65.49022098044202
20
28.713106426212903
10
65.5142240284481
20
28.737109474218983
10
65.84366268732538
20
28.737109474218983
97
1
330

75
0
76
1
47
0.4128176842155181
98
1
10
34.90568961886538
20
22.81183545379326
450
0
451
0
460
0
461
0
452
1
462
1
453
2
463
0
63
5
421
255
463
1
63
7
421
16777215
470
LINEAR
1001
ACAD
1010
0
1020
0
1030
0
0
HATCH
5
e74
100
AcDbEntity
8
TopPasteMaskLayer
100
AcDbHatch
10
0
20
0
30
0
210
0
220
0
230
1
2
SOLID
70
1
71
0
91
1
92
7
72
0
73
1
93
8
10
66.0296672593347
20
28.713106426212903
10
66.0296672593347
20
28.437109474219028
10
66.05367030734055
20
28.413106426212835
10
66.38310896621806
20
28.413106426212835
10
66.40711201422414
20
28.437109474219028
10
66.40711201422414
20
28.713106426212903
10
66.38310896621806
20
28.737109474218983
10
66.05367030734055
20
28.737109474218983
97
1
330

75
0
76
1
47
0.4128176842155181
98
1
10
34.90568961886538
20
22.81183545379326
450
0
451
0
460
0
461
0
452
1
462
1
453
2
463
0
63
5
421
255
463
1
63
7
421
16777215
470
LINEAR
1001
ACAD
1010
0
1020
0
1030
0
0
HATCH
5
e76
100
AcDbEntity
8
TopPasteMaskLayer
100
AcDbHatch
10
0
20
0
30
0
210
0
220
0
230
1
2
SOLID
70
1
71
0
91
1
92
7
72
0
73
1
93
12
10
45.61699263398532
20
25.929972059944134
10
46.896977393954785
20
25.929972059944134
10
46.94699009398005
20
25.879959359918757
10
46.94699009398005
20
24.729946659893358
10
46.896977393954785
20
24.679959359918712
10
46.486944373888946
20
24.6749301498603
10
46.486944373888946
20
25.12494284988577
10
46.03695707391421
20
25.12494284988577
10
46.03695707391421
20
24.684937769875546
10
45.61699263398532
20
24.679959359918712
10
45.566979933960056
20
24.729946659893358
10
45.566979933960056
20
25.879959359918757
97
1
330

75
0
76
1
47
0.4128176842155181
98
1
10
34.90568961886538
20
22.81183545379326
450
0
451
0
460
0
461
0
452
1
462
1
453
2
463
0
63
5
421
255
463
1
63
7
421
16777215
470
LINEAR
1001
ACAD
1010
0
1020
0
1030
0
0
HATCH
5
e78
100
AcDbEntity
8
TopPasteMaskLayer
100
AcDbHatch
10
0
20
0
30
0
210
0
220
0
230
1
2
SOLID
70
1
71
0
91
1
92
7
72
0
73
1
93
12
10
46.89700279400563
20
22.52001524003049
10
45.61701803403594
20
22.52001524003049
10
45.56700533401067
20
22.570027940055866
10
45.56700533401067
20
23.720040640081265
10
45.61701803403594
20
23.77002794005591
10
46.027051054102
20
23.77505715011432
10
46.027051054102
20
23.325044450088853
10
46.47703835407674
20
23.325044450088853
10
46.47703835407674
20
23.765049530099077
10
46.89700279400563
20
23.77002794005591
10
46.94701549403089
20
23.720040640081265
10
46.94701549403089
20
22.570027940055866
97
1
330

75
0
76
1
47
0.4128176842155181
98
1
10
34.90568961886538
20
22.81183545379326
450
0
451
0
460
0
461
0
452
1
462
1
453
2
463
0
63
5
421
255
463
1
63
7
421
16777215
470
LINEAR
1001
ACAD
1010
0
1020
0
1030
0
0
HATCH
5
e7a
100
AcDbEntity
8
TopPasteMaskLayer
100
AcDbHatch
10
0
20
0
30
0
210
0
220
0
230
1
2
SOLID
70
1
71
0
91
1
92
7
72
0
73
1
93
9
10
66.08366776733556
20
22.63312166624337
10
66.08366776733556
20
23.093116586233236
10
66.12367284734592
20
23.13312166624337
10
66.62430784861567
20
23.13312166624337
10
66.66431292862603
20
23.093116586233236
10
66.66431292862603
20
22.63312166624337
10
66.62430784861567
20
22.593116586233123
10
66.12367284734592
20
22.593116586233123
10
66.08366776733556
20
22.63312166624337
97
1
330

75
0
76
1
47
0.4128176842155181
98
1
10
34.90568961886538
20
22.81183545379326
450
0
451
0
460
0
461
0
452
1
462
1
453
2
463
0
63
5
421
255
463
1
63
7
421
16777215
470
LINEAR
1001
ACAD
1010
0
1020
0
1030
0
0
HATCH
5
e7c
100
AcDbEntity
8
TopPasteMaskLayer
100
AcDbHatch
10
0
20
0
30
0
210
0
220
0
230
1
2
SOLID
70
1
71
0
91
1
92
7
72
0
73
1
93
9
10
65.8136652273306
20
22.63312166624337
10
65.8136652273306
20
23.093116586233236
10
65.77366014732024
20
23.13312166624337
10
65.27302514605049
20
23.13312166624337
10
65.23302006604013
20
23.093116586233236
10
65.23302006604013
20
22.63312166624337
10
65.27302514605049
20
22.593116586233123
10
65.77366014732024
20
22.593116586233123
10
65.8136652273306
20
22.63312166624337
97
1
330

75
0
76
1
47
0.4128176842155181
98
1
10
34.90568961886538
20
22.81183545379326
450
0
451
0
460
0
461
0
452
1
462
1
453
2
463
0
63
5
421
255
463
1
63
7
421
16777215
470
LINEAR
1001
ACAD
1010
0
1020
0
1030
0
0
HATCH
5
e7e
100
AcDbEntity
8
TopPasteMaskLayer
100
AcDbHatch
10
0
20
0
30
0
210
0
220
0
230
1
2
SOLID
70
1
71
0
91
1
92
7
72
0
73
1
93
12
10
65.46764033528075
20
26.850114300228597
10
66.2676403352807
20
26.850114300228597
10
66.3176530353062
20
26.900127000253974
10
66.3176530353062
20
27.12809245618496
10
65.9476504953011
20
27.12809245618496
10
65.9476504953011
20
27.4580899161798
10
66.3176530353062
20
27.4580899161798
10
66.3176530353062
20
27.700127000254042
10
66.2676403352807
20
27.750114300228574
10
65.46764033528075
20
27.750114300228574
10
65.4176530353061
20
27.700127000254042
10
65.4176530353061
20
26.900127000253974
97
1
330

75
0
76
1
47
0.4128176842155181
98
1
10
34.90568961886538
20
22.81183545379326
450
0
451
0
460
0
461
0
452
1
462
1
453
2
463
0
63
5
421
255
463
1
63
7
421
16777215
470
LINEAR
1001
ACAD
1010
0
1020
0
1030
0
0
HATCH
5
e80
100
AcDbEntity
8
TopPasteMaskLayer
100
AcDbHatch
10
0
20
0
30
0
210
0
220
0
230
1
2
SOLID
70
1
71
0
91
1
92
7
72
0
73
1
93
12
10
67.85768351536717
20
27.750088900177843
10
67.05768351536699
20
27.750088900177843
10
67.0076708153415
20
27.700076200152353
10
67.0076708153415
20
27.472110744221595
10
67.37767335534681
20
27.472110744221595
10
67.37767335534681
20
27.142113284226525
10
67.0076708153415
20
27.142113284226525
10
67.0076708153415
20
26.900076200152398
10
67.05768351536699
20
26.850088900177752
10
67.85768351536717
20
26.850088900177752
10
67.90767081534159
20
26.900076200152398
10
67.90767081534159
20
27.700076200152353
97
1
330

75
0
76
1
47
0.4128176842155181
98
1
10
34.90568961886538
20
22.81183545379326
450
0
451
0
460
0
461
0
452
1
462
1
453
2
463
0
63
5
421
255
463
1
63
7
421
16777215
470
LINEAR
1001
ACAD
1010
0
1020
0
1030
0
0
HATCH
5
e82
100
AcDbEntity
8
TopPasteMaskLayer
100
AcDbHatch
10
0
20
0
30
0
210
0
220
0
230
1
2
SOLID
70
1
71
0
91
1
92
7
72
0
73
1
93
12
10
67.85768351536717
20
26.220091440182955
10
67.05768351536699
20
26.220091440182955
10
67.0076708153415
20
26.170078740157464
10
67.0076708153415
20
25.942113284226593
10
67.37767335534681
20
25.942113284226593
10
67.37767335534681
20
25.612115824231637
10
67.0076708153415
20
25.612115824231637
10
67.0076708153415
20
25.37007874015751
10
67.05768351536699
20
25.320091440182864
10
67.85768351536717
20
25.320091440182864
10
67.90767081534159
20
25.37007874015751
10
67.90767081534159
20
26.170078740157464
97
1
330

75
0
76
1
47
0.4128176842155181
98
1
10
34.90568961886538
20
22.81183545379326
450
0
451
0
460
0
461
0
452
1
462
1
453
2
463
0
63
5
421
255
463
1
63
7
421
16777215
470
LINEAR
1001
ACAD
1010
0
1020
0
1030
0
0
HATCH
5
e84
100
AcDbEntity
8
TopPasteMaskLayer
100
AcDbHatch
10
0
20
0
30
0
210
0
220
0
230
1
2
SOLID
70
1
71
0
91
1
92
7
72
0
73
1
93
12
10
65.46764033528075
20
25.32011684023371
10
66.2676403352807
20
25.32011684023371
10
66.3176530353062
20
25.370129540259086
10
66.3176530353062
20
25.598094996189957
10
65.9476504953011
20
25.598094996189957
10
65.9476504953011
20
25.928092456184913
10
66.3176530353062
20
25.928092456184913
10
66.3176530353062
20
26.170129540259154
10
66.2676403352807
20
26.220116840233686
10
65.46764033528075
20
26.220116840233686
10
65.4176530353061
20
26.170129540259154
10
65.4176530353061
20
25.370129540259086
97
1
330

75
0
76
1
47
0.4128176842155181
98
1
10
34.90568961886538
20
22.81183545379326
450
0
451
0
460
0
461
0
452
1
462
1
453
2
463
0
63
5
421
255
463
1
63
7
421
16777215
470
LINEAR
1001
ACAD
1010
0
1020
0
1030
0
0
HATCH
5
e86
100
AcDbEntity
8
Document
100
AcDbHatch
10
0
20
0
30
0
210
0
220
0
230
1
2
SOLID
70
1
71
0
91
1
92
7
72
0
73
1
93
4
10
62.905994411988786
20
18.878003556007116
10
60.905994411988786
20
18.878003556007116
10
60.905994411988786
20
17.878003556007116
10
62.905994411988786
20
17.878003556007116
97
1
330

75
0
76
1
47
0.4128176842155181
98
1
10
34.90568961886538
20
22.81183545379326
450
0
451
0
460
0
461
0
452
1
462
1
453
2
463
0
63
5
421
255
463
1
63
7
421
16777215
470
LINEAR
1001
ACAD
1010
0
1020
0
1030
0
0
HATCH
5
e88
100
AcDbEntity
8
TopSilkLayer
100
AcDbHatch
10
0
20
0
30
0
210
0
220
0
230
1
2
SOLID
70
1
71
0
91
1
92
7
72
0
73
1
93
4
10
62.905994411988786
20
18.878003556007116
10
60.905994411988786
20
18.878003556007116
10
60.905994411988786
20
17.878003556007116
10
62.905994411988786
20
17.878003556007116
97
1
330

75
0
76
1
47
0.4128176842155181
98
1
10
34.90568961886538
20
22.81183545379326
450
0
451
0
460
0
461
0
452
1
462
1
453
2
463
0
63
5
421
255
463
1
63
7
421
16777215
470
LINEAR
1001
ACAD
1010
0
1020
0
1030
0
0
HATCH
5
e8a
100
AcDbEntity
8
TopPasteMaskLayer
100
AcDbHatch
10
0
20
0
30
0
210
0
220
0
230
1
2
SOLID
70
1
71
0
91
1
92
7
72
0
73
1
93
12
10
47.522987045974105
20
122.42898145796289
10
47.522987045974105
20
123.22898145796296
10
47.472974345948614
20
123.27899415798834
10
47.24500889001774
20
123.27899415798834
10
47.24500889001774
20
122.90899161798325
10
46.91501143002279
20
122.90899161798325
10
46.91501143002279
20
123.27899415798834
10
46.67297434594889
20
123.27899415798834
10
46.622987045974014
20
123.22898145796296
10
46.622987045974014
20
122.42898145796289
10
46.67297434594889
20
122.37899415798825
10
47.472974345948614
20
122.37899415798825
97
1
330

75
0
76
1
47
0.4128176842155181
98
1
10
34.90568961886538
20
22.81183545379326
450
0
451
0
460
0
461
0
452
1
462
1
453
2
463
0
63
5
421
255
463
1
63
7
421
16777215
470
LINEAR
1001
ACAD
1010
0
1020
0
1030
0
0
HATCH
5
e8c
100
AcDbEntity
8
TopPasteMaskLayer
100
AcDbHatch
10
0
20
0
30
0
210
0
220
0
230
1
2
SOLID
70
1
71
0
91
1
92
7
72
0
73
1
93
12
10
46.62301244602486
20
124.81902463804931
10
46.62301244602486
20
124.01902463804936
10
46.67302514605035
20
123.96901193802387
10
46.90099060198122
20
123.96901193802387
10
46.90099060198122
20
124.33901447802896
10
47.23098806197618
20
124.33901447802896
10
47.23098806197618
20
123.96901193802387
10
47.47302514605053
20
123.96901193802387
10
47.52301244602495
20
124.01902463804936
10
47.52301244602495
20
124.81902463804931
10
47.47302514605053
20
124.86901193802396
10
46.67302514605035
20
124.86901193802396
97
1
330

75
0
76
1
47
0.4128176842155181
98
1
10
34.90568961886538
20
22.81183545379326
450
0
451
0
460
0
461
0
452
1
462
1
453
2
463
0
63
5
421
255
463
1
63
7
421
16777215
470
LINEAR
1001
ACAD
1010
0
1020
0
1030
0
0
HATCH
5
e8e
100
AcDbEntity
8
TopPasteMaskLayer
100
AcDbHatch
10
0
20
0
30
0
210
0
220
0
230
1
2
SOLID
70
1
71
0
91
1
92
7
72
0
73
1
93
12
10
49.05298450596911
20
122.42898145796289
10
49.05298450596911
20
123.22898145796296
10
49.002971805943616
20
123.27899415798834
10
48.775006350012745
20
123.27899415798834
10
48.775006350012745
20
122.90899161798325
10
48.44500889001779
20
122.90899161798325
10
48.44500889001779
20
123.27899415798834
10
48.20297180594366
20
123.27899415798834
10
48.152984505969016
20
123.22898145796296
10
48.152984505969016
20
122.42898145796289
10
48.20297180594366
20
122.37899415798825
10
49.002971805943616
20
122.37899415798825
97
1
330

75
0
76
1
47
0.4128176842155181
98
1
10
34.90568961886538
20
22.81183545379326
450
0
451
0
460
0
461
0
452
1
462
1
453
2
463
0
63
5
421
255
463
1
63
7
421
16777215
470
LINEAR
1001
ACAD
1010
0
1020
0
1030
0
0
HATCH
5
e90
100
AcDbEntity
8
TopPasteMaskLayer
100
AcDbHatch
10
0
20
0
30
0
210
0
220
0
230
1
2
SOLID
70
1
71
0
91
1
92
7
72
0
73
1
93
12
10
48.15300990601986
20
124.81902463804931
10
48.15300990601986
20
124.01902463804936
10
48.20302260604535
20
123.96901193802387
10
48.43098806197622
20
123.96901193802387
10
48.43098806197622
20
124.33901447802896
10
48.76098552197095
20
124.33901447802896
10
48.76098552197095
20
123.96901193802387
10
49.003022606045306
20
123.96901193802387
10
49.053009906019724
20
124.01902463804936
10
49.053009906019724
20
124.81902463804931
10
49.003022606045306
20
124.86901193802396
10
48.20302260604535
20
124.86901193802396
97
1
330

75
0
76
1
47
0.4128176842155181
98
1
10
34.90568961886538
20
22.81183545379326
450
0
451
0
460
0
461
0
452
1
462
1
453
2
463
0
63
5
421
255
463
1
63
7
421
16777215
470
LINEAR
1001
ACAD
1010
0
1020
0
1030
0
0
HATCH
5
e92
100
AcDbEntity
8
TopPasteMaskLayer
100
AcDbHatch
10
0
20
0
30
0
210
0
220
0
230
1
2
SOLID
70
1
71
0
91
1
92
7
72
0
73
1
93
12
10
45.99298958597933
20
122.42898145796289
10
45.99298958597933
20
123.22898145796296
10
45.94297688595361
20
123.27899415798834
10
45.71501143002274
20
123.27899415798834
10
45.71501143002274
20
122.90899161798325
10
45.38501397002801
20
122.90899161798325
10
45.38501397002801
20
123.27899415798834
10
45.14297688595366
20
123.27899415798834
10
45.09298958597924
20
123.22898145796296
10
45.09298958597924
20
122.42898145796289
10
45.14297688595366
20
122.37899415798825
10
45.94297688595361
20
122.37899415798825
97
1
330

75
0
76
1
47
0.4128176842155181
98
1
10
34.90568961886538
20
22.81183545379326
450
0
451
0
460
0
461
0
452
1
462
1
453
2
463
0
63
5
421
255
463
1
63
7
421
16777215
470
LINEAR
1001
ACAD
1010
0
1020
0
1030
0
0
HATCH
5
e94
100
AcDbEntity
8
TopPasteMaskLayer
100
AcDbHatch
10
0
20
0
30
0
210
0
220
0
230
1
2
SOLID
70
1
71
0
91
1
92
7
72
0
73
1
93
12
10
45.093014986030084
20
124.81902463804931
10
45.093014986030084
20
124.01902463804936
10
45.143027686055575
20
123.96901193802387
10
45.370993141986446
20
123.96901193802387
10
45.370993141986446
20
124.33901447802896
10
45.700990601981175
20
124.33901447802896
10
45.700990601981175
20
123.96901193802387
10
45.9430276860553
20
123.96901193802387
10
45.99301498602995
20
124.01902463804936
10
45.99301498602995
20
124.81902463804931
10
45.9430276860553
20
124.86901193802396
10
45.143027686055575
20
124.86901193802396
97
1
330

75
0
76
1
47
0.4128176842155181
98
1
10
34.90568961886538
20
22.81183545379326
450
0
451
0
460
0
461
0
452
1
462
1
453
2
463
0
63
5
421
255
463
1
63
7
421
16777215
470
LINEAR
1001
ACAD
1010
0
1020
0
1030
0
0
HATCH
5
e96
100
AcDbEntity
8
TopPasteMaskLayer
100
AcDbHatch
10
0
20
0
30
0
210
0
220
0
230
1
2
SOLID
70
1
71
0
91
1
92
7
72
0
73
1
93
12
10
29.89502159004337
20
134.40701041402087
10
29.89502159004337
20
133.6070104140208
10
29.945034290068634
20
133.55699771399543
10
30.172999745999505
20
133.55699771399543
10
30.172999745999505
20
133.92700025400052
10
30.50299720599446
20
133.92700025400052
10
30.50299720599446
20
133.55699771399543
10
30.74503429006859
20
133.55699771399543
10
30.795021590043234
20
133.6070104140208
10
30.795021590043234
20
134.40701041402087
10
30.74503429006859
20
134.4569977139954
10
29.945034290068634
20
134.4569977139954
97
1
330

75
0
76
1
47
0.4128176842155181
98
1
10
34.90568961886538
20
22.81183545379326
450
0
451
0
460
0
461
0
452
1
462
1
453
2
463
0
63
5
421
255
463
1
63
7
421
16777215
470
LINEAR
1001
ACAD
1010
0
1020
0
1030
0
0
HATCH
5
e98
100
AcDbEntity
8
TopPasteMaskLayer
100
AcDbHatch
10
0
20
0
30
0
210
0
220
0
230
1
2
SOLID
70
1
71
0
91
1
92
7
72
0
73
1
93
12
10
30.79499618999239
20
132.01696723393445
10
30.79499618999239
20
132.81696723393452
10
30.7449834899669
20
132.8669799339599
10
30.517018034036028
20
132.8669799339599
10
30.517018034036028
20
132.4969773939548
10
30.1870205740413
20
132.4969773939548
10
30.1870205740413
20
132.8669799339599
10
29.944983489966944
20
132.8669799339599
10
29.894996189992526
20
132.81696723393452
10
29.894996189992526
20
132.01696723393445
10
29.944983489966944
20
131.96697993395992
10
30.7449834899669
20
131.96697993395992
97
1
330

75
0
76
1
47
0.4128176842155181
98
1
10
34.90568961886538
20
22.81183545379326
450
0
451
0
460
0
461
0
452
1
462
1
453
2
463
0
63
5
421
255
463
1
63
7
421
16777215
470
LINEAR
1001
ACAD
1010
0
1020
0
1030
0
0
HATCH
5
e9a
100
AcDbEntity
8
TopPasteMaskLayer
100
AcDbHatch
10
0
20
0
30
0
210
0
220
0
230
1
2
SOLID
70
1
71
0
91
1
92
7
72
0
73
1
93
12
10
36.32100584201157
20
134.40701041402087
10
36.32100584201157
20
133.6070104140208
10
36.37101854203706
20
133.55699771399543
10
36.598983997967935
20
133.55699771399543
10
36.598983997967935
20
133.92700025400052
10
36.92898145796289
20
133.92700025400052
10
36.92898145796289
20
133.55699771399543
10
37.171018542037245
20
133.55699771399543
10
37.221005842011664
20
133.6070104140208
10
37.221005842011664
20
134.40701041402087
10
37.171018542037245
20
134.4569977139954
10
36.37101854203706
20
134.4569977139954
97
1
330

75
0
76
1
47
0.4128176842155181
98
1
10
34.90568961886538
20
22.81183545379326
450
0
451
0
460
0
461
0
452
1
462
1
453
2
463
0
63
5
421
255
463
1
63
7
421
16777215
470
LINEAR
1001
ACAD
1010
0
1020
0
1030
0
0
HATCH
5
e9c
100
AcDbEntity
8
TopPasteMaskLayer
100
AcDbHatch
10
0
20
0
30
0
210
0
220
0
230
1
2
SOLID
70
1
71
0
91
1
92
7
72
0
73
1
93
12
10
37.22098044196082
20
132.01696723393445
10
37.22098044196082
20
132.81696723393452
10
37.170967741935556
20
132.8669799339599
10
36.94300228600446
20
132.8669799339599
10
36.94300228600446
20
132.4969773939548
10
36.61300482600973
20
132.4969773939548
10
36.61300482600973
20
132.8669799339599
10
36.3709677419356
20
132.8669799339599
10
36.320980441960955
20
132.81696723393452
10
36.320980441960955
20
132.01696723393445
10
36.3709677419356
20
131.96697993395992
10
37.170967741935556
20
131.96697993395992
97
1
330

75
0
76
1
47
0.4128176842155181
98
1
10
34.90568961886538
20
22.81183545379326
450
0
451
0
460
0
461
0
452
1
462
1
453
2
463
0
63
5
421
255
463
1
63
7
421
16777215
470
LINEAR
1001
ACAD
1010
0
1020
0
1030
0
0
HATCH
5
e9e
100
AcDbEntity
8
TopPasteMaskLayer
100
AcDbHatch
10
0
20
0
30
0
210
0
220
0
230
1
2
SOLID
70
1
71
0
91
1
92
7
72
0
73
1
93
12
10
15.736982473964872
20
125.72400304800601
10
16.536982473965054
20
125.72400304800601
10
16.586995173990317
20
125.7740157480315
10
16.586995173990317
20
126.00198120396249
10
16.216992633985228
20
126.00198120396249
10
16.216992633985228
20
126.33197866395733
10
16.586995173990317
20
126.33197866395733
10
16.586995173990317
20
126.57401574803146
10
16.536982473965054
20
126.6240030480061
10
15.736982473964872
20
126.6240030480061
10
15.686995173990454
20
126.57401574803146
10
15.686995173990454
20
125.7740157480315
97
1
330

75
0
76
1
47
0.4128176842155181
98
1
10
34.90568961886538
20
22.81183545379326
450
0
451
0
460
0
461
0
452
1
462
1
453
2
463
0
63
5
421
255
463
1
63
7
421
16777215
470
LINEAR
1001
ACAD
1010
0
1020
0
1030
0
0
HATCH
5
ea0
100
AcDbEntity
8
TopPasteMaskLayer
100
AcDbHatch
10
0
20
0
30
0
210
0
220
0
230
1
2
SOLID
70
1
71
0
91
1
92
7
72
0
73
1
93
12
10
18.127025654051295
20
126.62397764795526
10
17.32702565405134
20
126.62397764795526
10
17.27701295402585
20
126.57396494792988
10
17.27701295402585
20
126.34599949199901
10
17.64701549403094
20
126.34599949199901
10
17.64701549403094
20
126.01600203200405
10
17.27701295402585
20
126.01600203200405
10
17.27701295402585
20
125.77396494792981
10
17.32702565405134
20
125.72397764795528
10
18.127025654051295
20
125.72397764795528
10
18.17701295402594
20
125.77396494792981
10
18.17701295402594
20
126.57396494792988
97
1
330

75
0
76
1
47
0.4128176842155181
98
1
10
34.90568961886538
20
22.81183545379326
450
0
451
0
460
0
461
0
452
1
462
1
453
2
463
0
63
5
421
255
463
1
63
7
421
16777215
470
LINEAR
1001
ACAD
1010
0
1020
0
1030
0
0
HATCH
5
ea2
100
AcDbEntity
8
Document
100
AcDbHatch
10
0
20
0
30
0
210
0
220
0
230
1
2
SOLID
70
1
71
0
91
1
92
7
72
0
73
1
93
4
10
40.34000508001009
20
133.9154686309372
10
39.80000000000018
20
133.9154686309372
10
39.80000000000018
20
134.04546609093222
10
40.34000508001009
20
134.04546609093222
97
1
330

75
0
76
1
47
0.4128176842155181
98
1
10
34.90568961886538
20
22.81183545379326
450
0
451
0
460
0
461
0
452
1
462
1
453
2
463
0
63
5
421
255
463
1
63
7
421
16777215
470
LINEAR
1001
ACAD
1010
0
1020
0
1030
0
0
HATCH
5
ea4
100
AcDbEntity
8
Document
100
AcDbHatch
10
0
20
0
30
0
210
0
220
0
230
1
2
SOLID
70
1
71
0
91
1
92
7
72
0
73
1
93
4
10
38.53543307086625
20
134.2440690881382
10
38.53543307086625
20
133.70406400812794
10
38.405461010921954
20
133.70406400812794
10
38.405461010921954
20
134.2440690881382
97
1
330

75
0
76
1
47
0.4128176842155181
98
1
10
34.90568961886538
20
22.81183545379326
450
0
451
0
460
0
461
0
452
1
462
1
453
2
463
0
63
5
421
255
463
1
63
7
421
16777215
470
LINEAR
1001
ACAD
1010
0
1020
0
1030
0
0
HATCH
5
ea6
100
AcDbEntity
8
Document
100
AcDbHatch
10
0
20
0
30
0
210
0
220
0
230
1
2
SOLID
70
1
71
0
91
1
92
7
72
0
73
1
93
4
10
38.74107188214384
20
133.90861061722126
10
38.20106680213371
20
133.90861061722126
10
38.20106680213371
20
134.03860807721617
10
38.74107188214384
20
134.03860807721617
97
1
330

75
0
76
1
47
0.4128176842155181
98
1
10
34.90568961886538
20
22.81183545379326
450
0
451
0
460
0
461
0
452
1
462
1
453
2
463
0
63
5
421
255
463
1
63
7
421
16777215
470
LINEAR
1001
ACAD
1010
0
1020
0
1030
0
0
HATCH
5
ea8
100
AcDbEntity
8
Document
100
AcDbHatch
10
0
20
0
30
0
210
0
220
0
230
1
2
SOLID
70
1
71
0
91
1
92
7
72
0
73
1
93
4
10
34.169011938023914
20
133.86449072898142
10
33.62900685801378
20
133.86449072898142
10
33.62900685801378
20
133.99448818897645
10
34.169011938023914
20
133.99448818897645
97
1
330

75
0
76
1
47
0.4128176842155181
98
1
10
34.90568961886538
20
22.81183545379326
450
0
451
0
460
0
461
0
452
1
462
1
453
2
463
0
63
5
421
255
463
1
63
7
421
16777215
470
LINEAR
1001
ACAD
1010
0
1020
0
1030
0
0
HATCH
5
eaa
100
AcDbEntity
8
Document
100
AcDbHatch
10
0
20
0
30
0
210
0
220
0
230
1
2
SOLID
70
1
71
0
91
1
92
7
72
0
73
1
93
4
10
32.364439928880074
20
134.19309118618241
10
32.364439928880074
20
133.65308610617217
10
32.23446786893578
20
133.65308610617217
10
32.23446786893578
20
134.19309118618241
97
1
330

75
0
76
1
47
0.4128176842155181
98
1
10
34.90568961886538
20
22.81183545379326
450
0
451
0
460
0
461
0
452
1
462
1
453
2
463
0
63
5
421
255
463
1
63
7
421
16777215
470
LINEAR
1001
ACAD
1010
0
1020
0
1030
0
0
HATCH
5
eac
100
AcDbEntity
8
Document
100
AcDbHatch
10
0
20
0
30
0
210
0
220
0
230
1
2
SOLID
70
1
71
0
91
1
92
7
72
0
73
1
93
4
10
32.57007874015744
20
133.85763271526548
10
32.03007366014731
20
133.85763271526548
10
32.03007366014731
20
133.9876301752604
10
32.57007874015744
20
133.9876301752604
97
1
330

75
0
76
1
47
0.4128176842155181
98
1
10
34.90568961886538
20
22.81183545379326
450
0
451
0
460
0
461
0
452
1
462
1
453
2
463
0
63
5
421
255
463
1
63
7
421
16777215
470
LINEAR
1001
ACAD
1010
0
1020
0
1030
0
0
HATCH
5
eae
100
AcDbEntity
8
Document
100
AcDbHatch
10
0
20
0
30
0
210
0
220
0
230
1
2
SOLID
70
1
71
0
91
1
92
7
72
0
73
1
93
4
10
50.79700279400549
20
134.06134112268228
10
51.33700787401585
20
134.06134112268228
10
51.33700787401585
20
133.93134366268725
10
50.79700279400549
20
133.93134366268725
97
1
330

75
0
76
1
47
0.4128176842155181
98
1
10
34.90568961886538
20
22.81183545379326
450
0
451
0
460
0
461
0
452
1
462
1
453
2
463
0
63
5
421
255
463
1
63
7
421
16777215
470
LINEAR
1001
ACAD
1010
0
1020
0
1030
0
0
HATCH
5
eb0
100
AcDbEntity
8
Document
100
AcDbHatch
10
0
20
0
30
0
210
0
220
0
230
1
2
SOLID
70
1
71
0
91
1
92
7
72
0
73
1
93
4
10
52.60157480314979
20
133.7327406654813
10
52.60157480314979
20
134.27274574549153
10
52.73154686309363
20
134.27274574549153
10
52.73154686309363
20
133.7327406654813
97
1
330

75
0
76
1
47
0.4128176842155181
98
1
10
34.90568961886538
20
22.81183545379326
450
0
451
0
460
0
461
0
452
1
462
1
453
2
463
0
63
5
421
255
463
1
63
7
421
16777215
470
LINEAR
1001
ACAD
1010
0
1020
0
1030
0
0
HATCH
5
eb2
100
AcDbEntity
8
Document
100
AcDbHatch
10
0
20
0
30
0
210
0
220
0
230
1
2
SOLID
70
1
71
0
91
1
92
7
72
0
73
1
93
4
10
52.395935991871966
20
134.06819913639833
10
52.9359410718821
20
134.06819913639833
10
52.9359410718821
20
133.9382016764033
10
52.395935991871966
20
133.9382016764033
97
1
330

75
0
76
1
47
0.4128176842155181
98
1
10
34.90568961886538
20
22.81183545379326
450
0
451
0
460
0
461
0
452
1
462
1
453
2
463
0
63
5
421
255
463
1
63
7
421
16777215
470
LINEAR
1001
ACAD
1010
0
1020
0
1030
0
0
HATCH
5
eb4
100
AcDbEntity
8
TopPasteMaskLayer
100
AcDbHatch
10
0
20
0
30
0
210
0
220
0
230
1
2
SOLID
70
1
71
0
91
1
92
7
72
0
73
1
93
12
10
44.46299212598433
20
122.37797815595627
10
44.46299212598433
20
123.17797815595634
10
44.41297942595884
20
123.22799085598172
10
44.18501397002797
20
123.22799085598172
10
44.18501397002797
20
122.85798831597663
10
43.85501651003301
20
122.85798831597663
10
43.85501651003301
20
123.22799085598172
10
43.61297942595888
20
123.22799085598172
10
43.56299212598424
20
123.17797815595634
10
43.56299212598424
20
122.37797815595627
10
43.61297942595888
20
122.32799085598174
10
44.41297942595884
20
122.32799085598174
97
1
330

75
0
76
1
47
0.4128176842155181
98
1
10
34.90568961886538
20
22.81183545379326
450
0
451
0
460
0
461
0
452
1
462
1
453
2
463
0
63
5
421
255
463
1
63
7
421
16777215
470
LINEAR
1001
ACAD
1010
0
1020
0
1030
0
0
HATCH
5
eb6
100
AcDbEntity
8
TopPasteMaskLayer
100
AcDbHatch
10
0
20
0
30
0
210
0
220
0
230
1
2
SOLID
70
1
71
0
91
1
92
7
72
0
73
1
93
12
10
43.56301752603508
20
124.7680213360427
10
43.56301752603508
20
123.96802133604274
10
43.613030226060346
20
123.91800863601736
10
43.840995681991444
20
123.91800863601736
10
43.840995681991444
20
124.28801117602234
10
44.1709931419864
20
124.28801117602234
10
44.1709931419864
20
123.91800863601736
10
44.4130302260603
20
123.91800863601736
10
44.46301752603517
20
123.96802133604274
10
44.46301752603517
20
124.7680213360427
10
44.4130302260603
20
124.81800863601734
10
43.613030226060346
20
124.81800863601734
97
1
330

75
0
76
1
47
0.4128176842155181
98
1
10
34.90568961886538
20
22.81183545379326
450
0
451
0
460
0
461
0
452
1
462
1
453
2
463
0
63
5
421
255
463
1
63
7
421
16777215
470
LINEAR
1001
ACAD
1010
0
1020
0
1030
0
0
HATCH
5
eb8
100
AcDbEntity
8
Document
100
AcDbHatch
10
0
20
0
30
0
210
0
220
0
230
1
2
SOLID
70
1
71
0
91
1
92
7
72
0
73
1
93
4
10
26.538989077978385
20
136.3949961899923
10
26.538989077978385
20
133.8949961899924
10
27.43898907797802
20
133.8949961899924
10
27.43898907797802
20
136.3949961899923
97
1
330

75
0
76
1
47
0.4128176842155181
98
1
10
34.90568961886538
20
22.81183545379326
450
0
451
0
460
0
461
0
452
1
462
1
453
2
463
0
63
5
421
255
463
1
63
7
421
16777215
470
LINEAR
1001
ACAD
1010
0
1020
0
1030
0
0
HATCH
5
eba
100
AcDbEntity
8
Document
100
AcDbHatch
10
0
20
0
30
0
210
0
220
0
230
1
2
SOLID
70
1
71
0
91
1
92
7
72
0
73
1
93
4
10
22.43898907797825
20
136.4450088900179
10
22.43898907797825
20
133.94503429006863
10
23.339014478028957
20
133.94503429006863
10
23.339014478028957
20
136.4450088900179
97
1
330

75
0
76
1
47
0.4128176842155181
98
1
10
34.90568961886538
20
22.81183545379326
450
0
451
0
460
0
461
0
452
1
462
1
453
2
463
0
63
5
421
255
463
1
63
7
421
16777215
470
LINEAR
1001
ACAD
1010
0
1020
0
1030
0
0
HATCH
5
ebc
100
AcDbEntity
8
Document
100
AcDbHatch
10
0
20
0
30
0
210
0
220
0
230
1
2
SOLID
70
1
71
0
91
1
92
7
72
0
73
1
93
4
10
62.545008890017925
20
136.64998729997467
10
62.545008890017925
20
134.14998729997455
10
63.44500889001779
20
134.14998729997455
10
63.44500889001779
20
136.64998729997467
97
1
330

75
0
76
1
47
0.4128176842155181
98
1
10
34.90568961886538
20
22.81183545379326
450
0
451
0
460
0
461
0
452
1
462
1
453
2
463
0
63
5
421
255
463
1
63
7
421
16777215
470
LINEAR
1001
ACAD
1010
0
1020
0
1030
0
0
HATCH
5
ebe
100
AcDbEntity
8
Document
100
AcDbHatch
10
0
20
0
30
0
210
0
220
0
230
1
2
SOLID
70
1
71
0
91
1
92
7
72
0
73
1
93
4
10
58.44500889001779
20
136.70000000000005
10
58.44500889001779
20
134.20002540005078
10
59.345034290068725
20
134.20002540005078
10
59.345034290068725
20
136.70000000000005
97
1
330

75
0
76
1
47
0.4128176842155181
98
1
10
34.90568961886538
20
22.81183545379326
450
0
451
0
460
0
461
0
452
1
462
1
453
2
463
0
63
5
421
255
463
1
63
7
421
16777215
470
LINEAR
1001
ACAD
1010
0
1020
0
1030
0
0
HATCH
5
ec0
100
AcDbEntity
8
TopPasteMaskLayer
100
AcDbHatch
10
0
20
0
30
0
210
0
220
0
230
1
2
SOLID
70
1
71
0
91
1
92
7
72
0
73
1
93
12
10
32.10200660401324
20
120.0759715519431
10
33.381991363982706
20
120.0759715519431
10
33.4320040640082
20
120.02595885191772
10
33.4320040640082
20
118.87594615189232
10
33.381991363982706
20
118.82595885191768
10
32.97195834391664
20
118.82092964185927
10
32.97195834391664
20
119.27094234188473
10
32.52197104394213
20
119.27094234188473
10
32.52197104394213
20
118.83093726187451
10
32.10200660401324
20
118.82595885191768
10
32.05199390398775
20
118.87594615189232
10
32.05199390398775
20
120.02595885191772
97
1
330

75
0
76
1
47
0.4128176842155181
98
1
10
34.90568961886538
20
22.81183545379326
450
0
451
0
460
0
461
0
452
1
462
1
453
2
463
0
63
5
421
255
463
1
63
7
421
16777215
470
LINEAR
1001
ACAD
1010
0
1020
0
1030
0
0
HATCH
5
ec2
100
AcDbEntity
8
TopPasteMaskLayer
100
AcDbHatch
10
0
20
0
30
0
210
0
220
0
230
1
2
SOLID
70
1
71
0
91
1
92
7
72
0
73
1
93
12
10
33.38201676403355
20
116.66601473202945
10
32.102032004064085
20
116.66601473202945
10
32.052019304038595
20
116.71602743205483
10
32.052019304038595
20
117.86604013208023
10
32.102032004064085
20
117.91602743205488
10
32.51206502413015
20
117.92105664211329
10
32.51206502413015
20
117.47104394208782
10
32.96205232410466
20
117.47104394208782
10
32.96205232410466
20
117.91104902209804
10
33.38201676403355
20
117.91602743205488
10
33.43202946405904
20
117.86604013208023
10
33.43202946405904
20
116.71602743205483
97
1
330

75
0
76
1
47
0.4128176842155181
98
1
10
34.90568961886538
20
22.81183545379326
450
0
451
0
460
0
461
0
452
1
462
1
453
2
463
0
63
5
421
255
463
1
63
7
421
16777215
470
LINEAR
1001
ACAD
1010
0
1020
0
1030
0
0
HATCH
5
ec4
100
AcDbEntity
8
TopSilkLayer
100
AcDbHatch
10
0
20
0
30
0
210
0
220
0
230
1
2
SOLID
70
1
71
0
91
1
92
7
72
0
73
1
93
4
10
29.07198374396762
20
115.87038354076708
10
29.07198374396762
20
115.34188468376942
10
28.614782829565684
20
115.34188468376942
10
28.614782829565684
20
115.87038354076708
97
1
330

75
0
76
1
47
0.4128176842155181
98
1
10
34.90568961886538
20
22.81183545379326
450
0
451
0
460
0
461
0
452
1
462
1
453
2
463
0
63
5
421
255
463
1
63
7
421
16777215
470
LINEAR
1001
ACAD
1010
0
1020
0
1030
0
0
HATCH
5
ec6
100
AcDbEntity
8
TopSilkLayer
100
AcDbHatch
10
0
20
0
30
0
210
0
220
0
230
1
2
SOLID
70
1
71
0
91
1
92
7
72
0
73
1
93
4
10
29.07198374396762
20
112.9155956311912
10
29.07198374396762
20
113.44409448818897
10
28.614782829565684
20
113.44409448818897
10
28.614782829565684
20
112.9155956311912
97
1
330

75
0
76
1
47
0.4128176842155181
98
1
10
34.90568961886538
20
22.81183545379326
450
0
451
0
460
0
461
0
452
1
462
1
453
2
463
0
63
5
421
255
463
1
63
7
421
16777215
470
LINEAR
1001
ACAD
1010
0
1020
0
1030
0
0
HATCH
5
ec8
100
AcDbEntity
8
Document
100
AcDbHatch
10
0
20
0
30
0
210
0
220
0
230
1
2
SOLID
70
1
71
0
91
1
92
7
72
0
73
1
93
4
10
29.270739141478316
20
114.29362458724927
10
29.270739141478316
20
114.49235458470923
10
30.065735331470705
20
114.49235458470923
10
30.065735331470705
20
114.29362458724927
97
1
330

75
0
76
1
47
0.4128176842155181
98
1
10
34.90568961886538
20
22.81183545379326
450
0
451
0
460
0
461
0
452
1
462
1
453
2
463
0
63
5
421
255
463
1
63
7
421
16777215
470
LINEAR
1001
ACAD
1010
0
1020
0
1030
0
0
HATCH
5
eca
100
AcDbEntity
8
Document
100
AcDbHatch
10
0
20
0
30
0
210
0
220
0
230
1
2
SOLID
70
1
71
0
91
1
92
7
72
0
73
1
93
4
10
34.1732537465075
20
114.29362458724927
10
34.1732537465075
20
114.49235458470923
10
33.37825755651511
20
114.49235458470923
10
33.37825755651511
20
114.29362458724927
97
1
330

75
0
76
1
47
0.4128176842155181
98
1
10
34.90568961886538
20
22.81183545379326
450
0
451
0
460
0
461
0
452
1
462
1
453
2
463
0
63
5
421
255
463
1
63
7
421
16777215
470
LINEAR
1001
ACAD
1010
0
1020
0
1030
0
0
HATCH
5
ecc
100
AcDbEntity
8
Document
100
AcDbHatch
10
0
20
0
30
0
210
0
220
0
230
1
2
SOLID
70
1
71
0
91
1
92
7
72
0
73
1
93
4
10
33.87513335026665
20
113.73048006096008
10
33.87513335026665
20
115.0554991109982
10
33.67637795275573
20
115.0554991109982
10
33.67637795275573
20
113.73048006096008
97
1
330

75
0
76
1
47
0.4128176842155181
98
1
10
34.90568961886538
20
22.81183545379326
450
0
451
0
460
0
461
0
452
1
462
1
453
2
463
0
63
5
421
255
463
1
63
7
421
16777215
470
LINEAR
1001
ACAD
1010
0
1020
0
1030
0
0
HATCH
5
ece
100
AcDbEntity
8
TopSilkLayer
100
AcDbHatch
10
0
20
0
30
0
210
0
220
0
230
1
2
SOLID
70
1
71
0
91
1
92
7
72
0
73
1
93
4
10
28.459613919227877
20
117.55699771399543
10
28.988112776225535
20
117.55699771399543
10
28.988112776225535
20
117.0997967995936
10
28.459613919227877
20
117.0997967995936
97
1
330

75
0
76
1
47
0.4128176842155181
98
1
10
34.90568961886538
20
22.81183545379326
450
0
451
0
460
0
461
0
452
1
462
1
453
2
463
0
63
5
421
255
463
1
63
7
421
16777215
470
LINEAR
1001
ACAD
1010
0
1020
0
1030
0
0
HATCH
5
ed0
100
AcDbEntity
8
TopSilkLayer
100
AcDbHatch
10
0
20
0
30
0
210
0
220
0
230
1
2
SOLID
70
1
71
0
91
1
92
7
72
0
73
1
93
4
10
31.414401828803648
20
117.55699771399543
10
30.885902971805763
20
117.55699771399543
10
30.885902971805763
20
117.0997967995936
10
31.414401828803648
20
117.0997967995936
97
1
330

75
0
76
1
47
0.4128176842155181
98
1
10
34.90568961886538
20
22.81183545379326
450
0
451
0
460
0
461
0
452
1
462
1
453
2
463
0
63
5
421
255
463
1
63
7
421
16777215
470
LINEAR
1001
ACAD
1010
0
1020
0
1030
0
0
HATCH
5
ed2
100
AcDbEntity
8
Document
100
AcDbHatch
10
0
20
0
30
0
210
0
220
0
230
1
2
SOLID
70
1
71
0
91
1
92
7
72
0
73
1
93
4
10
30.036372872745687
20
117.75575311150624
10
29.837642875285837
20
117.75575311150624
10
29.837642875285837
20
118.55074930149863
10
30.036372872745687
20
118.55074930149863
97
1
330

75
0
76
1
47
0.4128176842155181
98
1
10
34.90568961886538
20
22.81183545379326
450
0
451
0
460
0
461
0
452
1
462
1
453
2
463
0
63
5
421
255
463
1
63
7
421
16777215
470
LINEAR
1001
ACAD
1010
0
1020
0
1030
0
0
HATCH
5
ed4
100
AcDbEntity
8
Document
100
AcDbHatch
10
0
20
0
30
0
210
0
220
0
230
1
2
SOLID
70
1
71
0
91
1
92
7
72
0
73
1
93
4
10
30.036372872745687
20
122.65826771653542
10
29.837642875285837
20
122.65826771653542
10
29.837642875285837
20
121.86327152654314
10
30.036372872745687
20
121.86327152654314
97
1
330

75
0
76
1
47
0.4128176842155181
98
1
10
34.90568961886538
20
22.81183545379326
450
0
451
0
460
0
461
0
452
1
462
1
453
2
463
0
63
5
421
255
463
1
63
7
421
16777215
470
LINEAR
1001
ACAD
1010
0
1020
0
1030
0
0
HATCH
5
ed6
100
AcDbEntity
8
Document
100
AcDbHatch
10
0
20
0
30
0
210
0
220
0
230
1
2
SOLID
70
1
71
0
91
1
92
7
72
0
73
1
93
4
10
30.599517399034767
20
122.36014732029469
10
29.274498348996758
20
122.36014732029469
10
29.274498348996758
20
122.16139192278388
10
30.599517399034767
20
122.16139192278388
97
1
330

75
0
76
1
47
0.4128176842155181
98
1
10
34.90568961886538
20
22.81183545379326
450
0
451
0
460
0
461
0
452
1
462
1
453
2
463
0
63
5
421
255
463
1
63
7
421
16777215
470
LINEAR
1001
ACAD
1010
0
1020
0
1030
0
0
HATCH
5
ed8
100
AcDbEntity
8
TopSilkLayer
100
AcDbHatch
10
0
20
0
30
0
210
0
220
0
230
1
2
SOLID
70
1
71
0
91
1
92
7
72
0
73
1
93
4
10
64.87360934721869
20
123.16697993395985
10
65.40210820421635
20
123.16697993395985
10
65.40210820421635
20
122.70977901955803
10
64.87360934721869
20
122.70977901955803
97
1
330

75
0
76
1
47
0.4128176842155181
98
1
10
34.90568961886538
20
22.81183545379326
450
0
451
0
460
0
461
0
452
1
462
1
453
2
463
0
63
5
421
255
463
1
63
7
421
16777215
470
LINEAR
1001
ACAD
1010
0
1020
0
1030
0
0
HATCH
5
eda
100
AcDbEntity
8
TopSilkLayer
100
AcDbHatch
10
0
20
0
30
0
210
0
220
0
230
1
2
SOLID
70
1
71
0
91
1
92
7
72
0
73
1
93
4
10
67.82839725679446
20
123.16697993395985
10
67.2998983997968
20
123.16697993395985
10
67.2998983997968
20
122.70977901955803
10
67.82839725679446
20
122.70977901955803
97
1
330

75
0
76
1
47
0.4128176842155181
98
1
10
34.90568961886538
20
22.81183545379326
450
0
451
0
460
0
461
0
452
1
462
1
453
2
463
0
63
5
421
255
463
1
63
7
421
16777215
470
LINEAR
1001
ACAD
1010
0
1020
0
1030
0
0
HATCH
5
edc
100
AcDbEntity
8
Document
100
AcDbHatch
10
0
20
0
30
0
210
0
220
0
230
1
2
SOLID
70
1
71
0
91
1
92
7
72
0
73
1
93
4
10
66.45036830073673
20
123.36573533147066
10
66.25163830327665
20
123.36573533147066
10
66.25163830327665
20
124.16073152146305
10
66.45036830073673
20
124.16073152146305
97
1
330

75
0
76
1
47
0.4128176842155181
98
1
10
34.90568961886538
20
22.81183545379326
450
0
451
0
460
0
461
0
452
1
462
1
453
2
463
0
63
5
421
255
463
1
63
7
421
16777215
470
LINEAR
1001
ACAD
1010
0
1020
0
1030
0
0
HATCH
5
ede
100
AcDbEntity
8
Document
100
AcDbHatch
10
0
20
0
30
0
210
0
220
0
230
1
2
SOLID
70
1
71
0
91
1
92
7
72
0
73
1
93
4
10
66.45036830073673
20
128.26824993649984
10
66.25163830327665
20
128.26824993649984
10
66.25163830327665
20
127.47325374650757
10
66.45036830073673
20
127.47325374650757
97
1
330

75
0
76
1
47
0.4128176842155181
98
1
10
34.90568961886538
20
22.81183545379326
450
0
451
0
460
0
461
0
452
1
462
1
453
2
463
0
63
5
421
255
463
1
63
7
421
16777215
470
LINEAR
1001
ACAD
1010
0
1020
0
1030
0
0
HATCH
5
ee0
100
AcDbEntity
8
Document
100
AcDbHatch
10
0
20
0
30
0
210
0
220
0
230
1
2
SOLID
70
1
71
0
91
1
92
7
72
0
73
1
93
4
10
67.01351282702558
20
127.97012954025911
10
65.68849377698757
20
127.97012954025911
10
65.68849377698757
20
127.7713741427483
10
67.01351282702558
20
127.7713741427483
97
1
330

75
0
76
1
47
0.4128176842155181
98
1
10
34.90568961886538
20
22.81183545379326
450
0
451
0
460
0
461
0
452
1
462
1
453
2
463
0
63
5
421
255
463
1
63
7
421
16777215
470
LINEAR
1001
ACAD
1010
0
1020
0
1030
0
0
HATCH
5
ee2
100
AcDbEntity
8
Document
100
AcDbHatch
10
0
20
0
30
0
210
0
220
0
230
1
2
SOLID
70
1
71
0
91
1
92
7
72
0
73
1
93
4
10
44.01041402082819
20
134.1295910591822
10
44.670815341630714
20
134.1295910591822
10
44.670815341630714
20
133.97719075438147
10
44.01041402082819
20
133.97719075438147
97
1
330

75
0
76
1
47
0.4128176842155181
98
1
10
34.90568961886538
20
22.81183545379326
450
0
451
0
460
0
461
0
452
1
462
1
453
2
463
0
63
5
421
255
463
1
63
7
421
16777215
470
LINEAR
1001
ACAD
1010
0
1020
0
1030
0
0
HATCH
5
ee4
100
AcDbEntity
8
Document
100
AcDbHatch
10
0
20
0
30
0
210
0
220
0
230
1
2
SOLID
70
1
71
0
91
1
92
7
72
0
73
1
93
4
10
44.28557277114555
20
133.7528321056642
10
44.28557277114555
20
134.41323342646695
10
44.43797307594605
20
134.41323342646695
10
44.43797307594605
20
133.7528321056642
97
1
330

75
0
76
1
47
0.4128176842155181
98
1
10
34.90568961886538
20
22.81183545379326
450
0
451
0
460
0
461
0
452
1
462
1
453
2
463
0
63
5
421
255
463
1
63
7
421
16777215
470
LINEAR
1001
ACAD
1010
0
1020
0
1030
0
0
HATCH
5
ee6
100
AcDbEntity
8
Document
100
AcDbHatch
10
0
20
0
30
0
210
0
220
0
230
1
2
SOLID
70
1
71
0
91
1
92
7
72
0
73
1
93
4
10
42.15666751333515
20
134.07762255524517
10
42.8170688341379
20
134.07762255524517
10
42.8170688341379
20
133.92522225044456
10
42.15666751333515
20
133.92522225044456
97
1
330

75
0
76
1
47
0.4128176842155181
98
1
10
34.90568961886538
20
22.81183545379326
450
0
451
0
460
0
461
0
452
1
462
1
453
2
463
0
63
5
421
255
463
1
63
7
421
16777215
470
LINEAR
1001
ACAD
1010
0
1020
0
1030
0
0
HATCH
5
ee8
100
AcDbEntity
8
TopPasteMaskLayer
100
AcDbHatch
10
0
20
0
30
0
210
0
220
0
230
1
2
SOLID
70
1
71
0
91
1
92
7
72
0
73
1
93
16
10
46.55499110998221
20
134.72748285496561
10
46.55499110998221
20
134.36616713233434
10
46.454991109982075
20
134.26616713233432
10
46.24442468884945
20
134.26616713233432
10
46.14442468884954
20
134.1661671323343
10
46.14442468884954
20
133.78780797561603
10
46.24442468884945
20
133.687807975616
10
46.454991109982075
20
133.687807975616
10
46.55499110998221
20
133.587807975616
10
46.55499110998221
20
133.2264922529846
10
46.454991109982075
20
133.12649225298458
10
45.44747269494542
20
133.12649225298458
10
45.34747269494551
20
133.2264922529846
10
45.34747269494551
20
134.72748285496561
10
45.44747269494542
20
134.82748285496564
10
46.454991109982075
20
134.82748285496564
97
1
330

75
0
76
1
47
0.4128176842155181
98
1
10
34.90568961886538
20
22.81183545379326
450
0
451
0
460
0
461
0
452
1
462
1
453
2
463
0
63
5
421
255
463
1
63
7
421
16777215
470
LINEAR
1001
ACAD
1010
0
1020
0
1030
0
0
HATCH
5
eea
100
AcDbEntity
8
TopPasteMaskLayer
100
AcDbHatch
10
0
20
0
30
0
210
0
220
0
230
1
2
SOLID
70
1
71
0
91
1
92
7
72
0
73
1
93
16
10
48.30500381000775
20
134.72748285496561
10
48.30500381000775
20
134.36616713233434
10
48.405003810007656
20
134.26616713233432
10
48.61557023114051
20
134.26616713233432
10
48.71557023114042
20
134.1661671323343
10
48.71557023114042
20
133.78780797561603
10
48.61557023114051
20
133.687807975616
10
48.405003810007656
20
133.687807975616
10
48.30500381000775
20
133.587807975616
10
48.30500381000775
20
133.2264922529846
10
48.405003810007656
20
133.12649225298458
10
49.41252222504431
20
133.12649225298458
10
49.51252222504445
20
133.2264922529846
10
49.51252222504445
20
134.72748285496561
10
49.41252222504431
20
134.82748285496564
10
48.405003810007656
20
134.82748285496564
97
1
330

75
0
76
1
47
0.4128176842155181
98
1
10
34.90568961886538
20
22.81183545379326
450
0
451
0
460
0
461
0
452
1
462
1
453
2
463
0
63
5
421
255
463
1
63
7
421
16777215
470
LINEAR
1001
ACAD
1010
0
1020
0
1030
0
0
HATCH
5
eec
100
AcDbEntity
8
TopPasteMaskLayer
100
AcDbHatch
10
0
20
0
30
0
210
0
220
0
230
1
2
SOLID
70
1
71
0
91
1
92
7
72
0
73
1
93
16
10
17.535991871983697
20
129.0664973329947
10
17.535991871983697
20
128.7051816103633
10
17.435991871983788
20
128.60518161036327
10
17.225425450850935
20
128.60518161036327
10
17.1254254508508
20
128.50518161036325
10
17.1254254508508
20
128.126822453645
10
17.225425450850935
20
128.02682245364497
10
17.435991871983788
20
128.02682245364497
10
17.535991871983697
20
127.92682245364495
10
17.535991871983697
20
127.56550673101344
10
17.435991871983788
20
127.46550673101353
10
16.428473456946904
20
127.46550673101353
10
16.328473456946995
20
127.56550673101344
10
16.328473456946995
20
129.0664973329947
10
16.428473456946904
20
129.1664973329947
10
17.435991871983788
20
129.1664973329947
97
1
330

75
0
76
1
47
0.4128176842155181
98
1
10
34.90568961886538
20
22.81183545379326
450
0
451
0
460
0
461
0
452
1
462
1
453
2
463
0
63
5
421
255
463
1
63
7
421
16777215
470
LINEAR
1001
ACAD
1010
0
1020
0
1030
0
0
HATCH
5
eee
100
AcDbEntity
8
TopPasteMaskLayer
100
AcDbHatch
10
0
20
0
30
0
210
0
220
0
230
1
2
SOLID
70
1
71
0
91
1
92
7
72
0
73
1
93
16
10
19.286004572009233
20
129.0664973329947
10
19.286004572009233
20
128.7051816103633
10
19.386004572009142
20
128.60518161036327
10
19.596570993141995
20
128.60518161036327
10
19.696570993141904
20
128.50518161036325
10
19.696570993141904
20
128.126822453645
10
19.596570993141995
20
128.02682245364497
10
19.386004572009142
20
128.02682245364497
10
19.286004572009233
20
127.92682245364495
10
19.286004572009233
20
127.56550673101344
10
19.386004572009142
20
127.46550673101353
10
20.393522987046026
20
127.46550673101353
10
20.493522987045935
20
127.56550673101344
10
20.493522987045935
20
129.0664973329947
10
20.393522987046026
20
129.1664973329947
10
19.386004572009142
20
129.1664973329947
97
1
330

75
0
76
1
47
0.4128176842155181
98
1
10
34.90568961886538
20
22.81183545379326
450
0
451
0
460
0
461
0
452
1
462
1
453
2
463
0
63
5
421
255
463
1
63
7
421
16777215
470
LINEAR
1001
ACAD
1010
0
1020
0
1030
0
  0
ENDSEC
  0
SECTION
  2
OBJECTS
  0
DICTIONARY
  5
C
330
0
100
AcDbDictionary
281
     1
  3
ACAD_CIP_PREVIOUS_PRODUCT_INFO
350
216
  3
ACAD_COLOR
350
6B
  3
ACAD_DETAILVIEWSTYLE
350
21B
  3
ACAD_GROUP
350
D
  3
ACAD_LAYOUT
350
1A
  3
ACAD_MATERIAL
350
6A
  3
ACAD_MLEADERSTYLE
350
12D
  3
ACAD_MLINESTYLE
350
17
  3
ACAD_PLOTSETTINGS
350
19
  3
ACAD_PLOTSTYLENAME
350
E
  3
ACAD_SCALELIST
350
10C
  3
ACAD_SECTIONVIEWSTYLE
350
219
  3
ACAD_TABLESTYLE
350
7E
  3
ACAD_VISUALSTYLE
350
EF
  3
ACDB_RECOMPOSE_DATA
350
27D
  3
AcDbVariableDictionary
350
5E
  3
AcDsDecomposeData
350
283
  0
DICTIONARY
  5
1FF
330
2
100
AcDbDictionary
280
     1
281
     1
  3
ACAD_LAYERSTATES
360
200
  0
DICTIONARY
  5
13C
330
10
100
AcDbDictionary
280
     1
281
     1
  0
DICTIONARY
  5
1CE
330
1F
100
AcDbDictionary
280
     1
281
     1
  0
XRECORD
  5
216
102
{ACAD_REACTORS
330
C
102
}
330
C
100
AcDbXrecord
280
     1
300
ACD
300
2017
300
ACD_F_S
  0
DICTIONARY
  5
6B
102
{ACAD_REACTORS
330
C
102
}
330
C
100
AcDbDictionary
281
     1
  0
DICTIONARY
  5
21B
102
{ACAD_REACTORS
330
C
102
}
330
C
100
AcDbDictionary
281
     1
  3
Metric50
350
21C
  0
DICTIONARY
  5
D
102
{ACAD_REACTORS
330
C
102
}
330
C
100
AcDbDictionary
281
     1
  0
DICTIONARY
  5
1A
102
{ACAD_REACTORS
330
C
102
}
330
C
100
AcDbDictionary
281
     1
  3
Model
350
22
  3
布局1
350
D3
  3
布局2
350
D7
  0
DICTIONARY
  5
6A
102
{ACAD_REACTORS
330
C
102
}
330
C
100
AcDbDictionary
281
     1
  3
ByBlock
350
ED
  3
ByLayer
350
EC
  3
Global
350
EE
  0
DICTIONARY
  5
12D
102
{ACAD_REACTORS
330
C
102
}
330
C
100
AcDbDictionary
281
     1
  3
Annotative
350
13B
  3
Standard
350
12E
  0
DICTIONARY
  5
17
102
{ACAD_REACTORS
330
C
102
}
330
C
100
AcDbDictionary
281
     1
  3
Standard
350
18
  0
DICTIONARY
  5
19
102
{ACAD_REACTORS
330
C
102
}
330
C
100
AcDbDictionary
281
     1
  0
ACDBDICTIONARYWDFLT
  5
E
102
{ACAD_REACTORS
330
C
102
}
330
C
100
AcDbDictionary
281
     1
  3
Normal
350
F
100
AcDbDictionaryWithDefault
340
F
  0
DICTIONARY
  5
10C
102
{ACAD_REACTORS
330
C
102
}
330
C
100
AcDbDictionary
281
     1
  3
A0
350
10D
  3
A1
350
1BE
  3
A2
350
1BF
  3
A3
350
1C0
  3
A4
350
1C1
  3
A5
350
1C2
  3
A6
350
1C3
  3
A7
350
1C4
  3
A8
350
1C5
  3
A9
350
1C6
  3
B0
350
1C7
  3
B1
350
1C8
  3
B2
350
1C9
  3
B3
350
1CA
  3
B4
350
1CB
  3
B5
350
1CC
  3
B6
350
1CD
  0
DICTIONARY
  5
219
102
{ACAD_REACTORS
330
C
102
}
330
C
100
AcDbDictionary
281
     1
  3
Metric50
350
21A
  0
DICTIONARY
  5
7E
102
{ACAD_REACTORS
330
C
102
}
330
C
100
AcDbDictionary
281
     1
  3
Standard
350
7F
  0
DICTIONARY
  5
EF
102
{ACAD_REACTORS
330
C
102
}
330
C
100
AcDbDictionary
281
     1
  3
2dWireframe
350
F5
  3
Basic
350
F4
  3
Brighten
350
FB
  3
ColorChange
350
FF
  3
Conceptual
350
F8
  3
Dim
350
FA
  3
EdgeColorOff
350
1E6
  3
Facepattern
350
FE
  3
Flat
350
F0
  3
FlatWithEdges
350
F1
  3
Gouraud
350
F2
  3
GouraudWithEdges
350
F3
  3
Hidden
350
F7
  3
JitterOff
350
1E4
  3
Linepattern
350
FD
  3
OverhangOff
350
1E5
  3
Realistic
350
F9
  3
Shaded
350
1F3
  3
Shaded with edges
350
1F2
  3
Shades of Gray
350
1EF
  3
Sketchy
350
1F0
  3
Thicken
350
FC
  3
Wireframe
350
F6
  3
X-Ray
350
1F1
  0
XRECORD
  5
27D
102
{ACAD_REACTORS
330
C
102
}
330
C
100
AcDbXrecord
280
     1
 90
        1
330
7F
  0
DICTIONARY
  5
5E
102
{ACAD_REACTORS
330
C
102
}
330
C
100
AcDbDictionary
281
     1
  3
CANNOSCALE
350
146
  3
CENTEREXE
350
259
  3
CENTERLTYPEFILE
350
25A
  3
CMLEADERSTYLE
350
145
  3
CTABLESTYLE
350
84
  3
CVIEWDETAILSTYLE
350
227
  3
CVIEWSECTIONSTYLE
350
228
  3
DIMASSOC
350
5F
  3
HIDETEXT
350
63
  3
LAYEREVAL
350
1AE
  3
LAYERNOTIFY
350
1AF
  3
XCLIPFRAME
350
27B
  0
DICTIONARY
  5
283
102
{ACAD_REACTORS
330
C
102
}
330
C
100
AcDbDictionary
281
     1
  3
AcDsRecords
350
285
  3
AcDsSchemas
350
284
1001
ACAD
1070
     2
  0
DICTIONARY
  5
200
102
{ACAD_REACTORS
330
1FF
102
}
330
1FF
100
AcDbDictionary
281
     1
  0
ACDBDETAILVIEWSTYLE
  5
21C
102
{ACAD_XDICTIONARY
360
236
102
}
102
{ACAD_REACTORS
330
21B
102
}
330
21B
100
AcDbModelDocViewStyle
 70
     0
  3
Metric50
290
     0
100
AcDbDetailViewStyle
 70
     0
 71
     0
 90
        3
 71
     1
340
11
 62
   256
 40
5.0
340
0
 62
   256
 40
5.0
300

 40
0.0
280
     1
 71
     2
340
16
 90
       25
 62
   256
 71
     3
340
11
 62
   256
 40
5.0
 90
        0
 40
15.0
 90
        1
300
%<AcVar ViewDetailId>% (%<AcVar ViewScale  "%sn">%)
 71
     4
340
16
 90
       25
 62
   256
340
16
 90
       25
 62
   256
280
     0
  0
LAYOUT
  5
22
102
{ACAD_XDICTIONARY
360
205
102
}
102
{ACAD_REACTORS
330
1A
102
}
330
1A
100
AcDbPlotSettings
  1

  2
none_device
  4
ISO_A4_(210.00_x_297.00_MM)
  6

 40
7.5
 41
20.0
 42
7.5
 43
20.0
 44
210.0
 45
297.0
 46
11.54999923706054
 47
-13.65000009536743
 48
0.0
 49
0.0
140
0.0
141
0.0
142
1.0
143
8.704084754739808
 70
 11952
 72
     1
 73
     0
 74
     0
  7

 75
     0
147
0.1148885871608098
 76
     0
 77
     2
 78
   300
148
0.0
149
0.0
100
AcDbLayout
  1
Model
 70
     1
 71
     0
 10
0.0
 20
0.0
 11
12.0
 21
9.0
 12
0.0
 22
0.0
 32
0.0
 14
0.0
 24
0.0
 34
0.0
 15
0.0
 25
0.0
 35
0.0
146
0.0
 13
0.0
 23
0.0
 33
0.0
 16
1.0
 26
0.0
 36
0.0
 17
0.0
 27
1.0
 37
0.0
 76
     0
330
1F
331
EA
1001
ACAD_PSEXT
1000
None
1000
None
1000
Not applicable
1000
The layout will not be plotted unless a new plotter configuration name is selected.
1070
     0
  0
LAYOUT
  5
D3
102
{ACAD_REACTORS
330
1A
102
}
330
1A
100
AcDbPlotSettings
  1

  2
C:Documents and SettingsasasApplication DataAutodeskAutoCAD 2005R16.1enuplottersDefault Windows System Printer.pc3
  4

  6

 40
0.0
 41
0.0
 42
0.0
 43
0.0
 44
0.0
 45
0.0
 46
0.0
 47
0.0
 48
0.0
 49
0.0
140
0.0
141
0.0
142
1.0
143
1.0
 70
   688
 72
     0
 73
     0
 74
     5
  7

 75
    16
147
1.0
 76
     0
 77
     2
 78
   300
148
0.0
149
0.0
100
AcDbLayout
  1
布局1
 70
     1
 71
     1
 10
0.0
 20
0.0
 11
12.0
 21
9.0
 12
0.0
 22
0.0
 32
0.0
 14
0.0
 24
0.0
 34
0.0
 15
0.0
 25
0.0
 35
0.0
146
0.0
 13
0.0
 23
0.0
 33
0.0
 16
1.0
 26
0.0
 36
0.0
 17
0.0
 27
1.0
 37
0.0
 76
     0
330
D2
  0
LAYOUT
  5
D7
102
{ACAD_REACTORS
330
1A
102
}
330
1A
100
AcDbPlotSettings
  1

  2
C:Documents and SettingsasasApplication DataAutodeskAutoCAD 2005R16.1enuplottersDefault Windows System Printer.pc3
  4

  6

 40
0.0
 41
0.0
 42
0.0
 43
0.0
 44
0.0
 45
0.0
 46
0.0
 47
0.0
 48
0.0
 49
0.0
140
0.0
141
0.0
142
1.0
143
1.0
 70
   688
 72
     0
 73
     0
 74
     5
  7

 75
    16
147
1.0
 76
     0
 77
     2
 78
   300
148
0.0
149
0.0
100
AcDbLayout
  1
布局2
 70
     1
 71
     2
 10
0.0
 20
0.0
 11
12.0
 21
9.0
 12
0.0
 22
0.0
 32
0.0
 14
0.0
 24
0.0
 34
0.0
 15
0.0
 25
0.0
 35
0.0
146
0.0
 13
0.0
 23
0.0
 33
0.0
 16
1.0
 26
0.0
 36
0.0
 17
0.0
 27
1.0
 37
0.0
 76
     0
330
D6
  0
MATERIAL
  5
ED
102
{ACAD_XDICTIONARY
360
1F9
102
}
102
{ACAD_REACTORS
330
6A
102
}
330
6A
100
AcDbMaterial
  1
ByBlock
 94
       63
  0
MATERIAL
  5
EC
102
{ACAD_XDICTIONARY
360
1F7
102
}
102
{ACAD_REACTORS
330
6A
102
}
330
6A
100
AcDbMaterial
  1
ByLayer
 94
       63
  0
MATERIAL
  5
EE
102
{ACAD_XDICTIONARY
360
173
102
}
102
{ACAD_REACTORS
330
6A
102
}
330
6A
100
AcDbMaterial
  1
Global
 43
0.0007999999797903
 43
0.0
 43
0.0
 43
0.0
 43
0.0
 43
0.0007999999797903
 43
0.0
 43
0.0
 43
0.0
 43
0.0
 43
1.0
 43
0.0
 43
0.0
 43
0.0
 43
0.0
 43
1.0
 49
0.0007999999797903
 49
0.0
 49
0.0
 49
0.0
 49
0.0
 49
0.0007999999797903
 49
0.0
 49
0.0
 49
0.0
 49
0.0
 49
1.0
 49
0.0
 49
0.0
 49
0.0
 49
0.0
 49
1.0
142
0.0007999999797903
142
0.0
142
0.0
142
0.0
142
0.0
142
0.0007999999797903
142
0.0
142
0.0
142
0.0
142
0.0
142
1.0
142
0.0
142
0.0
142
0.0
142
0.0
142
1.0
144
0.0007999999797903
144
0.0
144
0.0
144
0.0
144
0.0
144
0.0007999999797903
144
0.0
144
0.0
144
0.0
144
0.0
144
1.0
144
0.0
144
0.0
144
0.0
144
0.0
144
1.0
 94
       63
1001
ACAD
1070
    -1
1070
     3
1070
     0
1000

1071
        0
1070
     0
  0
MLEADERSTYLE
  5
13B
102
{ACAD_REACTORS
330
12D
102
}
330
12D
100
AcDbMLeaderStyle
170
     2
171
     1
172
     0
 90
        2
 40
0.0
 41
0.0
173
     1
 91
-1056964608
340
14
 92
       -2
290
     1
 42
2.0
291
     1
 43
8.0
  3
Standard
 44
4.0
300

342
11
174
     1
178
     1
175
     1
176
     0
 93
-1056964608
 45
4.0
292
     0
297
     0
 46
4.0
 94
-1056964608
 47
1.0
 49
1.0
140
1.0
293
     1
141
0.0
294
     1
177
     0
142
1.0
295
     0
296
     1
143
3.75
1001
ACAD_MLEADERVER
1070
     2
  0
MLEADERSTYLE
  5
12E
102
{ACAD_REACTORS
330
12D
102
}
330
12D
100
AcDbMLeaderStyle
170
     2
171
     1
172
     0
 90
        2
 40
0.0
 41
0.0
173
     1
 91
-1056964608
340
14
 92
       -2
290
     1
 42
2.0
291
     1
 43
8.0
  3
Standard
 44
4.0
300

342
11
174
     1
178
     1
175
     1
176
     0
 93
-1056964608
 45
4.0
292
     0
297
     0
 46
4.0
 94
-1056964608
 47
1.0
 49
1.0
140
1.0
293
     1
141
0.0
294
     1
177
     0
142
1.0
295
     0
296
     0
143
3.75
1001
ACAD_MLEADERVER
1070
     2
  0
MLINESTYLE
  5
18
102
{ACAD_REACTORS
330
17
102
}
330
17
100
AcDbMlineStyle
  2
STANDARD
 70
     0
  3

 62
   256
 51
90.0
 52
90.0
 71
     2
 49
0.5
 62
   256
  6
BYLAYER
 49
-0.5
 62
   256
  6
BYLAYER
  0
ACDBPLACEHOLDER
  5
F
102
{ACAD_REACTORS
330
E
102
}
330
E
  0
SCALE
  5
10D
102
{ACAD_REACTORS
330
10C
102
}
330
10C
100
AcDbScale
 70
     0
300
1:1
140
1.0
141
1.0
290
     1
  0
SCALE
  5
1BE
102
{ACAD_REACTORS
330
10C
102
}
330
10C
100
AcDbScale
 70
     0
300
1:2
140
1.0
141
2.0
290
     0
  0
SCALE
  5
1BF
102
{ACAD_REACTORS
330
10C
102
}
330
10C
100
AcDbScale
 70
     0
300
1:4
140
1.0
141
4.0
290
     0
  0
SCALE
  5
1C0
102
{ACAD_REACTORS
330
10C
102
}
330
10C
100
AcDbScale
 70
     0
300
1:5
140
1.0
141
5.0
290
     0
  0
SCALE
  5
1C1
102
{ACAD_REACTORS
330
10C
102
}
330
10C
100
AcDbScale
 70
     0
300
1:8
140
1.0
141
8.0
290
     0
  0
SCALE
  5
1C2
102
{ACAD_REACTORS
330
10C
102
}
330
10C
100
AcDbScale
 70
     0
300
1:10
140
1.0
141
10.0
290
     0
  0
SCALE
  5
1C3
102
{ACAD_REACTORS
330
10C
102
}
330
10C
100
AcDbScale
 70
     0
300
1:16
140
1.0
141
16.0
290
     0
  0
SCALE
  5
1C4
102
{ACAD_REACTORS
330
10C
102
}
330
10C
100
AcDbScale
 70
     0
300
1:20
140
1.0
141
20.0
290
     0
  0
SCALE
  5
1C5
102
{ACAD_REACTORS
330
10C
102
}
330
10C
100
AcDbScale
 70
     0
300
1:30
140
1.0
141
30.0
290
     0
  0
SCALE
  5
1C6
102
{ACAD_REACTORS
330
10C
102
}
330
10C
100
AcDbScale
 70
     0
300
1:40
140
1.0
141
40.0
290
     0
  0
SCALE
  5
1C7
102
{ACAD_REACTORS
330
10C
102
}
330
10C
100
AcDbScale
 70
     0
300
1:50
140
1.0
141
50.0
290
     0
  0
SCALE
  5
1C8
102
{ACAD_REACTORS
330
10C
102
}
330
10C
100
AcDbScale
 70
     0
300
1:100
140
1.0
141
100.0
290
     0
  0
SCALE
  5
1C9
102
{ACAD_REACTORS
330
10C
102
}
330
10C
100
AcDbScale
 70
     0
300
2:1
140
2.0
141
1.0
290
     0
  0
SCALE
  5
1CA
102
{ACAD_REACTORS
330
10C
102
}
330
10C
100
AcDbScale
 70
     0
300
4:1
140
4.0
141
1.0
290
     0
  0
SCALE
  5
1CB
102
{ACAD_REACTORS
330
10C
102
}
330
10C
100
AcDbScale
 70
     0
300
8:1
140
8.0
141
1.0
290
     0
  0
SCALE
  5
1CC
102
{ACAD_REACTORS
330
10C
102
}
330
10C
100
AcDbScale
 70
     0
300
10:1
140
10.0
141
1.0
290
     0
  0
SCALE
  5
1CD
102
{ACAD_REACTORS
330
10C
102
}
330
10C
100
AcDbScale
 70
     0
300
100:1
140
100.0
141
1.0
290
     0
  0
ACDBSECTIONVIEWSTYLE
  5
21A
102
{ACAD_XDICTIONARY
360
234
102
}
102
{ACAD_REACTORS
330
219
102
}
330
219
100
AcDbModelDocViewStyle
 70
     0
  3
Metric50
290
     0
100
AcDbSectionViewStyle
 70
     0
 71
     0
 90
      102
 71
     1
340
11
 62
   256
 40
5.0
340
0
340
0
 62
   256
 40
5.0
300
I, O, Q, S, X, Z
 40
10.0
 90
        0
 40
2.5
 90
        0
 71
     2
340
16
 90
       25
 62
   256
340
16
 90
       50
 62
   256
 40
5.0
 40
2.5
 40
5.0
 71
     3
340
11
 62
   256
 40
5.0
 90
        0
 40
15.0
 90
        1
300
%<AcVar ViewSectionStartId>%-%<AcVar ViewSectionEndId>% (%<AcVar ViewScale  "%sn">%)
 71
     4
 62
   256
 62
   257
300
ANSI31
 40
1.0
 90
        0
290
     0
290
     0
 90
        6
 40
0.0
 40
1.570796326794896
 40
0.2617993877991494
 40
1.308996938995747
 40
-0.2617993877991494
 40
1.832595714594046
  0
TABLESTYLE
  5
7F
102
{ACAD_XDICTIONARY
360
162
102
}
102
{ACAD_REACTORS
330
7E
102
}
330
7E
100
AcDbTableStyle
  3
Standard
 70
     0
 71
     0
 40
1.5
 41
1.5
280
     0
281
     0
  7
Standard
140
4.5
170
     2
 62
     0
 63
     7
283
     0
 90
      512
 91
        0
  1

274
    -2
284
     1
 64
     0
275
    -2
285
     1
 65
     0
276
    -2
286
     1
 66
     0
277
    -2
287
     1
 67
     0
278
    -2
288
     1
 68
     0
279
    -2
289
     1
 69
     0
  7
Standard
140
6.0
170
     5
 62
     0
 63
     7
283
     0
 90
      512
 91
        0
  1

274
    -2
284
     1
 64
     0
275
    -2
285
     1
 65
     0
276
    -2
286
     1
 66
     0
277
    -2
287
     1
 67
     0
278
    -2
288
     1
 68
     0
279
    -2
289
     1
 69
     0
  7
Standard
140
4.5
170
     5
 62
     0
 63
     7
283
     0
 90
      512
 91
        0
  1

274
    -2
284
     1
 64
     0
275
    -2
285
     1
 65
     0
276
    -2
286
     1
 66
     0
277
    -2
287
     1
 67
     0
278
    -2
288
     1
 68
     0
279
    -2
289
     1
 69
     0
  0
VISUALSTYLE
  5
F5
102
{ACAD_XDICTIONARY
360
290
102
}
102
{ACAD_REACTORS
330
EF
102
}
330
EF
100
AcDbVisualStyle
  2
2dWireframe
 70
     4
 71
     0
 72
     2
 73
     1
 90
        0
 40
-0.6
 41
-30.0
 62
     5
 63
     7
421
 16777215
 74
     1
 91
        4
 64
     7
 65
   257
 75
     1
175
     1
 42
1.0
 92
        0
 66
   257
 43
1.0
 76
     1
 77
     6
 78
     2
 67
     7
 79
     5
170
     0
171
     0
290
     0
174
     0
 93
        1
 44
0.0
173
     0
291
     0
 45
0.0
1001
ACAD
1000
AcDbSavedByObjectVersion
1070
     0
  0
VISUALSTYLE
  5
F4
102
{ACAD_XDICTIONARY
360
28E
102
}
102
{ACAD_REACTORS
330
EF
102
}
330
EF
100
AcDbVisualStyle
  2
Basic
 70
     7
 71
     1
 72
     0
 73
     1
 90
        0
 40
-0.6
 41
-30.0
 62
     5
 63
     7
421
 16777215
 74
     0
 91
        4
 64
     7
 65
   257
 75
     1
175
     1
 42
1.0
 92
        8
 66
     7
 43
1.0
 76
     1
 77
     6
 78
     2
 67
     7
 79
     5
170
     0
171
     0
290
     0
174
     0
 93
        1
 44
0.0
173
     0
291
     1
 45
0.0
1001
ACAD
1000
AcDbSavedByObjectVersion
1070
     0
  0
VISUALSTYLE
  5
FB
102
{ACAD_XDICTIONARY
360
29C
102
}
102
{ACAD_REACTORS
330
EF
102
}
330
EF
100
AcDbVisualStyle
  2
Brighten
 70
    12
 71
     2
 72
     2
 73
     1
 90
        0
 40
-0.6
 41
-30.0
 62
     5
 63
     7
421
 16777215
 74
     1
 91
        4
 64
     7
 65
   257
 75
     1
175
     1
 42
1.0
 92
        8
 66
     7
 43
1.0
 76
     1
 77
     6
 78
     2
 67
     7
 79
     5
170
     0
171
     0
290
     0
174
     0
 93
        1
 44
50.0
173
     0
291
     1
 45
0.0
1001
ACAD
1000
AcDbSavedByObjectVersion
1070
     0
  0
VISUALSTYLE
  5
FF
102
{ACAD_XDICTIONARY
360
2A4
102
}
102
{ACAD_REACTORS
330
EF
102
}
330
EF
100
AcDbVisualStyle
  2
ColorChange
 70
    16
 71
     2
 72
     2
 73
     3
 90
        0
 40
-0.6
 41
-30.0
 62
     5
 63
     8
421
  8421504
 74
     1
 91
        4
 64
     7
 65
   257
 75
     1
175
     1
 42
1.0
 92
        8
 66
     8
424
  8421504
 43
1.0
 76
     1
 77
     6
 78
     2
 67
     7
 79
     5
170
     0
171
     0
290
     0
174
     0
 93
        1
 44
0.0
173
     0
291
     1
 45
0.0
1001
ACAD
1000
AcDbSavedByObjectVersion
1070
     0
  0
VISUALSTYLE
  5
F8
102
{ACAD_XDICTIONARY
360
296
102
}
102
{ACAD_REACTORS
330
EF
102
}
330
EF
100
AcDbVisualStyle
  2
Conceptual
 70
     9
 71
     3
 72
     2
 73
     1
 90
        0
 40
-0.6
 41
-30.0
 62
     5
 63
     7
421
 16777215
 74
     2
 91
        2
 64
     7
 65
   257
 75
     1
175
     1
 42
40.0
 92
        8
 66
     7
 43
1.0
 76
     1
 77
     6
 78
     2
 67
     7
 79
     3
170
     0
171
     0
290
     0
174
     0
 93
        1
 44
0.0
173
     0
291
     0
 45
0.0
1001
ACAD
1000
AcDbSavedByObjectVersion
1070
     0
  0
VISUALSTYLE
  5
FA
102
{ACAD_XDICTIONARY
360
29A
102
}
102
{ACAD_REACTORS
330
EF
102
}
330
EF
100
AcDbVisualStyle
  2
Dim
 70
    11
 71
     2
 72
     2
 73
     1
 90
        0
 40
-0.6
 41
-30.0
 62
     5
 63
     7
421
 16777215
 74
     1
 91
        4
 64
     7
 65
   257
 75
     1
175
     1
 42
1.0
 92
        8
 66
     7
 43
1.0
 76
     1
 77
     6
 78
     2
 67
     7
 79
     5
170
     0
171
     0
290
     0
174
     0
 93
        1
 44
-50.0
173
     0
291
     1
 45
0.0
1001
ACAD
1000
AcDbSavedByObjectVersion
1070
     0
  0
VISUALSTYLE
  5
1E6
102
{ACAD_XDICTIONARY
360
2AA
102
}
102
{ACAD_REACTORS
330
EF
102
}
330
EF
100
AcDbVisualStyle
  2
EdgeColorOff
 70
    22
 71
     2
 72
     2
 73
     0
 90
        0
 40
-0.6
 41
-30.0
 62
     5
 63
     7
421
 16777215
 74
     1
 91
        4
 64
     7
 65
   257
 75
     1
175
     1
 42
1.0
 92
        8
 66
     7
 43
1.0
 76
     1
 77
     6
 78
     2
 67
     7
 79
     5
170
     0
171
     0
290
     0
174
     0
 93
        1
 44
0.0
173
     0
291
     1
 45
0.0
1001
ACAD
1000
AcDbSavedByObjectVersion
1070
     0
  0
VISUALSTYLE
  5
FE
102
{ACAD_XDICTIONARY
360
2A2
102
}
102
{ACAD_REACTORS
330
EF
102
}
330
EF
100
AcDbVisualStyle
  2
Facepattern
 70
    15
 71
     2
 72
     2
 73
     1
 90
        0
 40
-0.6
 41
-30.0
 62
     5
 63
     7
421
 16777215
 74
     1
 91
        4
 64
     7
 65
   257
 75
     1
175
     1
 42
1.0
 92
        8
 66
     7
 43
1.0
 76
     1
 77
     6
 78
     2
 67
     7
 79
     5
170
     0
171
     0
290
     0
174
     0
 93
        1
 44
0.0
173
     0
291
     1
 45
0.0
1001
ACAD
1000
AcDbSavedByObjectVersion
1070
     0
  0
VISUALSTYLE
  5
F0
102
{ACAD_XDICTIONARY
360
286
102
}
102
{ACAD_REACTORS
330
EF
102
}
330
EF
100
AcDbVisualStyle
  2
Flat
 70
     0
 71
     2
 72
     1
 73
     1
 90
        2
 40
-0.6
 41
30.0
 62
     5
 63
     7
421
 16777215
 74
     0
 91
        0
 64
     7
 65
   257
 75
     1
175
     1
 42
1.0
 92
        8
 66
     7
 43
1.0
 76
     1
 77
     6
 78
     2
 67
     7
 79
     5
170
     0
171
     0
290
     0
174
     0
 93
       13
 44
0.0
173
     0
291
     1
 45
0.0
1001
ACAD
1000
AcDbSavedByObjectVersion
1070
     0
  0
VISUALSTYLE
  5
F1
102
{ACAD_XDICTIONARY
360
288
102
}
102
{ACAD_REACTORS
330
EF
102
}
330
EF
100
AcDbVisualStyle
  2
FlatWithEdges
 70
     1
 71
     2
 72
     1
 73
     1
 90
        2
 40
-0.6
 41
30.0
 62
     5
 63
     7
421
 16777215
 74
     1
 91
        0
 64
     7
 65
   257
 75
     1
175
     1
 42
1.0
 92
        0
 66
   257
 43
1.0
 76
     1
 77
     6
 78
     2
 67
     7
 79
     5
170
     0
171
     0
290
     0
174
     0
 93
       13
 44
0.0
173
     0
291
     1
 45
0.0
1001
ACAD
1000
AcDbSavedByObjectVersion
1070
     0
  0
VISUALSTYLE
  5
F2
102
{ACAD_XDICTIONARY
360
28A
102
}
102
{ACAD_REACTORS
330
EF
102
}
330
EF
100
AcDbVisualStyle
  2
Gouraud
 70
     2
 71
     2
 72
     2
 73
     1
 90
        2
 40
-0.6
 41
30.0
 62
     5
 63
     7
421
 16777215
 74
     0
 91
        0
 64
     7
 65
   257
 75
     1
175
     1
 42
1.0
 92
        0
 66
     7
 43
1.0
 76
     1
 77
     6
 78
     2
 67
     7
 79
     5
170
     0
171
     0
290
     0
174
     0
 93
       13
 44
0.0
173
     0
291
     1
 45
0.0
1001
ACAD
1000
AcDbSavedByObjectVersion
1070
     0
  0
VISUALSTYLE
  5
F3
102
{ACAD_XDICTIONARY
360
28C
102
}
102
{ACAD_REACTORS
330
EF
102
}
330
EF
100
AcDbVisualStyle
  2
GouraudWithEdges
 70
     3
 71
     2
 72
     2
 73
     1
 90
        2
 40
-0.6
 41
30.0
 62
     5
 63
     7
421
 16777215
 74
     1
 91
        0
 64
     7
 65
   257
 75
     1
175
     1
 42
1.0
 92
        0
 66
   257
 43
1.0
 76
     1
 77
     6
 78
     2
 67
     7
 79
     5
170
     0
171
     0
290
     0
174
     0
 93
       13
 44
0.0
173
     0
291
     1
 45
0.0
1001
ACAD
1000
AcDbSavedByObjectVersion
1070
     0
  0
VISUALSTYLE
  5
F7
102
{ACAD_XDICTIONARY
360
294
102
}
102
{ACAD_REACTORS
330
EF
102
}
330
EF
100
AcDbVisualStyle
  2
Hidden
 70
     6
 71
     1
 72
     2
 73
     2
 90
        0
 40
-0.6
 41
-30.0
 62
     5
 63
     7
421
 16777215
 74
     2
 91
        2
 64
     7
 65
   257
 75
     2
175
     1
 42
40.0
 92
        0
 66
   257
 43
1.0
 76
     1
 77
     6
 78
     2
 67
     7
 79
     3
170
     0
171
     0
290
     0
174
     0
 93
        1
 44
0.0
173
     0
291
     0
 45
0.0
1001
ACAD
1000
AcDbSavedByObjectVersion
1070
     0
  0
VISUALSTYLE
  5
1E4
102
{ACAD_XDICTIONARY
360
2A6
102
}
102
{ACAD_REACTORS
330
EF
102
}
330
EF
100
AcDbVisualStyle
  2
JitterOff
 70
    20
 71
     2
 72
     2
 73
     0
 90
        0
 40
-0.6
 41
-30.0
 62
     5
 63
     7
421
 16777215
 74
     1
 91
        4
 64
     7
 65
   257
 75
     1
175
     1
 42
1.0
 92
       10
 66
     7
 43
1.0
 76
     1
 77
     6
 78
     2
 67
     7
 79
     5
170
     0
171
     0
290
     0
174
     0
 93
        1
 44
0.0
173
     0
291
     1
 45
0.0
1001
ACAD
1000
AcDbSavedByObjectVersion
1070
     0
  0
VISUALSTYLE
  5
FD
102
{ACAD_XDICTIONARY
360
2A0
102
}
102
{ACAD_REACTORS
330
EF
102
}
330
EF
100
AcDbVisualStyle
  2
Linepattern
 70
    14
 71
     2
 72
     2
 73
     1
 90
        0
 40
-0.6
 41
-30.0
 62
     5
 63
     7
421
 16777215
 74
     1
 91
        4
 64
     7
 65
   257
 75
     7
175
     7
 42
1.0
 92
        8
 66
     7
 43
1.0
 76
     1
 77
     6
 78
     2
 67
     7
 79
     5
170
     0
171
     0
290
     0
174
     0
 93
        1
 44
0.0
173
     0
291
     1
 45
0.0
1001
ACAD
1000
AcDbSavedByObjectVersion
1070
     0
  0
VISUALSTYLE
  5
1E5
102
{ACAD_XDICTIONARY
360
2A8
102
}
102
{ACAD_REACTORS
330
EF
102
}
330
EF
100
AcDbVisualStyle
  2
OverhangOff
 70
    21
 71
     2
 72
     2
 73
     0
 90
        0
 40
-0.6
 41
-30.0
 62
     5
 63
     7
421
 16777215
 74
     1
 91
        4
 64
     7
 65
   257
 75
     1
175
     1
 42
1.0
 92
        9
 66
     7
 43
1.0
 76
     1
 77
     6
 78
     2
 67
     7
 79
     5
170
     0
171
     0
290
     0
174
     0
 93
        1
 44
0.0
173
     0
291
     1
 45
0.0
1001
ACAD
1000
AcDbSavedByObjectVersion
1070
     0
  0
VISUALSTYLE
  5
F9
102
{ACAD_XDICTIONARY
360
298
102
}
102
{ACAD_REACTORS
330
EF
102
}
330
EF
100
AcDbVisualStyle
  2
Realistic
 70
     8
 71
     2
 72
     3
 73
     0
 90
        2
 40
-0.6
 41
30.0
 62
     5
 63
     7
421
 16777215
 74
     0
 91
        0
 64
     7
 65
   257
 75
     1
175
     1
 42
1.0
 92
        8
 66
   257
 43
1.0
 76
     1
 77
     6
 78
     2
 67
     7
 79
     3
170
     0
171
     0
290
     0
174
     0
 93
       13
 44
0.0
173
     0
291
     0
 45
0.0
1001
ACAD
1000
AcDbSavedByObjectVersion
1070
     0
  0
VISUALSTYLE
  5
1F3
102
{ACAD_XDICTIONARY
360
2B4
102
}
102
{ACAD_REACTORS
330
EF
102
}
330
EF
100
AcDbVisualStyle
  2
Shaded
 70
    27
 71
     2
 72
     2
 73
     1
 90
        2
 40
-0.6
 41
30.0
 62
     5
 63
     7
421
 16777215
 74
     0
 91
        4
 64
     7
 65
   257
 75
     1
175
     1
 42
1.0
 92
        8
 66
   257
 43
1.0
 76
     1
 77
     6
 78
     2
 67
     8
425
  7895160
 79
     3
170
     0
171
     0
290
     0
174
     0
 93
        5
 44
0.0
173
     0
291
     0
 45
0.0
1001
ACAD
1000
AcDbSavedByObjectVersion
1070
     0
  0
VISUALSTYLE
  5
1F2
102
{ACAD_XDICTIONARY
360
2B2
102
}
102
{ACAD_REACTORS
330
EF
102
}
330
EF
100
AcDbVisualStyle
  2
Shaded with edges
 70
    26
 71
     2
 72
     2
 73
     1
 90
        2
 40
-0.6
 41
30.0
 62
     5
 63
     7
421
 16777215
 74
     1
 91
        2
 64
     7
 65
   257
 75
     2
175
     1
 42
1.0
 92
        8
 66
   257
 43
1.0
 76
     1
 77
     6
 78
     2
 67
     7
 79
     3
170
     0
171
     0
290
     0
174
     0
 93
        5
 44
0.0
173
     0
291
     0
 45
0.0
1001
ACAD
1000
AcDbSavedByObjectVersion
1070
     0
  0
VISUALSTYLE
  5
1EF
102
{ACAD_XDICTIONARY
360
2AC
102
}
102
{ACAD_REACTORS
330
EF
102
}
330
EF
100
AcDbVisualStyle
  2
Shades of Gray
 70
    23
 71
     2
 72
     2
 73
     3
 90
        0
 40
-0.6
 41
-30.0
 62
     5
 63
     7
421
 16777215
 74
     2
 91
        2
 64
     7
 65
     7
 75
     1
175
     1
 42
40.0
 92
        8
 66
     7
 43
1.0
 76
     1
 77
     6
 78
     2
 67
     7
 79
     3
170
     0
171
     0
290
     0
174
     0
 93
        1
 44
0.0
173
     0
291
     0
 45
0.0
1001
ACAD
1000
AcDbSavedByObjectVersion
1070
     0
  0
VISUALSTYLE
  5
1F0
102
{ACAD_XDICTIONARY
360
2AE
102
}
102
{ACAD_REACTORS
330
EF
102
}
330
EF
100
AcDbVisualStyle
  2
Sketchy
 70
    24
 71
     1
 72
     2
 73
     2
 90
        0
 40
-0.6
 41
-30.0
 62
     5
 63
     7
421
 16777215
 74
     2
 91
        2
 64
     7
 65
     7
 75
     1
175
     1
 42
40.0
 92
       11
 66
     7
 43
1.0
 76
     1
 77
     6
 78
     2
 67
     7
 79
     6
170
     0
171
     0
290
     0
174
     0
 93
        1
 44
0.0
173
     0
291
     0
 45
0.0
1001
ACAD
1000
AcDbSavedByObjectVersion
1070
     0
  0
VISUALSTYLE
  5
FC
102
{ACAD_XDICTIONARY
360
29E
102
}
102
{ACAD_REACTORS
330
EF
102
}
330
EF
100
AcDbVisualStyle
  2
Thicken
 70
    13
 71
     2
 72
     2
 73
     1
 90
        0
 40
-0.6
 41
-30.0
 62
     5
 63
     7
421
 16777215
 74
     1
 91
        4
 64
     7
 65
   257
 75
     1
175
     1
 42
1.0
 92
       12
 66
     7
 43
1.0
 76
     1
 77
     6
 78
     2
 67
     7
 79
     5
170
     0
171
     0
290
     0
174
     0
 93
        1
 44
0.0
173
     0
291
     1
 45
0.0
1001
ACAD
1000
AcDbSavedByObjectVersion
1070
     0
  0
VISUALSTYLE
  5
F6
102
{ACAD_XDICTIONARY
360
292
102
}
102
{ACAD_REACTORS
330
EF
102
}
330
EF
100
AcDbVisualStyle
  2
Wireframe
 70
     5
 71
     0
 72
     2
 73
     0
 90
        0
 40
-0.6
 41
-30.0
 62
     5
 63
     7
421
 16777215
 74
     1
 91
        4
 64
     7
 65
   257
 75
     1
175
     1
 42
1.0
 92
        0
 66
   257
 43
1.0
 76
     1
 77
     6
 78
     2
 67
     7
 79
     3
170
     0
171
     0
290
     0
174
     0
 93
        1
 44
0.0
173
     0
291
     0
 45
0.0
1001
ACAD
1000
AcDbSavedByObjectVersion
1070
     0
  0
VISUALSTYLE
  5
1F1
102
{ACAD_XDICTIONARY
360
2B0
102
}
102
{ACAD_REACTORS
330
EF
102
}
330
EF
100
AcDbVisualStyle
  2
X-Ray
 70
    25
 71
     2
 72
     2
 73
     1
 90
        1
 40
0.5
 41
-30.0
 62
     5
 63
     7
421
 16777215
 74
     1
 91
        0
 64
     7
 65
   257
 75
     1
175
     1
 42
1.0
 92
        8
 66
     7
 43
1.0
 76
     1
 77
     6
 78
     2
 67
     7
 79
     3
170
     0
171
     0
290
     0
174
     0
 93
       13
 44
0.0
173
     0
291
     0
 45
0.0
1001
ACAD
1000
AcDbSavedByObjectVersion
1070
     0
  0
DICTIONARYVAR
  5
146
102
{ACAD_REACTORS
330
5E
102
}
330
5E
100
DictionaryVariables
280
     0
  1
1:1
  0
DICTIONARYVAR
  5
259
102
{ACAD_REACTORS
330
5E
102
}
330
5E
100
DictionaryVariables
280
     0
  1
3.500000
  0
DICTIONARYVAR
  5
25A
102
{ACAD_REACTORS
330
5E
102
}
330
5E
100
DictionaryVariables
280
     0
  1
acadiso.lin
  0
DICTIONARYVAR
  5
145
102
{ACAD_REACTORS
330
5E
102
}
330
5E
100
DictionaryVariables
280
     0
  1
STANDARD
  0
DICTIONARYVAR
  5
84
102
{ACAD_REACTORS
330
5E
102
}
330
5E
100
DictionaryVariables
280
     0
  1
STANDARD
  0
DICTIONARYVAR
  5
227
102
{ACAD_REACTORS
330
5E
102
}
330
5E
100
DictionaryVariables
280
     0
  1
Metric50
  0
DICTIONARYVAR
  5
228
102
{ACAD_REACTORS
330
5E
102
}
330
5E
100
DictionaryVariables
280
     0
  1
Metric50
  0
DICTIONARYVAR
  5
5F
102
{ACAD_REACTORS
330
5E
102
}
330
5E
100
DictionaryVariables
280
     0
  1
2
  0
DICTIONARYVAR
  5
63
102
{ACAD_REACTORS
330
5E
102
}
330
5E
100
DictionaryVariables
280
     0
  1
1
  0
DICTIONARYVAR
  5
1AE
102
{ACAD_REACTORS
330
5E
102
}
330
5E
100
DictionaryVariables
280
     0
  1
0
  0
DICTIONARYVAR
  5
1AF
102
{ACAD_REACTORS
330
5E
102
}
330
5E
100
DictionaryVariables
280
     0
  1
0
  0
DICTIONARYVAR
  5
27B
102
{ACAD_REACTORS
330
5E
102
}
330
5E
100
DictionaryVariables
280
     0
  1
2
  0
DICTIONARY
  5
285
102
{ACAD_REACTORS
330
283
102
}
330
283
100
AcDbDictionary
281
     1
  0
DICTIONARY
  5
284
102
{ACAD_REACTORS
330
283
102
}
330
283
100
AcDbDictionary
281
     1
  3
1923465580128
350
27E
  3
1923465580144
350
27F
  3
1923465580160
350
280
  3
1923465580176
350
281
  3
1923465580192
350
282
  0
DICTIONARY
  5
236
330
21C
100
AcDbDictionary
280
     1
281
     1
  3
ACAD_XREC_ROUNDTRIP
360
2B7
  0
DICTIONARY
  5
205
330
22
100
AcDbDictionary
280
     1
281
     1
  0
DICTIONARY
  5
1F9
330
ED
100
AcDbDictionary
280
     1
281
     1
  3
FBXASSET
360
1FA
  0
DICTIONARY
  5
1F7
330
EC
100
AcDbDictionary
280
     1
281
     1
  3
FBXASSET
360
1F8
  0
DICTIONARY
  5
173
330
EE
100
AcDbDictionary
280
     1
281
     1
  3
BUMPTILE
360
175
  3
DIFFUSETILE
360
174
  3
FBXASSET
360
1FB
  3
OPACITYTILE
360
176
  3
REFLECTIONTILE
360
177
  0
DICTIONARY
  5
234
330
21A
100
AcDbDictionary
280
     1
281
     1
  3
ACAD_XREC_ROUNDTRIP
360
2B6
  0
DICTIONARY
  5
162
330
7F
100
AcDbDictionary
280
     1
281
     1
  3
ACAD_ROUNDTRIP_2008_TABLESTYLE_CELLSTYLEMAP
360
27C
  0
DICTIONARY
  5
290
330
F5
100
AcDbDictionary
280
     1
281
     1
  3
ACAD_XREC_ROUNDTRIP
360
291
  0
DICTIONARY
  5
28E
330
F4
100
AcDbDictionary
280
     1
281
     1
  3
ACAD_XREC_ROUNDTRIP
360
28F
  0
DICTIONARY
  5
29C
330
FB
100
AcDbDictionary
280
     1
281
     1
  3
ACAD_XREC_ROUNDTRIP
360
29D
  0
DICTIONARY
  5
2A4
330
FF
100
AcDbDictionary
280
     1
281
     1
  3
ACAD_XREC_ROUNDTRIP
360
2A5
  0
DICTIONARY
  5
296
330
F8
100
AcDbDictionary
280
     1
281
     1
  3
ACAD_XREC_ROUNDTRIP
360
297
  0
DICTIONARY
  5
29A
330
FA
100
AcDbDictionary
280
     1
281
     1
  3
ACAD_XREC_ROUNDTRIP
360
29B
  0
DICTIONARY
  5
2AA
330
1E6
100
AcDbDictionary
280
     1
281
     1
  3
ACAD_XREC_ROUNDTRIP
360
2AB
  0
DICTIONARY
  5
2A2
330
FE
100
AcDbDictionary
280
     1
281
     1
  3
ACAD_XREC_ROUNDTRIP
360
2A3
  0
DICTIONARY
  5
286
330
F0
100
AcDbDictionary
280
     1
281
     1
  3
ACAD_XREC_ROUNDTRIP
360
287
  0
DICTIONARY
  5
288
330
F1
100
AcDbDictionary
280
     1
281
     1
  3
ACAD_XREC_ROUNDTRIP
360
289
  0
DICTIONARY
  5
28A
330
F2
100
AcDbDictionary
280
     1
281
     1
  3
ACAD_XREC_ROUNDTRIP
360
28B
  0
DICTIONARY
  5
28C
330
F3
100
AcDbDictionary
280
     1
281
     1
  3
ACAD_XREC_ROUNDTRIP
360
28D
  0
DICTIONARY
  5
294
330
F7
100
AcDbDictionary
280
     1
281
     1
  3
ACAD_XREC_ROUNDTRIP
360
295
  0
DICTIONARY
  5
2A6
330
1E4
100
AcDbDictionary
280
     1
281
     1
  3
ACAD_XREC_ROUNDTRIP
360
2A7
  0
DICTIONARY
  5
2A0
330
FD
100
AcDbDictionary
280
     1
281
     1
  3
ACAD_XREC_ROUNDTRIP
360
2A1
  0
DICTIONARY
  5
2A8
330
1E5
100
AcDbDictionary
280
     1
281
     1
  3
ACAD_XREC_ROUNDTRIP
360
2A9
  0
DICTIONARY
  5
298
330
F9
100
AcDbDictionary
280
     1
281
     1
  3
ACAD_XREC_ROUNDTRIP
360
299
  0
DICTIONARY
  5
2B4
330
1F3
100
AcDbDictionary
280
     1
281
     1
  3
ACAD_XREC_ROUNDTRIP
360
2B5
  0
DICTIONARY
  5
2B2
330
1F2
100
AcDbDictionary
280
     1
281
     1
  3
ACAD_XREC_ROUNDTRIP
360
2B3
  0
DICTIONARY
  5
2AC
330
1EF
100
AcDbDictionary
280
     1
281
     1
  3
ACAD_XREC_ROUNDTRIP
360
2AD
  0
DICTIONARY
  5
2AE
330
1F0
100
AcDbDictionary
280
     1
281
     1
  3
ACAD_XREC_ROUNDTRIP
360
2AF
  0
DICTIONARY
  5
29E
330
FC
100
AcDbDictionary
280
     1
281
     1
  3
ACAD_XREC_ROUNDTRIP
360
29F
  0
DICTIONARY
  5
292
330
F6
100
AcDbDictionary
280
     1
281
     1
  3
ACAD_XREC_ROUNDTRIP
360
293
  0
DICTIONARY
  5
2B0
330
1F1
100
AcDbDictionary
280
     1
281
     1
  3
ACAD_XREC_ROUNDTRIP
360
2B1
  0
XRECORD
  5
27E
102
{ACAD_REACTORS
330
284
102
}
330
284
100
AcDbXrecord
280
     1
  1
AcDb_Thumbnail_Schema
102
{ATTRRECORD
341
27F
  2
AcDbDs::TreatedAsObjectData
280
     1
291
     1
102
ATTRRECORD}
102
{ATTRRECORD
341
280
  2
AcDbDs::Legacy
280
     1
291
     1
102
ATTRRECORD}
  2
AcDbDs::ID
280
    10
 91
        8
102
{ATTRRECORD
341
281
  2
AcDs:Indexable
280
     1
291
     1
102
ATTRRECORD}
102
{ATTRRECORD
341
282
  2
AcDbDs::HandleAttribute
280
     7
282
     1
102
ATTRRECORD}
  2
Thumbnail_Data
280
    15
 91
        0
  0
XRECORD
  5
27F
102
{ACAD_REACTORS
330
284
102
}
330
284
100
AcDbXrecord
280
     1
  1
AcDbDs::TreatedAsObjectDataSchema
  2
AcDbDs::TreatedAsObjectData
280
     1
 91
        0
  0
XRECORD
  5
280
102
{ACAD_REACTORS
330
284
102
}
330
284
100
AcDbXrecord
280
     1
  1
AcDbDs::LegacySchema
  2
AcDbDs::Legacy
280
     1
 91
        0
  0
XRECORD
  5
281
102
{ACAD_REACTORS
330
284
102
}
330
284
100
AcDbXrecord
280
     1
  1
AcDbDs::IndexedPropertySchema
  2
AcDs:Indexable
280
     1
 91
        0
  0
XRECORD
  5
282
102
{ACAD_REACTORS
330
284
102
}
330
284
100
AcDbXrecord
280
     1
  1
AcDbDs::HandleAttributeSchema
  2
AcDbDs::HandleAttribute
280
     7
 91
        1
284
     1
  0
XRECORD
  5
2B7
102
{ACAD_REACTORS
330
236
102
}
330
236
100
AcDbXrecord
280
     1
102
DISPLAYNAME
  1
Metric50
102
FLAGS
 90
        0
  0
XRECORD
  5
1FA
102
{ACAD_REACTORS
330
1F9
102
}
330
1F9
100
AcDbXrecord
280
     1
 70
     1
 90
429727718
  1
D62C5603-E3A1-4AEA-B7FB-FE5D8D0755AF
310
504B03040A0000080000CC70623B3DEE336E79000000790000001B0000006175746F6465736B2D64657369676E2D7061636B6167652E786D6C3C3F786D6C2076657273696F6E3D22312E302220656E636F64696E673D227574662D3822203F3E3C666F726D6174733E3C666F726D61743E687474703A2F2F736368656D612E
310
6175746F6465736B2E636F6D2F64657369676E2D7061636B6167652F323030393C2F666F726D61743E3C2F666F726D6174733E504B0304140006080800CC70623BD486FD9CA0000000F4000000130000005B436F6E74656E745F54797065735D2E786D6C7D8EC10E82300C865F65E91D8A1E8C310C0EEA1BF002731658846E
310
D98AC1B77784ABF1D8FE5FBFBF75BBCE937A534CCEB38643598122B6FEE978D0B0485F9C41B54DDD7D022595594E1A469170414C76A4D9A4D207E29CF43ECE46F218070CC6BECC4078ACAA135ACF422C856C0E68EA1BF5669944DDD7BCDE7B1F8E415D77AECB980613C2E4AC91FC167A2B244592486606FC29C8FD7F045B9A
310
EF7053A7E60B504B0304140006080800CC70623B853B8169EB0000007C01000008000000636F72652E786D6C8D90416EC3201045AF62CDB6C206821CC7C244919D9CA01740401C94182C03558F5F9C3852BBEB6A467FFE9B197D7EFC9E1EC5975982F5AE035262288C535E5B377690E21535501C055FBC8FBF6C503839990E
310
5619041F179FE64D52DE45E362569DD7661365082642A11EB9E920A89B99642953CC8E702F67A9EE7234257977194EC9EAE275C4EABCCF5EAD5940D4AC6F0E35A568B8F43562CD7046CD199FD07E60174276A7BE677B5EADB0E0D14EEFFB6A31321A0D82627C4084204C3F096B71DD52F6819B16635EADF63F509AF53FA164
310
5DDCD1EDDD17164090FCC8732078B56691CB33A85CD7DCC40F504B0304140006080800CC70623B55019EA25F0000007C00000007000000636E782E786D6C4DCB3B0E80201045D1AD90E915ED2CF8AC45050C11660C8261F98AB1B07AC9C97D42D718D865D3E909258CFD00CCE24AC6E326A164D74DC0B4128928FF32603847
310
2BA13128B1252AC747C6BAB984FC68F0B87FE8960A5C09FE86CFB69FBA01504B0304140006080800CC70623BDBABAAF470010000D40300000C0000006662782F636F72652E786D6CC553D16E823014FD95A6AF4B694182CC941A83FA05FB810A9511A125A5257EFE2E82712ECEB8A7F100CD39F7F69E734AF9FADC366850B6
310
AF8DCE7018308C942E4C59EB2AC3DE1D498AD15A706B8CFB56869196ADCAF00863C12B6B7C374385D14E6907A836A59A41D9F7CA615434B0C8705F7CAA5606D23BA8E84F41278B93AC54100640439DE0BDB320004D43C63716C7C399D30917DCFBBA9CD9BA8469F5B156168B24CED3F7248AC8769F27244EB73B92EED8862C
310
B7F13E0C179B3C8F979C8ECD82BBBABDAA2BAC924E9558448CBD9330242CFA08E3154B5651FCC6D215639C8EE5774DBE2B5F6CF2B5768B68963BB5F5588420E442FC700B1139D4CB01F450C1E918227C2E09DF070D8140C84E1E9AAB8F1340832A9CB13130A5F1376A908D57309505ECF2A0DF179C4E9D30F5B239B87E3823
310
7A79C6F31DE1A8A5AEC08474B03C7837EAE4938639B44E5932B833D2C6B6B279CDC613877FA26EE21F4A2A4C63EC7F29A2F301D1F9F7A0E37D145F504B0304140006080800CC70623B9C113CC27E0000009D0000000B0000006662782F636E782E786D6C4DCCDF0A83201C86E15B91DFB94BFB330DD428C8FB886521330DA7
310
6397BF1A1DECE883878F57749FCDA1B7892F1BBC047A23808C7F84D9FA55424E0BE6803A256208E9EF06C84F9B91703228B1C690F78B66B34CD9A5439DF5CF0BFBF65E35BCA1B8D6A5C6F540381E886698B5741C695F9503EBA150A2F8958E3DC3EA0B504B0304140006080800CC70623B7DF2F77C2A010000120200003100
310
00006662782F41393633353835312D344632462D344230382D423046372D3739314545314133324237412F636F72652E786D6C8D51DB8EC22014FC15C2939B0D2DB4B45643319AE817EC0F6041255A68B86CFCFC856D4D76DF7CE190393373060EDB3DC707F856CE6B6B7A480A0C81328395DA5C7B18C3057510EC3873D686
310
3F34088C18550F330C39BB3A1BA7051AAC09CA84841A2BD5020AEF55806078A44B0FFD7053A328440C89E1EFC52486BBB8AA8214A99D789CF9E05200300FC927E4FB4D5B375D43103D5527440FB843077C5AA3F5861C8F645F5787F59E95B390B318B55CE45AA638FAA2957BD7248B390B7A7CC51F9C124149C82B8C378810
310
84AB2F42B7B8DD56F413775B8C5999E9FF4471926F8AA236A1AE96B8B3CC434E5839373893369E1FAF30EA395917409EB7F26AF8801C171837A4A6AC9C89E9F9C9B1A58BA30FD6A5EF5DDDCF894B9AD9B6A59C957943A9FCAE2FD5BC4DFE03504B0304140006080800CC70623BAD7543B64E01000033030000300000006662
310
782F41393633353835312D344632462D344230382D423046372D3739314545314133324237412F636E782E786D6CD593CD6EC32010845F0571AD6CE3D48AD20813A9873E410FBD12D82434182C7EAAE6EDBB2424CD25871E7B41D6EC30B3FA84F9E67BB2E40B4234DE8DB46F1925E094D7C6ED479AD3AE5951B2113C789FEE
310
6C943839C1488B4C05DF079FE72A69D8C96C13AAD6B8631503449F83828872B949AC57D26200B826A308D316B4064D6E46FCDA41C05550DC9E483A00797BFD207EFB092A45DE9514C1BBD22178396BD39D891265658C238DEA00936C654E5E433CB65A26D9F6EDB5EBC14EBF49A45CB856E66048291F6939A9A81BB5C89177
310
38143CA680F4AA299D66A042CEB3354A2684DC9D8D178FE0D9B8B41CAAD720F880EE7EF93C0C18769E099ECC04D5A102C8049A8A05632F4DDF376CF1DE0F6BB65C2F8627B65A33C6BB62177CEBBDAD973006829F89F22E814B54F4BC2BE347F8AA8F681390B50FA73F804400B5F542E796F19FF974E7F78DB802FE05E20750
310
4B0304140006080800CC70623BE75B7789680500003C100000340000006662782F41393633353835312D344632462D344230382D423046372D3739314545314133324237412F6F626A656374732E786D6CAD575B8F9B3818FD2B887D06C22499CB8AA1CA655245D5B455A356FB305264C061D8018C6C3393D95FBFC7600890
310
A4CD5EF210B0B1BFEBF98E3F7B1FF6596ABC522E1296DF9BAE3D320D9A872C4AF2F8DE2CE5CEBA358D0FBEC719939D65A691938CDE9B6ADAF4BD98B3B2D05311DD91329583D9D5FC0F438434A7A611A644887B5384CF34233629258BA878B12322891DEFF6B66BD70BFB62634E8AE781D082709A4B588AF91C528CDA28B73F
310
1C998EEF39EABBEFA97FBD6A7C7E9553F9D3D79FE442923C3C523610337627CB87ABE99D359D4CC6D6E4FACAB5E6ABF9D2726FC6A3C5F56271377BB88362213924694B38DD99FE47C48627A1E7D49F5A8BB5E1A74C0A599ED3B0F21F1E56366B89112D681E218F0915D0D6F17AD41FBA2A369DCF6335D62ABBD39779D5DDD1
310
11D4D8DE3CBB96B2E04FB8202E41051754A1AA8E8F76B4C6DFE810B580B1547F4B84911149794252234D024EF8BBE963A95AE27B3D310A9D5C215C7960FAEE415ED75694C6AFB17BCACA5D99A60A9AA65F217B0BFC53292ACB92BF283FAD0D3621576592CB5BED907C2FA8E9DF794E35E97BEA31BED21FEB401ABB94C44839
310
DCACBF0E1C5DA8DA5B2F4DFFD32AD86F543D9E565E7056502E157C00AD2671CD534549AB752FCA9CDA00677A313F04E51B22FF19E57B300579E3C97EB29F682D92935CEC18CF901B7B54FD8C51F362B56FC72FE0B3C1EAE335EDCCBF5AEC39ADB17DC238973F804BA5E6F6BFE7AF1FB32E523BE9F3BD571418E3631DCA4D48
310
5250CF639223210A9446CA30052EDF057BD35F8329C1ECD84552BF0DC8D18BE7BCE23BFE6BD960AB4A7DE79923A103BEBD80F911CBAA2C60DB19B01CF164A5583B772EE6D3FFA56666CBCDA74DC97724A48F9A58967497E489C4D979006FD7A05E227A1EBDD0F737C623387A9C844D3709995625106D157315F8B8392CD4E0
310
A0B9A720C4BE9829CEF37EA1E13111214D53925356365ADA634861B52519DD27A00AEB808EAF0628E6F435519D446F45CF2C9CF5214F0A15B2F6D06B79DA3EE3CBF7F56780D2F4E7EF73A0F5E5B02A38D07DC852C6B7C1FBB6664213E0C39E3EBA7FF4E1AD23EA2829407C85E586727488B751B2DB9502BC7B228A3FD68B6E
310
A65A22397E690AA8D158D7E404EC8CDA235CC3B7D1898680131CEC2CDF2638C65196279577750F15884AEE19F94199155B92B13297978469D4F8D358DF0AEF7631E28DC8F0D9F437D5D39A83B2231A1D52D543813A824EF8D44BCFF2FA6A31BD1E8DAD87F1CCB526B3879935BF59CDADD5C37479BB1CDD4CA7B3556B516589
310
EF352754B706114D9C885EC9131DE6EFEB43D99AFE2391C2F958179413D7CFEF6B1B6DB1E7600F00DE6E5C67454A339A4BA2E0FBA85ED26F045D454F463DBFCE484C2F90F2E5E3666003662ED8F755951A7D1BECD5B30B550B2785C8E7320B7292A4838DDA71BBC863ED7613CAF659337A3354231D4FF4A182A54904C2898C
310
98B28C4AD0CE056CCF332A80986E571EE9DBC305BB5FEB7E509220A58D25CF042D712A806AC0AD0C657FDEF80D2D9CEAA2EE4D1C76F60BFE74219A06527D6F82DF6412526107381E55E353090704D085B52408A8913C4ED159D79BDA71BB4BC506F4831350EB6F975CD22D69BF7AC49B91A2C0A9DDA3D5CA36AD20FC478E37
310
E61844E2352865EBCB61A275A65283CAAA9DD27703B4102F5AF51EF5F573B75CBB5AD38BC845F7A49F82A0966A49C2E3EA5EA0ECD326CD965F1DB402C6FA8B51A4658C5C5E2EC9E214602E55810345408596591009A82E7E7FFACA19EEA299B14A0081A705CB3296EBC14CDF658DCD336EA6D1136881AAEB87B81AB9EE53D5
310
F5EB8BC8362082DA24122F98680A4E7930C01A0079749CEA14382A0783E5EBA5A10F8C098456A03D6A4AEB6BB881E2513747552A5DB22C7EDAF83BD5528081A365F7FF06504B0304140006080000CC70623B000000000000000000000000350000006662782F41393633353835312D344632462D344230382D423046372D37
310
39314545314133324237412F76657274696365732E62696E504B0304140006080800CC70623BF270F1330600000004000000360000006662782F41393633353835312D344632462D344230382D423046372D3739314545314133324237412F747269616E676C65732E62696E636660600000504B0304140006080000CC7062
310
3B000000000000000000000000370000006662782F41393633353835312D344632462D344230382D423046372D3739314545314133324237412F617474726962757465732E62696E504B0304140006080800CC70623B08DA0BD19000000041010000360000006662782F41393633353835312D344632462D344230382D4230
310
46372D3739314545314133324237412F6469726563746F72792E786D6C858F410AC3201045AF22B36F53E9A60B35CBEEBAE80D244E44489C6234F4F835464A48035D0DF398FF9F8AF63D0E6CC63039F212F8F9020C7D47C6792B21C5FE7403D62A1188E2E60C98D7234A5830286103A55745067B9D86B8A3CF9C7F90C11DE6
310
07FB144396D7B6A82D282E9A152AD114D5EF2CB866EEE831B8EEA07A7BB5A8D7D61A2BAAEB7FD5F70921FF497D00504B0304140006080800CC70623BEDD1DC58FD000000A00100003B0000006662782F41393633353835312D344632462D344230382D423046372D3739314545314133324237412F7265736F75726365732F
310
636F72652E786D6C8D504B6E833010BD0A9A6D65B00922041947112427E8052C33A156828DFCA97AFC9A40A576D7CDCCE87D344F8F9FBFE667F689CE6B6B3A6039850C8DB2A336530731DC4903D95970676DF82583CCC8193B5861107C72362E3BA4AC096842428D1D7107A5F7182053CF7474E0D507CE32973124857FE48B
310
540F3961CEF244279DE03EB81420DB9EAC1384436FA353E879B1B182C7A8C75DA3C7F453DF353A1075D537A7BA6464B8F535A99AE14A9A2BBD90E350DD183B5CFABE3AF262350B1EF4FC9351399401471025A527C218A1E53BAB5A5AB765F5469B96525EACF23FA6B88CFF34456DC2A1DCE36E360F82A5202F42F062ED2BAD
310
579969AFDD8A6F504B010214000A0000080000CC70623B3DEE336E79000000790000001B00000000000000000000000000000000006175746F6465736B2D64657369676E2D7061636B6167652E786D6C504B01021400140006080800CC70623BD486FD9CA0000000F40000001300000000000000000000000000B20000005B
310
436F6E74656E745F54797065735D2E786D6C504B01021400140006080800CC70623B853B8169EB0000007C010000080000000000000000000000000083010000636F72652E786D6C504B01021400140006080800CC70623B55019EA25F0000007C000000070000000000000000000000000094020000636E782E786D6C504B
310
01021400140006080800CC70623BDBABAAF470010000D40300000C00000000000000000000000000180300006662782F636F72652E786D6C504B01021400140006080800CC70623B9C113CC27E0000009D0000000B00000000000000000000000000B20400006662782F636E782E786D6C504B01021400140006080800CC70
310
623B7DF2F77C2A010000120200003100000000000000000000000000590500006662782F41393633353835312D344632462D344230382D423046372D3739314545314133324237412F636F72652E786D6C504B01021400140006080800CC70623BAD7543B64E010000330300003000000000000000000000000000D2060000
310
6662782F41393633353835312D344632462D344230382D423046372D3739314545314133324237412F636E782E786D6C504B01021400140006080800CC70623BE75B7789680500003C10000034000000000000000000000000006E0800006662782F41393633353835312D344632462D344230382D423046372D3739314545
310
314133324237412F6F626A656374732E786D6C504B01021400140006080000CC70623B0000000000000000000000003500000000000000000000000000280E00006662782F41393633353835312D344632462D344230382D423046372D3739314545314133324237412F76657274696365732E62696E504B01021400140006
310
080800CC70623BF270F133060000000400000036000000000000000000000000007B0E00006662782F41393633353835312D344632462D344230382D423046372D3739314545314133324237412F747269616E676C65732E62696E504B01021400140006080000CC70623B0000000000000000000000003700000000000000
310
000000000000D50E00006662782F41393633353835312D344632462D344230382D423046372D3739314545314133324237412F617474726962757465732E62696E504B01021400140006080800CC70623B08DA0BD1900000004101000036000000000000000000000000002A0F00006662782F41393633353835312D344632
310
462D344230382D423046372D3739314545314133324237412F6469726563746F72792E786D6C504B01021400140006080800CC70623BEDD1DC58FD000000A00100003B000000000000000000000000000E1000006662782F41393633353835312D344632462D344230382D423046372D3739314545314133324237412F7265
310
736F75726365732F636F72652E786D6C504B0506000000000E000E0080040000641100000000
  0
XRECORD
  5
1F8
102
{ACAD_REACTORS
330
1F7
102
}
330
1F7
100
AcDbXrecord
280
     1
 70
     1
 90
429727718
  1
30362254-06B7-45E0-A893-8CFA70E3D6BC
310
504B03040A0000080000CC70623B3DEE336E79000000790000001B0000006175746F6465736B2D64657369676E2D7061636B6167652E786D6C3C3F786D6C2076657273696F6E3D22312E302220656E636F64696E673D227574662D3822203F3E3C666F726D6174733E3C666F726D61743E687474703A2F2F736368656D612E
310
6175746F6465736B2E636F6D2F64657369676E2D7061636B6167652F323030393C2F666F726D61743E3C2F666F726D6174733E504B0304140006080800CC70623BD486FD9CA0000000F4000000130000005B436F6E74656E745F54797065735D2E786D6C7D8EC10E82300C865F65E91D8A1E8C310C0EEA1BF002731658846E
310
D98AC1B77784ABF1D8FE5FBFBF75BBCE937A534CCEB38643598122B6FEE978D0B0485F9C41B54DDD7D022595594E1A469170414C76A4D9A4D207E29CF43ECE46F218070CC6BECC4078ACAA135ACF422C856C0E68EA1BF5669944DDD7BCDE7B1F8E415D77AECB980613C2E4AC91FC167A2B244592486606FC29C8FD7F045B9A
310
EF7053A7E60B504B0304140006080800CC70623B1EC5D7A3EB0000007C01000008000000636F72652E786D6C8D90416EC3201045AF82665B6103C6756C6122AB4D4ED00B204C5C94182C03558F5F9C3852BBEB6A467FFE9B197D71FC9E6FE8CBACC17AD7032D0820E3B41FAD9B7A48F1820F808E52ACDEC75F36404ECDA687
310
4D0629A6D5A76597B477D1B89855E747B38B2A041301E95B6E7A08FAD3CCAA50296647B8168BD2573599823EBB0CA76447F43862C7BCCF5EAC59410E4DDD9C7973C2755553CCCFA4C603E3040F1565ED3B1FDE4E432BCA0D9622DAF9795FAF464533826484B498524CD807E51D79ED187F21878E10516EF63F505AC67F42C9
310
BA58B1FDDD071640D2FCC87D2045B96591CB3DA85CB7DCE40F504B0304140006080800CC70623B55019EA25F0000007C00000007000000636E782E786D6C4DCB3B0E80201045D1AD90E915ED2CF8AC45050C11660C8261F98AB1B07AC9C97D42D718D865D3E909258CFD00CCE24AC6E326A164D74DC0B4128928FF32603847
310
2BA13128B1252AC747C6BAB984FC68F0B87FE8960A5C09FE86CFB69FBA01504B0304140006080800CC70623B8C9102E971010000D40300000C0000006662782F636F72652E786D6CC5535B6E833010BC8AE5DF0A6C08340F1947A84D4ED00B38C6A128602363A31CBFCB234A53A551FA553EC09AD9F5CE8C31DB9E9B1AF5CA
310
7695D1198E428A91D2D214952E33ECDD315861B4E5CC1AE3BE9561A445A3323CC098B3D21ADFCE9034DA29ED00D5A6503328BA4E398C640D8B0C77F253352214DE4145770A5B214FA2546114020D759C75CE8200340D19DE981F0F6746269C33EFAB6266AB02A655C74A59CCF365BADC27CB5D902ED22848F6340DF238A141
310
BE88E2F57B92BFEDF23523433367AE6A2EEAA455C2A902F398D2751045018D3FA264435F3771F242571B4A1919CA6F9A7C5B3CD9E42BED16F12C776AEB308F40C848FC700B1139D4891EF410CEC810227CC6846F8386402064270EF5C5C709A05E49676C024C61FC95EA45ED154CA5211D1FF4FB8291A913A68E9B83EBBB33
310
E2A7673CDE118E5AE8124C0807CB8377834E366998436B950D7A7746DAD846D4CFD978E0F04FD455FC5D49D2D4C6FE9722321F10997F0F32DC47FE05504B0304140006080800CC70623BFFEA85907E0000009D0000000B0000006662782F636E782E786D6C4DCCD10A83201886E15B91FFDC95D95A811AB6F23E625948A6C3
310
E9D8E5AF46073BFAE0E1E365ED67B3E8ADC3CB78C7815C7240DA3DFC64DCC221C519D7805AC182F7F1EF06C88D9BE6703008B6049F9E274D7A1E938DBB5AE3D6131B2589BA0D3D965551E0B2EA732C9B9A624AAEB41E3A557677029960D9AFB4EF11165F504B0304140006080800CC70623B4FEEA4082C0100001202000031
310
0000006662782F39464131463745442D413632322D343644302D413938332D3331353338454246344243312F636F72652E786D6C8D515B6EC32010BC0AE2AB55850DD871ED0813254D72825EC00192A2C460F1A872FC42ED48ED5F7E00CDCECCCEB26C731F6FE05B39AFADE921293004CA082BB5B9F43086336A21D870E6AC
310
0D7F68109861543DCC30E4ECE26C9C164858139409093556AA051CBC570102714B8F1E7AF1A5C6A11862480C7F2DA6415C878B2A4891CA89C7990F2E050073937C42DE1DB7E4F87ED8A36D4329AA9B3D46DBAEAD504556557BD81DEBDD0761E52CE42C462D17B996298E3E6BE59E35C962CE821E1FF18553435012728A7187
310
0841987E927A8D9B35ADDF70BBC6989599FE4F1427F9A4286A132ABAC49D651EF234CD5CE04CDA78BA3DC2A8FB645D00B9DF8B57E215725C60BCA2A463E54C4CE327C7A65E1C7DB02E7DEFCBF594B864C5CA6CDBD49C957943E9FA5D5FBAF336F90F504B0304140006080800CC70623BAD7543B64E01000033030000300000
310
006662782F39464131463745442D413632322D343644302D413938332D3331353338454246344243312F636E782E786D6CD593CD6EC32010845F0571AD6CE3D48AD20813A9873E410FBD12D82434182C7EAAE6EDBB2424CD25871E7B41D6EC30B3FA84F9E67BB2E40B4234DE8DB46F1925E094D7C6ED479AD3AE5951B2113C
310
789FEE6C943839C1488B4C05DF079FE72A69D8C96C13AAD6B8631503449F83828872B949AC57D26200B826A308D316B4064D6E46FCDA41C05550DC9E483A00797BFD207EFB092A45DE9514C1BBD22178396BD39D891265658C238DEA00936C654E5E433CB65A26D9F6EDB5EBC14EBF49A45CB856E66048291F6939A9A81BB5
310
C8917738143CA680F4AA299D66A042CEB3354A2684DC9D8D178FE0D9B8B41CAAD720F880EE7EF93C0C18769E099ECC04D5A102C8049A8A05632F4DDF376CF1DE0F6BB65C2F8627B65A33C6BB62177CEBBDAD973006829F89F22E814B54F4BC2BE347F8AA8F681390B50FA73F804400B5F542E796F19FF974E7F78DB802FE05
310
E207504B0304140006080800CC70623B16AB87BA640500003C100000340000006662782F39464131463745442D413632322D343644302D413938332D3331353338454246344243312F6F626A656374732E786D6CAD575B6FA33818FD2B887DE6924B3BED8A326A92B68A663B534DD4D13E548A0C38942D60649B369D5FBFC7
310
600890A493BDE42160637FD7F31D7FF63E6FB3D478A55C242CBF3247B66B1A340F5994E4F19559CA8D75611A9F7D8F33263BCB4C232719BD32D5B4E97B316765A1A722BA21652A07B3B7B33F0D11D29C9A46981221AE4C113ED38CD8A4942CA2E2C58E882476BCD9DA23BB5ED8171B73523C0F841684D35CC252CCE79062D4
310
468DFA43D7747CCF51DF7D4FFDEB5593E3AB9CCA9FBEFE241792E4E19EB28198C968BAB8199F5D5A67D3E9C49A9E8F47D6EC76B6B0469F26EEFC7C3EBFBCBEB98462213924694B38DD98FE1D62C393D073EA4FADC5DAF04326852CCF6958F90F0F2B9BB5C48816348F90C7840A68EB78EDF68723159BCEE7891A6B95DDE9D3
310
BCEAEEE8086A6C6F9E5D4B59F0175C10A7A0820BAA5055C7473B5AE3CFDD452D602CD5DF12616444529E90D448938013FE6EFA58AA96F85E4F8C42275708571E98FE6827AF6B2B4AE3D7D83D64E5A64C53054DD3AF90BD06FEA9149565C94FCA0F6B834DC85599E4F2423B24DF0B6AFA979E534DFA9E7A4CC6FA631D486393
310
921829879BF5D781A373557BCB85E97FB90DB62B558F8795179C15944B051F40AB495CF35451D26A4727654E6D8033BD98EF82F21D91FF8AF2DD9982BCF1643BDD4EB516C9492E368C67C88DED563FC36D5EACF66DFF057C3658BDBFA69DF9578B3DA735B64F18C7F20770A9D45CFCF7FCF563D6456A277DBEF78A02637CA2
310
43B90A490AEAB94F72244481D24819A6C0E59B606BFA4B3025981DBB48EAB701D97BF19C577CC77F2D1B6C55A9EF3C732474C0B727303F625995056C3B02963D9EAC146BE78EC5FCEC7FA999EBC5EACBAAE41B12D27B4D2C0BBA49F244E2ECDC81B76B502F113D8F5EE8FB1BE3111CDD4FC2AA9B844CAB1288B68AB90A7CDC
310
1C166AB0D3DC5310625FCC14E779BFD0709F8890A629C9292B1B2DED31A4B0DA928CEE135085754027E3018A397D4D5427D15BD1330B677DC8934285AC3DF45A9EB68FF8F2B8FC0A509AFEECFD0FF2DE25CC6047F7214B195F07EFEB9A094D800F7BFAE8FED187B78EA8A3A400F115961BCAD1215E47C966530AF0EE8128FE
310
58CEBB996A8964FFA529A046635D9353B0336A8F700DDF46271A024E70B0B37C9DE01847591E54DED53D54202AB947E4076556AC49C6CA5C9E1226B7F1A7B1BE15DEED62C41B91E1B3E9AFAAA735036547343A925075041DF0A9979E893B391F8FCFA6967B3EFB644DCF6E5CEBFAE272625DCC6FAF3FB93793C5F90CE1EF57
310
407342756B10D1C489E8953CD1617E5CEECAD6F4EF8914CE5D5D504E5C3F1F9736DA62CFC11E00BCDDB8CC8A9466349744C1F75EBDA4DF09BA8A9E8C7A7E9991989E20E5DBDD6A6003664ED8F7A04A8DBE0DF6EAD9B9AA858342E47399053949D2C146EDB85DE4B176BB0965FBAC19BD19AA918E27FA50C1D22402E144464C
310
59462568E704B6E71915404CB72B8FF4EDE184DDAF753F284990D2C6926782963815403548A70C657FDEF80D2D9CEAA2AE4C1C76F60BFE74219A06527D6582DF6412526107381E55E353090704D085B52408D0933C4ED159D79BDA71BB4BC506F4831350EB6F979CD22D69BF7AC49B91A2C0A9DDA3D5CA36AD20FC478E37E6
310
1844E2352865EBCB6EA275A652E3836BE04EFB400BF1A2556F515F1FBB35B2AB35BD889C744FFA1004B5544B121E57F70215746DD2F5E2C1412B602CBF19455AC6C8E5E9922C4E01E65215385004546899059180EAFCF7A707CE7017CD8CDB0410789AB32C63B91E5CEBBBACB17AC6CD347A022D5075FD106377347AAABA7E
310
7D11590744509B44E205134DC1290F06580320F78E537D3D73540E06CB970B431F185308AD40BBD794D6D77003C5A36E8EAA54BA64597CD8F83BD552A080A365F7FF06504B0304140006080000CC70623B000000000000000000000000350000006662782F39464131463745442D413632322D343644302D413938332D3331
310
353338454246344243312F76657274696365732E62696E504B0304140006080800CC70623BF270F1330600000004000000360000006662782F39464131463745442D413632322D343644302D413938332D3331353338454246344243312F747269616E676C65732E62696E636660600000504B0304140006080000CC70623B
310
000000000000000000000000370000006662782F39464131463745442D413632322D343644302D413938332D3331353338454246344243312F617474726962757465732E62696E504B0304140006080800CC70623B08DA0BD19000000041010000360000006662782F39464131463745442D413632322D343644302D413938
310
332D3331353338454246344243312F6469726563746F72792E786D6C858F410AC3201045AF22B36F53E9A60B35CBEEBAE80D244E44489C6234F4F835464A48035D0DF398FF9F8AF63D0E6CC63039F212F8F9020C7D47C6792B21C5FE7403D62A1188E2E60C98D7234A5830286103A55745067B9D86B8A3CF9C7F90C11DE607
310
FB144396D7B6A82D282E9A152AD114D5EF2CB866EEE831B8EEA07A7BB5A8D7D61A2BAAEB7FD5F70921FF497D00504B0304140006080800CC70623B0D6EF93BFE000000A00100003B0000006662782F39464131463745442D413632322D343644302D413938332D3331353338454246344243312F7265736F75726365732F63
310
6F72652E786D6C8D50596E833010BD0A9ADFCA60B334011947A8694ED00B586642AC041B79A97AFC9A40A5F6AF3F33A3B7689E1E3F7DCD8FEC139DD7D6F4C0720A191A65476DA61E62B892236427C19DB5E1970C322367EC618541F0C9D9B8EC90B226A009093576C41D94DE63804C3DD2D18357379C652E63480A7FCF17A9
310
EE72C29CE5894E3AC17D702940B63D59270887DE46A7D0F36263058F518FBB468FE9A7BE6A7420864373B8D4873369AA8691FA421B3294352543C5CAF65C0F6FEF43CB8BD52C78D0F34F46E550061C419494B6843142CB0F5677F4B52BEB177AEC28E5C52AFF638ACBF84F53D42654E51E77B379102C05791282176B5F693D
310
CB4C7BED567C03504B010214000A0000080000CC70623B3DEE336E79000000790000001B00000000000000000000000000000000006175746F6465736B2D64657369676E2D7061636B6167652E786D6C504B01021400140006080800CC70623BD486FD9CA0000000F40000001300000000000000000000000000B20000005B
310
436F6E74656E745F54797065735D2E786D6C504B01021400140006080800CC70623B1EC5D7A3EB0000007C010000080000000000000000000000000083010000636F72652E786D6C504B01021400140006080800CC70623B55019EA25F0000007C000000070000000000000000000000000094020000636E782E786D6C504B
310
01021400140006080800CC70623B8C9102E971010000D40300000C00000000000000000000000000180300006662782F636F72652E786D6C504B01021400140006080800CC70623BFFEA85907E0000009D0000000B00000000000000000000000000B30400006662782F636E782E786D6C504B01021400140006080800CC70
310
623B4FEEA4082C0100001202000031000000000000000000000000005A0500006662782F39464131463745442D413632322D343644302D413938332D3331353338454246344243312F636F72652E786D6C504B01021400140006080800CC70623BAD7543B64E010000330300003000000000000000000000000000D5060000
310
6662782F39464131463745442D413632322D343644302D413938332D3331353338454246344243312F636E782E786D6C504B01021400140006080800CC70623B16AB87BA640500003C1000003400000000000000000000000000710800006662782F39464131463745442D413632322D343644302D413938332D3331353338
310
454246344243312F6F626A656374732E786D6C504B01021400140006080000CC70623B0000000000000000000000003500000000000000000000000000270E00006662782F39464131463745442D413632322D343644302D413938332D3331353338454246344243312F76657274696365732E62696E504B01021400140006
310
080800CC70623BF270F133060000000400000036000000000000000000000000007A0E00006662782F39464131463745442D413632322D343644302D413938332D3331353338454246344243312F747269616E676C65732E62696E504B01021400140006080000CC70623B0000000000000000000000003700000000000000
310
000000000000D40E00006662782F39464131463745442D413632322D343644302D413938332D3331353338454246344243312F617474726962757465732E62696E504B01021400140006080800CC70623B08DA0BD190000000410100003600000000000000000000000000290F00006662782F39464131463745442D413632
310
322D343644302D413938332D3331353338454246344243312F6469726563746F72792E786D6C504B01021400140006080800CC70623B0D6EF93BFE000000A00100003B000000000000000000000000000D1000006662782F39464131463745442D413632322D343644302D413938332D3331353338454246344243312F7265
310
736F75726365732F636F72652E786D6C504B0506000000000E000E0080040000641100000000
  0
XRECORD
  5
175
102
{ACAD_REACTORS
330
173
102
}
330
173
100
AcDbXrecord
280
     1
270
     1
271
     1
  0
XRECORD
  5
174
102
{ACAD_REACTORS
330
173
102
}
330
173
100
AcDbXrecord
280
     1
270
     1
271
     1
  0
XRECORD
  5
1FB
102
{ACAD_REACTORS
330
173
102
}
330
173
100
AcDbXrecord
280
     1
 70
     0
 90
1673772943
  1
ECE7A1D2-D628-4531-984C-D00F80459256
310
504B03040A0000080000CC70623B3DEE336E79000000790000001B0000006175746F6465736B2D64657369676E2D7061636B6167652E786D6C3C3F786D6C2076657273696F6E3D22312E302220656E636F64696E673D227574662D3822203F3E3C666F726D6174733E3C666F726D61743E687474703A2F2F736368656D612E
310
6175746F6465736B2E636F6D2F64657369676E2D7061636B6167652F323030393C2F666F726D61743E3C2F666F726D6174733E504B0304140006080800CC70623BD486FD9CA0000000F4000000130000005B436F6E74656E745F54797065735D2E786D6C7D8EC10E82300C865F65E91D8A1E8C310C0EEA1BF002731658846E
310
D98AC1B77784ABF1D8FE5FBFBF75BBCE937A534CCEB38643598122B6FEE978D0B0485F9C41B54DDD7D022595594E1A469170414C76A4D9A4D207E29CF43ECE46F218070CC6BECC4078ACAA135ACF422C856C0E68EA1BF5669944DDD7BCDE7B1F8E415D77AECB980613C2E4AC91FC167A2B244592486606FC29C8FD7F045B9A
310
EF7053A7E60B504B0304140006080800CC70623BD9DDAED0EC0000007C01000008000000636F72652E786D6C8D90416EC3201045AF82665B61836D9CD8C2444DD39CA01740405C94182C03558F5F9C3852BBEB6A467FFE9B197D7EF89E6EE8CB2CC17A37002D0820E394D7D68D03A478C17B4007C117EFE32F1B20272733C0
310
2A83E0E3E2D3BC49CABB685CCCAAF3DA6CA20CC14440EA969B0182FA34932C648AD911AEC52CD5558EA6A0CF2EC329598D1E47ACCEFBECC59A050463A7EA5833865FEBDD0E37353BE3EE8DBDE3F6786A48D375FBF6CC78B9C282473B3DEFABC5C86834888A900E538A49F5419B9EB47DD5BC907D4F082F57FB1F28CDFA9F50
310
B22ED6D5F6EE030B20687EE43E10BC5CB3C8E51E54AE6B6EE207504B0304140006080800CC70623B55019EA25F0000007C00000007000000636E782E786D6C4DCB3B0E80201045D1AD90E915ED2CF8AC45050C11660C8261F98AB1B07AC9C97D42D718D865D3E909258CFD00CCE24AC6E326A164D74DC0B4128928FF326038
310
472BA13128B1252AC747C6BAB984FC68F0B87FE8960A5C09FE86CFB69FBA01504B0304140006080800CC70623BA24EB22D72010000D40300000C0000006662782F636F72652E786D6CC5535B6E833010BC8AE5DF0A6C5E49888CA3A6694ED00B38E05014B091B1518EDFE511A5A9D228FD2A1F60CDEC7A67C6986DCE4D8D7A
310
69BA4AAB0C073EC548AA5C17952A33ECECD15B61B4E1CC686DBF9561A44423333CC098B3D268D7CE50AE9595CA02AA74216750749DB418E5352C32DCE59FB211BE70162ABA93DF8AFC244AE9073ED050C759670D0840D390E18DF9F1706664C23973AE2A66B62A605A75ACA4C13C4976E1364A12EF355A2EBD384AF65EFA96
310
BC7B8BED2EA6719AAE16FB8491A199335B351775B991C2CA02F390D2D40B028F861F41BCA68B7518BFD0D59A524686F29B26D7164F36B94AD9289CE54E6D1DE6010819891F6E21228B3AD1831EC219194284CF98F06DD01008846CC5A1BEF83801D4CBDC6A1303536877A57A513B0953A94FC707FDBE6064EA84A9E3E6E0FA
310
EE8CF0E9198F7784A316AA0413C2C2F2E0ECA0934D1AE6D05A69BCDE9E91D2A611F573361E38FC1375157F5752AE6B6DFE4B11990F88CCBF0719EE23FF02504B0304140006080800CC70623B408A7D3B7C0000009D0000000B0000006662782F636E782E786D6C4DCCD10A83201886E15B91FFDC552A92A0064DBC8F581632
310
D3703A76F9ABD1C18E3E78F878E5F0D9027ABBFCF2292AE86E2D20171F69F6715550CB827B40839639A5F2770314A7CD293819B45C73AAFB45B35BA61ACAA1C1C7E7855C58C15BC331339661262CC762340413D68D77DA5B42298546CBE6573AF60CEB2F504B0304140006080800CC70623B449FB9BD290100001202000031
310
0000006662782F36394639363044362D344446342D343946362D394244322D3234314243333846323333332F636F72652E786D6C8D515B6EC32010BC0AE22B55850D98B871848994463E412FE002495162B07854397EA176A4F62F3F2C9A9D991D587EB84F37F0AD7D30CEF6905418026DA553C65E7A98E219ED203808EE9D
310
8B7F6810D871D23D2C3014FCE25D9A57483A1BB58D19B54EE9151C43D0110279CB971E06F9A5A7B11A53CC8C70ADE6515EC78BAE4895DB992778883E0700CB907242D17643D7E2538BD869608875438BBAE38922CAC8F1BDD90DB4691A5E2F42C153326A951B95E398B3D1FE599322163C9AE9115F7A3D46ADA0A018778810
310
84E907617BDCEE297BC5BB3DC6BC2EF47FA234AB2745C9D8D8D035EE220B50105E2F0DC1954B9FB747187D9F9D8FA0CCDB042D5FA0C015C65B42DF78BD10F3F3B363CB56C7109DCFDFBBB97E662ED92EB62D13BC2E1BCAE5777DB9966D8A1F504B0304140006080800CC70623BAD7543B64E01000033030000300000006662
310
782F36394639363044362D344446342D343946362D394244322D3234314243333846323333332F636E782E786D6CD593CD6EC32010845F0571AD6CE3D48AD20813A9873E410FBD12D82434182C7EAAE6EDBB2424CD25871E7B41D6EC30B3FA84F9E67BB2E40B4234DE8DB46F1925E094D7C6ED479AD3AE5951B2113C789FEE
310
6C943839C1488B4C05DF079FE72A69D8C96C13AAD6B8631503449F83828872B949AC57D26200B826A308D316B4064D6E46FCDA41C05550DC9E483A00797BFD207EFB092A45DE9514C1BBD22178396BD39D891265658C238DEA00936C654E5E433CB65A26D9F6EDB5EBC14EBF49A45CB856E66048291F6939A9A81BB5C89177
310
38143CA680F4AA299D66A042CEB3354A2684DC9D8D178FE0D9B8B41CAAD720F880EE7EF93C0C18769E099ECC04D5A102C8049A8A05632F4DDF376CF1DE0F6BB65C2F8627B65A33C6BB62177CEBBDAD973006829F89F22E814B54F4BC2BE347F8AA8F681390B50FA73F804400B5F542E796F19FF974E7F78DB802FE05E20750
310
4B0304140006080800CC70623B8D05915C650500003B100000340000006662782F36394639363044362D344446342D343946362D394244322D3234314243333846323333332F6F626A656374732E786D6CAD575B6FA33814FE2B887D06429276DA1565D4266D158D3A339A6846FB502932E050B66023DB74D2FDF5FB190C01
310
9276B2973C046C8ECFF53B17071F77456EBD502133CEAE6CDF9DD81665314F32965ED995DA3A17B6F5310C04E7AA47665B8C14F4CAD6DB7618A48257A5D94AE89654B91AEDDEDDFC61C998326A5B714EA4BCB265FC440BE2924AF184CA6737218AB8E976E7FA6E4338649B0A523E8D98964450A6A029F619B8588D52FE7039
310
B1BD30F0F4F730D0FF866AF6369557DB33949F31A9088B0F848DD8CCFCF9F2767A76E99CCDE733677E3EF59D9BBB9BA5E37F984D16E78BC5E5F5ED25044B25C0C96822E8D60EEFE11B91C581D77CEA34368A1F5329E68CD1B8B61F16D63A1B8E092D294B10C78C4A48EB593D192E7DED9BDEE7995E1B91FDEDD3ACEA9FE831
310
6A756F9F7D4D79F4274C90A7A04248AA51D5F8C718DAE06FB2F75AC4796EBE65D22A88A22223B995679120E2D50E41AA49C260C046A35368846B0BECD0DFF3EBEB8AD4F835768F69B9ADF25C43D30E6B646F807FAA64AD59F61715C7A54127C4AACA98BA3006A9D792DAE165E0D59B61A01FB3A9F9D838D2DAE62445C86166
310
F37564E842E7DE6A69879FEEA2DD5AE7E371E1A5E025154AC307D06A03D73EB5978C58FFA4C8E9033066E0F3BD53BEC1F39F91BE7B55103791EDE6BBB991A2046172CB4581D8B893FA674DDA17A77B3B7C413D1B511FD2743BFF8A38F03A658705E3ADF8015C3A3417FF3D7E439FF591DA0B5F18BC20C1B8981957AE6392A3
310
F43C640C01D1A0B4728E2DD4F26DB4B3C3152A252A3B4E913CEC1C72F012782FF88EFF8637AA552DBEF76408E8A8DE9E50F9E1CB3A2DA0DB1B6039A893B56063DC5B3E3FFB5F72E67AB9FEB4AEC496C4F4C1149625DD662C53E89D7BF0F6151A046260D1337DFDC94502430F83B0EE07A130A224BCAD7DAE1D9FB6CD422FF6
310
920702629C4BB9AE79C12F243C6432A6794E18E5552BA56B431AAB5D91317302B2B071E86C3A42B1A02F999E24061403B5D0EB639195DA655DD3EBEAB4FB862DDF579F014AD0E73C22F99E28DA57FB98E75C6CA2D74D53086D600F4786E0FE3144B771A8A7B900F03594DB8A633CBC49B2EDB69228BB479CF863B5E807AAAB
310
23872F6DFEB4129B949CA33823F58830E86D65621E10047D9DB34D862E8EAC3C2ABC2F7B2C40D67CDFE01F5545B92105AF983AC54D93D69E56FB8E797F88913F898A9FEC705D3F9D1B54EC8426FB500D40A03BD0119B06E1B95DDC7EB8F6975367793EBD70E66733DFB9BC982F9CE564727731999F5D4ECFCE3B8D6A4DC2A0
310
6D50FD148437D110834A64C6CDDF57FBACB5C307A2A477DFE4939736CFEF2B175371E0E10CF0DD1D5C15654E0BCA14D1E87DD02FF93782A162C0A3D95F1524A52770F972BF1EE9809D13CE7DD599467F8ECE9ADD85CE85A34CD45355448C64F9E8A031DC2D596ACC6E5DD93D9B82DE2EF5CAF81363A8E47996A0DE24564A79
310
4115AACE09C55E14540231FDA13C319787134EBF34E3A022514E5B4D9E0826E25C02D5805B15ABE1BEF51B26383D445DD9E875EE33FE4C22DA16427D65A3BCA92CA6D28DD01DF5DC53330704308475351050232CCD31583787BA75774AFB06E5070DD0C8EF484E19968C5D83BA5B90B244D31E54D55A372320FE4786B7EA58
310
44E135AA5467CB7EA333A61683CC6A8C3257034C10CF46F40EF9F5BE59BE5BD30C3C72D235E95D10345C1D45445A5F0BB47E46A5EBE5570F9380B5FA629579952296A773720405982B9DE04011506178964401AA8BDF1FBF0A8EAB6861DD6580C0E38217056766716DAEB2D6FA0917D3E4116581EADB879C4E7CFFB11EFACD
310
3D641311495D92C8676CB409A72D18610D803CE8A626049E8EC1887CB5B44CC39883690DDA8399B4B9855B481E7D71D4A9D22F96E5BB73BF5793020C02137BF837504B0304140006080000CC70623B000000000000000000000000350000006662782F36394639363044362D344446342D343946362D394244322D32343142
310
43333846323333332F76657274696365732E62696E504B0304140006080800CC70623BF270F1330600000004000000360000006662782F36394639363044362D344446342D343946362D394244322D3234314243333846323333332F747269616E676C65732E62696E636660600000504B0304140006080000CC70623B0000
310
00000000000000000000370000006662782F36394639363044362D344446342D343946362D394244322D3234314243333846323333332F617474726962757465732E62696E504B0304140006080800CC70623B08DA0BD19000000041010000360000006662782F36394639363044362D344446342D343946362D394244322D
310
3234314243333846323333332F6469726563746F72792E786D6C858F410AC3201045AF22B36F53E9A60B35CBEEBAE80D244E44489C6234F4F835464A48035D0DF398FF9F8AF63D0E6CC63039F212F8F9020C7D47C6792B21C5FE7403D62A1188E2E60C98D7234A5830286103A55745067B9D86B8A3CF9C7F90C11DE607FB14
310
4396D7B6A82D282E9A152AD114D5EF2CB866EEE831B8EEA07A7BB5A8D7D61A2BAAEB7FD5F70921FF497D00504B0304140006080800CC70623BCA768048FE000000A00100003B0000006662782F36394639363044362D344446342D343946362D394244322D3234314243333846323333332F7265736F75726365732F636F72
310
652E786D6C8D50596E833010BD0A9ADFCA60D600328E9AA639412F609909B1126CE4A5EAF16B0295DABFFECC8CDEA2797AECF8353F924FB44E193D409E5248504B332A3D0D10FC95B4901C39B3C6F85F3248B49871801506CE266BC2B243D2688FDA47549B11775038871E12F988C7004EDE7016A9083E2ADC3D5D84BC8B09
310
D33C8D74D471E6BC8D0192EDC93A815B742658898E651BCB59086ADC356A8C3FD555A1055ED7E7E254D615792D0F075295F585746FF53B694EE78A565DD736979A65AB9933AFE69F8CD2A2F038022F28ED489E135A7CE4554F9BBEA85E68DB53CAB255FEC71496F19FA6A0B42F8B3DEE6673C0F318E4497096AD7DC5F52C33
310
EEB55BFE0D504B010214000A0000080000CC70623B3DEE336E79000000790000001B00000000000000000000000000000000006175746F6465736B2D64657369676E2D7061636B6167652E786D6C504B01021400140006080800CC70623BD486FD9CA0000000F40000001300000000000000000000000000B20000005B436F
310
6E74656E745F54797065735D2E786D6C504B01021400140006080800CC70623BD9DDAED0EC0000007C010000080000000000000000000000000083010000636F72652E786D6C504B01021400140006080800CC70623B55019EA25F0000007C000000070000000000000000000000000095020000636E782E786D6C504B0102
310
1400140006080800CC70623BA24EB22D72010000D40300000C00000000000000000000000000190300006662782F636F72652E786D6C504B01021400140006080800CC70623B408A7D3B7C0000009D0000000B00000000000000000000000000B50400006662782F636E782E786D6C504B01021400140006080800CC70623B
310
449FB9BD290100001202000031000000000000000000000000005A0500006662782F36394639363044362D344446342D343946362D394244322D3234314243333846323333332F636F72652E786D6C504B01021400140006080800CC70623BAD7543B64E010000330300003000000000000000000000000000D20600006662
310
782F36394639363044362D344446342D343946362D394244322D3234314243333846323333332F636E782E786D6C504B01021400140006080800CC70623B8D05915C650500003B10000034000000000000000000000000006E0800006662782F36394639363044362D344446342D343946362D394244322D32343142433338
310
46323333332F6F626A656374732E786D6C504B01021400140006080000CC70623B0000000000000000000000003500000000000000000000000000250E00006662782F36394639363044362D344446342D343946362D394244322D3234314243333846323333332F76657274696365732E62696E504B010214001400060808
310
00CC70623BF270F13306000000040000003600000000000000000000000000780E00006662782F36394639363044362D344446342D343946362D394244322D3234314243333846323333332F747269616E676C65732E62696E504B01021400140006080000CC70623B00000000000000000000000037000000000000000000
310
00000000D20E00006662782F36394639363044362D344446342D343946362D394244322D3234314243333846323333332F617474726962757465732E62696E504B01021400140006080800CC70623B08DA0BD190000000410100003600000000000000000000000000270F00006662782F36394639363044362D344446342D
310
343946362D394244322D3234314243333846323333332F6469726563746F72792E786D6C504B01021400140006080800CC70623BCA768048FE000000A00100003B000000000000000000000000000B1000006662782F36394639363044362D344446342D343946362D394244322D3234314243333846323333332F7265736F
310
75726365732F636F72652E786D6C504B0506000000000E000E0080040000621100000000
  0
XRECORD
  5
176
102
{ACAD_REACTORS
330
173
102
}
330
173
100
AcDbXrecord
280
     1
270
     1
271
     1
  0
XRECORD
  5
177
102
{ACAD_REACTORS
330
173
102
}
330
173
100
AcDbXrecord
280
     1
270
     1
271
     1
  0
XRECORD
  5
2B6
102
{ACAD_REACTORS
330
234
102
}
330
234
100
AcDbXrecord
280
     1
102
DISPLAYNAME
  1
Metric50
102
FLAGS
 90
        0
  0
CELLSTYLEMAP
  5
27C
102
{ACAD_REACTORS
330
162
102
}
330
162
100
AcDbCellStyleMap
 90
        3
300
CELLSTYLE
  1
TABLEFORMAT_BEGIN
 90
        5
170
     1
 91
        0
 92
    32768
 62
   257
 93
        1
300
CONTENTFORMAT
  1
CONTENTFORMAT_BEGIN
 90
        0
 91
        0
 92
      512
 93
        0
300

 40
0.0
140
1.0
 94
        5
 62
     0
340
11
144
6.0
309
CONTENTFORMAT_END
171
     1
301
MARGIN
  1
CELLMARGIN_BEGIN
 40
1.5
 40
1.5
 40
1.5
 40
1.5
 40
4.5
 40
4.5
309
CELLMARGIN_END
 94
        6
 95
        1
302
GRIDFORMAT
  1
GRIDFORMAT_BEGIN
 90
        0
 91
        1
 62
     0
 92
       -2
340
14
 93
        0
 40
1.125
309
GRIDFORMAT_END
 95
        2
302
GRIDFORMAT
  1
GRIDFORMAT_BEGIN
 90
        0
 91
        1
 62
     0
 92
       -2
340
14
 93
        0
 40
1.125
309
GRIDFORMAT_END
 95
        4
302
GRIDFORMAT
  1
GRIDFORMAT_BEGIN
 90
        0
 91
        1
 62
     0
 92
       -2
340
14
 93
        0
 40
1.125
309
GRIDFORMAT_END
 95
        8
302
GRIDFORMAT
  1
GRIDFORMAT_BEGIN
 90
        0
 91
        1
 62
     0
 92
       -2
340
14
 93
        0
 40
1.125
309
GRIDFORMAT_END
 95
       16
302
GRIDFORMAT
  1
GRIDFORMAT_BEGIN
 90
        0
 91
        1
 62
     0
 92
       -2
340
14
 93
        0
 40
1.125
309
GRIDFORMAT_END
 95
       32
302
GRIDFORMAT
  1
GRIDFORMAT_BEGIN
 90
        0
 91
        1
 62
     0
 92
       -2
340
14
 93
        0
 40
1.125
309
GRIDFORMAT_END
309
TABLEFORMAT_END
  1
CELLSTYLE_BEGIN
 90
        1
 91
        1
300
_TITLE
309
CELLSTYLE_END
300
CELLSTYLE
  1
TABLEFORMAT_BEGIN
 90
        5
170
     1
 91
        0
 92
        0
 62
   257
 93
        1
300
CONTENTFORMAT
  1
CONTENTFORMAT_BEGIN
 90
        0
 91
        0
 92
      512
 93
        0
300

 40
0.0
140
1.0
 94
        5
 62
     0
340
11
144
4.5
309
CONTENTFORMAT_END
171
     1
301
MARGIN
  1
CELLMARGIN_BEGIN
 40
1.5
 40
1.5
 40
1.5
 40
1.5
 40
4.5
 40
4.5
309
CELLMARGIN_END
 94
        6
 95
        1
302
GRIDFORMAT
  1
GRIDFORMAT_BEGIN
 90
        0
 91
        1
 62
     0
 92
       -2
340
14
 93
        0
 40
1.125
309
GRIDFORMAT_END
 95
        2
302
GRIDFORMAT
  1
GRIDFORMAT_BEGIN
 90
        0
 91
        1
 62
     0
 92
       -2
340
14
 93
        0
 40
1.125
309
GRIDFORMAT_END
 95
        4
302
GRIDFORMAT
  1
GRIDFORMAT_BEGIN
 90
        0
 91
        1
 62
     0
 92
       -2
340
14
 93
        0
 40
1.125
309
GRIDFORMAT_END
 95
        8
302
GRIDFORMAT
  1
GRIDFORMAT_BEGIN
 90
        0
 91
        1
 62
     0
 92
       -2
340
14
 93
        0
 40
1.125
309
GRIDFORMAT_END
 95
       16
302
GRIDFORMAT
  1
GRIDFORMAT_BEGIN
 90
        0
 91
        1
 62
     0
 92
       -2
340
14
 93
        0
 40
1.125
309
GRIDFORMAT_END
 95
       32
302
GRIDFORMAT
  1
GRIDFORMAT_BEGIN
 90
        0
 91
        1
 62
     0
 92
       -2
340
14
 93
        0
 40
1.125
309
GRIDFORMAT_END
309
TABLEFORMAT_END
  1
CELLSTYLE_BEGIN
 90
        2
 91
        1
300
_HEADER
309
CELLSTYLE_END
300
CELLSTYLE
  1
TABLEFORMAT_BEGIN
 90
        5
170
     1
 91
        0
 92
        0
 62
   257
 93
        1
300
CONTENTFORMAT
  1
CONTENTFORMAT_BEGIN
 90
        0
 91
        0
 92
      512
 93
        0
300

 40
0.0
140
1.0
 94
        2
 62
     0
340
11
144
4.5
309
CONTENTFORMAT_END
171
     1
301
MARGIN
  1
CELLMARGIN_BEGIN
 40
1.5
 40
1.5
 40
1.5
 40
1.5
 40
4.5
 40
4.5
309
CELLMARGIN_END
 94
        6
 95
        1
302
GRIDFORMAT
  1
GRIDFORMAT_BEGIN
 90
        0
 91
        1
 62
     0
 92
       -2
340
14
 93
        0
 40
1.125
309
GRIDFORMAT_END
 95
        2
302
GRIDFORMAT
  1
GRIDFORMAT_BEGIN
 90
        0
 91
        1
 62
     0
 92
       -2
340
14
 93
        0
 40
1.125
309
GRIDFORMAT_END
 95
        4
302
GRIDFORMAT
  1
GRIDFORMAT_BEGIN
 90
        0
 91
        1
 62
     0
 92
       -2
340
14
 93
        0
 40
1.125
309
GRIDFORMAT_END
 95
        8
302
GRIDFORMAT
  1
GRIDFORMAT_BEGIN
 90
        0
 91
        1
 62
     0
 92
       -2
340
14
 93
        0
 40
1.125
309
GRIDFORMAT_END
 95
       16
302
GRIDFORMAT
  1
GRIDFORMAT_BEGIN
 90
        0
 91
        1
 62
     0
 92
       -2
340
14
 93
        0
 40
1.125
309
GRIDFORMAT_END
 95
       32
302
GRIDFORMAT
  1
GRIDFORMAT_BEGIN
 90
        0
 91
        1
 62
     0
 92
       -2
340
14
 93
        0
 40
1.125
309
GRIDFORMAT_END
309
TABLEFORMAT_END
  1
CELLSTYLE_BEGIN
 90
        3
 91
        2
300
_DATA
309
CELLSTYLE_END
  0
XRECORD
  5
291
102
{ACAD_REACTORS
330
290
102
}
330
290
100
AcDbXrecord
280
     1
102
RTVSPost2010Prop28
280
     1
102
RTVSPost2010PropOp28
 70
     1
102
RTVSPost2010Prop29
280
     1
102
RTVSPost2010PropOp29
 70
     1
102
RTVSPost2010Prop30
280
     0
102
RTVSPost2010PropOp30
 70
     1
102
RTVSPost2010Prop31
280
     0
102
RTVSPost2010PropOp31
 70
     1
102
RTVSPost2010Prop32
280
     0
102
RTVSPost2010PropOp32
 70
     1
102
RTVSPost2010Prop33
280
     0
102
RTVSPost2010PropOp33
 70
     1
102
RTVSPost2010Prop34
280
     0
102
RTVSPost2010PropOp34
 70
     1
102
RTVSPost2010Prop35
280
     0
102
RTVSPost2010PropOp35
 70
     1
102
RTVSPost2010Prop36
280
     0
102
RTVSPost2010PropOp36
 70
     1
102
RTVSPost2010Prop37
 90
       50
102
RTVSPost2010PropOp37
 70
     1
102
RTVSPost2010Prop38
140
0.0
102
RTVSPost2010PropOp38
 70
     1
102
RTVSPost2010Prop39
140
1.0
102
RTVSPost2010PropOp39
 70
     1
102
RTVSPost2010Prop40
 90
        0
102
RTVSPost2010PropOp40
 70
     1
102
RTVSPost2010Prop41ColorIndex
 90
       18
102
RTVSPost2010Prop41ColorRGB
 90
        0
102
RTVSPost2010PropOp41
 70
     1
102
RTVSPost2010Prop42
 90
       50
102
RTVSPost2010PropOp42
 70
     1
102
RTVSPost2010Prop43
 90
        3
102
RTVSPost2010PropOp43
 70
     1
102
RTVSPost2010Prop44ColorIndex
 90
        5
102
RTVSPost2010Prop44ColorRGB
 90
      255
102
RTVSPost2010PropOp44
 70
     1
102
RTVSPost2010Prop45
280
     0
102
RTVSPost2010PropOp45
 70
     1
102
RTVSPost2010Prop46
 90
       50
102
RTVSPost2010PropOp46
 70
     1
102
RTVSPost2010Prop47
 90
       50
102
RTVSPost2010PropOp47
 70
     1
102
RTVSPost2010Prop48
 90
       50
102
RTVSPost2010PropOp48
 70
     1
102
RTVSPost2010Prop49
280
     0
102
RTVSPost2010PropOp49
 70
     1
102
RTVSPost2010Prop50
 90
       50
102
RTVSPost2010PropOp50
 70
     1
102
RTVSPost2010Prop51ColorIndex
 90
      256
102
RTVSPost2010Prop51ColorRGB
 90
-16777216
102
RTVSPost2010PropOp51
 70
     0
102
RTVSPost2010Prop52
140
1.0
102
RTVSPost2010PropOp52
 70
     0
102
RTVSPost2010Prop53
 90
        2
102
RTVSPost2010PropOp53
 70
     1
102
RTVSPost2010Prop54
  1
strokes_ogs.tif
102
RTVSPost2010PropOp54
 70
     1
102
RTVSPost2010Prop55
280
     0
102
RTVSPost2010PropOp55
 70
     1
102
RTVSPost2010Prop56
140
1.0
102
RTVSPost2010PropOp56
 70
     1
102
RTVSPost2010Prop57
140
1.0
102
RTVSPost2010PropOp57
 70
     1
102
RTVSPropertyOp0
 70
     1
102
RTVSPropertyOp1
 70
     1
102
RTVSPropertyOp2
 70
     1
102
RTVSPropertyOp3
 70
     1
102
RTVSPropertyOp4
 70
     1
102
RTVSPropertyOp5
 70
     1
102
RTVSPropertyOp6
 70
     1
102
RTVSPropertyOp7
 70
     1
102
RTVSPropertyOp8
 70
     1
102
RTVSPropertyOp9
 70
     1
102
RTVSPropertyOp10
 70
     1
102
RTVSPropertyOp11
 70
     1
102
RTVSPropertyOp12
 70
     1
102
RTVSPropertyOp13
 70
     1
102
RTVSPropertyOp14
 70
     1
102
RTVSPropertyOp15
 70
     1
102
RTVSPropertyOp16
 70
     1
102
RTVSPropertyOp17
 70
     1
102
RTVSPropertyOp18
 70
     1
102
RTVSPropertyOp19
 70
     1
102
RTVSPropertyOp20
 70
     1
102
RTVSPropertyOp21
 70
     1
102
RTVSPropertyOp22
 70
     1
102
RTVSPropertyOp23
 70
     1
102
RTVSPropertyOp24
 70
     1
102
RTVSPropertyOp25
 70
     1
102
RTVSPropertyOp26
 70
     1
102
RTVSPropertyOp27
 70
     1
102
RTVSPropertyOp28
 70
     1
102
RTVSPropertyOp29
 70
     1
102
RTVSPropertyOp30
 70
     1
102
RTVSPropertyOp31
 70
     1
102
RTVSPropertyOp32
 70
     1
102
RTVSPropertyOp33
 70
     1
102
RTVSPropertyOp34
 70
     1
102
RTVSPropertyOp35
 70
     1
102
RTVSPropertyOp36
 70
     1
102
RTVSPropertyOp37
 70
     1
102
RTVSPropertyOp38
 70
     1
102
RTVSPropertyOp39
 70
     1
102
RTVSPropertyOp40
 70
     1
102
RTVSPropertyOp41
 70
     1
102
RTVSPropertyOp42
 70
     1
102
RTVSPropertyOp43
 70
     1
102
RTVSPropertyOp44
 70
     1
102
RTVSPropertyOp45
 70
     1
102
RTVSPropertyOp46
 70
     1
102
RTVSPropertyOp47
 70
     1
102
RTVSPropertyOp48
 70
     1
102
RTVSPropertyOp49
 70
     1
102
RTVSPropertyOp50
 70
     1
102
RTVSPropertyOp51
 70
     0
102
RTVSPropertyOp52
 70
     0
102
RTVSPropertyOp53
 70
     1
102
RTVSPropertyOp54
 70
     1
102
RTVSPropertyOp55
 70
     1
102
RTVSPropertyOp56
 70
     1
102
RTVSPropertyOp57
 70
     1
102
RTVSPropertyOp58
 70
     1
102
RTVSPropertyOp59
 70
     1
102
RTVSPropertyOp60
 70
     1
102
RTVSPropertyOp61
 70
     1
102
RTVSPropertyOp62
 70
     1
  0
XRECORD
  5
28F
102
{ACAD_REACTORS
330
28E
102
}
330
28E
100
AcDbXrecord
280
     1
102
RTVSPost2010Prop28
280
     0
102
RTVSPost2010PropOp28
 70
     1
102
RTVSPost2010Prop29
280
     1
102
RTVSPost2010PropOp29
 70
     1
102
RTVSPost2010Prop30
280
     1
102
RTVSPost2010PropOp30
 70
     1
102
RTVSPost2010Prop31
280
     0
102
RTVSPost2010PropOp31
 70
     1
102
RTVSPost2010Prop32
280
     0
102
RTVSPost2010PropOp32
 70
     1
102
RTVSPost2010Prop33
280
     0
102
RTVSPost2010PropOp33
 70
     1
102
RTVSPost2010Prop34
280
     0
102
RTVSPost2010PropOp34
 70
     1
102
RTVSPost2010Prop35
280
     0
102
RTVSPost2010PropOp35
 70
     1
102
RTVSPost2010Prop36
280
     0
102
RTVSPost2010PropOp36
 70
     1
102
RTVSPost2010Prop37
 90
       50
102
RTVSPost2010PropOp37
 70
     1
102
RTVSPost2010Prop38
140
0.0
102
RTVSPost2010PropOp38
 70
     1
102
RTVSPost2010Prop39
140
1.0
102
RTVSPost2010PropOp39
 70
     1
102
RTVSPost2010Prop40
 90
        0
102
RTVSPost2010PropOp40
 70
     1
102
RTVSPost2010Prop41ColorIndex
 90
       18
102
RTVSPost2010Prop41ColorRGB
 90
        0
102
RTVSPost2010PropOp41
 70
     1
102
RTVSPost2010Prop42
 90
       50
102
RTVSPost2010PropOp42
 70
     1
102
RTVSPost2010Prop43
 90
        3
102
RTVSPost2010PropOp43
 70
     1
102
RTVSPost2010Prop44ColorIndex
 90
        5
102
RTVSPost2010Prop44ColorRGB
 90
      255
102
RTVSPost2010PropOp44
 70
     1
102
RTVSPost2010Prop45
280
     0
102
RTVSPost2010PropOp45
 70
     1
102
RTVSPost2010Prop46
 90
       50
102
RTVSPost2010PropOp46
 70
     1
102
RTVSPost2010Prop47
 90
       50
102
RTVSPost2010PropOp47
 70
     1
102
RTVSPost2010Prop48
 90
       50
102
RTVSPost2010PropOp48
 70
     1
102
RTVSPost2010Prop49
280
     0
102
RTVSPost2010PropOp49
 70
     1
102
RTVSPost2010Prop50
 90
       50
102
RTVSPost2010PropOp50
 70
     1
102
RTVSPost2010Prop51ColorIndex
 90
      256
102
RTVSPost2010Prop51ColorRGB
 90
-16777216
102
RTVSPost2010PropOp51
 70
     0
102
RTVSPost2010Prop52
140
1.0
102
RTVSPost2010PropOp52
 70
     0
102
RTVSPost2010Prop53
 90
        2
102
RTVSPost2010PropOp53
 70
     1
102
RTVSPost2010Prop54
  1
strokes_ogs.tif
102
RTVSPost2010PropOp54
 70
     1
102
RTVSPost2010Prop55
280
     0
102
RTVSPost2010PropOp55
 70
     1
102
RTVSPost2010Prop56
140
1.0
102
RTVSPost2010PropOp56
 70
     1
102
RTVSPost2010Prop57
140
1.0
102
RTVSPost2010PropOp57
 70
     1
102
RTVSPropertyOp0
 70
     1
102
RTVSPropertyOp1
 70
     1
102
RTVSPropertyOp2
 70
     1
102
RTVSPropertyOp3
 70
     1
102
RTVSPropertyOp4
 70
     1
102
RTVSPropertyOp5
 70
     1
102
RTVSPropertyOp6
 70
     1
102
RTVSPropertyOp7
 70
     1
102
RTVSPropertyOp8
 70
     1
102
RTVSPropertyOp9
 70
     1
102
RTVSPropertyOp10
 70
     1
102
RTVSPropertyOp11
 70
     1
102
RTVSPropertyOp12
 70
     1
102
RTVSPropertyOp13
 70
     1
102
RTVSPropertyOp14
 70
     1
102
RTVSPropertyOp15
 70
     1
102
RTVSPropertyOp16
 70
     1
102
RTVSPropertyOp17
 70
     1
102
RTVSPropertyOp18
 70
     1
102
RTVSPropertyOp19
 70
     1
102
RTVSPropertyOp20
 70
     1
102
RTVSPropertyOp21
 70
     1
102
RTVSPropertyOp22
 70
     1
102
RTVSPropertyOp23
 70
     1
102
RTVSPropertyOp24
 70
     1
102
RTVSPropertyOp25
 70
     1
102
RTVSPropertyOp26
 70
     1
102
RTVSPropertyOp27
 70
     1
102
RTVSPropertyOp28
 70
     1
102
RTVSPropertyOp29
 70
     1
102
RTVSPropertyOp30
 70
     1
102
RTVSPropertyOp31
 70
     1
102
RTVSPropertyOp32
 70
     1
102
RTVSPropertyOp33
 70
     1
102
RTVSPropertyOp34
 70
     1
102
RTVSPropertyOp35
 70
     1
102
RTVSPropertyOp36
 70
     1
102
RTVSPropertyOp37
 70
     1
102
RTVSPropertyOp38
 70
     1
102
RTVSPropertyOp39
 70
     1
102
RTVSPropertyOp40
 70
     1
102
RTVSPropertyOp41
 70
     1
102
RTVSPropertyOp42
 70
     1
102
RTVSPropertyOp43
 70
     1
102
RTVSPropertyOp44
 70
     1
102
RTVSPropertyOp45
 70
     1
102
RTVSPropertyOp46
 70
     1
102
RTVSPropertyOp47
 70
     1
102
RTVSPropertyOp48
 70
     1
102
RTVSPropertyOp49
 70
     1
102
RTVSPropertyOp50
 70
     1
102
RTVSPropertyOp51
 70
     0
102
RTVSPropertyOp52
 70
     0
102
RTVSPropertyOp53
 70
     1
102
RTVSPropertyOp54
 70
     1
102
RTVSPropertyOp55
 70
     1
102
RTVSPropertyOp56
 70
     1
102
RTVSPropertyOp57
 70
     1
102
RTVSPropertyOp58
 70
     1
102
RTVSPropertyOp59
 70
     1
102
RTVSPropertyOp60
 70
     1
102
RTVSPropertyOp61
 70
     1
102
RTVSPropertyOp62
 70
     1
  0
XRECORD
  5
29D
102
{ACAD_REACTORS
330
29C
102
}
330
29C
100
AcDbXrecord
280
     1
102
RTVSPost2010Prop28
280
     0
102
RTVSPost2010PropOp28
 70
     1
102
RTVSPost2010Prop29
280
     1
102
RTVSPost2010PropOp29
 70
     1
102
RTVSPost2010Prop30
280
     1
102
RTVSPost2010PropOp30
 70
     1
102
RTVSPost2010Prop31
280
     0
102
RTVSPost2010PropOp31
 70
     1
102
RTVSPost2010Prop32
280
     0
102
RTVSPost2010PropOp32
 70
     1
102
RTVSPost2010Prop33
280
     0
102
RTVSPost2010PropOp33
 70
     1
102
RTVSPost2010Prop34
280
     0
102
RTVSPost2010PropOp34
 70
     1
102
RTVSPost2010Prop35
280
     0
102
RTVSPost2010PropOp35
 70
     1
102
RTVSPost2010Prop36
280
     0
102
RTVSPost2010PropOp36
 70
     1
102
RTVSPost2010Prop37
 90
       50
102
RTVSPost2010PropOp37
 70
     1
102
RTVSPost2010Prop38
140
0.0
102
RTVSPost2010PropOp38
 70
     1
102
RTVSPost2010Prop39
140
1.0
102
RTVSPost2010PropOp39
 70
     1
102
RTVSPost2010Prop40
 90
        0
102
RTVSPost2010PropOp40
 70
     1
102
RTVSPost2010Prop41ColorIndex
 90
       18
102
RTVSPost2010Prop41ColorRGB
 90
        0
102
RTVSPost2010PropOp41
 70
     1
102
RTVSPost2010Prop42
 90
       50
102
RTVSPost2010PropOp42
 70
     1
102
RTVSPost2010Prop43
 90
        3
102
RTVSPost2010PropOp43
 70
     1
102
RTVSPost2010Prop44ColorIndex
 90
        5
102
RTVSPost2010Prop44ColorRGB
 90
      255
102
RTVSPost2010PropOp44
 70
     1
102
RTVSPost2010Prop45
280
     0
102
RTVSPost2010PropOp45
 70
     1
102
RTVSPost2010Prop46
 90
       50
102
RTVSPost2010PropOp46
 70
     1
102
RTVSPost2010Prop47
 90
       50
102
RTVSPost2010PropOp47
 70
     1
102
RTVSPost2010Prop48
 90
       50
102
RTVSPost2010PropOp48
 70
     1
102
RTVSPost2010Prop49
280
     0
102
RTVSPost2010PropOp49
 70
     1
102
RTVSPost2010Prop50
 90
       50
102
RTVSPost2010PropOp50
 70
     1
102
RTVSPost2010Prop51ColorIndex
 90
      256
102
RTVSPost2010Prop51ColorRGB
 90
-16777216
102
RTVSPost2010PropOp51
 70
     0
102
RTVSPost2010Prop52
140
1.0
102
RTVSPost2010PropOp52
 70
     0
102
RTVSPost2010Prop53
 90
        2
102
RTVSPost2010PropOp53
 70
     1
102
RTVSPost2010Prop54
  1
strokes_ogs.tif
102
RTVSPost2010PropOp54
 70
     1
102
RTVSPost2010Prop55
280
     0
102
RTVSPost2010PropOp55
 70
     1
102
RTVSPost2010Prop56
140
1.0
102
RTVSPost2010PropOp56
 70
     1
102
RTVSPost2010Prop57
140
1.0
102
RTVSPost2010PropOp57
 70
     1
102
RTVSPropertyOp0
 70
     1
102
RTVSPropertyOp1
 70
     1
102
RTVSPropertyOp2
 70
     1
102
RTVSPropertyOp3
 70
     1
102
RTVSPropertyOp4
 70
     1
102
RTVSPropertyOp5
 70
     1
102
RTVSPropertyOp6
 70
     1
102
RTVSPropertyOp7
 70
     1
102
RTVSPropertyOp8
 70
     1
102
RTVSPropertyOp9
 70
     1
102
RTVSPropertyOp10
 70
     1
102
RTVSPropertyOp11
 70
     1
102
RTVSPropertyOp12
 70
     1
102
RTVSPropertyOp13
 70
     1
102
RTVSPropertyOp14
 70
     1
102
RTVSPropertyOp15
 70
     1
102
RTVSPropertyOp16
 70
     1
102
RTVSPropertyOp17
 70
     1
102
RTVSPropertyOp18
 70
     1
102
RTVSPropertyOp19
 70
     1
102
RTVSPropertyOp20
 70
     1
102
RTVSPropertyOp21
 70
     1
102
RTVSPropertyOp22
 70
     1
102
RTVSPropertyOp23
 70
     1
102
RTVSPropertyOp24
 70
     1
102
RTVSPropertyOp25
 70
     1
102
RTVSPropertyOp26
 70
     1
102
RTVSPropertyOp27
 70
     1
102
RTVSPropertyOp28
 70
     1
102
RTVSPropertyOp29
 70
     1
102
RTVSPropertyOp30
 70
     1
102
RTVSPropertyOp31
 70
     1
102
RTVSPropertyOp32
 70
     1
102
RTVSPropertyOp33
 70
     1
102
RTVSPropertyOp34
 70
     1
102
RTVSPropertyOp35
 70
     1
102
RTVSPropertyOp36
 70
     1
102
RTVSPropertyOp37
 70
     1
102
RTVSPropertyOp38
 70
     1
102
RTVSPropertyOp39
 70
     1
102
RTVSPropertyOp40
 70
     1
102
RTVSPropertyOp41
 70
     1
102
RTVSPropertyOp42
 70
     1
102
RTVSPropertyOp43
 70
     1
102
RTVSPropertyOp44
 70
     1
102
RTVSPropertyOp45
 70
     1
102
RTVSPropertyOp46
 70
     1
102
RTVSPropertyOp47
 70
     1
102
RTVSPropertyOp48
 70
     1
102
RTVSPropertyOp49
 70
     1
102
RTVSPropertyOp50
 70
     1
102
RTVSPropertyOp51
 70
     0
102
RTVSPropertyOp52
 70
     0
102
RTVSPropertyOp53
 70
     1
102
RTVSPropertyOp54
 70
     1
102
RTVSPropertyOp55
 70
     1
102
RTVSPropertyOp56
 70
     1
102
RTVSPropertyOp57
 70
     1
102
RTVSPropertyOp58
 70
     1
102
RTVSPropertyOp59
 70
     1
102
RTVSPropertyOp60
 70
     1
102
RTVSPropertyOp61
 70
     1
102
RTVSPropertyOp62
 70
     1
  0
XRECORD
  5
2A5
102
{ACAD_REACTORS
330
2A4
102
}
330
2A4
100
AcDbXrecord
280
     1
102
RTVSPost2010Prop28
280
     0
102
RTVSPost2010PropOp28
 70
     1
102
RTVSPost2010Prop29
280
     1
102
RTVSPost2010PropOp29
 70
     1
102
RTVSPost2010Prop30
280
     1
102
RTVSPost2010PropOp30
 70
     1
102
RTVSPost2010Prop31
280
     0
102
RTVSPost2010PropOp31
 70
     1
102
RTVSPost2010Prop32
280
     0
102
RTVSPost2010PropOp32
 70
     1
102
RTVSPost2010Prop33
280
     0
102
RTVSPost2010PropOp33
 70
     1
102
RTVSPost2010Prop34
280
     0
102
RTVSPost2010PropOp34
 70
     1
102
RTVSPost2010Prop35
280
     0
102
RTVSPost2010PropOp35
 70
     1
102
RTVSPost2010Prop36
280
     0
102
RTVSPost2010PropOp36
 70
     1
102
RTVSPost2010Prop37
 90
       50
102
RTVSPost2010PropOp37
 70
     1
102
RTVSPost2010Prop38
140
0.0
102
RTVSPost2010PropOp38
 70
     1
102
RTVSPost2010Prop39
140
1.0
102
RTVSPost2010PropOp39
 70
     1
102
RTVSPost2010Prop40
 90
        0
102
RTVSPost2010PropOp40
 70
     1
102
RTVSPost2010Prop41ColorIndex
 90
       18
102
RTVSPost2010Prop41ColorRGB
 90
        0
102
RTVSPost2010PropOp41
 70
     1
102
RTVSPost2010Prop42
 90
       50
102
RTVSPost2010PropOp42
 70
     1
102
RTVSPost2010Prop43
 90
        3
102
RTVSPost2010PropOp43
 70
     1
102
RTVSPost2010Prop44ColorIndex
 90
        5
102
RTVSPost2010Prop44ColorRGB
 90
      255
102
RTVSPost2010PropOp44
 70
     1
102
RTVSPost2010Prop45
280
     0
102
RTVSPost2010PropOp45
 70
     1
102
RTVSPost2010Prop46
 90
       50
102
RTVSPost2010PropOp46
 70
     1
102
RTVSPost2010Prop47
 90
       50
102
RTVSPost2010PropOp47
 70
     1
102
RTVSPost2010Prop48
 90
       50
102
RTVSPost2010PropOp48
 70
     1
102
RTVSPost2010Prop49
280
     0
102
RTVSPost2010PropOp49
 70
     1
102
RTVSPost2010Prop50
 90
       50
102
RTVSPost2010PropOp50
 70
     1
102
RTVSPost2010Prop51ColorIndex
 90
      256
102
RTVSPost2010Prop51ColorRGB
 90
-16777216
102
RTVSPost2010PropOp51
 70
     0
102
RTVSPost2010Prop52
140
1.0
102
RTVSPost2010PropOp52
 70
     0
102
RTVSPost2010Prop53
 90
        2
102
RTVSPost2010PropOp53
 70
     1
102
RTVSPost2010Prop54
  1
strokes_ogs.tif
102
RTVSPost2010PropOp54
 70
     1
102
RTVSPost2010Prop55
280
     0
102
RTVSPost2010PropOp55
 70
     1
102
RTVSPost2010Prop56
140
1.0
102
RTVSPost2010PropOp56
 70
     1
102
RTVSPost2010Prop57
140
1.0
102
RTVSPost2010PropOp57
 70
     1
102
RTVSPropertyOp0
 70
     1
102
RTVSPropertyOp1
 70
     1
102
RTVSPropertyOp2
 70
     1
102
RTVSPropertyOp3
 70
     1
102
RTVSPropertyOp4
 70
     1
102
RTVSPropertyOp5
 70
     1
102
RTVSPropertyOp6
 70
     1
102
RTVSPropertyOp7
 70
     1
102
RTVSPropertyOp8
 70
     1
102
RTVSPropertyOp9
 70
     1
102
RTVSPropertyOp10
 70
     1
102
RTVSPropertyOp11
 70
     1
102
RTVSPropertyOp12
 70
     1
102
RTVSPropertyOp13
 70
     1
102
RTVSPropertyOp14
 70
     1
102
RTVSPropertyOp15
 70
     1
102
RTVSPropertyOp16
 70
     1
102
RTVSPropertyOp17
 70
     1
102
RTVSPropertyOp18
 70
     1
102
RTVSPropertyOp19
 70
     1
102
RTVSPropertyOp20
 70
     1
102
RTVSPropertyOp21
 70
     1
102
RTVSPropertyOp22
 70
     1
102
RTVSPropertyOp23
 70
     1
102
RTVSPropertyOp24
 70
     1
102
RTVSPropertyOp25
 70
     1
102
RTVSPropertyOp26
 70
     1
102
RTVSPropertyOp27
 70
     1
102
RTVSPropertyOp28
 70
     1
102
RTVSPropertyOp29
 70
     1
102
RTVSPropertyOp30
 70
     1
102
RTVSPropertyOp31
 70
     1
102
RTVSPropertyOp32
 70
     1
102
RTVSPropertyOp33
 70
     1
102
RTVSPropertyOp34
 70
     1
102
RTVSPropertyOp35
 70
     1
102
RTVSPropertyOp36
 70
     1
102
RTVSPropertyOp37
 70
     1
102
RTVSPropertyOp38
 70
     1
102
RTVSPropertyOp39
 70
     1
102
RTVSPropertyOp40
 70
     1
102
RTVSPropertyOp41
 70
     1
102
RTVSPropertyOp42
 70
     1
102
RTVSPropertyOp43
 70
     1
102
RTVSPropertyOp44
 70
     1
102
RTVSPropertyOp45
 70
     1
102
RTVSPropertyOp46
 70
     1
102
RTVSPropertyOp47
 70
     1
102
RTVSPropertyOp48
 70
     1
102
RTVSPropertyOp49
 70
     1
102
RTVSPropertyOp50
 70
     1
102
RTVSPropertyOp51
 70
     0
102
RTVSPropertyOp52
 70
     0
102
RTVSPropertyOp53
 70
     1
102
RTVSPropertyOp54
 70
     1
102
RTVSPropertyOp55
 70
     1
102
RTVSPropertyOp56
 70
     1
102
RTVSPropertyOp57
 70
     1
102
RTVSPropertyOp58
 70
     1
102
RTVSPropertyOp59
 70
     1
102
RTVSPropertyOp60
 70
     1
102
RTVSPropertyOp61
 70
     1
102
RTVSPropertyOp62
 70
     1
  0
XRECORD
  5
297
102
{ACAD_REACTORS
330
296
102
}
330
296
100
AcDbXrecord
280
     1
102
RTVSPost2010Prop28
280
     0
102
RTVSPost2010PropOp28
 70
     1
102
RTVSPost2010Prop29
280
     1
102
RTVSPost2010PropOp29
 70
     1
102
RTVSPost2010Prop30
280
     1
102
RTVSPost2010PropOp30
 70
     1
102
RTVSPost2010Prop31
280
     0
102
RTVSPost2010PropOp31
 70
     1
102
RTVSPost2010Prop32
280
     0
102
RTVSPost2010PropOp32
 70
     1
102
RTVSPost2010Prop33
280
     0
102
RTVSPost2010PropOp33
 70
     1
102
RTVSPost2010Prop34
280
     0
102
RTVSPost2010PropOp34
 70
     1
102
RTVSPost2010Prop35
280
     0
102
RTVSPost2010PropOp35
 70
     1
102
RTVSPost2010Prop36
280
     0
102
RTVSPost2010PropOp36
 70
     1
102
RTVSPost2010Prop37
 90
       50
102
RTVSPost2010PropOp37
 70
     1
102
RTVSPost2010Prop38
140
0.0
102
RTVSPost2010PropOp38
 70
     1
102
RTVSPost2010Prop39
140
1.0
102
RTVSPost2010PropOp39
 70
     1
102
RTVSPost2010Prop40
 90
        0
102
RTVSPost2010PropOp40
 70
     1
102
RTVSPost2010Prop41ColorIndex
 90
       18
102
RTVSPost2010Prop41ColorRGB
 90
        0
102
RTVSPost2010PropOp41
 70
     1
102
RTVSPost2010Prop42
 90
       50
102
RTVSPost2010PropOp42
 70
     1
102
RTVSPost2010Prop43
 90
        3
102
RTVSPost2010PropOp43
 70
     1
102
RTVSPost2010Prop44ColorIndex
 90
        5
102
RTVSPost2010Prop44ColorRGB
 90
      255
102
RTVSPost2010PropOp44
 70
     1
102
RTVSPost2010Prop45
280
     0
102
RTVSPost2010PropOp45
 70
     1
102
RTVSPost2010Prop46
 90
       50
102
RTVSPost2010PropOp46
 70
     1
102
RTVSPost2010Prop47
 90
       50
102
RTVSPost2010PropOp47
 70
     1
102
RTVSPost2010Prop48
 90
       50
102
RTVSPost2010PropOp48
 70
     1
102
RTVSPost2010Prop49
280
     0
102
RTVSPost2010PropOp49
 70
     1
102
RTVSPost2010Prop50
 90
       50
102
RTVSPost2010PropOp50
 70
     1
102
RTVSPost2010Prop51ColorIndex
 90
      256
102
RTVSPost2010Prop51ColorRGB
 90
-16777216
102
RTVSPost2010PropOp51
 70
     0
102
RTVSPost2010Prop52
140
1.0
102
RTVSPost2010PropOp52
 70
     0
102
RTVSPost2010Prop53
 90
        2
102
RTVSPost2010PropOp53
 70
     1
102
RTVSPost2010Prop54
  1
strokes_ogs.tif
102
RTVSPost2010PropOp54
 70
     1
102
RTVSPost2010Prop55
280
     0
102
RTVSPost2010PropOp55
 70
     1
102
RTVSPost2010Prop56
140
1.0
102
RTVSPost2010PropOp56
 70
     1
102
RTVSPost2010Prop57
140
1.0
102
RTVSPost2010PropOp57
 70
     1
102
RTVSPropertyOp0
 70
     1
102
RTVSPropertyOp1
 70
     1
102
RTVSPropertyOp2
 70
     1
102
RTVSPropertyOp3
 70
     1
102
RTVSPropertyOp4
 70
     1
102
RTVSPropertyOp5
 70
     1
102
RTVSPropertyOp6
 70
     1
102
RTVSPropertyOp7
 70
     1
102
RTVSPropertyOp8
 70
     1
102
RTVSPropertyOp9
 70
     1
102
RTVSPropertyOp10
 70
     1
102
RTVSPropertyOp11
 70
     1
102
RTVSPropertyOp12
 70
     1
102
RTVSPropertyOp13
 70
     1
102
RTVSPropertyOp14
 70
     1
102
RTVSPropertyOp15
 70
     1
102
RTVSPropertyOp16
 70
     1
102
RTVSPropertyOp17
 70
     1
102
RTVSPropertyOp18
 70
     1
102
RTVSPropertyOp19
 70
     1
102
RTVSPropertyOp20
 70
     1
102
RTVSPropertyOp21
 70
     1
102
RTVSPropertyOp22
 70
     1
102
RTVSPropertyOp23
 70
     1
102
RTVSPropertyOp24
 70
     1
102
RTVSPropertyOp25
 70
     1
102
RTVSPropertyOp26
 70
     1
102
RTVSPropertyOp27
 70
     1
102
RTVSPropertyOp28
 70
     1
102
RTVSPropertyOp29
 70
     1
102
RTVSPropertyOp30
 70
     1
102
RTVSPropertyOp31
 70
     1
102
RTVSPropertyOp32
 70
     1
102
RTVSPropertyOp33
 70
     1
102
RTVSPropertyOp34
 70
     1
102
RTVSPropertyOp35
 70
     1
102
RTVSPropertyOp36
 70
     1
102
RTVSPropertyOp37
 70
     1
102
RTVSPropertyOp38
 70
     1
102
RTVSPropertyOp39
 70
     1
102
RTVSPropertyOp40
 70
     1
102
RTVSPropertyOp41
 70
     1
102
RTVSPropertyOp42
 70
     1
102
RTVSPropertyOp43
 70
     1
102
RTVSPropertyOp44
 70
     1
102
RTVSPropertyOp45
 70
     1
102
RTVSPropertyOp46
 70
     1
102
RTVSPropertyOp47
 70
     1
102
RTVSPropertyOp48
 70
     1
102
RTVSPropertyOp49
 70
     1
102
RTVSPropertyOp50
 70
     1
102
RTVSPropertyOp51
 70
     0
102
RTVSPropertyOp52
 70
     0
102
RTVSPropertyOp53
 70
     1
102
RTVSPropertyOp54
 70
     1
102
RTVSPropertyOp55
 70
     1
102
RTVSPropertyOp56
 70
     1
102
RTVSPropertyOp57
 70
     1
102
RTVSPropertyOp58
 70
     1
102
RTVSPropertyOp59
 70
     1
102
RTVSPropertyOp60
 70
     1
102
RTVSPropertyOp61
 70
     1
102
RTVSPropertyOp62
 70
     1
  0
XRECORD
  5
29B
102
{ACAD_REACTORS
330
29A
102
}
330
29A
100
AcDbXrecord
280
     1
102
RTVSPost2010Prop28
280
     0
102
RTVSPost2010PropOp28
 70
     1
102
RTVSPost2010Prop29
280
     1
102
RTVSPost2010PropOp29
 70
     1
102
RTVSPost2010Prop30
280
     1
102
RTVSPost2010PropOp30
 70
     1
102
RTVSPost2010Prop31
280
     0
102
RTVSPost2010PropOp31
 70
     1
102
RTVSPost2010Prop32
280
     0
102
RTVSPost2010PropOp32
 70
     1
102
RTVSPost2010Prop33
280
     0
102
RTVSPost2010PropOp33
 70
     1
102
RTVSPost2010Prop34
280
     0
102
RTVSPost2010PropOp34
 70
     1
102
RTVSPost2010Prop35
280
     0
102
RTVSPost2010PropOp35
 70
     1
102
RTVSPost2010Prop36
280
     0
102
RTVSPost2010PropOp36
 70
     1
102
RTVSPost2010Prop37
 90
       50
102
RTVSPost2010PropOp37
 70
     1
102
RTVSPost2010Prop38
140
0.0
102
RTVSPost2010PropOp38
 70
     1
102
RTVSPost2010Prop39
140
1.0
102
RTVSPost2010PropOp39
 70
     1
102
RTVSPost2010Prop40
 90
        0
102
RTVSPost2010PropOp40
 70
     1
102
RTVSPost2010Prop41ColorIndex
 90
       18
102
RTVSPost2010Prop41ColorRGB
 90
        0
102
RTVSPost2010PropOp41
 70
     1
102
RTVSPost2010Prop42
 90
       50
102
RTVSPost2010PropOp42
 70
     1
102
RTVSPost2010Prop43
 90
        3
102
RTVSPost2010PropOp43
 70
     1
102
RTVSPost2010Prop44ColorIndex
 90
        5
102
RTVSPost2010Prop44ColorRGB
 90
      255
102
RTVSPost2010PropOp44
 70
     1
102
RTVSPost2010Prop45
280
     0
102
RTVSPost2010PropOp45
 70
     1
102
RTVSPost2010Prop46
 90
       50
102
RTVSPost2010PropOp46
 70
     1
102
RTVSPost2010Prop47
 90
       50
102
RTVSPost2010PropOp47
 70
     1
102
RTVSPost2010Prop48
 90
       50
102
RTVSPost2010PropOp48
 70
     1
102
RTVSPost2010Prop49
280
     0
102
RTVSPost2010PropOp49
 70
     1
102
RTVSPost2010Prop50
 90
       50
102
RTVSPost2010PropOp50
 70
     1
102
RTVSPost2010Prop51ColorIndex
 90
      256
102
RTVSPost2010Prop51ColorRGB
 90
-16777216
102
RTVSPost2010PropOp51
 70
     0
102
RTVSPost2010Prop52
140
1.0
102
RTVSPost2010PropOp52
 70
     0
102
RTVSPost2010Prop53
 90
        2
102
RTVSPost2010PropOp53
 70
     1
102
RTVSPost2010Prop54
  1
strokes_ogs.tif
102
RTVSPost2010PropOp54
 70
     1
102
RTVSPost2010Prop55
280
     0
102
RTVSPost2010PropOp55
 70
     1
102
RTVSPost2010Prop56
140
1.0
102
RTVSPost2010PropOp56
 70
     1
102
RTVSPost2010Prop57
140
1.0
102
RTVSPost2010PropOp57
 70
     1
102
RTVSPropertyOp0
 70
     1
102
RTVSPropertyOp1
 70
     1
102
RTVSPropertyOp2
 70
     1
102
RTVSPropertyOp3
 70
     1
102
RTVSPropertyOp4
 70
     1
102
RTVSPropertyOp5
 70
     1
102
RTVSPropertyOp6
 70
     1
102
RTVSPropertyOp7
 70
     1
102
RTVSPropertyOp8
 70
     1
102
RTVSPropertyOp9
 70
     1
102
RTVSPropertyOp10
 70
     1
102
RTVSPropertyOp11
 70
     1
102
RTVSPropertyOp12
 70
     1
102
RTVSPropertyOp13
 70
     1
102
RTVSPropertyOp14
 70
     1
102
RTVSPropertyOp15
 70
     1
102
RTVSPropertyOp16
 70
     1
102
RTVSPropertyOp17
 70
     1
102
RTVSPropertyOp18
 70
     1
102
RTVSPropertyOp19
 70
     1
102
RTVSPropertyOp20
 70
     1
102
RTVSPropertyOp21
 70
     1
102
RTVSPropertyOp22
 70
     1
102
RTVSPropertyOp23
 70
     1
102
RTVSPropertyOp24
 70
     1
102
RTVSPropertyOp25
 70
     1
102
RTVSPropertyOp26
 70
     1
102
RTVSPropertyOp27
 70
     1
102
RTVSPropertyOp28
 70
     1
102
RTVSPropertyOp29
 70
     1
102
RTVSPropertyOp30
 70
     1
102
RTVSPropertyOp31
 70
     1
102
RTVSPropertyOp32
 70
     1
102
RTVSPropertyOp33
 70
     1
102
RTVSPropertyOp34
 70
     1
102
RTVSPropertyOp35
 70
     1
102
RTVSPropertyOp36
 70
     1
102
RTVSPropertyOp37
 70
     1
102
RTVSPropertyOp38
 70
     1
102
RTVSPropertyOp39
 70
     1
102
RTVSPropertyOp40
 70
     1
102
RTVSPropertyOp41
 70
     1
102
RTVSPropertyOp42
 70
     1
102
RTVSPropertyOp43
 70
     1
102
RTVSPropertyOp44
 70
     1
102
RTVSPropertyOp45
 70
     1
102
RTVSPropertyOp46
 70
     1
102
RTVSPropertyOp47
 70
     1
102
RTVSPropertyOp48
 70
     1
102
RTVSPropertyOp49
 70
     1
102
RTVSPropertyOp50
 70
     1
102
RTVSPropertyOp51
 70
     0
102
RTVSPropertyOp52
 70
     0
102
RTVSPropertyOp53
 70
     1
102
RTVSPropertyOp54
 70
     1
102
RTVSPropertyOp55
 70
     1
102
RTVSPropertyOp56
 70
     1
102
RTVSPropertyOp57
 70
     1
102
RTVSPropertyOp58
 70
     1
102
RTVSPropertyOp59
 70
     1
102
RTVSPropertyOp60
 70
     1
102
RTVSPropertyOp61
 70
     1
102
RTVSPropertyOp62
 70
     1
  0
XRECORD
  5
2AB
102
{ACAD_REACTORS
330
2AA
102
}
330
2AA
100
AcDbXrecord
280
     1
102
RTVSPost2010Prop28
280
     0
102
RTVSPost2010PropOp28
 70
     1
102
RTVSPost2010Prop29
280
     1
102
RTVSPost2010PropOp29
 70
     1
102
RTVSPost2010Prop30
280
     1
102
RTVSPost2010PropOp30
 70
     1
102
RTVSPost2010Prop31
280
     0
102
RTVSPost2010PropOp31
 70
     1
102
RTVSPost2010Prop32
280
     0
102
RTVSPost2010PropOp32
 70
     1
102
RTVSPost2010Prop33
280
     0
102
RTVSPost2010PropOp33
 70
     1
102
RTVSPost2010Prop34
280
     0
102
RTVSPost2010PropOp34
 70
     1
102
RTVSPost2010Prop35
280
     0
102
RTVSPost2010PropOp35
 70
     1
102
RTVSPost2010Prop36
280
     0
102
RTVSPost2010PropOp36
 70
     1
102
RTVSPost2010Prop37
 90
       50
102
RTVSPost2010PropOp37
 70
     1
102
RTVSPost2010Prop38
140
0.0
102
RTVSPost2010PropOp38
 70
     1
102
RTVSPost2010Prop39
140
1.0
102
RTVSPost2010PropOp39
 70
     1
102
RTVSPost2010Prop40
 90
        0
102
RTVSPost2010PropOp40
 70
     1
102
RTVSPost2010Prop41ColorIndex
 90
       18
102
RTVSPost2010Prop41ColorRGB
 90
        0
102
RTVSPost2010PropOp41
 70
     1
102
RTVSPost2010Prop42
 90
       50
102
RTVSPost2010PropOp42
 70
     1
102
RTVSPost2010Prop43
 90
        3
102
RTVSPost2010PropOp43
 70
     1
102
RTVSPost2010Prop44ColorIndex
 90
        5
102
RTVSPost2010Prop44ColorRGB
 90
      255
102
RTVSPost2010PropOp44
 70
     1
102
RTVSPost2010Prop45
280
     0
102
RTVSPost2010PropOp45
 70
     1
102
RTVSPost2010Prop46
 90
       50
102
RTVSPost2010PropOp46
 70
     1
102
RTVSPost2010Prop47
 90
       50
102
RTVSPost2010PropOp47
 70
     1
102
RTVSPost2010Prop48
 90
       50
102
RTVSPost2010PropOp48
 70
     1
102
RTVSPost2010Prop49
280
     0
102
RTVSPost2010PropOp49
 70
     1
102
RTVSPost2010Prop50
 90
       50
102
RTVSPost2010PropOp50
 70
     1
102
RTVSPost2010Prop51ColorIndex
 90
      256
102
RTVSPost2010Prop51ColorRGB
 90
-16777216
102
RTVSPost2010PropOp51
 70
     0
102
RTVSPost2010Prop52
140
1.0
102
RTVSPost2010PropOp52
 70
     0
102
RTVSPost2010Prop53
 90
        2
102
RTVSPost2010PropOp53
 70
     1
102
RTVSPost2010Prop54
  1
strokes_ogs.tif
102
RTVSPost2010PropOp54
 70
     1
102
RTVSPost2010Prop55
280
     0
102
RTVSPost2010PropOp55
 70
     1
102
RTVSPost2010Prop56
140
1.0
102
RTVSPost2010PropOp56
 70
     1
102
RTVSPost2010Prop57
140
1.0
102
RTVSPost2010PropOp57
 70
     1
102
RTVSPropertyOp0
 70
     0
102
RTVSPropertyOp1
 70
     0
102
RTVSPropertyOp2
 70
     0
102
RTVSPropertyOp3
 70
     0
102
RTVSPropertyOp4
 70
     0
102
RTVSPropertyOp5
 70
     0
102
RTVSPropertyOp6
 70
     0
102
RTVSPropertyOp7
 70
     0
102
RTVSPropertyOp8
 70
     0
102
RTVSPropertyOp9
 70
     0
102
RTVSPropertyOp10
 70
     0
102
RTVSPropertyOp11
 70
     0
102
RTVSPropertyOp12
 70
     0
102
RTVSPropertyOp13
 70
     0
102
RTVSPropertyOp14
 70
     2
102
RTVSPropertyOp15
 70
     0
102
RTVSPropertyOp16
 70
     0
102
RTVSPropertyOp17
 70
     0
102
RTVSPropertyOp18
 70
     0
102
RTVSPropertyOp19
 70
     0
102
RTVSPropertyOp20
 70
     0
102
RTVSPropertyOp21
 70
     0
102
RTVSPropertyOp22
 70
     0
102
RTVSPropertyOp23
 70
     0
102
RTVSPropertyOp24
 70
     0
102
RTVSPropertyOp25
 70
     0
102
RTVSPropertyOp26
 70
     0
102
RTVSPropertyOp27
 70
     0
102
RTVSPropertyOp28
 70
     1
102
RTVSPropertyOp29
 70
     1
102
RTVSPropertyOp30
 70
     1
102
RTVSPropertyOp31
 70
     1
102
RTVSPropertyOp32
 70
     1
102
RTVSPropertyOp33
 70
     1
102
RTVSPropertyOp34
 70
     1
102
RTVSPropertyOp35
 70
     1
102
RTVSPropertyOp36
 70
     1
102
RTVSPropertyOp37
 70
     1
102
RTVSPropertyOp38
 70
     1
102
RTVSPropertyOp39
 70
     1
102
RTVSPropertyOp40
 70
     1
102
RTVSPropertyOp41
 70
     1
102
RTVSPropertyOp42
 70
     1
102
RTVSPropertyOp43
 70
     1
102
RTVSPropertyOp44
 70
     1
102
RTVSPropertyOp45
 70
     1
102
RTVSPropertyOp46
 70
     1
102
RTVSPropertyOp47
 70
     1
102
RTVSPropertyOp48
 70
     1
102
RTVSPropertyOp49
 70
     1
102
RTVSPropertyOp50
 70
     1
102
RTVSPropertyOp51
 70
     0
102
RTVSPropertyOp52
 70
     0
102
RTVSPropertyOp53
 70
     1
102
RTVSPropertyOp54
 70
     1
102
RTVSPropertyOp55
 70
     1
102
RTVSPropertyOp56
 70
     1
102
RTVSPropertyOp57
 70
     1
102
RTVSPropertyOp58
 70
     1
102
RTVSPropertyOp59
 70
     1
102
RTVSPropertyOp60
 70
     1
102
RTVSPropertyOp61
 70
     1
102
RTVSPropertyOp62
 70
     1
  0
XRECORD
  5
2A3
102
{ACAD_REACTORS
330
2A2
102
}
330
2A2
100
AcDbXrecord
280
     1
102
RTVSPost2010Prop28
280
     0
102
RTVSPost2010PropOp28
 70
     1
102
RTVSPost2010Prop29
280
     1
102
RTVSPost2010PropOp29
 70
     1
102
RTVSPost2010Prop30
280
     1
102
RTVSPost2010PropOp30
 70
     1
102
RTVSPost2010Prop31
280
     0
102
RTVSPost2010PropOp31
 70
     1
102
RTVSPost2010Prop32
280
     0
102
RTVSPost2010PropOp32
 70
     1
102
RTVSPost2010Prop33
280
     0
102
RTVSPost2010PropOp33
 70
     1
102
RTVSPost2010Prop34
280
     0
102
RTVSPost2010PropOp34
 70
     1
102
RTVSPost2010Prop35
280
     0
102
RTVSPost2010PropOp35
 70
     1
102
RTVSPost2010Prop36
280
     0
102
RTVSPost2010PropOp36
 70
     1
102
RTVSPost2010Prop37
 90
       50
102
RTVSPost2010PropOp37
 70
     1
102
RTVSPost2010Prop38
140
0.0
102
RTVSPost2010PropOp38
 70
     1
102
RTVSPost2010Prop39
140
1.0
102
RTVSPost2010PropOp39
 70
     1
102
RTVSPost2010Prop40
 90
        0
102
RTVSPost2010PropOp40
 70
     1
102
RTVSPost2010Prop41ColorIndex
 90
       18
102
RTVSPost2010Prop41ColorRGB
 90
        0
102
RTVSPost2010PropOp41
 70
     1
102
RTVSPost2010Prop42
 90
       50
102
RTVSPost2010PropOp42
 70
     1
102
RTVSPost2010Prop43
 90
        3
102
RTVSPost2010PropOp43
 70
     1
102
RTVSPost2010Prop44ColorIndex
 90
        5
102
RTVSPost2010Prop44ColorRGB
 90
      255
102
RTVSPost2010PropOp44
 70
     1
102
RTVSPost2010Prop45
280
     0
102
RTVSPost2010PropOp45
 70
     1
102
RTVSPost2010Prop46
 90
       50
102
RTVSPost2010PropOp46
 70
     1
102
RTVSPost2010Prop47
 90
       50
102
RTVSPost2010PropOp47
 70
     1
102
RTVSPost2010Prop48
 90
       50
102
RTVSPost2010PropOp48
 70
     1
102
RTVSPost2010Prop49
280
     0
102
RTVSPost2010PropOp49
 70
     1
102
RTVSPost2010Prop50
 90
       50
102
RTVSPost2010PropOp50
 70
     1
102
RTVSPost2010Prop51ColorIndex
 90
      256
102
RTVSPost2010Prop51ColorRGB
 90
-16777216
102
RTVSPost2010PropOp51
 70
     0
102
RTVSPost2010Prop52
140
1.0
102
RTVSPost2010PropOp52
 70
     0
102
RTVSPost2010Prop53
 90
        2
102
RTVSPost2010PropOp53
 70
     1
102
RTVSPost2010Prop54
  1
strokes_ogs.tif
102
RTVSPost2010PropOp54
 70
     1
102
RTVSPost2010Prop55
280
     0
102
RTVSPost2010PropOp55
 70
     1
102
RTVSPost2010Prop56
140
1.0
102
RTVSPost2010PropOp56
 70
     1
102
RTVSPost2010Prop57
140
1.0
102
RTVSPost2010PropOp57
 70
     1
102
RTVSPropertyOp0
 70
     1
102
RTVSPropertyOp1
 70
     1
102
RTVSPropertyOp2
 70
     1
102
RTVSPropertyOp3
 70
     1
102
RTVSPropertyOp4
 70
     1
102
RTVSPropertyOp5
 70
     1
102
RTVSPropertyOp6
 70
     1
102
RTVSPropertyOp7
 70
     1
102
RTVSPropertyOp8
 70
     1
102
RTVSPropertyOp9
 70
     1
102
RTVSPropertyOp10
 70
     1
102
RTVSPropertyOp11
 70
     1
102
RTVSPropertyOp12
 70
     1
102
RTVSPropertyOp13
 70
     1
102
RTVSPropertyOp14
 70
     1
102
RTVSPropertyOp15
 70
     1
102
RTVSPropertyOp16
 70
     1
102
RTVSPropertyOp17
 70
     1
102
RTVSPropertyOp18
 70
     1
102
RTVSPropertyOp19
 70
     1
102
RTVSPropertyOp20
 70
     1
102
RTVSPropertyOp21
 70
     1
102
RTVSPropertyOp22
 70
     1
102
RTVSPropertyOp23
 70
     1
102
RTVSPropertyOp24
 70
     1
102
RTVSPropertyOp25
 70
     1
102
RTVSPropertyOp26
 70
     1
102
RTVSPropertyOp27
 70
     1
102
RTVSPropertyOp28
 70
     1
102
RTVSPropertyOp29
 70
     1
102
RTVSPropertyOp30
 70
     1
102
RTVSPropertyOp31
 70
     1
102
RTVSPropertyOp32
 70
     1
102
RTVSPropertyOp33
 70
     1
102
RTVSPropertyOp34
 70
     1
102
RTVSPropertyOp35
 70
     1
102
RTVSPropertyOp36
 70
     1
102
RTVSPropertyOp37
 70
     1
102
RTVSPropertyOp38
 70
     1
102
RTVSPropertyOp39
 70
     1
102
RTVSPropertyOp40
 70
     1
102
RTVSPropertyOp41
 70
     1
102
RTVSPropertyOp42
 70
     1
102
RTVSPropertyOp43
 70
     1
102
RTVSPropertyOp44
 70
     1
102
RTVSPropertyOp45
 70
     1
102
RTVSPropertyOp46
 70
     1
102
RTVSPropertyOp47
 70
     1
102
RTVSPropertyOp48
 70
     1
102
RTVSPropertyOp49
 70
     1
102
RTVSPropertyOp50
 70
     1
102
RTVSPropertyOp51
 70
     0
102
RTVSPropertyOp52
 70
     0
102
RTVSPropertyOp53
 70
     1
102
RTVSPropertyOp54
 70
     1
102
RTVSPropertyOp55
 70
     1
102
RTVSPropertyOp56
 70
     1
102
RTVSPropertyOp57
 70
     1
102
RTVSPropertyOp58
 70
     1
102
RTVSPropertyOp59
 70
     1
102
RTVSPropertyOp60
 70
     1
102
RTVSPropertyOp61
 70
     1
102
RTVSPropertyOp62
 70
     1
  0
XRECORD
  5
287
102
{ACAD_REACTORS
330
286
102
}
330
286
100
AcDbXrecord
280
     1
102
RTVSPost2010Prop28
280
     0
102
RTVSPost2010PropOp28
 70
     1
102
RTVSPost2010Prop29
280
     1
102
RTVSPost2010PropOp29
 70
     1
102
RTVSPost2010Prop30
280
     1
102
RTVSPost2010PropOp30
 70
     1
102
RTVSPost2010Prop31
280
     0
102
RTVSPost2010PropOp31
 70
     1
102
RTVSPost2010Prop32
280
     0
102
RTVSPost2010PropOp32
 70
     1
102
RTVSPost2010Prop33
280
     0
102
RTVSPost2010PropOp33
 70
     1
102
RTVSPost2010Prop34
280
     0
102
RTVSPost2010PropOp34
 70
     1
102
RTVSPost2010Prop35
280
     0
102
RTVSPost2010PropOp35
 70
     1
102
RTVSPost2010Prop36
280
     0
102
RTVSPost2010PropOp36
 70
     1
102
RTVSPost2010Prop37
 90
       50
102
RTVSPost2010PropOp37
 70
     1
102
RTVSPost2010Prop38
140
0.0
102
RTVSPost2010PropOp38
 70
     1
102
RTVSPost2010Prop39
140
1.0
102
RTVSPost2010PropOp39
 70
     1
102
RTVSPost2010Prop40
 90
        0
102
RTVSPost2010PropOp40
 70
     1
102
RTVSPost2010Prop41ColorIndex
 90
       18
102
RTVSPost2010Prop41ColorRGB
 90
        0
102
RTVSPost2010PropOp41
 70
     1
102
RTVSPost2010Prop42
 90
       50
102
RTVSPost2010PropOp42
 70
     1
102
RTVSPost2010Prop43
 90
        3
102
RTVSPost2010PropOp43
 70
     1
102
RTVSPost2010Prop44ColorIndex
 90
        5
102
RTVSPost2010Prop44ColorRGB
 90
      255
102
RTVSPost2010PropOp44
 70
     1
102
RTVSPost2010Prop45
280
     0
102
RTVSPost2010PropOp45
 70
     1
102
RTVSPost2010Prop46
 90
       50
102
RTVSPost2010PropOp46
 70
     1
102
RTVSPost2010Prop47
 90
       50
102
RTVSPost2010PropOp47
 70
     1
102
RTVSPost2010Prop48
 90
       50
102
RTVSPost2010PropOp48
 70
     1
102
RTVSPost2010Prop49
280
     0
102
RTVSPost2010PropOp49
 70
     1
102
RTVSPost2010Prop50
 90
       50
102
RTVSPost2010PropOp50
 70
     1
102
RTVSPost2010Prop51ColorIndex
 90
      256
102
RTVSPost2010Prop51ColorRGB
 90
-16777216
102
RTVSPost2010PropOp51
 70
     0
102
RTVSPost2010Prop52
140
1.0
102
RTVSPost2010PropOp52
 70
     0
102
RTVSPost2010Prop53
 90
        2
102
RTVSPost2010PropOp53
 70
     1
102
RTVSPost2010Prop54
  1
strokes_ogs.tif
102
RTVSPost2010PropOp54
 70
     1
102
RTVSPost2010Prop55
280
     0
102
RTVSPost2010PropOp55
 70
     1
102
RTVSPost2010Prop56
140
1.0
102
RTVSPost2010PropOp56
 70
     1
102
RTVSPost2010Prop57
140
1.0
102
RTVSPost2010PropOp57
 70
     1
102
RTVSPropertyOp0
 70
     1
102
RTVSPropertyOp1
 70
     1
102
RTVSPropertyOp2
 70
     1
102
RTVSPropertyOp3
 70
     1
102
RTVSPropertyOp4
 70
     1
102
RTVSPropertyOp5
 70
     1
102
RTVSPropertyOp6
 70
     1
102
RTVSPropertyOp7
 70
     1
102
RTVSPropertyOp8
 70
     1
102
RTVSPropertyOp9
 70
     1
102
RTVSPropertyOp10
 70
     1
102
RTVSPropertyOp11
 70
     1
102
RTVSPropertyOp12
 70
     1
102
RTVSPropertyOp13
 70
     1
102
RTVSPropertyOp14
 70
     1
102
RTVSPropertyOp15
 70
     1
102
RTVSPropertyOp16
 70
     1
102
RTVSPropertyOp17
 70
     1
102
RTVSPropertyOp18
 70
     1
102
RTVSPropertyOp19
 70
     1
102
RTVSPropertyOp20
 70
     1
102
RTVSPropertyOp21
 70
     1
102
RTVSPropertyOp22
 70
     1
102
RTVSPropertyOp23
 70
     1
102
RTVSPropertyOp24
 70
     1
102
RTVSPropertyOp25
 70
     1
102
RTVSPropertyOp26
 70
     1
102
RTVSPropertyOp27
 70
     1
102
RTVSPropertyOp28
 70
     1
102
RTVSPropertyOp29
 70
     1
102
RTVSPropertyOp30
 70
     1
102
RTVSPropertyOp31
 70
     1
102
RTVSPropertyOp32
 70
     1
102
RTVSPropertyOp33
 70
     1
102
RTVSPropertyOp34
 70
     1
102
RTVSPropertyOp35
 70
     1
102
RTVSPropertyOp36
 70
     1
102
RTVSPropertyOp37
 70
     1
102
RTVSPropertyOp38
 70
     1
102
RTVSPropertyOp39
 70
     1
102
RTVSPropertyOp40
 70
     1
102
RTVSPropertyOp41
 70
     1
102
RTVSPropertyOp42
 70
     1
102
RTVSPropertyOp43
 70
     1
102
RTVSPropertyOp44
 70
     1
102
RTVSPropertyOp45
 70
     1
102
RTVSPropertyOp46
 70
     1
102
RTVSPropertyOp47
 70
     1
102
RTVSPropertyOp48
 70
     1
102
RTVSPropertyOp49
 70
     1
102
RTVSPropertyOp50
 70
     1
102
RTVSPropertyOp51
 70
     0
102
RTVSPropertyOp52
 70
     0
102
RTVSPropertyOp53
 70
     1
102
RTVSPropertyOp54
 70
     1
102
RTVSPropertyOp55
 70
     1
102
RTVSPropertyOp56
 70
     1
102
RTVSPropertyOp57
 70
     1
102
RTVSPropertyOp58
 70
     1
102
RTVSPropertyOp59
 70
     1
102
RTVSPropertyOp60
 70
     1
102
RTVSPropertyOp61
 70
     1
102
RTVSPropertyOp62
 70
     1
  0
XRECORD
  5
289
102
{ACAD_REACTORS
330
288
102
}
330
288
100
AcDbXrecord
280
     1
102
RTVSPost2010Prop28
280
     0
102
RTVSPost2010PropOp28
 70
     1
102
RTVSPost2010Prop29
280
     1
102
RTVSPost2010PropOp29
 70
     1
102
RTVSPost2010Prop30
280
     1
102
RTVSPost2010PropOp30
 70
     1
102
RTVSPost2010Prop31
280
     0
102
RTVSPost2010PropOp31
 70
     1
102
RTVSPost2010Prop32
280
     0
102
RTVSPost2010PropOp32
 70
     1
102
RTVSPost2010Prop33
280
     0
102
RTVSPost2010PropOp33
 70
     1
102
RTVSPost2010Prop34
280
     0
102
RTVSPost2010PropOp34
 70
     1
102
RTVSPost2010Prop35
280
     0
102
RTVSPost2010PropOp35
 70
     1
102
RTVSPost2010Prop36
280
     0
102
RTVSPost2010PropOp36
 70
     1
102
RTVSPost2010Prop37
 90
       50
102
RTVSPost2010PropOp37
 70
     1
102
RTVSPost2010Prop38
140
0.0
102
RTVSPost2010PropOp38
 70
     1
102
RTVSPost2010Prop39
140
1.0
102
RTVSPost2010PropOp39
 70
     1
102
RTVSPost2010Prop40
 90
        0
102
RTVSPost2010PropOp40
 70
     1
102
RTVSPost2010Prop41ColorIndex
 90
       18
102
RTVSPost2010Prop41ColorRGB
 90
        0
102
RTVSPost2010PropOp41
 70
     1
102
RTVSPost2010Prop42
 90
       50
102
RTVSPost2010PropOp42
 70
     1
102
RTVSPost2010Prop43
 90
        3
102
RTVSPost2010PropOp43
 70
     1
102
RTVSPost2010Prop44ColorIndex
 90
        5
102
RTVSPost2010Prop44ColorRGB
 90
      255
102
RTVSPost2010PropOp44
 70
     1
102
RTVSPost2010Prop45
280
     0
102
RTVSPost2010PropOp45
 70
     1
102
RTVSPost2010Prop46
 90
       50
102
RTVSPost2010PropOp46
 70
     1
102
RTVSPost2010Prop47
 90
       50
102
RTVSPost2010PropOp47
 70
     1
102
RTVSPost2010Prop48
 90
       50
102
RTVSPost2010PropOp48
 70
     1
102
RTVSPost2010Prop49
280
     0
102
RTVSPost2010PropOp49
 70
     1
102
RTVSPost2010Prop50
 90
       50
102
RTVSPost2010PropOp50
 70
     1
102
RTVSPost2010Prop51ColorIndex
 90
      256
102
RTVSPost2010Prop51ColorRGB
 90
-16777216
102
RTVSPost2010PropOp51
 70
     0
102
RTVSPost2010Prop52
140
1.0
102
RTVSPost2010PropOp52
 70
     0
102
RTVSPost2010Prop53
 90
        2
102
RTVSPost2010PropOp53
 70
     1
102
RTVSPost2010Prop54
  1
strokes_ogs.tif
102
RTVSPost2010PropOp54
 70
     1
102
RTVSPost2010Prop55
280
     0
102
RTVSPost2010PropOp55
 70
     1
102
RTVSPost2010Prop56
140
1.0
102
RTVSPost2010PropOp56
 70
     1
102
RTVSPost2010Prop57
140
1.0
102
RTVSPost2010PropOp57
 70
     1
102
RTVSPropertyOp0
 70
     1
102
RTVSPropertyOp1
 70
     1
102
RTVSPropertyOp2
 70
     1
102
RTVSPropertyOp3
 70
     1
102
RTVSPropertyOp4
 70
     1
102
RTVSPropertyOp5
 70
     1
102
RTVSPropertyOp6
 70
     1
102
RTVSPropertyOp7
 70
     1
102
RTVSPropertyOp8
 70
     1
102
RTVSPropertyOp9
 70
     1
102
RTVSPropertyOp10
 70
     1
102
RTVSPropertyOp11
 70
     1
102
RTVSPropertyOp12
 70
     1
102
RTVSPropertyOp13
 70
     1
102
RTVSPropertyOp14
 70
     1
102
RTVSPropertyOp15
 70
     1
102
RTVSPropertyOp16
 70
     1
102
RTVSPropertyOp17
 70
     1
102
RTVSPropertyOp18
 70
     1
102
RTVSPropertyOp19
 70
     1
102
RTVSPropertyOp20
 70
     1
102
RTVSPropertyOp21
 70
     1
102
RTVSPropertyOp22
 70
     1
102
RTVSPropertyOp23
 70
     1
102
RTVSPropertyOp24
 70
     1
102
RTVSPropertyOp25
 70
     1
102
RTVSPropertyOp26
 70
     1
102
RTVSPropertyOp27
 70
     1
102
RTVSPropertyOp28
 70
     1
102
RTVSPropertyOp29
 70
     1
102
RTVSPropertyOp30
 70
     1
102
RTVSPropertyOp31
 70
     1
102
RTVSPropertyOp32
 70
     1
102
RTVSPropertyOp33
 70
     1
102
RTVSPropertyOp34
 70
     1
102
RTVSPropertyOp35
 70
     1
102
RTVSPropertyOp36
 70
     1
102
RTVSPropertyOp37
 70
     1
102
RTVSPropertyOp38
 70
     1
102
RTVSPropertyOp39
 70
     1
102
RTVSPropertyOp40
 70
     1
102
RTVSPropertyOp41
 70
     1
102
RTVSPropertyOp42
 70
     1
102
RTVSPropertyOp43
 70
     1
102
RTVSPropertyOp44
 70
     1
102
RTVSPropertyOp45
 70
     1
102
RTVSPropertyOp46
 70
     1
102
RTVSPropertyOp47
 70
     1
102
RTVSPropertyOp48
 70
     1
102
RTVSPropertyOp49
 70
     1
102
RTVSPropertyOp50
 70
     1
102
RTVSPropertyOp51
 70
     0
102
RTVSPropertyOp52
 70
     0
102
RTVSPropertyOp53
 70
     1
102
RTVSPropertyOp54
 70
     1
102
RTVSPropertyOp55
 70
     1
102
RTVSPropertyOp56
 70
     1
102
RTVSPropertyOp57
 70
     1
102
RTVSPropertyOp58
 70
     1
102
RTVSPropertyOp59
 70
     1
102
RTVSPropertyOp60
 70
     1
102
RTVSPropertyOp61
 70
     1
102
RTVSPropertyOp62
 70
     1
  0
XRECORD
  5
28B
102
{ACAD_REACTORS
330
28A
102
}
330
28A
100
AcDbXrecord
280
     1
102
RTVSPost2010Prop28
280
     0
102
RTVSPost2010PropOp28
 70
     1
102
RTVSPost2010Prop29
280
     1
102
RTVSPost2010PropOp29
 70
     1
102
RTVSPost2010Prop30
280
     1
102
RTVSPost2010PropOp30
 70
     1
102
RTVSPost2010Prop31
280
     0
102
RTVSPost2010PropOp31
 70
     1
102
RTVSPost2010Prop32
280
     0
102
RTVSPost2010PropOp32
 70
     1
102
RTVSPost2010Prop33
280
     0
102
RTVSPost2010PropOp33
 70
     1
102
RTVSPost2010Prop34
280
     0
102
RTVSPost2010PropOp34
 70
     1
102
RTVSPost2010Prop35
280
     0
102
RTVSPost2010PropOp35
 70
     1
102
RTVSPost2010Prop36
280
     0
102
RTVSPost2010PropOp36
 70
     1
102
RTVSPost2010Prop37
 90
       50
102
RTVSPost2010PropOp37
 70
     1
102
RTVSPost2010Prop38
140
0.0
102
RTVSPost2010PropOp38
 70
     1
102
RTVSPost2010Prop39
140
1.0
102
RTVSPost2010PropOp39
 70
     1
102
RTVSPost2010Prop40
 90
        0
102
RTVSPost2010PropOp40
 70
     1
102
RTVSPost2010Prop41ColorIndex
 90
       18
102
RTVSPost2010Prop41ColorRGB
 90
        0
102
RTVSPost2010PropOp41
 70
     1
102
RTVSPost2010Prop42
 90
       50
102
RTVSPost2010PropOp42
 70
     1
102
RTVSPost2010Prop43
 90
        3
102
RTVSPost2010PropOp43
 70
     1
102
RTVSPost2010Prop44ColorIndex
 90
        5
102
RTVSPost2010Prop44ColorRGB
 90
      255
102
RTVSPost2010PropOp44
 70
     1
102
RTVSPost2010Prop45
280
     0
102
RTVSPost2010PropOp45
 70
     1
102
RTVSPost2010Prop46
 90
       50
102
RTVSPost2010PropOp46
 70
     1
102
RTVSPost2010Prop47
 90
       50
102
RTVSPost2010PropOp47
 70
     1
102
RTVSPost2010Prop48
 90
       50
102
RTVSPost2010PropOp48
 70
     1
102
RTVSPost2010Prop49
280
     0
102
RTVSPost2010PropOp49
 70
     1
102
RTVSPost2010Prop50
 90
       50
102
RTVSPost2010PropOp50
 70
     1
102
RTVSPost2010Prop51ColorIndex
 90
      256
102
RTVSPost2010Prop51ColorRGB
 90
-16777216
102
RTVSPost2010PropOp51
 70
     0
102
RTVSPost2010Prop52
140
1.0
102
RTVSPost2010PropOp52
 70
     0
102
RTVSPost2010Prop53
 90
        2
102
RTVSPost2010PropOp53
 70
     1
102
RTVSPost2010Prop54
  1
strokes_ogs.tif
102
RTVSPost2010PropOp54
 70
     1
102
RTVSPost2010Prop55
280
     0
102
RTVSPost2010PropOp55
 70
     1
102
RTVSPost2010Prop56
140
1.0
102
RTVSPost2010PropOp56
 70
     1
102
RTVSPost2010Prop57
140
1.0
102
RTVSPost2010PropOp57
 70
     1
102
RTVSPropertyOp0
 70
     1
102
RTVSPropertyOp1
 70
     1
102
RTVSPropertyOp2
 70
     1
102
RTVSPropertyOp3
 70
     1
102
RTVSPropertyOp4
 70
     1
102
RTVSPropertyOp5
 70
     1
102
RTVSPropertyOp6
 70
     1
102
RTVSPropertyOp7
 70
     1
102
RTVSPropertyOp8
 70
     1
102
RTVSPropertyOp9
 70
     1
102
RTVSPropertyOp10
 70
     1
102
RTVSPropertyOp11
 70
     1
102
RTVSPropertyOp12
 70
     1
102
RTVSPropertyOp13
 70
     1
102
RTVSPropertyOp14
 70
     1
102
RTVSPropertyOp15
 70
     1
102
RTVSPropertyOp16
 70
     1
102
RTVSPropertyOp17
 70
     1
102
RTVSPropertyOp18
 70
     1
102
RTVSPropertyOp19
 70
     1
102
RTVSPropertyOp20
 70
     1
102
RTVSPropertyOp21
 70
     1
102
RTVSPropertyOp22
 70
     1
102
RTVSPropertyOp23
 70
     1
102
RTVSPropertyOp24
 70
     1
102
RTVSPropertyOp25
 70
     1
102
RTVSPropertyOp26
 70
     1
102
RTVSPropertyOp27
 70
     1
102
RTVSPropertyOp28
 70
     1
102
RTVSPropertyOp29
 70
     1
102
RTVSPropertyOp30
 70
     1
102
RTVSPropertyOp31
 70
     1
102
RTVSPropertyOp32
 70
     1
102
RTVSPropertyOp33
 70
     1
102
RTVSPropertyOp34
 70
     1
102
RTVSPropertyOp35
 70
     1
102
RTVSPropertyOp36
 70
     1
102
RTVSPropertyOp37
 70
     1
102
RTVSPropertyOp38
 70
     1
102
RTVSPropertyOp39
 70
     1
102
RTVSPropertyOp40
 70
     1
102
RTVSPropertyOp41
 70
     1
102
RTVSPropertyOp42
 70
     1
102
RTVSPropertyOp43
 70
     1
102
RTVSPropertyOp44
 70
     1
102
RTVSPropertyOp45
 70
     1
102
RTVSPropertyOp46
 70
     1
102
RTVSPropertyOp47
 70
     1
102
RTVSPropertyOp48
 70
     1
102
RTVSPropertyOp49
 70
     1
102
RTVSPropertyOp50
 70
     1
102
RTVSPropertyOp51
 70
     0
102
RTVSPropertyOp52
 70
     0
102
RTVSPropertyOp53
 70
     1
102
RTVSPropertyOp54
 70
     1
102
RTVSPropertyOp55
 70
     1
102
RTVSPropertyOp56
 70
     1
102
RTVSPropertyOp57
 70
     1
102
RTVSPropertyOp58
 70
     1
102
RTVSPropertyOp59
 70
     1
102
RTVSPropertyOp60
 70
     1
102
RTVSPropertyOp61
 70
     1
102
RTVSPropertyOp62
 70
     1
  0
XRECORD
  5
28D
102
{ACAD_REACTORS
330
28C
102
}
330
28C
100
AcDbXrecord
280
     1
102
RTVSPost2010Prop28
280
     0
102
RTVSPost2010PropOp28
 70
     1
102
RTVSPost2010Prop29
280
     1
102
RTVSPost2010PropOp29
 70
     1
102
RTVSPost2010Prop30
280
     1
102
RTVSPost2010PropOp30
 70
     1
102
RTVSPost2010Prop31
280
     0
102
RTVSPost2010PropOp31
 70
     1
102
RTVSPost2010Prop32
280
     0
102
RTVSPost2010PropOp32
 70
     1
102
RTVSPost2010Prop33
280
     0
102
RTVSPost2010PropOp33
 70
     1
102
RTVSPost2010Prop34
280
     0
102
RTVSPost2010PropOp34
 70
     1
102
RTVSPost2010Prop35
280
     0
102
RTVSPost2010PropOp35
 70
     1
102
RTVSPost2010Prop36
280
     0
102
RTVSPost2010PropOp36
 70
     1
102
RTVSPost2010Prop37
 90
       50
102
RTVSPost2010PropOp37
 70
     1
102
RTVSPost2010Prop38
140
0.0
102
RTVSPost2010PropOp38
 70
     1
102
RTVSPost2010Prop39
140
1.0
102
RTVSPost2010PropOp39
 70
     1
102
RTVSPost2010Prop40
 90
        0
102
RTVSPost2010PropOp40
 70
     1
102
RTVSPost2010Prop41ColorIndex
 90
       18
102
RTVSPost2010Prop41ColorRGB
 90
        0
102
RTVSPost2010PropOp41
 70
     1
102
RTVSPost2010Prop42
 90
       50
102
RTVSPost2010PropOp42
 70
     1
102
RTVSPost2010Prop43
 90
        3
102
RTVSPost2010PropOp43
 70
     1
102
RTVSPost2010Prop44ColorIndex
 90
        5
102
RTVSPost2010Prop44ColorRGB
 90
      255
102
RTVSPost2010PropOp44
 70
     1
102
RTVSPost2010Prop45
280
     0
102
RTVSPost2010PropOp45
 70
     1
102
RTVSPost2010Prop46
 90
       50
102
RTVSPost2010PropOp46
 70
     1
102
RTVSPost2010Prop47
 90
       50
102
RTVSPost2010PropOp47
 70
     1
102
RTVSPost2010Prop48
 90
       50
102
RTVSPost2010PropOp48
 70
     1
102
RTVSPost2010Prop49
280
     0
102
RTVSPost2010PropOp49
 70
     1
102
RTVSPost2010Prop50
 90
       50
102
RTVSPost2010PropOp50
 70
     1
102
RTVSPost2010Prop51ColorIndex
 90
      256
102
RTVSPost2010Prop51ColorRGB
 90
-16777216
102
RTVSPost2010PropOp51
 70
     0
102
RTVSPost2010Prop52
140
1.0
102
RTVSPost2010PropOp52
 70
     0
102
RTVSPost2010Prop53
 90
        2
102
RTVSPost2010PropOp53
 70
     1
102
RTVSPost2010Prop54
  1
strokes_ogs.tif
102
RTVSPost2010PropOp54
 70
     1
102
RTVSPost2010Prop55
280
     0
102
RTVSPost2010PropOp55
 70
     1
102
RTVSPost2010Prop56
140
1.0
102
RTVSPost2010PropOp56
 70
     1
102
RTVSPost2010Prop57
140
1.0
102
RTVSPost2010PropOp57
 70
     1
102
RTVSPropertyOp0
 70
     1
102
RTVSPropertyOp1
 70
     1
102
RTVSPropertyOp2
 70
     1
102
RTVSPropertyOp3
 70
     1
102
RTVSPropertyOp4
 70
     1
102
RTVSPropertyOp5
 70
     1
102
RTVSPropertyOp6
 70
     1
102
RTVSPropertyOp7
 70
     1
102
RTVSPropertyOp8
 70
     1
102
RTVSPropertyOp9
 70
     1
102
RTVSPropertyOp10
 70
     1
102
RTVSPropertyOp11
 70
     1
102
RTVSPropertyOp12
 70
     1
102
RTVSPropertyOp13
 70
     1
102
RTVSPropertyOp14
 70
     1
102
RTVSPropertyOp15
 70
     1
102
RTVSPropertyOp16
 70
     1
102
RTVSPropertyOp17
 70
     1
102
RTVSPropertyOp18
 70
     1
102
RTVSPropertyOp19
 70
     1
102
RTVSPropertyOp20
 70
     1
102
RTVSPropertyOp21
 70
     1
102
RTVSPropertyOp22
 70
     1
102
RTVSPropertyOp23
 70
     1
102
RTVSPropertyOp24
 70
     1
102
RTVSPropertyOp25
 70
     1
102
RTVSPropertyOp26
 70
     1
102
RTVSPropertyOp27
 70
     1
102
RTVSPropertyOp28
 70
     1
102
RTVSPropertyOp29
 70
     1
102
RTVSPropertyOp30
 70
     1
102
RTVSPropertyOp31
 70
     1
102
RTVSPropertyOp32
 70
     1
102
RTVSPropertyOp33
 70
     1
102
RTVSPropertyOp34
 70
     1
102
RTVSPropertyOp35
 70
     1
102
RTVSPropertyOp36
 70
     1
102
RTVSPropertyOp37
 70
     1
102
RTVSPropertyOp38
 70
     1
102
RTVSPropertyOp39
 70
     1
102
RTVSPropertyOp40
 70
     1
102
RTVSPropertyOp41
 70
     1
102
RTVSPropertyOp42
 70
     1
102
RTVSPropertyOp43
 70
     1
102
RTVSPropertyOp44
 70
     1
102
RTVSPropertyOp45
 70
     1
102
RTVSPropertyOp46
 70
     1
102
RTVSPropertyOp47
 70
     1
102
RTVSPropertyOp48
 70
     1
102
RTVSPropertyOp49
 70
     1
102
RTVSPropertyOp50
 70
     1
102
RTVSPropertyOp51
 70
     0
102
RTVSPropertyOp52
 70
     0
102
RTVSPropertyOp53
 70
     1
102
RTVSPropertyOp54
 70
     1
102
RTVSPropertyOp55
 70
     1
102
RTVSPropertyOp56
 70
     1
102
RTVSPropertyOp57
 70
     1
102
RTVSPropertyOp58
 70
     1
102
RTVSPropertyOp59
 70
     1
102
RTVSPropertyOp60
 70
     1
102
RTVSPropertyOp61
 70
     1
102
RTVSPropertyOp62
 70
     1
  0
XRECORD
  5
295
102
{ACAD_REACTORS
330
294
102
}
330
294
100
AcDbXrecord
280
     1
102
RTVSPost2010Prop28
280
     0
102
RTVSPost2010PropOp28
 70
     1
102
RTVSPost2010Prop29
280
     1
102
RTVSPost2010PropOp29
 70
     1
102
RTVSPost2010Prop30
280
     1
102
RTVSPost2010PropOp30
 70
     1
102
RTVSPost2010Prop31
280
     0
102
RTVSPost2010PropOp31
 70
     1
102
RTVSPost2010Prop32
280
     0
102
RTVSPost2010PropOp32
 70
     1
102
RTVSPost2010Prop33
280
     0
102
RTVSPost2010PropOp33
 70
     1
102
RTVSPost2010Prop34
280
     0
102
RTVSPost2010PropOp34
 70
     1
102
RTVSPost2010Prop35
280
     0
102
RTVSPost2010PropOp35
 70
     1
102
RTVSPost2010Prop36
280
     0
102
RTVSPost2010PropOp36
 70
     1
102
RTVSPost2010Prop37
 90
       50
102
RTVSPost2010PropOp37
 70
     1
102
RTVSPost2010Prop38
140
0.0
102
RTVSPost2010PropOp38
 70
     1
102
RTVSPost2010Prop39
140
1.0
102
RTVSPost2010PropOp39
 70
     1
102
RTVSPost2010Prop40
 90
        0
102
RTVSPost2010PropOp40
 70
     1
102
RTVSPost2010Prop41ColorIndex
 90
       18
102
RTVSPost2010Prop41ColorRGB
 90
        0
102
RTVSPost2010PropOp41
 70
     1
102
RTVSPost2010Prop42
 90
       50
102
RTVSPost2010PropOp42
 70
     1
102
RTVSPost2010Prop43
 90
        3
102
RTVSPost2010PropOp43
 70
     1
102
RTVSPost2010Prop44ColorIndex
 90
        5
102
RTVSPost2010Prop44ColorRGB
 90
      255
102
RTVSPost2010PropOp44
 70
     1
102
RTVSPost2010Prop45
280
     0
102
RTVSPost2010PropOp45
 70
     1
102
RTVSPost2010Prop46
 90
       50
102
RTVSPost2010PropOp46
 70
     1
102
RTVSPost2010Prop47
 90
       50
102
RTVSPost2010PropOp47
 70
     1
102
RTVSPost2010Prop48
 90
       50
102
RTVSPost2010PropOp48
 70
     1
102
RTVSPost2010Prop49
280
     0
102
RTVSPost2010PropOp49
 70
     1
102
RTVSPost2010Prop50
 90
       50
102
RTVSPost2010PropOp50
 70
     1
102
RTVSPost2010Prop51ColorIndex
 90
      256
102
RTVSPost2010Prop51ColorRGB
 90
-16777216
102
RTVSPost2010PropOp51
 70
     0
102
RTVSPost2010Prop52
140
1.0
102
RTVSPost2010PropOp52
 70
     0
102
RTVSPost2010Prop53
 90
        2
102
RTVSPost2010PropOp53
 70
     1
102
RTVSPost2010Prop54
  1
strokes_ogs.tif
102
RTVSPost2010PropOp54
 70
     1
102
RTVSPost2010Prop55
280
     0
102
RTVSPost2010PropOp55
 70
     1
102
RTVSPost2010Prop56
140
1.0
102
RTVSPost2010PropOp56
 70
     1
102
RTVSPost2010Prop57
140
1.0
102
RTVSPost2010PropOp57
 70
     1
102
RTVSPropertyOp0
 70
     1
102
RTVSPropertyOp1
 70
     1
102
RTVSPropertyOp2
 70
     1
102
RTVSPropertyOp3
 70
     1
102
RTVSPropertyOp4
 70
     1
102
RTVSPropertyOp5
 70
     1
102
RTVSPropertyOp6
 70
     1
102
RTVSPropertyOp7
 70
     1
102
RTVSPropertyOp8
 70
     1
102
RTVSPropertyOp9
 70
     1
102
RTVSPropertyOp10
 70
     1
102
RTVSPropertyOp11
 70
     1
102
RTVSPropertyOp12
 70
     1
102
RTVSPropertyOp13
 70
     1
102
RTVSPropertyOp14
 70
     1
102
RTVSPropertyOp15
 70
     1
102
RTVSPropertyOp16
 70
     1
102
RTVSPropertyOp17
 70
     1
102
RTVSPropertyOp18
 70
     1
102
RTVSPropertyOp19
 70
     1
102
RTVSPropertyOp20
 70
     1
102
RTVSPropertyOp21
 70
     1
102
RTVSPropertyOp22
 70
     1
102
RTVSPropertyOp23
 70
     1
102
RTVSPropertyOp24
 70
     1
102
RTVSPropertyOp25
 70
     1
102
RTVSPropertyOp26
 70
     1
102
RTVSPropertyOp27
 70
     1
102
RTVSPropertyOp28
 70
     1
102
RTVSPropertyOp29
 70
     1
102
RTVSPropertyOp30
 70
     1
102
RTVSPropertyOp31
 70
     1
102
RTVSPropertyOp32
 70
     1
102
RTVSPropertyOp33
 70
     1
102
RTVSPropertyOp34
 70
     1
102
RTVSPropertyOp35
 70
     1
102
RTVSPropertyOp36
 70
     1
102
RTVSPropertyOp37
 70
     1
102
RTVSPropertyOp38
 70
     1
102
RTVSPropertyOp39
 70
     1
102
RTVSPropertyOp40
 70
     1
102
RTVSPropertyOp41
 70
     1
102
RTVSPropertyOp42
 70
     1
102
RTVSPropertyOp43
 70
     1
102
RTVSPropertyOp44
 70
     1
102
RTVSPropertyOp45
 70
     1
102
RTVSPropertyOp46
 70
     1
102
RTVSPropertyOp47
 70
     1
102
RTVSPropertyOp48
 70
     1
102
RTVSPropertyOp49
 70
     1
102
RTVSPropertyOp50
 70
     1
102
RTVSPropertyOp51
 70
     0
102
RTVSPropertyOp52
 70
     0
102
RTVSPropertyOp53
 70
     1
102
RTVSPropertyOp54
 70
     1
102
RTVSPropertyOp55
 70
     1
102
RTVSPropertyOp56
 70
     1
102
RTVSPropertyOp57
 70
     1
102
RTVSPropertyOp58
 70
     1
102
RTVSPropertyOp59
 70
     1
102
RTVSPropertyOp60
 70
     1
102
RTVSPropertyOp61
 70
     1
102
RTVSPropertyOp62
 70
     1
  0
XRECORD
  5
2A7
102
{ACAD_REACTORS
330
2A6
102
}
330
2A6
100
AcDbXrecord
280
     1
102
RTVSPost2010Prop28
280
     0
102
RTVSPost2010PropOp28
 70
     1
102
RTVSPost2010Prop29
280
     1
102
RTVSPost2010PropOp29
 70
     1
102
RTVSPost2010Prop30
280
     1
102
RTVSPost2010PropOp30
 70
     1
102
RTVSPost2010Prop31
280
     0
102
RTVSPost2010PropOp31
 70
     1
102
RTVSPost2010Prop32
280
     0
102
RTVSPost2010PropOp32
 70
     1
102
RTVSPost2010Prop33
280
     0
102
RTVSPost2010PropOp33
 70
     1
102
RTVSPost2010Prop34
280
     0
102
RTVSPost2010PropOp34
 70
     1
102
RTVSPost2010Prop35
280
     0
102
RTVSPost2010PropOp35
 70
     1
102
RTVSPost2010Prop36
280
     0
102
RTVSPost2010PropOp36
 70
     1
102
RTVSPost2010Prop37
 90
       50
102
RTVSPost2010PropOp37
 70
     1
102
RTVSPost2010Prop38
140
0.0
102
RTVSPost2010PropOp38
 70
     1
102
RTVSPost2010Prop39
140
1.0
102
RTVSPost2010PropOp39
 70
     1
102
RTVSPost2010Prop40
 90
        0
102
RTVSPost2010PropOp40
 70
     1
102
RTVSPost2010Prop41ColorIndex
 90
       18
102
RTVSPost2010Prop41ColorRGB
 90
        0
102
RTVSPost2010PropOp41
 70
     1
102
RTVSPost2010Prop42
 90
       50
102
RTVSPost2010PropOp42
 70
     1
102
RTVSPost2010Prop43
 90
        3
102
RTVSPost2010PropOp43
 70
     1
102
RTVSPost2010Prop44ColorIndex
 90
        5
102
RTVSPost2010Prop44ColorRGB
 90
      255
102
RTVSPost2010PropOp44
 70
     1
102
RTVSPost2010Prop45
280
     0
102
RTVSPost2010PropOp45
 70
     1
102
RTVSPost2010Prop46
 90
       50
102
RTVSPost2010PropOp46
 70
     1
102
RTVSPost2010Prop47
 90
       50
102
RTVSPost2010PropOp47
 70
     1
102
RTVSPost2010Prop48
 90
       50
102
RTVSPost2010PropOp48
 70
     1
102
RTVSPost2010Prop49
280
     0
102
RTVSPost2010PropOp49
 70
     1
102
RTVSPost2010Prop50
 90
       50
102
RTVSPost2010PropOp50
 70
     1
102
RTVSPost2010Prop51ColorIndex
 90
      256
102
RTVSPost2010Prop51ColorRGB
 90
-16777216
102
RTVSPost2010PropOp51
 70
     0
102
RTVSPost2010Prop52
140
1.0
102
RTVSPost2010PropOp52
 70
     0
102
RTVSPost2010Prop53
 90
        2
102
RTVSPost2010PropOp53
 70
     1
102
RTVSPost2010Prop54
  1
strokes_ogs.tif
102
RTVSPost2010PropOp54
 70
     1
102
RTVSPost2010Prop55
280
     0
102
RTVSPost2010PropOp55
 70
     1
102
RTVSPost2010Prop56
140
1.0
102
RTVSPost2010PropOp56
 70
     1
102
RTVSPost2010Prop57
140
1.0
102
RTVSPost2010PropOp57
 70
     1
102
RTVSPropertyOp0
 70
     0
102
RTVSPropertyOp1
 70
     0
102
RTVSPropertyOp2
 70
     0
102
RTVSPropertyOp3
 70
     0
102
RTVSPropertyOp4
 70
     0
102
RTVSPropertyOp5
 70
     0
102
RTVSPropertyOp6
 70
     0
102
RTVSPropertyOp7
 70
     0
102
RTVSPropertyOp8
 70
     0
102
RTVSPropertyOp9
 70
     0
102
RTVSPropertyOp10
 70
     0
102
RTVSPropertyOp11
 70
     0
102
RTVSPropertyOp12
 70
     0
102
RTVSPropertyOp13
 70
     0
102
RTVSPropertyOp14
 70
     2
102
RTVSPropertyOp15
 70
     0
102
RTVSPropertyOp16
 70
     0
102
RTVSPropertyOp17
 70
     0
102
RTVSPropertyOp18
 70
     0
102
RTVSPropertyOp19
 70
     0
102
RTVSPropertyOp20
 70
     0
102
RTVSPropertyOp21
 70
     0
102
RTVSPropertyOp22
 70
     0
102
RTVSPropertyOp23
 70
     0
102
RTVSPropertyOp24
 70
     0
102
RTVSPropertyOp25
 70
     0
102
RTVSPropertyOp26
 70
     0
102
RTVSPropertyOp27
 70
     0
102
RTVSPropertyOp28
 70
     1
102
RTVSPropertyOp29
 70
     1
102
RTVSPropertyOp30
 70
     1
102
RTVSPropertyOp31
 70
     1
102
RTVSPropertyOp32
 70
     1
102
RTVSPropertyOp33
 70
     1
102
RTVSPropertyOp34
 70
     1
102
RTVSPropertyOp35
 70
     1
102
RTVSPropertyOp36
 70
     1
102
RTVSPropertyOp37
 70
     1
102
RTVSPropertyOp38
 70
     1
102
RTVSPropertyOp39
 70
     1
102
RTVSPropertyOp40
 70
     1
102
RTVSPropertyOp41
 70
     1
102
RTVSPropertyOp42
 70
     1
102
RTVSPropertyOp43
 70
     1
102
RTVSPropertyOp44
 70
     1
102
RTVSPropertyOp45
 70
     1
102
RTVSPropertyOp46
 70
     1
102
RTVSPropertyOp47
 70
     1
102
RTVSPropertyOp48
 70
     1
102
RTVSPropertyOp49
 70
     1
102
RTVSPropertyOp50
 70
     1
102
RTVSPropertyOp51
 70
     0
102
RTVSPropertyOp52
 70
     0
102
RTVSPropertyOp53
 70
     1
102
RTVSPropertyOp54
 70
     1
102
RTVSPropertyOp55
 70
     1
102
RTVSPropertyOp56
 70
     1
102
RTVSPropertyOp57
 70
     1
102
RTVSPropertyOp58
 70
     1
102
RTVSPropertyOp59
 70
     1
102
RTVSPropertyOp60
 70
     1
102
RTVSPropertyOp61
 70
     1
102
RTVSPropertyOp62
 70
     1
  0
XRECORD
  5
2A1
102
{ACAD_REACTORS
330
2A0
102
}
330
2A0
100
AcDbXrecord
280
     1
102
RTVSPost2010Prop28
280
     0
102
RTVSPost2010PropOp28
 70
     1
102
RTVSPost2010Prop29
280
     1
102
RTVSPost2010PropOp29
 70
     1
102
RTVSPost2010Prop30
280
     1
102
RTVSPost2010PropOp30
 70
     1
102
RTVSPost2010Prop31
280
     0
102
RTVSPost2010PropOp31
 70
     1
102
RTVSPost2010Prop32
280
     0
102
RTVSPost2010PropOp32
 70
     1
102
RTVSPost2010Prop33
280
     0
102
RTVSPost2010PropOp33
 70
     1
102
RTVSPost2010Prop34
280
     0
102
RTVSPost2010PropOp34
 70
     1
102
RTVSPost2010Prop35
280
     0
102
RTVSPost2010PropOp35
 70
     1
102
RTVSPost2010Prop36
280
     0
102
RTVSPost2010PropOp36
 70
     1
102
RTVSPost2010Prop37
 90
       50
102
RTVSPost2010PropOp37
 70
     1
102
RTVSPost2010Prop38
140
0.0
102
RTVSPost2010PropOp38
 70
     1
102
RTVSPost2010Prop39
140
1.0
102
RTVSPost2010PropOp39
 70
     1
102
RTVSPost2010Prop40
 90
        0
102
RTVSPost2010PropOp40
 70
     1
102
RTVSPost2010Prop41ColorIndex
 90
       18
102
RTVSPost2010Prop41ColorRGB
 90
        0
102
RTVSPost2010PropOp41
 70
     1
102
RTVSPost2010Prop42
 90
       50
102
RTVSPost2010PropOp42
 70
     1
102
RTVSPost2010Prop43
 90
        3
102
RTVSPost2010PropOp43
 70
     1
102
RTVSPost2010Prop44ColorIndex
 90
        5
102
RTVSPost2010Prop44ColorRGB
 90
      255
102
RTVSPost2010PropOp44
 70
     1
102
RTVSPost2010Prop45
280
     0
102
RTVSPost2010PropOp45
 70
     1
102
RTVSPost2010Prop46
 90
       50
102
RTVSPost2010PropOp46
 70
     1
102
RTVSPost2010Prop47
 90
       50
102
RTVSPost2010PropOp47
 70
     1
102
RTVSPost2010Prop48
 90
       50
102
RTVSPost2010PropOp48
 70
     1
102
RTVSPost2010Prop49
280
     0
102
RTVSPost2010PropOp49
 70
     1
102
RTVSPost2010Prop50
 90
       50
102
RTVSPost2010PropOp50
 70
     1
102
RTVSPost2010Prop51ColorIndex
 90
      256
102
RTVSPost2010Prop51ColorRGB
 90
-16777216
102
RTVSPost2010PropOp51
 70
     0
102
RTVSPost2010Prop52
140
1.0
102
RTVSPost2010PropOp52
 70
     0
102
RTVSPost2010Prop53
 90
        2
102
RTVSPost2010PropOp53
 70
     1
102
RTVSPost2010Prop54
  1
strokes_ogs.tif
102
RTVSPost2010PropOp54
 70
     1
102
RTVSPost2010Prop55
280
     0
102
RTVSPost2010PropOp55
 70
     1
102
RTVSPost2010Prop56
140
1.0
102
RTVSPost2010PropOp56
 70
     1
102
RTVSPost2010Prop57
140
1.0
102
RTVSPost2010PropOp57
 70
     1
102
RTVSPropertyOp0
 70
     1
102
RTVSPropertyOp1
 70
     1
102
RTVSPropertyOp2
 70
     1
102
RTVSPropertyOp3
 70
     1
102
RTVSPropertyOp4
 70
     1
102
RTVSPropertyOp5
 70
     1
102
RTVSPropertyOp6
 70
     1
102
RTVSPropertyOp7
 70
     1
102
RTVSPropertyOp8
 70
     1
102
RTVSPropertyOp9
 70
     1
102
RTVSPropertyOp10
 70
     1
102
RTVSPropertyOp11
 70
     1
102
RTVSPropertyOp12
 70
     1
102
RTVSPropertyOp13
 70
     1
102
RTVSPropertyOp14
 70
     1
102
RTVSPropertyOp15
 70
     1
102
RTVSPropertyOp16
 70
     1
102
RTVSPropertyOp17
 70
     1
102
RTVSPropertyOp18
 70
     1
102
RTVSPropertyOp19
 70
     1
102
RTVSPropertyOp20
 70
     1
102
RTVSPropertyOp21
 70
     1
102
RTVSPropertyOp22
 70
     1
102
RTVSPropertyOp23
 70
     1
102
RTVSPropertyOp24
 70
     1
102
RTVSPropertyOp25
 70
     1
102
RTVSPropertyOp26
 70
     1
102
RTVSPropertyOp27
 70
     1
102
RTVSPropertyOp28
 70
     1
102
RTVSPropertyOp29
 70
     1
102
RTVSPropertyOp30
 70
     1
102
RTVSPropertyOp31
 70
     1
102
RTVSPropertyOp32
 70
     1
102
RTVSPropertyOp33
 70
     1
102
RTVSPropertyOp34
 70
     1
102
RTVSPropertyOp35
 70
     1
102
RTVSPropertyOp36
 70
     1
102
RTVSPropertyOp37
 70
     1
102
RTVSPropertyOp38
 70
     1
102
RTVSPropertyOp39
 70
     1
102
RTVSPropertyOp40
 70
     1
102
RTVSPropertyOp41
 70
     1
102
RTVSPropertyOp42
 70
     1
102
RTVSPropertyOp43
 70
     1
102
RTVSPropertyOp44
 70
     1
102
RTVSPropertyOp45
 70
     1
102
RTVSPropertyOp46
 70
     1
102
RTVSPropertyOp47
 70
     1
102
RTVSPropertyOp48
 70
     1
102
RTVSPropertyOp49
 70
     1
102
RTVSPropertyOp50
 70
     1
102
RTVSPropertyOp51
 70
     0
102
RTVSPropertyOp52
 70
     0
102
RTVSPropertyOp53
 70
     1
102
RTVSPropertyOp54
 70
     1
102
RTVSPropertyOp55
 70
     1
102
RTVSPropertyOp56
 70
     1
102
RTVSPropertyOp57
 70
     1
102
RTVSPropertyOp58
 70
     1
102
RTVSPropertyOp59
 70
     1
102
RTVSPropertyOp60
 70
     1
102
RTVSPropertyOp61
 70
     1
102
RTVSPropertyOp62
 70
     1
  0
XRECORD
  5
2A9
102
{ACAD_REACTORS
330
2A8
102
}
330
2A8
100
AcDbXrecord
280
     1
102
RTVSPost2010Prop28
280
     0
102
RTVSPost2010PropOp28
 70
     1
102
RTVSPost2010Prop29
280
     1
102
RTVSPost2010PropOp29
 70
     1
102
RTVSPost2010Prop30
280
     1
102
RTVSPost2010PropOp30
 70
     1
102
RTVSPost2010Prop31
280
     0
102
RTVSPost2010PropOp31
 70
     1
102
RTVSPost2010Prop32
280
     0
102
RTVSPost2010PropOp32
 70
     1
102
RTVSPost2010Prop33
280
     0
102
RTVSPost2010PropOp33
 70
     1
102
RTVSPost2010Prop34
280
     0
102
RTVSPost2010PropOp34
 70
     1
102
RTVSPost2010Prop35
280
     0
102
RTVSPost2010PropOp35
 70
     1
102
RTVSPost2010Prop36
280
     0
102
RTVSPost2010PropOp36
 70
     1
102
RTVSPost2010Prop37
 90
       50
102
RTVSPost2010PropOp37
 70
     1
102
RTVSPost2010Prop38
140
0.0
102
RTVSPost2010PropOp38
 70
     1
102
RTVSPost2010Prop39
140
1.0
102
RTVSPost2010PropOp39
 70
     1
102
RTVSPost2010Prop40
 90
        0
102
RTVSPost2010PropOp40
 70
     1
102
RTVSPost2010Prop41ColorIndex
 90
       18
102
RTVSPost2010Prop41ColorRGB
 90
        0
102
RTVSPost2010PropOp41
 70
     1
102
RTVSPost2010Prop42
 90
       50
102
RTVSPost2010PropOp42
 70
     1
102
RTVSPost2010Prop43
 90
        3
102
RTVSPost2010PropOp43
 70
     1
102
RTVSPost2010Prop44ColorIndex
 90
        5
102
RTVSPost2010Prop44ColorRGB
 90
      255
102
RTVSPost2010PropOp44
 70
     1
102
RTVSPost2010Prop45
280
     0
102
RTVSPost2010PropOp45
 70
     1
102
RTVSPost2010Prop46
 90
       50
102
RTVSPost2010PropOp46
 70
     1
102
RTVSPost2010Prop47
 90
       50
102
RTVSPost2010PropOp47
 70
     1
102
RTVSPost2010Prop48
 90
       50
102
RTVSPost2010PropOp48
 70
     1
102
RTVSPost2010Prop49
280
     0
102
RTVSPost2010PropOp49
 70
     1
102
RTVSPost2010Prop50
 90
       50
102
RTVSPost2010PropOp50
 70
     1
102
RTVSPost2010Prop51ColorIndex
 90
      256
102
RTVSPost2010Prop51ColorRGB
 90
-16777216
102
RTVSPost2010PropOp51
 70
     0
102
RTVSPost2010Prop52
140
1.0
102
RTVSPost2010PropOp52
 70
     0
102
RTVSPost2010Prop53
 90
        2
102
RTVSPost2010PropOp53
 70
     1
102
RTVSPost2010Prop54
  1
strokes_ogs.tif
102
RTVSPost2010PropOp54
 70
     1
102
RTVSPost2010Prop55
280
     0
102
RTVSPost2010PropOp55
 70
     1
102
RTVSPost2010Prop56
140
1.0
102
RTVSPost2010PropOp56
 70
     1
102
RTVSPost2010Prop57
140
1.0
102
RTVSPost2010PropOp57
 70
     1
102
RTVSPropertyOp0
 70
     0
102
RTVSPropertyOp1
 70
     0
102
RTVSPropertyOp2
 70
     0
102
RTVSPropertyOp3
 70
     0
102
RTVSPropertyOp4
 70
     0
102
RTVSPropertyOp5
 70
     0
102
RTVSPropertyOp6
 70
     0
102
RTVSPropertyOp7
 70
     0
102
RTVSPropertyOp8
 70
     0
102
RTVSPropertyOp9
 70
     0
102
RTVSPropertyOp10
 70
     0
102
RTVSPropertyOp11
 70
     0
102
RTVSPropertyOp12
 70
     0
102
RTVSPropertyOp13
 70
     0
102
RTVSPropertyOp14
 70
     2
102
RTVSPropertyOp15
 70
     0
102
RTVSPropertyOp16
 70
     0
102
RTVSPropertyOp17
 70
     0
102
RTVSPropertyOp18
 70
     0
102
RTVSPropertyOp19
 70
     0
102
RTVSPropertyOp20
 70
     0
102
RTVSPropertyOp21
 70
     0
102
RTVSPropertyOp22
 70
     0
102
RTVSPropertyOp23
 70
     0
102
RTVSPropertyOp24
 70
     0
102
RTVSPropertyOp25
 70
     0
102
RTVSPropertyOp26
 70
     0
102
RTVSPropertyOp27
 70
     0
102
RTVSPropertyOp28
 70
     1
102
RTVSPropertyOp29
 70
     1
102
RTVSPropertyOp30
 70
     1
102
RTVSPropertyOp31
 70
     1
102
RTVSPropertyOp32
 70
     1
102
RTVSPropertyOp33
 70
     1
102
RTVSPropertyOp34
 70
     1
102
RTVSPropertyOp35
 70
     1
102
RTVSPropertyOp36
 70
     1
102
RTVSPropertyOp37
 70
     1
102
RTVSPropertyOp38
 70
     1
102
RTVSPropertyOp39
 70
     1
102
RTVSPropertyOp40
 70
     1
102
RTVSPropertyOp41
 70
     1
102
RTVSPropertyOp42
 70
     1
102
RTVSPropertyOp43
 70
     1
102
RTVSPropertyOp44
 70
     1
102
RTVSPropertyOp45
 70
     1
102
RTVSPropertyOp46
 70
     1
102
RTVSPropertyOp47
 70
     1
102
RTVSPropertyOp48
 70
     1
102
RTVSPropertyOp49
 70
     1
102
RTVSPropertyOp50
 70
     1
102
RTVSPropertyOp51
 70
     0
102
RTVSPropertyOp52
 70
     0
102
RTVSPropertyOp53
 70
     1
102
RTVSPropertyOp54
 70
     1
102
RTVSPropertyOp55
 70
     1
102
RTVSPropertyOp56
 70
     1
102
RTVSPropertyOp57
 70
     1
102
RTVSPropertyOp58
 70
     1
102
RTVSPropertyOp59
 70
     1
102
RTVSPropertyOp60
 70
     1
102
RTVSPropertyOp61
 70
     1
102
RTVSPropertyOp62
 70
     1
  0
XRECORD
  5
299
102
{ACAD_REACTORS
330
298
102
}
330
298
100
AcDbXrecord
280
     1
102
RTVSPost2010Prop28
280
     0
102
RTVSPost2010PropOp28
 70
     1
102
RTVSPost2010Prop29
280
     1
102
RTVSPost2010PropOp29
 70
     1
102
RTVSPost2010Prop30
280
     1
102
RTVSPost2010PropOp30
 70
     1
102
RTVSPost2010Prop31
280
     0
102
RTVSPost2010PropOp31
 70
     1
102
RTVSPost2010Prop32
280
     0
102
RTVSPost2010PropOp32
 70
     1
102
RTVSPost2010Prop33
280
     0
102
RTVSPost2010PropOp33
 70
     1
102
RTVSPost2010Prop34
280
     0
102
RTVSPost2010PropOp34
 70
     1
102
RTVSPost2010Prop35
280
     0
102
RTVSPost2010PropOp35
 70
     1
102
RTVSPost2010Prop36
280
     0
102
RTVSPost2010PropOp36
 70
     1
102
RTVSPost2010Prop37
 90
       50
102
RTVSPost2010PropOp37
 70
     1
102
RTVSPost2010Prop38
140
0.0
102
RTVSPost2010PropOp38
 70
     1
102
RTVSPost2010Prop39
140
1.0
102
RTVSPost2010PropOp39
 70
     1
102
RTVSPost2010Prop40
 90
        0
102
RTVSPost2010PropOp40
 70
     1
102
RTVSPost2010Prop41ColorIndex
 90
       18
102
RTVSPost2010Prop41ColorRGB
 90
        0
102
RTVSPost2010PropOp41
 70
     1
102
RTVSPost2010Prop42
 90
       50
102
RTVSPost2010PropOp42
 70
     1
102
RTVSPost2010Prop43
 90
        3
102
RTVSPost2010PropOp43
 70
     1
102
RTVSPost2010Prop44ColorIndex
 90
        5
102
RTVSPost2010Prop44ColorRGB
 90
      255
102
RTVSPost2010PropOp44
 70
     1
102
RTVSPost2010Prop45
280
     0
102
RTVSPost2010PropOp45
 70
     1
102
RTVSPost2010Prop46
 90
       50
102
RTVSPost2010PropOp46
 70
     1
102
RTVSPost2010Prop47
 90
       50
102
RTVSPost2010PropOp47
 70
     1
102
RTVSPost2010Prop48
 90
       50
102
RTVSPost2010PropOp48
 70
     1
102
RTVSPost2010Prop49
280
     0
102
RTVSPost2010PropOp49
 70
     1
102
RTVSPost2010Prop50
 90
       50
102
RTVSPost2010PropOp50
 70
     1
102
RTVSPost2010Prop51ColorIndex
 90
      256
102
RTVSPost2010Prop51ColorRGB
 90
-16777216
102
RTVSPost2010PropOp51
 70
     0
102
RTVSPost2010Prop52
140
1.0
102
RTVSPost2010PropOp52
 70
     0
102
RTVSPost2010Prop53
 90
        2
102
RTVSPost2010PropOp53
 70
     1
102
RTVSPost2010Prop54
  1
strokes_ogs.tif
102
RTVSPost2010PropOp54
 70
     1
102
RTVSPost2010Prop55
280
     0
102
RTVSPost2010PropOp55
 70
     1
102
RTVSPost2010Prop56
140
1.0
102
RTVSPost2010PropOp56
 70
     1
102
RTVSPost2010Prop57
140
1.0
102
RTVSPost2010PropOp57
 70
     1
102
RTVSPropertyOp0
 70
     1
102
RTVSPropertyOp1
 70
     1
102
RTVSPropertyOp2
 70
     1
102
RTVSPropertyOp3
 70
     1
102
RTVSPropertyOp4
 70
     1
102
RTVSPropertyOp5
 70
     1
102
RTVSPropertyOp6
 70
     1
102
RTVSPropertyOp7
 70
     1
102
RTVSPropertyOp8
 70
     1
102
RTVSPropertyOp9
 70
     1
102
RTVSPropertyOp10
 70
     1
102
RTVSPropertyOp11
 70
     1
102
RTVSPropertyOp12
 70
     1
102
RTVSPropertyOp13
 70
     1
102
RTVSPropertyOp14
 70
     1
102
RTVSPropertyOp15
 70
     1
102
RTVSPropertyOp16
 70
     1
102
RTVSPropertyOp17
 70
     1
102
RTVSPropertyOp18
 70
     1
102
RTVSPropertyOp19
 70
     1
102
RTVSPropertyOp20
 70
     1
102
RTVSPropertyOp21
 70
     1
102
RTVSPropertyOp22
 70
     1
102
RTVSPropertyOp23
 70
     1
102
RTVSPropertyOp24
 70
     1
102
RTVSPropertyOp25
 70
     1
102
RTVSPropertyOp26
 70
     1
102
RTVSPropertyOp27
 70
     1
102
RTVSPropertyOp28
 70
     1
102
RTVSPropertyOp29
 70
     1
102
RTVSPropertyOp30
 70
     1
102
RTVSPropertyOp31
 70
     1
102
RTVSPropertyOp32
 70
     1
102
RTVSPropertyOp33
 70
     1
102
RTVSPropertyOp34
 70
     1
102
RTVSPropertyOp35
 70
     1
102
RTVSPropertyOp36
 70
     1
102
RTVSPropertyOp37
 70
     1
102
RTVSPropertyOp38
 70
     1
102
RTVSPropertyOp39
 70
     1
102
RTVSPropertyOp40
 70
     1
102
RTVSPropertyOp41
 70
     1
102
RTVSPropertyOp42
 70
     1
102
RTVSPropertyOp43
 70
     1
102
RTVSPropertyOp44
 70
     1
102
RTVSPropertyOp45
 70
     1
102
RTVSPropertyOp46
 70
     1
102
RTVSPropertyOp47
 70
     1
102
RTVSPropertyOp48
 70
     1
102
RTVSPropertyOp49
 70
     1
102
RTVSPropertyOp50
 70
     1
102
RTVSPropertyOp51
 70
     0
102
RTVSPropertyOp52
 70
     0
102
RTVSPropertyOp53
 70
     1
102
RTVSPropertyOp54
 70
     1
102
RTVSPropertyOp55
 70
     1
102
RTVSPropertyOp56
 70
     1
102
RTVSPropertyOp57
 70
     1
102
RTVSPropertyOp58
 70
     1
102
RTVSPropertyOp59
 70
     1
102
RTVSPropertyOp60
 70
     1
102
RTVSPropertyOp61
 70
     1
102
RTVSPropertyOp62
 70
     1
  0
XRECORD
  5
2B5
102
{ACAD_REACTORS
330
2B4
102
}
330
2B4
100
AcDbXrecord
280
     1
102
RTVSPost2010Prop28
280
     0
102
RTVSPost2010PropOp28
 70
     1
102
RTVSPost2010Prop29
280
     1
102
RTVSPost2010PropOp29
 70
     1
102
RTVSPost2010Prop30
280
     1
102
RTVSPost2010PropOp30
 70
     1
102
RTVSPost2010Prop31
280
     0
102
RTVSPost2010PropOp31
 70
     1
102
RTVSPost2010Prop32
280
     0
102
RTVSPost2010PropOp32
 70
     1
102
RTVSPost2010Prop33
280
     0
102
RTVSPost2010PropOp33
 70
     1
102
RTVSPost2010Prop34
280
     0
102
RTVSPost2010PropOp34
 70
     1
102
RTVSPost2010Prop35
280
     0
102
RTVSPost2010PropOp35
 70
     1
102
RTVSPost2010Prop36
280
     0
102
RTVSPost2010PropOp36
 70
     1
102
RTVSPost2010Prop37
 90
       50
102
RTVSPost2010PropOp37
 70
     1
102
RTVSPost2010Prop38
140
0.0
102
RTVSPost2010PropOp38
 70
     1
102
RTVSPost2010Prop39
140
1.0
102
RTVSPost2010PropOp39
 70
     1
102
RTVSPost2010Prop40
 90
        0
102
RTVSPost2010PropOp40
 70
     1
102
RTVSPost2010Prop41ColorIndex
 90
       18
102
RTVSPost2010Prop41ColorRGB
 90
        0
102
RTVSPost2010PropOp41
 70
     1
102
RTVSPost2010Prop42
 90
       50
102
RTVSPost2010PropOp42
 70
     1
102
RTVSPost2010Prop43
 90
        3
102
RTVSPost2010PropOp43
 70
     1
102
RTVSPost2010Prop44ColorIndex
 90
        5
102
RTVSPost2010Prop44ColorRGB
 90
      255
102
RTVSPost2010PropOp44
 70
     1
102
RTVSPost2010Prop45
280
     0
102
RTVSPost2010PropOp45
 70
     1
102
RTVSPost2010Prop46
 90
       50
102
RTVSPost2010PropOp46
 70
     1
102
RTVSPost2010Prop47
 90
       50
102
RTVSPost2010PropOp47
 70
     1
102
RTVSPost2010Prop48
 90
       50
102
RTVSPost2010PropOp48
 70
     1
102
RTVSPost2010Prop49
280
     0
102
RTVSPost2010PropOp49
 70
     1
102
RTVSPost2010Prop50
 90
       50
102
RTVSPost2010PropOp50
 70
     1
102
RTVSPost2010Prop51ColorIndex
 90
      256
102
RTVSPost2010Prop51ColorRGB
 90
-16777216
102
RTVSPost2010PropOp51
 70
     0
102
RTVSPost2010Prop52
140
1.0
102
RTVSPost2010PropOp52
 70
     0
102
RTVSPost2010Prop53
 90
        2
102
RTVSPost2010PropOp53
 70
     1
102
RTVSPost2010Prop54
  1
strokes_ogs.tif
102
RTVSPost2010PropOp54
 70
     1
102
RTVSPost2010Prop55
280
     0
102
RTVSPost2010PropOp55
 70
     1
102
RTVSPost2010Prop56
140
1.0
102
RTVSPost2010PropOp56
 70
     1
102
RTVSPost2010Prop57
140
1.0
102
RTVSPost2010PropOp57
 70
     1
102
RTVSPropertyOp0
 70
     1
102
RTVSPropertyOp1
 70
     1
102
RTVSPropertyOp2
 70
     1
102
RTVSPropertyOp3
 70
     1
102
RTVSPropertyOp4
 70
     1
102
RTVSPropertyOp5
 70
     1
102
RTVSPropertyOp6
 70
     1
102
RTVSPropertyOp7
 70
     1
102
RTVSPropertyOp8
 70
     1
102
RTVSPropertyOp9
 70
     1
102
RTVSPropertyOp10
 70
     1
102
RTVSPropertyOp11
 70
     1
102
RTVSPropertyOp12
 70
     1
102
RTVSPropertyOp13
 70
     1
102
RTVSPropertyOp14
 70
     1
102
RTVSPropertyOp15
 70
     1
102
RTVSPropertyOp16
 70
     1
102
RTVSPropertyOp17
 70
     1
102
RTVSPropertyOp18
 70
     1
102
RTVSPropertyOp19
 70
     1
102
RTVSPropertyOp20
 70
     1
102
RTVSPropertyOp21
 70
     1
102
RTVSPropertyOp22
 70
     1
102
RTVSPropertyOp23
 70
     1
102
RTVSPropertyOp24
 70
     1
102
RTVSPropertyOp25
 70
     1
102
RTVSPropertyOp26
 70
     1
102
RTVSPropertyOp27
 70
     1
102
RTVSPropertyOp28
 70
     1
102
RTVSPropertyOp29
 70
     1
102
RTVSPropertyOp30
 70
     1
102
RTVSPropertyOp31
 70
     1
102
RTVSPropertyOp32
 70
     1
102
RTVSPropertyOp33
 70
     1
102
RTVSPropertyOp34
 70
     1
102
RTVSPropertyOp35
 70
     1
102
RTVSPropertyOp36
 70
     1
102
RTVSPropertyOp37
 70
     1
102
RTVSPropertyOp38
 70
     1
102
RTVSPropertyOp39
 70
     1
102
RTVSPropertyOp40
 70
     1
102
RTVSPropertyOp41
 70
     1
102
RTVSPropertyOp42
 70
     1
102
RTVSPropertyOp43
 70
     1
102
RTVSPropertyOp44
 70
     1
102
RTVSPropertyOp45
 70
     1
102
RTVSPropertyOp46
 70
     1
102
RTVSPropertyOp47
 70
     1
102
RTVSPropertyOp48
 70
     1
102
RTVSPropertyOp49
 70
     1
102
RTVSPropertyOp50
 70
     1
102
RTVSPropertyOp51
 70
     0
102
RTVSPropertyOp52
 70
     0
102
RTVSPropertyOp53
 70
     1
102
RTVSPropertyOp54
 70
     1
102
RTVSPropertyOp55
 70
     1
102
RTVSPropertyOp56
 70
     1
102
RTVSPropertyOp57
 70
     1
102
RTVSPropertyOp58
 70
     1
102
RTVSPropertyOp59
 70
     1
102
RTVSPropertyOp60
 70
     1
102
RTVSPropertyOp61
 70
     1
102
RTVSPropertyOp62
 70
     1
  0
XRECORD
  5
2B3
102
{ACAD_REACTORS
330
2B2
102
}
330
2B2
100
AcDbXrecord
280
     1
102
RTVSPost2010Prop28
280
     0
102
RTVSPost2010PropOp28
 70
     1
102
RTVSPost2010Prop29
280
     1
102
RTVSPost2010PropOp29
 70
     1
102
RTVSPost2010Prop30
280
     1
102
RTVSPost2010PropOp30
 70
     1
102
RTVSPost2010Prop31
280
     0
102
RTVSPost2010PropOp31
 70
     1
102
RTVSPost2010Prop32
280
     0
102
RTVSPost2010PropOp32
 70
     1
102
RTVSPost2010Prop33
280
     0
102
RTVSPost2010PropOp33
 70
     1
102
RTVSPost2010Prop34
280
     0
102
RTVSPost2010PropOp34
 70
     1
102
RTVSPost2010Prop35
280
     0
102
RTVSPost2010PropOp35
 70
     1
102
RTVSPost2010Prop36
280
     0
102
RTVSPost2010PropOp36
 70
     1
102
RTVSPost2010Prop37
 90
       50
102
RTVSPost2010PropOp37
 70
     1
102
RTVSPost2010Prop38
140
0.0
102
RTVSPost2010PropOp38
 70
     1
102
RTVSPost2010Prop39
140
1.0
102
RTVSPost2010PropOp39
 70
     1
102
RTVSPost2010Prop40
 90
        0
102
RTVSPost2010PropOp40
 70
     1
102
RTVSPost2010Prop41ColorIndex
 90
       18
102
RTVSPost2010Prop41ColorRGB
 90
        0
102
RTVSPost2010PropOp41
 70
     1
102
RTVSPost2010Prop42
 90
       50
102
RTVSPost2010PropOp42
 70
     1
102
RTVSPost2010Prop43
 90
        3
102
RTVSPost2010PropOp43
 70
     1
102
RTVSPost2010Prop44ColorIndex
 90
        5
102
RTVSPost2010Prop44ColorRGB
 90
      255
102
RTVSPost2010PropOp44
 70
     1
102
RTVSPost2010Prop45
280
     0
102
RTVSPost2010PropOp45
 70
     1
102
RTVSPost2010Prop46
 90
       50
102
RTVSPost2010PropOp46
 70
     1
102
RTVSPost2010Prop47
 90
       50
102
RTVSPost2010PropOp47
 70
     1
102
RTVSPost2010Prop48
 90
       50
102
RTVSPost2010PropOp48
 70
     1
102
RTVSPost2010Prop49
280
     0
102
RTVSPost2010PropOp49
 70
     1
102
RTVSPost2010Prop50
 90
       50
102
RTVSPost2010PropOp50
 70
     1
102
RTVSPost2010Prop51ColorIndex
 90
      256
102
RTVSPost2010Prop51ColorRGB
 90
-16777216
102
RTVSPost2010PropOp51
 70
     0
102
RTVSPost2010Prop52
140
1.0
102
RTVSPost2010PropOp52
 70
     0
102
RTVSPost2010Prop53
 90
        2
102
RTVSPost2010PropOp53
 70
     1
102
RTVSPost2010Prop54
  1
strokes_ogs.tif
102
RTVSPost2010PropOp54
 70
     1
102
RTVSPost2010Prop55
280
     0
102
RTVSPost2010PropOp55
 70
     1
102
RTVSPost2010Prop56
140
1.0
102
RTVSPost2010PropOp56
 70
     1
102
RTVSPost2010Prop57
140
1.0
102
RTVSPost2010PropOp57
 70
     1
102
RTVSPropertyOp0
 70
     1
102
RTVSPropertyOp1
 70
     1
102
RTVSPropertyOp2
 70
     1
102
RTVSPropertyOp3
 70
     1
102
RTVSPropertyOp4
 70
     1
102
RTVSPropertyOp5
 70
     1
102
RTVSPropertyOp6
 70
     1
102
RTVSPropertyOp7
 70
     1
102
RTVSPropertyOp8
 70
     1
102
RTVSPropertyOp9
 70
     1
102
RTVSPropertyOp10
 70
     1
102
RTVSPropertyOp11
 70
     1
102
RTVSPropertyOp12
 70
     1
102
RTVSPropertyOp13
 70
     1
102
RTVSPropertyOp14
 70
     1
102
RTVSPropertyOp15
 70
     1
102
RTVSPropertyOp16
 70
     1
102
RTVSPropertyOp17
 70
     1
102
RTVSPropertyOp18
 70
     1
102
RTVSPropertyOp19
 70
     1
102
RTVSPropertyOp20
 70
     1
102
RTVSPropertyOp21
 70
     1
102
RTVSPropertyOp22
 70
     1
102
RTVSPropertyOp23
 70
     1
102
RTVSPropertyOp24
 70
     1
102
RTVSPropertyOp25
 70
     1
102
RTVSPropertyOp26
 70
     1
102
RTVSPropertyOp27
 70
     1
102
RTVSPropertyOp28
 70
     1
102
RTVSPropertyOp29
 70
     1
102
RTVSPropertyOp30
 70
     1
102
RTVSPropertyOp31
 70
     1
102
RTVSPropertyOp32
 70
     1
102
RTVSPropertyOp33
 70
     1
102
RTVSPropertyOp34
 70
     1
102
RTVSPropertyOp35
 70
     1
102
RTVSPropertyOp36
 70
     1
102
RTVSPropertyOp37
 70
     1
102
RTVSPropertyOp38
 70
     1
102
RTVSPropertyOp39
 70
     1
102
RTVSPropertyOp40
 70
     1
102
RTVSPropertyOp41
 70
     1
102
RTVSPropertyOp42
 70
     1
102
RTVSPropertyOp43
 70
     1
102
RTVSPropertyOp44
 70
     1
102
RTVSPropertyOp45
 70
     1
102
RTVSPropertyOp46
 70
     1
102
RTVSPropertyOp47
 70
     1
102
RTVSPropertyOp48
 70
     1
102
RTVSPropertyOp49
 70
     1
102
RTVSPropertyOp50
 70
     1
102
RTVSPropertyOp51
 70
     0
102
RTVSPropertyOp52
 70
     0
102
RTVSPropertyOp53
 70
     1
102
RTVSPropertyOp54
 70
     1
102
RTVSPropertyOp55
 70
     1
102
RTVSPropertyOp56
 70
     1
102
RTVSPropertyOp57
 70
     1
102
RTVSPropertyOp58
 70
     1
102
RTVSPropertyOp59
 70
     1
102
RTVSPropertyOp60
 70
     1
102
RTVSPropertyOp61
 70
     1
102
RTVSPropertyOp62
 70
     1
  0
XRECORD
  5
2AD
102
{ACAD_REACTORS
330
2AC
102
}
330
2AC
100
AcDbXrecord
280
     1
102
RTVSPost2010Prop28
280
     0
102
RTVSPost2010PropOp28
 70
     1
102
RTVSPost2010Prop29
280
     1
102
RTVSPost2010PropOp29
 70
     1
102
RTVSPost2010Prop30
280
     1
102
RTVSPost2010PropOp30
 70
     1
102
RTVSPost2010Prop31
280
     0
102
RTVSPost2010PropOp31
 70
     1
102
RTVSPost2010Prop32
280
     0
102
RTVSPost2010PropOp32
 70
     1
102
RTVSPost2010Prop33
280
     0
102
RTVSPost2010PropOp33
 70
     1
102
RTVSPost2010Prop34
280
     0
102
RTVSPost2010PropOp34
 70
     1
102
RTVSPost2010Prop35
280
     0
102
RTVSPost2010PropOp35
 70
     1
102
RTVSPost2010Prop36
280
     0
102
RTVSPost2010PropOp36
 70
     1
102
RTVSPost2010Prop37
 90
       50
102
RTVSPost2010PropOp37
 70
     1
102
RTVSPost2010Prop38
140
0.0
102
RTVSPost2010PropOp38
 70
     1
102
RTVSPost2010Prop39
140
1.0
102
RTVSPost2010PropOp39
 70
     1
102
RTVSPost2010Prop40
 90
        0
102
RTVSPost2010PropOp40
 70
     1
102
RTVSPost2010Prop41ColorIndex
 90
       18
102
RTVSPost2010Prop41ColorRGB
 90
        0
102
RTVSPost2010PropOp41
 70
     1
102
RTVSPost2010Prop42
 90
       50
102
RTVSPost2010PropOp42
 70
     1
102
RTVSPost2010Prop43
 90
        3
102
RTVSPost2010PropOp43
 70
     1
102
RTVSPost2010Prop44ColorIndex
 90
        5
102
RTVSPost2010Prop44ColorRGB
 90
      255
102
RTVSPost2010PropOp44
 70
     1
102
RTVSPost2010Prop45
280
     0
102
RTVSPost2010PropOp45
 70
     1
102
RTVSPost2010Prop46
 90
       50
102
RTVSPost2010PropOp46
 70
     1
102
RTVSPost2010Prop47
 90
       50
102
RTVSPost2010PropOp47
 70
     1
102
RTVSPost2010Prop48
 90
       50
102
RTVSPost2010PropOp48
 70
     1
102
RTVSPost2010Prop49
280
     0
102
RTVSPost2010PropOp49
 70
     1
102
RTVSPost2010Prop50
 90
       50
102
RTVSPost2010PropOp50
 70
     1
102
RTVSPost2010Prop51ColorIndex
 90
      256
102
RTVSPost2010Prop51ColorRGB
 90
-16777216
102
RTVSPost2010PropOp51
 70
     0
102
RTVSPost2010Prop52
140
1.0
102
RTVSPost2010PropOp52
 70
     0
102
RTVSPost2010Prop53
 90
        2
102
RTVSPost2010PropOp53
 70
     1
102
RTVSPost2010Prop54
  1
strokes_ogs.tif
102
RTVSPost2010PropOp54
 70
     1
102
RTVSPost2010Prop55
280
     0
102
RTVSPost2010PropOp55
 70
     1
102
RTVSPost2010Prop56
140
1.0
102
RTVSPost2010PropOp56
 70
     1
102
RTVSPost2010Prop57
140
1.0
102
RTVSPost2010PropOp57
 70
     1
102
RTVSPropertyOp0
 70
     1
102
RTVSPropertyOp1
 70
     1
102
RTVSPropertyOp2
 70
     1
102
RTVSPropertyOp3
 70
     1
102
RTVSPropertyOp4
 70
     1
102
RTVSPropertyOp5
 70
     1
102
RTVSPropertyOp6
 70
     1
102
RTVSPropertyOp7
 70
     1
102
RTVSPropertyOp8
 70
     1
102
RTVSPropertyOp9
 70
     1
102
RTVSPropertyOp10
 70
     1
102
RTVSPropertyOp11
 70
     1
102
RTVSPropertyOp12
 70
     1
102
RTVSPropertyOp13
 70
     1
102
RTVSPropertyOp14
 70
     1
102
RTVSPropertyOp15
 70
     1
102
RTVSPropertyOp16
 70
     1
102
RTVSPropertyOp17
 70
     1
102
RTVSPropertyOp18
 70
     1
102
RTVSPropertyOp19
 70
     1
102
RTVSPropertyOp20
 70
     1
102
RTVSPropertyOp21
 70
     1
102
RTVSPropertyOp22
 70
     1
102
RTVSPropertyOp23
 70
     1
102
RTVSPropertyOp24
 70
     1
102
RTVSPropertyOp25
 70
     1
102
RTVSPropertyOp26
 70
     1
102
RTVSPropertyOp27
 70
     1
102
RTVSPropertyOp28
 70
     1
102
RTVSPropertyOp29
 70
     1
102
RTVSPropertyOp30
 70
     1
102
RTVSPropertyOp31
 70
     1
102
RTVSPropertyOp32
 70
     1
102
RTVSPropertyOp33
 70
     1
102
RTVSPropertyOp34
 70
     1
102
RTVSPropertyOp35
 70
     1
102
RTVSPropertyOp36
 70
     1
102
RTVSPropertyOp37
 70
     1
102
RTVSPropertyOp38
 70
     1
102
RTVSPropertyOp39
 70
     1
102
RTVSPropertyOp40
 70
     1
102
RTVSPropertyOp41
 70
     1
102
RTVSPropertyOp42
 70
     1
102
RTVSPropertyOp43
 70
     1
102
RTVSPropertyOp44
 70
     1
102
RTVSPropertyOp45
 70
     1
102
RTVSPropertyOp46
 70
     1
102
RTVSPropertyOp47
 70
     1
102
RTVSPropertyOp48
 70
     1
102
RTVSPropertyOp49
 70
     1
102
RTVSPropertyOp50
 70
     1
102
RTVSPropertyOp51
 70
     0
102
RTVSPropertyOp52
 70
     0
102
RTVSPropertyOp53
 70
     1
102
RTVSPropertyOp54
 70
     1
102
RTVSPropertyOp55
 70
     1
102
RTVSPropertyOp56
 70
     1
102
RTVSPropertyOp57
 70
     1
102
RTVSPropertyOp58
 70
     1
102
RTVSPropertyOp59
 70
     1
102
RTVSPropertyOp60
 70
     1
102
RTVSPropertyOp61
 70
     1
102
RTVSPropertyOp62
 70
     1
  0
XRECORD
  5
2AF
102
{ACAD_REACTORS
330
2AE
102
}
330
2AE
100
AcDbXrecord
280
     1
102
RTVSPost2010Prop28
280
     0
102
RTVSPost2010PropOp28
 70
     1
102
RTVSPost2010Prop29
280
     1
102
RTVSPost2010PropOp29
 70
     1
102
RTVSPost2010Prop30
280
     1
102
RTVSPost2010PropOp30
 70
     1
102
RTVSPost2010Prop31
280
     0
102
RTVSPost2010PropOp31
 70
     1
102
RTVSPost2010Prop32
280
     0
102
RTVSPost2010PropOp32
 70
     1
102
RTVSPost2010Prop33
280
     0
102
RTVSPost2010PropOp33
 70
     1
102
RTVSPost2010Prop34
280
     0
102
RTVSPost2010PropOp34
 70
     1
102
RTVSPost2010Prop35
280
     0
102
RTVSPost2010PropOp35
 70
     1
102
RTVSPost2010Prop36
280
     0
102
RTVSPost2010PropOp36
 70
     1
102
RTVSPost2010Prop37
 90
       50
102
RTVSPost2010PropOp37
 70
     1
102
RTVSPost2010Prop38
140
0.0
102
RTVSPost2010PropOp38
 70
     1
102
RTVSPost2010Prop39
140
1.0
102
RTVSPost2010PropOp39
 70
     1
102
RTVSPost2010Prop40
 90
        0
102
RTVSPost2010PropOp40
 70
     1
102
RTVSPost2010Prop41ColorIndex
 90
       18
102
RTVSPost2010Prop41ColorRGB
 90
        0
102
RTVSPost2010PropOp41
 70
     1
102
RTVSPost2010Prop42
 90
       50
102
RTVSPost2010PropOp42
 70
     1
102
RTVSPost2010Prop43
 90
        3
102
RTVSPost2010PropOp43
 70
     1
102
RTVSPost2010Prop44ColorIndex
 90
        5
102
RTVSPost2010Prop44ColorRGB
 90
      255
102
RTVSPost2010PropOp44
 70
     1
102
RTVSPost2010Prop45
280
     0
102
RTVSPost2010PropOp45
 70
     1
102
RTVSPost2010Prop46
 90
       50
102
RTVSPost2010PropOp46
 70
     1
102
RTVSPost2010Prop47
 90
       50
102
RTVSPost2010PropOp47
 70
     1
102
RTVSPost2010Prop48
 90
       50
102
RTVSPost2010PropOp48
 70
     1
102
RTVSPost2010Prop49
280
     0
102
RTVSPost2010PropOp49
 70
     1
102
RTVSPost2010Prop50
 90
       50
102
RTVSPost2010PropOp50
 70
     1
102
RTVSPost2010Prop51ColorIndex
 90
      256
102
RTVSPost2010Prop51ColorRGB
 90
-16777216
102
RTVSPost2010PropOp51
 70
     0
102
RTVSPost2010Prop52
140
1.0
102
RTVSPost2010PropOp52
 70
     0
102
RTVSPost2010Prop53
 90
        2
102
RTVSPost2010PropOp53
 70
     1
102
RTVSPost2010Prop54
  1
strokes_ogs.tif
102
RTVSPost2010PropOp54
 70
     1
102
RTVSPost2010Prop55
280
     0
102
RTVSPost2010PropOp55
 70
     1
102
RTVSPost2010Prop56
140
1.0
102
RTVSPost2010PropOp56
 70
     1
102
RTVSPost2010Prop57
140
1.0
102
RTVSPost2010PropOp57
 70
     1
102
RTVSPropertyOp0
 70
     1
102
RTVSPropertyOp1
 70
     1
102
RTVSPropertyOp2
 70
     1
102
RTVSPropertyOp3
 70
     1
102
RTVSPropertyOp4
 70
     1
102
RTVSPropertyOp5
 70
     1
102
RTVSPropertyOp6
 70
     1
102
RTVSPropertyOp7
 70
     1
102
RTVSPropertyOp8
 70
     1
102
RTVSPropertyOp9
 70
     1
102
RTVSPropertyOp10
 70
     1
102
RTVSPropertyOp11
 70
     1
102
RTVSPropertyOp12
 70
     1
102
RTVSPropertyOp13
 70
     1
102
RTVSPropertyOp14
 70
     1
102
RTVSPropertyOp15
 70
     1
102
RTVSPropertyOp16
 70
     1
102
RTVSPropertyOp17
 70
     1
102
RTVSPropertyOp18
 70
     1
102
RTVSPropertyOp19
 70
     1
102
RTVSPropertyOp20
 70
     1
102
RTVSPropertyOp21
 70
     1
102
RTVSPropertyOp22
 70
     1
102
RTVSPropertyOp23
 70
     1
102
RTVSPropertyOp24
 70
     1
102
RTVSPropertyOp25
 70
     1
102
RTVSPropertyOp26
 70
     1
102
RTVSPropertyOp27
 70
     1
102
RTVSPropertyOp28
 70
     1
102
RTVSPropertyOp29
 70
     1
102
RTVSPropertyOp30
 70
     1
102
RTVSPropertyOp31
 70
     1
102
RTVSPropertyOp32
 70
     1
102
RTVSPropertyOp33
 70
     1
102
RTVSPropertyOp34
 70
     1
102
RTVSPropertyOp35
 70
     1
102
RTVSPropertyOp36
 70
     1
102
RTVSPropertyOp37
 70
     1
102
RTVSPropertyOp38
 70
     1
102
RTVSPropertyOp39
 70
     1
102
RTVSPropertyOp40
 70
     1
102
RTVSPropertyOp41
 70
     1
102
RTVSPropertyOp42
 70
     1
102
RTVSPropertyOp43
 70
     1
102
RTVSPropertyOp44
 70
     1
102
RTVSPropertyOp45
 70
     1
102
RTVSPropertyOp46
 70
     1
102
RTVSPropertyOp47
 70
     1
102
RTVSPropertyOp48
 70
     1
102
RTVSPropertyOp49
 70
     1
102
RTVSPropertyOp50
 70
     1
102
RTVSPropertyOp51
 70
     0
102
RTVSPropertyOp52
 70
     0
102
RTVSPropertyOp53
 70
     1
102
RTVSPropertyOp54
 70
     1
102
RTVSPropertyOp55
 70
     1
102
RTVSPropertyOp56
 70
     1
102
RTVSPropertyOp57
 70
     1
102
RTVSPropertyOp58
 70
     1
102
RTVSPropertyOp59
 70
     1
102
RTVSPropertyOp60
 70
     1
102
RTVSPropertyOp61
 70
     1
102
RTVSPropertyOp62
 70
     1
  0
XRECORD
  5
29F
102
{ACAD_REACTORS
330
29E
102
}
330
29E
100
AcDbXrecord
280
     1
102
RTVSPost2010Prop28
280
     0
102
RTVSPost2010PropOp28
 70
     1
102
RTVSPost2010Prop29
280
     1
102
RTVSPost2010PropOp29
 70
     1
102
RTVSPost2010Prop30
280
     1
102
RTVSPost2010PropOp30
 70
     1
102
RTVSPost2010Prop31
280
     0
102
RTVSPost2010PropOp31
 70
     1
102
RTVSPost2010Prop32
280
     0
102
RTVSPost2010PropOp32
 70
     1
102
RTVSPost2010Prop33
280
     0
102
RTVSPost2010PropOp33
 70
     1
102
RTVSPost2010Prop34
280
     0
102
RTVSPost2010PropOp34
 70
     1
102
RTVSPost2010Prop35
280
     0
102
RTVSPost2010PropOp35
 70
     1
102
RTVSPost2010Prop36
280
     0
102
RTVSPost2010PropOp36
 70
     1
102
RTVSPost2010Prop37
 90
       50
102
RTVSPost2010PropOp37
 70
     1
102
RTVSPost2010Prop38
140
0.0
102
RTVSPost2010PropOp38
 70
     1
102
RTVSPost2010Prop39
140
1.0
102
RTVSPost2010PropOp39
 70
     1
102
RTVSPost2010Prop40
 90
        0
102
RTVSPost2010PropOp40
 70
     1
102
RTVSPost2010Prop41ColorIndex
 90
       18
102
RTVSPost2010Prop41ColorRGB
 90
        0
102
RTVSPost2010PropOp41
 70
     1
102
RTVSPost2010Prop42
 90
       50
102
RTVSPost2010PropOp42
 70
     1
102
RTVSPost2010Prop43
 90
        3
102
RTVSPost2010PropOp43
 70
     1
102
RTVSPost2010Prop44ColorIndex
 90
        5
102
RTVSPost2010Prop44ColorRGB
 90
      255
102
RTVSPost2010PropOp44
 70
     1
102
RTVSPost2010Prop45
280
     0
102
RTVSPost2010PropOp45
 70
     1
102
RTVSPost2010Prop46
 90
       50
102
RTVSPost2010PropOp46
 70
     1
102
RTVSPost2010Prop47
 90
       50
102
RTVSPost2010PropOp47
 70
     1
102
RTVSPost2010Prop48
 90
       50
102
RTVSPost2010PropOp48
 70
     1
102
RTVSPost2010Prop49
280
     0
102
RTVSPost2010PropOp49
 70
     1
102
RTVSPost2010Prop50
 90
       50
102
RTVSPost2010PropOp50
 70
     1
102
RTVSPost2010Prop51ColorIndex
 90
      256
102
RTVSPost2010Prop51ColorRGB
 90
-16777216
102
RTVSPost2010PropOp51
 70
     0
102
RTVSPost2010Prop52
140
1.0
102
RTVSPost2010PropOp52
 70
     0
102
RTVSPost2010Prop53
 90
        2
102
RTVSPost2010PropOp53
 70
     1
102
RTVSPost2010Prop54
  1
strokes_ogs.tif
102
RTVSPost2010PropOp54
 70
     1
102
RTVSPost2010Prop55
280
     0
102
RTVSPost2010PropOp55
 70
     1
102
RTVSPost2010Prop56
140
1.0
102
RTVSPost2010PropOp56
 70
     1
102
RTVSPost2010Prop57
140
1.0
102
RTVSPost2010PropOp57
 70
     1
102
RTVSPropertyOp0
 70
     1
102
RTVSPropertyOp1
 70
     1
102
RTVSPropertyOp2
 70
     1
102
RTVSPropertyOp3
 70
     1
102
RTVSPropertyOp4
 70
     1
102
RTVSPropertyOp5
 70
     1
102
RTVSPropertyOp6
 70
     1
102
RTVSPropertyOp7
 70
     1
102
RTVSPropertyOp8
 70
     1
102
RTVSPropertyOp9
 70
     1
102
RTVSPropertyOp10
 70
     1
102
RTVSPropertyOp11
 70
     1
102
RTVSPropertyOp12
 70
     1
102
RTVSPropertyOp13
 70
     1
102
RTVSPropertyOp14
 70
     1
102
RTVSPropertyOp15
 70
     1
102
RTVSPropertyOp16
 70
     1
102
RTVSPropertyOp17
 70
     1
102
RTVSPropertyOp18
 70
     1
102
RTVSPropertyOp19
 70
     1
102
RTVSPropertyOp20
 70
     1
102
RTVSPropertyOp21
 70
     1
102
RTVSPropertyOp22
 70
     1
102
RTVSPropertyOp23
 70
     1
102
RTVSPropertyOp24
 70
     1
102
RTVSPropertyOp25
 70
     1
102
RTVSPropertyOp26
 70
     1
102
RTVSPropertyOp27
 70
     1
102
RTVSPropertyOp28
 70
     1
102
RTVSPropertyOp29
 70
     1
102
RTVSPropertyOp30
 70
     1
102
RTVSPropertyOp31
 70
     1
102
RTVSPropertyOp32
 70
     1
102
RTVSPropertyOp33
 70
     1
102
RTVSPropertyOp34
 70
     1
102
RTVSPropertyOp35
 70
     1
102
RTVSPropertyOp36
 70
     1
102
RTVSPropertyOp37
 70
     1
102
RTVSPropertyOp38
 70
     1
102
RTVSPropertyOp39
 70
     1
102
RTVSPropertyOp40
 70
     1
102
RTVSPropertyOp41
 70
     1
102
RTVSPropertyOp42
 70
     1
102
RTVSPropertyOp43
 70
     1
102
RTVSPropertyOp44
 70
     1
102
RTVSPropertyOp45
 70
     1
102
RTVSPropertyOp46
 70
     1
102
RTVSPropertyOp47
 70
     1
102
RTVSPropertyOp48
 70
     1
102
RTVSPropertyOp49
 70
     1
102
RTVSPropertyOp50
 70
     1
102
RTVSPropertyOp51
 70
     0
102
RTVSPropertyOp52
 70
     0
102
RTVSPropertyOp53
 70
     1
102
RTVSPropertyOp54
 70
     1
102
RTVSPropertyOp55
 70
     1
102
RTVSPropertyOp56
 70
     1
102
RTVSPropertyOp57
 70
     1
102
RTVSPropertyOp58
 70
     1
102
RTVSPropertyOp59
 70
     1
102
RTVSPropertyOp60
 70
     1
102
RTVSPropertyOp61
 70
     1
102
RTVSPropertyOp62
 70
     1
  0
XRECORD
  5
293
102
{ACAD_REACTORS
330
292
102
}
330
292
100
AcDbXrecord
280
     1
102
RTVSPost2010Prop28
280
     0
102
RTVSPost2010PropOp28
 70
     1
102
RTVSPost2010Prop29
280
     1
102
RTVSPost2010PropOp29
 70
     1
102
RTVSPost2010Prop30
280
     1
102
RTVSPost2010PropOp30
 70
     1
102
RTVSPost2010Prop31
280
     0
102
RTVSPost2010PropOp31
 70
     1
102
RTVSPost2010Prop32
280
     0
102
RTVSPost2010PropOp32
 70
     1
102
RTVSPost2010Prop33
280
     0
102
RTVSPost2010PropOp33
 70
     1
102
RTVSPost2010Prop34
280
     0
102
RTVSPost2010PropOp34
 70
     1
102
RTVSPost2010Prop35
280
     0
102
RTVSPost2010PropOp35
 70
     1
102
RTVSPost2010Prop36
280
     0
102
RTVSPost2010PropOp36
 70
     1
102
RTVSPost2010Prop37
 90
       50
102
RTVSPost2010PropOp37
 70
     1
102
RTVSPost2010Prop38
140
0.0
102
RTVSPost2010PropOp38
 70
     1
102
RTVSPost2010Prop39
140
1.0
102
RTVSPost2010PropOp39
 70
     1
102
RTVSPost2010Prop40
 90
        0
102
RTVSPost2010PropOp40
 70
     1
102
RTVSPost2010Prop41ColorIndex
 90
       18
102
RTVSPost2010Prop41ColorRGB
 90
        0
102
RTVSPost2010PropOp41
 70
     1
102
RTVSPost2010Prop42
 90
       50
102
RTVSPost2010PropOp42
 70
     1
102
RTVSPost2010Prop43
 90
        3
102
RTVSPost2010PropOp43
 70
     1
102
RTVSPost2010Prop44ColorIndex
 90
        5
102
RTVSPost2010Prop44ColorRGB
 90
      255
102
RTVSPost2010PropOp44
 70
     1
102
RTVSPost2010Prop45
280
     0
102
RTVSPost2010PropOp45
 70
     1
102
RTVSPost2010Prop46
 90
       50
102
RTVSPost2010PropOp46
 70
     1
102
RTVSPost2010Prop47
 90
       50
102
RTVSPost2010PropOp47
 70
     1
102
RTVSPost2010Prop48
 90
       50
102
RTVSPost2010PropOp48
 70
     1
102
RTVSPost2010Prop49
280
     0
102
RTVSPost2010PropOp49
 70
     1
102
RTVSPost2010Prop50
 90
       50
102
RTVSPost2010PropOp50
 70
     1
102
RTVSPost2010Prop51ColorIndex
 90
      256
102
RTVSPost2010Prop51ColorRGB
 90
-16777216
102
RTVSPost2010PropOp51
 70
     0
102
RTVSPost2010Prop52
140
1.0
102
RTVSPost2010PropOp52
 70
     0
102
RTVSPost2010Prop53
 90
        2
102
RTVSPost2010PropOp53
 70
     1
102
RTVSPost2010Prop54
  1
strokes_ogs.tif
102
RTVSPost2010PropOp54
 70
     1
102
RTVSPost2010Prop55
280
     0
102
RTVSPost2010PropOp55
 70
     1
102
RTVSPost2010Prop56
140
1.0
102
RTVSPost2010PropOp56
 70
     1
102
RTVSPost2010Prop57
140
1.0
102
RTVSPost2010PropOp57
 70
     1
102
RTVSPropertyOp0
 70
     1
102
RTVSPropertyOp1
 70
     1
102
RTVSPropertyOp2
 70
     1
102
RTVSPropertyOp3
 70
     1
102
RTVSPropertyOp4
 70
     1
102
RTVSPropertyOp5
 70
     1
102
RTVSPropertyOp6
 70
     1
102
RTVSPropertyOp7
 70
     1
102
RTVSPropertyOp8
 70
     1
102
RTVSPropertyOp9
 70
     1
102
RTVSPropertyOp10
 70
     1
102
RTVSPropertyOp11
 70
     1
102
RTVSPropertyOp12
 70
     1
102
RTVSPropertyOp13
 70
     1
102
RTVSPropertyOp14
 70
     1
102
RTVSPropertyOp15
 70
     1
102
RTVSPropertyOp16
 70
     1
102
RTVSPropertyOp17
 70
     1
102
RTVSPropertyOp18
 70
     1
102
RTVSPropertyOp19
 70
     1
102
RTVSPropertyOp20
 70
     1
102
RTVSPropertyOp21
 70
     1
102
RTVSPropertyOp22
 70
     1
102
RTVSPropertyOp23
 70
     1
102
RTVSPropertyOp24
 70
     1
102
RTVSPropertyOp25
 70
     1
102
RTVSPropertyOp26
 70
     1
102
RTVSPropertyOp27
 70
     1
102
RTVSPropertyOp28
 70
     1
102
RTVSPropertyOp29
 70
     1
102
RTVSPropertyOp30
 70
     1
102
RTVSPropertyOp31
 70
     1
102
RTVSPropertyOp32
 70
     1
102
RTVSPropertyOp33
 70
     1
102
RTVSPropertyOp34
 70
     1
102
RTVSPropertyOp35
 70
     1
102
RTVSPropertyOp36
 70
     1
102
RTVSPropertyOp37
 70
     1
102
RTVSPropertyOp38
 70
     1
102
RTVSPropertyOp39
 70
     1
102
RTVSPropertyOp40
 70
     1
102
RTVSPropertyOp41
 70
     1
102
RTVSPropertyOp42
 70
     1
102
RTVSPropertyOp43
 70
     1
102
RTVSPropertyOp44
 70
     1
102
RTVSPropertyOp45
 70
     1
102
RTVSPropertyOp46
 70
     1
102
RTVSPropertyOp47
 70
     1
102
RTVSPropertyOp48
 70
     1
102
RTVSPropertyOp49
 70
     1
102
RTVSPropertyOp50
 70
     1
102
RTVSPropertyOp51
 70
     0
102
RTVSPropertyOp52
 70
     0
102
RTVSPropertyOp53
 70
     1
102
RTVSPropertyOp54
 70
     1
102
RTVSPropertyOp55
 70
     1
102
RTVSPropertyOp56
 70
     1
102
RTVSPropertyOp57
 70
     1
102
RTVSPropertyOp58
 70
     1
102
RTVSPropertyOp59
 70
     1
102
RTVSPropertyOp60
 70
     1
102
RTVSPropertyOp61
 70
     1
102
RTVSPropertyOp62
 70
     1
  0
XRECORD
  5
2B1
102
{ACAD_REACTORS
330
2B0
102
}
330
2B0
100
AcDbXrecord
280
     1
102
RTVSPost2010Prop28
280
     0
102
RTVSPost2010PropOp28
 70
     1
102
RTVSPost2010Prop29
280
     1
102
RTVSPost2010PropOp29
 70
     1
102
RTVSPost2010Prop30
280
     1
102
RTVSPost2010PropOp30
 70
     1
102
RTVSPost2010Prop31
280
     0
102
RTVSPost2010PropOp31
 70
     1
102
RTVSPost2010Prop32
280
     0
102
RTVSPost2010PropOp32
 70
     1
102
RTVSPost2010Prop33
280
     0
102
RTVSPost2010PropOp33
 70
     1
102
RTVSPost2010Prop34
280
     0
102
RTVSPost2010PropOp34
 70
     1
102
RTVSPost2010Prop35
280
     0
102
RTVSPost2010PropOp35
 70
     1
102
RTVSPost2010Prop36
280
     0
102
RTVSPost2010PropOp36
 70
     1
102
RTVSPost2010Prop37
 90
       50
102
RTVSPost2010PropOp37
 70
     1
102
RTVSPost2010Prop38
140
0.0
102
RTVSPost2010PropOp38
 70
     1
102
RTVSPost2010Prop39
140
1.0
102
RTVSPost2010PropOp39
 70
     1
102
RTVSPost2010Prop40
 90
        0
102
RTVSPost2010PropOp40
 70
     1
102
RTVSPost2010Prop41ColorIndex
 90
       18
102
RTVSPost2010Prop41ColorRGB
 90
        0
102
RTVSPost2010PropOp41
 70
     1
102
RTVSPost2010Prop42
 90
       50
102
RTVSPost2010PropOp42
 70
     1
102
RTVSPost2010Prop43
 90
        3
102
RTVSPost2010PropOp43
 70
     1
102
RTVSPost2010Prop44ColorIndex
 90
        5
102
RTVSPost2010Prop44ColorRGB
 90
      255
102
RTVSPost2010PropOp44
 70
     1
102
RTVSPost2010Prop45
280
     0
102
RTVSPost2010PropOp45
 70
     1
102
RTVSPost2010Prop46
 90
       50
102
RTVSPost2010PropOp46
 70
     1
102
RTVSPost2010Prop47
 90
       50
102
RTVSPost2010PropOp47
 70
     1
102
RTVSPost2010Prop48
 90
       50
102
RTVSPost2010PropOp48
 70
     1
102
RTVSPost2010Prop49
280
     0
102
RTVSPost2010PropOp49
 70
     1
102
RTVSPost2010Prop50
 90
       50
102
RTVSPost2010PropOp50
 70
     1
102
RTVSPost2010Prop51ColorIndex
 90
      256
102
RTVSPost2010Prop51ColorRGB
 90
-16777216
102
RTVSPost2010PropOp51
 70
     0
102
RTVSPost2010Prop52
140
1.0
102
RTVSPost2010PropOp52
 70
     0
102
RTVSPost2010Prop53
 90
        2
102
RTVSPost2010PropOp53
 70
     1
102
RTVSPost2010Prop54
  1
strokes_ogs.tif
102
RTVSPost2010PropOp54
 70
     1
102
RTVSPost2010Prop55
280
     0
102
RTVSPost2010PropOp55
 70
     1
102
RTVSPost2010Prop56
140
1.0
102
RTVSPost2010PropOp56
 70
     1
102
RTVSPost2010Prop57
140
1.0
102
RTVSPost2010PropOp57
 70
     1
102
RTVSPropertyOp0
 70
     1
102
RTVSPropertyOp1
 70
     1
102
RTVSPropertyOp2
 70
     1
102
RTVSPropertyOp3
 70
     1
102
RTVSPropertyOp4
 70
     1
102
RTVSPropertyOp5
 70
     1
102
RTVSPropertyOp6
 70
     1
102
RTVSPropertyOp7
 70
     1
102
RTVSPropertyOp8
 70
     1
102
RTVSPropertyOp9
 70
     1
102
RTVSPropertyOp10
 70
     1
102
RTVSPropertyOp11
 70
     1
102
RTVSPropertyOp12
 70
     1
102
RTVSPropertyOp13
 70
     1
102
RTVSPropertyOp14
 70
     1
102
RTVSPropertyOp15
 70
     1
102
RTVSPropertyOp16
 70
     1
102
RTVSPropertyOp17
 70
     1
102
RTVSPropertyOp18
 70
     1
102
RTVSPropertyOp19
 70
     1
102
RTVSPropertyOp20
 70
     1
102
RTVSPropertyOp21
 70
     1
102
RTVSPropertyOp22
 70
     1
102
RTVSPropertyOp23
 70
     1
102
RTVSPropertyOp24
 70
     1
102
RTVSPropertyOp25
 70
     1
102
RTVSPropertyOp26
 70
     1
102
RTVSPropertyOp27
 70
     1
102
RTVSPropertyOp28
 70
     1
102
RTVSPropertyOp29
 70
     1
102
RTVSPropertyOp30
 70
     1
102
RTVSPropertyOp31
 70
     1
102
RTVSPropertyOp32
 70
     1
102
RTVSPropertyOp33
 70
     1
102
RTVSPropertyOp34
 70
     1
102
RTVSPropertyOp35
 70
     1
102
RTVSPropertyOp36
 70
     1
102
RTVSPropertyOp37
 70
     1
102
RTVSPropertyOp38
 70
     1
102
RTVSPropertyOp39
 70
     1
102
RTVSPropertyOp40
 70
     1
102
RTVSPropertyOp41
 70
     1
102
RTVSPropertyOp42
 70
     1
102
RTVSPropertyOp43
 70
     1
102
RTVSPropertyOp44
 70
     1
102
RTVSPropertyOp45
 70
     1
102
RTVSPropertyOp46
 70
     1
102
RTVSPropertyOp47
 70
     1
102
RTVSPropertyOp48
 70
     1
102
RTVSPropertyOp49
 70
     1
102
RTVSPropertyOp50
 70
     1
102
RTVSPropertyOp51
 70
     0
102
RTVSPropertyOp52
 70
     0
102
RTVSPropertyOp53
 70
     1
102
RTVSPropertyOp54
 70
     1
102
RTVSPropertyOp55
 70
     1
102
RTVSPropertyOp56
 70
     1
102
RTVSPropertyOp57
 70
     1
102
RTVSPropertyOp58
 70
     1
102
RTVSPropertyOp59
 70
     1
102
RTVSPropertyOp60
 70
     1
102
RTVSPropertyOp61
 70
     1
102
RTVSPropertyOp62
 70
     1
  0
ENDSEC
  0
EOF