  0
SECTION
  2
HEADER
  9
$ACADVER
  1
AC1021
  9
$ACADMAINTVER
 70
    50
  9
$DWGCODEPAGE
  3
ANSI_936
  9
$LASTSAVEDBY
  1
win10
  9
$INSBASE
 10
0.0
 20
0.0
 30
0.0
  9
$EXTMIN
 10
-3.083330976318947
 20
-68.55251785135624
 30
0.0
  9
$EXTMAX
 10
243.0101934157901
 20
119.8244141966261
 30
0.0
  9
$LIMMIN
 10
0.0
 20
0.0
  9
$LIMMAX
 10
420.0
 20
297.0
  9
$ORTHOMODE
 70
     0
  9
$REGENMODE
 70
     1
  9
$FILLMODE
 70
     1
  9
$QTEXTMODE
 70
     0
  9
$MIRRTEXT
 70
     0
  9
$LTSCALE
 40
1.0
  9
$ATTMODE
 70
     1
  9
$TEXTSIZE
 40
2.5
  9
$TRACEWID
 40
1.0
  9
$TEXTSTYLE
  7
Standard
  9
$CLAYER
  8
0
  9
$CELTYPE
  6
ByLayer
  9
$CECOLOR
 62
   256
  9
$CELTSCALE
 40
1.0
  9
$DISPSILH
 70
     0
  9
$DIMSCALE
 40
1.0
  9
$DIMASZ
 40
2.5
  9
$DIMEXO
 40
0.625
  9
$DIMDLI
 40
3.75
  9
$DIMRND
 40
0.0
  9
$DIMDLE
 40
0.0
  9
$DIMEXE
 40
1.25
  9
$DIMTP
 40
0.0
  9
$DIMTM
 40
0.0
  9
$DIMTXT
 40
2.5
  9
$DIMCEN
 40
2.5
  9
$DIMTSZ
 40
0.0
  9
$DIMTOL
 70
     0
  9
$DIMLIM
 70
     0
  9
$DIMTIH
 70
     0
  9
$DIMTOH
 70
     0
  9
$DIMSE1
 70
     0
  9
$DIMSE2
 70
     0
  9
$DIMTAD
 70
     1
  9
$DIMZIN
 70
     8
  9
$DIMBLK
  1

  9
$DIMASO
 70
     1
  9
$DIMSHO
 70
     1
  9
$DIMPOST
  1

  9
$DIMAPOST
  1

  9
$DIMALT
 70
     0
  9
$DIMALTD
 70
     3
  9
$DIMALTF
 40
0.03937007874016
  9
$DIMLFAC
 40
1.0
  9
$DIMTOFL
 70
     1
  9
$DIMTVP
 40
0.0
  9
$DIMTIX
 70
     0
  9
$DIMSOXD
 70
     0
  9
$DIMSAH
 70
     0
  9
$DIMBLK1
  1

  9
$DIMBLK2
  1

  9
$DIMSTYLE
  2
ISO-25
  9
$DIMCLRD
 70
     0
  9
$DIMCLRE
 70
     0
  9
$DIMCLRT
 70
     0
  9
$DIMTFAC
 40
1.0
  9
$DIMGAP
 40
0.625
  9
$DIMJUST
 70
     0
  9
$DIMSD1
 70
     0
  9
$DIMSD2
 70
     0
  9
$DIMTOLJ
 70
     0
  9
$DIMTZIN
 70
     8
  9
$DIMALTZ
 70
     0
  9
$DIMALTTZ
 70
     0
  9
$DIMUPT
 70
     0
  9
$DIMDEC
 70
     2
  9
$DIMTDEC
 70
     2
  9
$DIMALTU
 70
     2
  9
$DIMALTTD
 70
     3
  9
$DIMTXSTY
  7
Standard
  9
$DIMAUNIT
 70
     0
  9
$DIMADEC
 70
     0
  9
$DIMALTRND
 40
0.0
  9
$DIMAZIN
 70
     0
  9
$DIMDSEP
 70
    44
  9
$DIMATFIT
 70
     3
  9
$DIMFRAC
 70
     0
  9
$DIMLDRBLK
  1

  9
$DIMLUNIT
 70
     2
  9
$DIMLWD
 70
    -2
  9
$DIMLWE
 70
    -2
  9
$DIMTMOVE
 70
     0
  9
$DIMFXL
 40
1.0
  9
$DIMFXLON
 70
     0
  9
$DIMJOGANG
 40
0.7853981633974483
  9
$DIMTFILL
 70
     0
  9
$DIMTFILLCLR
 70
     0
  9
$DIMARCSYM
 70
     0
  9
$DIMLTYPE
  6

  9
$DIMLTEX1
  6

  9
$DIMLTEX2
  6

  9
$LUNITS
 70
     2
  9
$LUPREC
 70
     4
  9
$SKETCHINC
 40
1.0
  9
$FILLETRAD
 40
0.0
  9
$AUNITS
 70
     0
  9
$AUPREC
 70
     0
  9
$MENU
  1
.
  9
$ELEVATION
 40
0.0
  9
$PELEVATION
 40
0.0
  9
$THICKNESS
 40
0.0
  9
$LIMCHECK
 70
     0
  9
$CHAMFERA
 40
0.0
  9
$CHAMFERB
 40
0.0
  9
$CHAMFERC
 40
0.0
  9
$CHAMFERD
 40
0.0
  9
$SKPOLY
 70
     0
  9
$TDCREATE
 40
2458590.383113426
  9
$TDUCREATE
 40
2458590.049780092
  9
$TDUPDATE
 40
2458590.384224537
  9
$TDUUPDATE
 40
2458590.050891204
  9
$TDINDWG
 40
0.0011111111
  9
$TDUSRTIMER
 40
0.0011111111
  9
$USRTIMER
 70
     1
  9
$ANGBASE
 50
0.0
  9
$ANGDIR
 70
     0
  9
$PDMODE
 70
     0
  9
$PDSIZE
 40
0.0
  9
$PLINEWID
 40
0.0
  9
$SPLFRAME
 70
     0
  9
$SPLINETYPE
 70
     6
  9
$SPLINESEGS
 70
     8
  9
$HANDSEED
  5
2B8
  9
$SURFTAB1
 70
     6
  9
$SURFTAB2
 70
     6
  9
$SURFTYPE
 70
     6
  9
$SURFU
 70
     6
  9
$SURFV
 70
     6
  9
$UCSBASE
  2

  9
$UCSNAME
  2

  9
$UCSORG
 10
0.0
 20
0.0
 30
0.0
  9
$UCSXDIR
 10
1.0
 20
0.0
 30
0.0
  9
$UCSYDIR
 10
0.0
 20
1.0
 30
0.0
  9
$UCSORTHOREF
  2

  9
$UCSORTHOVIEW
 70
     0
  9
$UCSORGTOP
 10
0.0
 20
0.0
 30
0.0
  9
$UCSORGBOTTOM
 10
0.0
 20
0.0
 30
0.0
  9
$UCSORGLEFT
 10
0.0
 20
0.0
 30
0.0
  9
$UCSORGRIGHT
 10
0.0
 20
0.0
 30
0.0
  9
$UCSORGFRONT
 10
0.0
 20
0.0
 30
0.0
  9
$UCSORGBACK
 10
0.0
 20
0.0
 30
0.0
  9
$PUCSBASE
  2

  9
$PUCSNAME
  2

  9
$PUCSORG
 10
0.0
 20
0.0
 30
0.0
  9
$PUCSXDIR
 10
1.0
 20
0.0
 30
0.0
  9
$PUCSYDIR
 10
0.0
 20
1.0
 30
0.0
  9
$PUCSORTHOREF
  2

  9
$PUCSORTHOVIEW
 70
     0
  9
$PUCSORGTOP
 10
0.0
 20
0.0
 30
0.0
  9
$PUCSORGBOTTOM
 10
0.0
 20
0.0
 30
0.0
  9
$PUCSORGLEFT
 10
0.0
 20
0.0
 30
0.0
  9
$PUCSORGRIGHT
 10
0.0
 20
0.0
 30
0.0
  9
$PUCSORGFRONT
 10
0.0
 20
0.0
 30
0.0
  9
$PUCSORGBACK
 10
0.0
 20
0.0
 30
0.0
  9
$USERI1
 70
     0
  9
$USERI2
 70
     0
  9
$USERI3
 70
     0
  9
$USERI4
 70
     0
  9
$USERI5
 70
     0
  9
$USERR1
 40
0.0
  9
$USERR2
 40
0.0
  9
$USERR3
 40
0.0
  9
$USERR4
 40
0.0
  9
$USERR5
 40
0.0
  9
$WORLDVIEW
 70
     1
  9
$SHADEDGE
 70
     3
  9
$SHADEDIF
 70
    70
  9
$TILEMODE
 70
     1
  9
$MAXACTVP
 70
    64
  9
$PINSBASE
 10
0.0
 20
0.0
 30
0.0
  9
$PLIMCHECK
 70
     0
  9
$PEXTMIN
 10
0.0
 20
0.0
 30
0.0
  9
$PEXTMAX
 10
0.0
 20
0.0
 30
0.0
  9
$PLIMMIN
 10
0.0
 20
0.0
  9
$PLIMMAX
 10
12.0
 20
9.0
  9
$UNITMODE
 70
     0
  9
$VISRETAIN
 70
     1
  9
$PLINEGEN
 70
     0
  9
$PSLTSCALE
 70
     1
  9
$TREEDEPTH
 70
  3020
  9
$CMLSTYLE
  2
Standard
  9
$CMLJUST
 70
     0
  9
$CMLSCALE
 40
20.0
  9
$PROXYGRAPHICS
 70
     1
  9
$MEASUREMENT
 70
     1
  9
$CELWEIGHT
370
    -1
  9
$ENDCAPS
280
     0
  9
$JOINSTYLE
280
     0
  9
$LWDISPLAY
290
     0
  9
$INSUNITS
 70
     4
  9
$HYPERLINKBASE
  1

  9
$STYLESHEET
  1

  9
$XEDIT
290
     1
  9
$CEPSNTYPE
380
     0
  9
$PSTYLEMODE
290
     1
  9
$FINGERPRINTGUID
  2
{96A53CC7-ACDD-234C-B0F9-88300B14E85D}
  9
$VERSIONGUID
  2
{FDA5A254-6150-FA48-A4B8-168CBCE559AD}
  9
$EXTNAMES
290
     1
  9
$PSVPSCALE
 40
0.0
  9
$OLESTARTUP
290
     0
  9
$SORTENTS
280
   127
  9
$INDEXCTL
280
     0
  9
$HIDETEXT
280
     1
  9
$XCLIPFRAME
290
     0
  9
$HALOGAP
280
     0
  9
$OBSCOLOR
 70
   257
  9
$OBSLTYPE
280
     0
  9
$INTERSECTIONDISPLAY
280
     0
  9
$INTERSECTIONCOLOR
 70
   257
  9
$DIMASSOC
280
     2
  9
$PROJECTNAME
  1

  9
$CAMERADISPLAY
290
     0
  9
$LENSLENGTH
 40
50.0
  9
$CAMERAHEIGHT
 40
0.0
  9
$STEPSPERSEC
 40
2.0
  9
$STEPSIZE
 40
6.0
  9
$3DDWFPREC
 40
2.0
  9
$PSOLWIDTH
 40
5.0
  9
$PSOLHEIGHT
 40
80.0
  9
$LOFTANG1
 40
1.570796326794896
  9
$LOFTANG2
 40
1.570796326794896
  9
$LOFTMAG1
 40
0.0
  9
$LOFTMAG2
 40
0.0
  9
$LOFTPARAM
 70
     7
  9
$LOFTNORMALS
280
     1
  9
$LATITUDE
 40
37.795
  9
$LONGITUDE
 40
-122.394
  9
$NORTHDIRECTION
 40
0.0
  9
$TIMEZONE
 70
 -8000
  9
$LIGHTGLYPHDISPLAY
280
     1
  9
$TILEMODELIGHTSYNCH
280
     1
  9
$CMATERIAL
347
EC
  9
$SOLIDHIST
280
     0
  9
$SHOWHIST
280
     1
  9
$DWFFRAME
280
     2
  9
$DGNFRAME
280
     0
  9
$REALWORLDSCALE
290
     1
  9
$INTERFERECOLOR
 62
     1
  9
$INTERFEREOBJVS
345
F9
  9
$INTERFEREVPVS
346
F6
  9
$CSHADOW
280
     0
  9
$SHADOWPLANELOCATION
 40
0.0
  0
ENDSEC
  0
SECTION
  2
CLASSES
  0
CLASS
  1
ACDBDICTIONARYWDFLT
  2
AcDbDictionaryWithDefault
  3
ObjectDBX Classes
 90
        0
 91
        1
280
     0
281
     0
  0
CLASS
  1
DICTIONARYVAR
  2
AcDbDictionaryVar
  3
ObjectDBX Classes
 90
        0
 91
       12
280
     0
281
     0
  0
CLASS
  1
TABLESTYLE
  2
AcDbTableStyle
  3
ObjectDBX Classes
 90
     4095
 91
        1
280
     0
281
     0
  0
CLASS
  1
MATERIAL
  2
AcDbMaterial
  3
ObjectDBX Classes
 90
     1153
 91
        3
280
     0
281
     0
  0
CLASS
  1
VISUALSTYLE
  2
AcDbVisualStyle
  3
ObjectDBX Classes
 90
     4095
 91
       24
280
     0
281
     0
  0
CLASS
  1
SCALE
  2
AcDbScale
  3
ObjectDBX Classes
 90
     1153
 91
       17
280
     0
281
     0
  0
CLASS
  1
MLEADERSTYLE
  2
AcDbMLeaderStyle
  3
ACDB_MLEADERSTYLE_CLASS
 90
     4095
 91
        2
280
     0
281
     0
  0
CLASS
  1
CELLSTYLEMAP
  2
AcDbCellStyleMap
  3
ObjectDBX Classes
 90
     1152
 91
        1
280
     0
281
     0
  0
CLASS
  1
EXACXREFPANELOBJECT
  2
ExAcXREFPanelObject
  3
EXAC_ESW
 90
     1025
 91
        0
280
     0
281
     0
  0
CLASS
  1
NPOCOLLECTION
  2
AcDbImpNonPersistentObjectsCollection
  3
ObjectDBX Classes
 90
     1153
 91
        0
280
     0
281
     0
  0
CLASS
  1
LAYER_INDEX
  2
AcDbLayerIndex
  3
ObjectDBX Classes
 90
        0
 91
        0
280
     0
281
     0
  0
CLASS
  1
SPATIAL_INDEX
  2
AcDbSpatialIndex
  3
ObjectDBX Classes
 90
        0
 91
        0
280
     0
281
     0
  0
CLASS
  1
IDBUFFER
  2
AcDbIdBuffer
  3
ObjectDBX Classes
 90
        0
 91
        0
280
     0
281
     0
  0
CLASS
  1
ACDBSECTIONVIEWSTYLE
  2
AcDbSectionViewStyle
  3
ObjectDBX Classes
 90
     1025
 91
        1
280
     0
281
     0
  0
CLASS
  1
ACDBDETAILVIEWSTYLE
  2
AcDbDetailViewStyle
  3
ObjectDBX Classes
 90
     1025
 91
        1
280
     0
281
     0
  0
ENDSEC
  0
SECTION
  2
TABLES
  0
TABLE
  2
VPORT
  5
8
330
0
100
AcDbSymbolTable
 70
     1
  0
VPORT
  5
EA
330
8
100
AcDbSymbolTableRecord
100
AcDbViewportTableRecord
  2
*Active
 70
     0
 10
0.0
 20
0.0
 11
1.0
 21
1.0
 12
26.13531116233776
 22
8.376287332784158
 13
0.0
 23
0.0
 14
10.0
 24
10.0
 15
10.0
 25
10.0
 16
0.0
 26
0.0
 36
1.0
 17
0.0
 27
0.0
 37
0.0
 40
393.0272442228397
 41
2.104271356783919
 42
50.0
 43
0.0
 44
0.0
 50
0.0
 51
0.0
 71
     0
 72
  1000
 73
     1
 74
     3
 75
     0
 76
     1
 77
     0
 78
     0
281
     0
 65
     1
110
0.0
120
0.0
130
0.0
111
1.0
121
0.0
131
0.0
112
0.0
122
1.0
132
0.0
 79
     0
146
0.0
348
F5
 60
     3
 61
     5
292
     1
282
     1
141
0.0
142
0.0
 63
   250
421
  3355443
1001
ACAD_NAV_VCDISPLAY
1070
     3
  0
ENDTAB
  0
TABLE
  2
LTYPE
  5
5
330
0
100
AcDbSymbolTable
 70
     2
  0
LTYPE
  5
14
330
5
100
AcDbSymbolTableRecord
100
AcDbLinetypeTableRecord
  2
ByBlock
 70
     0
  3

 72
    65
 73
     0
 40
0.0
  0
LTYPE
  5
15
330
5
100
AcDbSymbolTableRecord
100
AcDbLinetypeTableRecord
  2
ByLayer
 70
     0
  3

 72
    65
 73
     0
 40
0.0
  0
LTYPE
  5
16
330
5
100
AcDbSymbolTableRecord
100
AcDbLinetypeTableRecord
  2
Continuous
 70
     0
  3
Solid line
 72
    65
 73
     0
 40
0.0
  0
ENDTAB
  0
TABLE
  2
LAYER
  5
2
102
{ACAD_XDICTIONARY
360
1FF
102
}
330
0
100
AcDbSymbolTable
 70
     1
0
LAYER
5
f2a
100
AcDbSymbolTableRecord
100
AcDbLayerTableRecord
2
TopLayer
70
0
420
16711680
6
Continuous
370
-3
390
F
347
21
0
LAYER
5
f2b
100
AcDbSymbolTableRecord
100
AcDbLayerTableRecord
2
BottomLayer
70
0
420
255
6
Continuous
370
-3
390
F
347
21
0
LAYER
5
f2c
100
AcDbSymbolTableRecord
100
AcDbLayerTableRecord
2
TopSilkLayer
70
0
420
16763904
6
Continuous
370
-3
390
F
347
21
0
LAYER
5
f2d
100
AcDbSymbolTableRecord
100
AcDbLayerTableRecord
2
TopPasteMaskLayer
70
0
420
8421504
6
Continuous
370
-3
390
F
347
21
0
LAYER
5
f2e
100
AcDbSymbolTableRecord
100
AcDbLayerTableRecord
2
TopSolderMaskLayer
70
0
420
8388736
6
Continuous
370
-3
390
F
347
21
0
LAYER
5
f2f
100
AcDbSymbolTableRecord
100
AcDbLayerTableRecord
2
BottomSolderMaskLayer
70
0
420
11141375
6
Continuous
370
-3
390
F
347
21
0
LAYER
5
f30
100
AcDbSymbolTableRecord
100
AcDbLayerTableRecord
2
BoardOutLine
70
0
420
16711935
6
Continuous
370
-3
390
F
347
21
0
LAYER
5
f31
100
AcDbSymbolTableRecord
100
AcDbLayerTableRecord
2
Multi-Layer
70
0
420
12632256
6
Continuous
370
-3
390
F
347
21
0
LAYER
5
f32
100
AcDbSymbolTableRecord
100
AcDbLayerTableRecord
2
Document
70
0
420
16777215
6
Continuous
370
-3
390
F
347
21
0
LAYER
5
f33
100
AcDbSymbolTableRecord
100
AcDbLayerTableRecord
2
Hole
70
0
420
2236962
6
Continuous
370
-3
390
F
347
21
  0
LAYER
  5
10
102
{ACAD_XDICTIONARY
360
13C
102
}
330
2
100
AcDbSymbolTableRecord
100
AcDbLayerTableRecord
  2
0
 70
     0
 62
     7
  6
Continuous
370
    -3
390
F
347
EE
  0
ENDTAB
  0
TABLE
  2
STYLE
  5
3
330
0
100
AcDbSymbolTable
 70
     2
  0
STYLE
  5
11
330
3
100
AcDbSymbolTableRecord
100
AcDbTextStyleTableRecord
  2
Standard
 70
     0
 40
0.0
 41
1.0
 50
0.0
 71
     0
 42
2.5
  3
arial.ttf
  4

1001
ACAD
1000
Arial
1071
       34
  0
STYLE
  5
132
330
3
100
AcDbSymbolTableRecord
100
AcDbTextStyleTableRecord
  2
Annotative
 70
     0
 40
0.0
 41
1.0
 50
0.0
 71
     0
 42
2.5
  3
arial.ttf
  4

1001
AcadAnnotative
1000
AnnotativeData
1002
{
1070
     1
1070
     1
1002
}
1001
ACAD
1000
Arial
1071
       34
  0
ENDTAB
  0
TABLE
  2
VIEW
  5
6
330
0
100
AcDbSymbolTable
 70
     0
  0
ENDTAB
  0
TABLE
  2
UCS
  5
7
330
0
100
AcDbSymbolTable
 70
     0
  0
ENDTAB
  0
TABLE
  2
APPID
  5
9
330
0
100
AcDbSymbolTable
 70
     9
  0
APPID
  5
12
330
9
100
AcDbSymbolTableRecord
100
AcDbRegAppTableRecord
  2
ACAD
 70
     0
  0
APPID
  5
9E
330
9
100
AcDbSymbolTableRecord
100
AcDbRegAppTableRecord
  2
ACAD_PSEXT
 70
     0
  0
APPID
  5
133
330
9
100
AcDbSymbolTableRecord
100
AcDbRegAppTableRecord
  2
AcadAnnoPO
 70
     0
  0
APPID
  5
134
330
9
100
AcDbSymbolTableRecord
100
AcDbRegAppTableRecord
  2
AcadAnnotative
 70
     0
  0
APPID
  5
135
330
9
100
AcDbSymbolTableRecord
100
AcDbRegAppTableRecord
  2
ACAD_DSTYLE_DIMJAG
 70
     0
  0
APPID
  5
136
330
9
100
AcDbSymbolTableRecord
100
AcDbRegAppTableRecord
  2
ACAD_DSTYLE_DIMTALN
 70
     0
  0
APPID
  5
165
330
9
100
AcDbSymbolTableRecord
100
AcDbRegAppTableRecord
  2
ACAD_MLEADERVER
 70
     0
  0
APPID
  5
217
330
9
100
AcDbSymbolTableRecord
100
AcDbRegAppTableRecord
  2
ACAD_NAV_VCDISPLAY
 70
     0
  0
APPID
  5
26E
330
9
100
AcDbSymbolTableRecord
100
AcDbRegAppTableRecord
  2
ACAD_EXEMPT_FROM_CAD_STANDARDS
 70
     0
  0
ENDTAB
  0
TABLE
  2
DIMSTYLE
  5
A
330
0
100
AcDbSymbolTable
 70
     4
100
AcDbDimStyleTable
 71
     2
340
27
340
137
  0
DIMSTYLE
105
1B0
330
A
100
AcDbSymbolTableRecord
100
AcDbDimStyleTableRecord
  2
Standard
 70
     0
340
11
  0
DIMSTYLE
105
137
330
A
100
AcDbSymbolTableRecord
100
AcDbDimStyleTableRecord
  2
Annotative
 70
     0
 40
0.0
 41
2.5
 42
0.625
 43
3.75
 44
1.25
 73
     0
 74
     0
 77
     1
 78
     8
140
2.5
141
2.5
143
0.03937007874016
147
0.625
171
     3
172
     1
271
     2
272
     2
274
     3
278
    44
283
     0
284
     8
340
11
1001
AcadAnnotative
1000
AnnotativeData
1002
{
1070
     1
1070
     1
1002
}
1001
ACAD_DSTYLE_DIMJAG
1070
   388
1040
1.5
1001
ACAD_DSTYLE_DIMTALN
1070
   392
1070
     0
  0
DIMSTYLE
105
27
330
A
100
AcDbSymbolTableRecord
100
AcDbDimStyleTableRecord
  2
ISO-25
 70
     0
 41
2.5
 42
0.625
 43
3.75
 44
1.25
 73
     0
 74
     0
 77
     1
 78
     8
140
2.5
141
2.5
143
0.03937007874016
147
0.625
171
     3
172
     1
271
     2
272
     2
274
     3
278
    44
283
     0
284
     8
340
11
  0
ENDTAB
  0
TABLE
  2
BLOCK_RECORD
  5
1
330
0
100
AcDbSymbolTable
 70
     2
  0
BLOCK_RECORD
  5
1F
102
{ACAD_XDICTIONARY
360
1CE
102
}
330
1
100
AcDbSymbolTableRecord
100
AcDbBlockTableRecord
  2
*Model_Space
340
22
 70
     0
280
     1
281
     0
  0
BLOCK_RECORD
  5
D2
330
1
100
AcDbSymbolTableRecord
100
AcDbBlockTableRecord
  2
*Paper_Space
340
D3
 70
     0
280
     1
281
     0
  0
BLOCK_RECORD
  5
D6
330
1
100
AcDbSymbolTableRecord
100
AcDbBlockTableRecord
  2
*Paper_Space0
340
D7
 70
     0
280
     1
281
     0
  0
ENDTAB
  0
ENDSEC
  0
SECTION
  2
BLOCKS
  0
BLOCK
  5
20
330
1F
100
AcDbEntity
  8
0
100
AcDbBlockBegin
  2
*Model_Space
 70
     0
 10
0.0
 20
0.0
 30
0.0
  3
*Model_Space
  1

  0
ENDBLK
  5
21
330
1F
100
AcDbEntity
  8
0
100
AcDbBlockEnd
  0
BLOCK
  5
D4
330
D2
100
AcDbEntity
 67
     1
  8
0
100
AcDbBlockBegin
  2
*Paper_Space
 70
     0
 10
0.0
 20
0.0
 30
0.0
  3
*Paper_Space
  1

  0
ENDBLK
  5
D5
330
D2
100
AcDbEntity
 67
     1
  8
0
100
AcDbBlockEnd
  0
BLOCK
  5
D8
330
D6
100
AcDbEntity
 67
     1
  8
0
100
AcDbBlockBegin
  2
*Paper_Space0
 70
     0
 10
0.0
 20
0.0
 30
0.0
  3
*Paper_Space0
  1

  0
ENDBLK
  5
D9
330
D6
100
AcDbEntity
 67
     1
  8
0
100
AcDbBlockEnd
  0
ENDSEC
  0
SECTION
  2
ENTITIES
  0
LWPOLYLINE
  5
3e8
330
1F
100
AcDbEntity
  8
BottomLayer
100
AcDbPolyline
 90
2
 70
 0
 43
0.61998983997968 
 10
21.197256794513578
 20
26.469570739141545
 10
23.94757429514857
 20
29.219888239776537
 10
34.938684277368566
 20
29.219888239776537
  0
LWPOLYLINE
  5
3e9
330
1F
100
AcDbEntity
  8
BottomLayer
100
AcDbPolyline
 90
2
 70
 0
 43
0.5 
 10
50.18963677927354
 20
17.228778257556428
 10
52.02148844297699
 20
17.228778257556428
 10
58.25999491998982
 20
23.46728473456949
  0
LWPOLYLINE
  5
3ea
330
1F
100
AcDbEntity
  8
BottomLayer
100
AcDbPolyline
 90
2
 70
 0
 43
0.25400050800101603 
 10
37.84699009398014
 20
22.439852679705268
 10
37.84699009398014
 20
50.089077978155956
 10
71.93030226060455
 20
84.17239014478025
  0
LWPOLYLINE
  5
3eb
330
1F
100
AcDbEntity
  8
BottomLayer
100
AcDbPolyline
 90
2
 70
 0
 43
0.25400050800101603 
 10
46.66207772415555
 20
124.21912623825244
 10
48.47487934975857
 20
122.4063246126492
 10
69.10099060198104
 20
122.4063246126492
  0
LWPOLYLINE
  5
3ec
330
1F
100
AcDbEntity
  8
BottomLayer
100
AcDbPolyline
 90
2
 70
 0
 43
0.25400050800101603 
 10
43.13502667005355
 20
125.82720345440691
 10
39.587655575311146
 20
125.82720345440691
 10
39.25313690627377
 20
125.49268478536953
  0
LWPOLYLINE
  5
3ed
330
1F
100
AcDbEntity
  8
BottomLayer
100
AcDbPolyline
 90
2
 70
 0
 43
0.5 
 10
26.208940817881512
 20
127.2447802895606
 10
26.208940817881512
 20
124.45382270764549
 10
31.642011684023373
 20
119.02075184150362
  0
LWPOLYLINE
  5
3ee
330
1F
100
AcDbEntity
  8
BottomLayer
100
AcDbPolyline
 90
2
 70
 0
 43
0.25400050800101603 
 10
67.00599441198892
 20
38.442646685293425
 10
56.3897891795782
 20
38.442646685293425
 10
40.38699517399027
 20
22.439852679705268
  0
LWPOLYLINE
  5
3ef
330
1F
100
AcDbEntity
  8
BottomLayer
100
AcDbPolyline
 90
2
 70
 0
 43
0.25400050800101603 
 10
40.89245618491236
 20
122.79824739649484
 10
40.89220218440437
 20
122.79824739649484
 10
40.3920751841506
 20
122.29812039624085
  0
LWPOLYLINE
  5
3f0
330
1F
100
AcDbEntity
  8
BottomLayer
100
AcDbPolyline
 90
2
 70
 0
 43
0.25400050800101603 
 10
40.89245618491236
 20
121.79824739649473
 10
40.891948183896375
 20
121.79824739649473
 10
40.3920751841506
 20
122.29812039624085
  0
LWPOLYLINE
  5
3f1
330
1F
100
AcDbEntity
  8
BottomLayer
100
AcDbPolyline
 90
2
 70
 0
 43
0.25400050800101603 
 10
39.89245618491236
 20
122.79824739649484
 10
40.3920751841506
 20
122.29862839725683
 10
40.3920751841506
 20
122.29812039624085
  0
LWPOLYLINE
  5
3f2
330
1F
100
AcDbEntity
  8
BottomLayer
100
AcDbPolyline
 90
2
 70
 0
 43
0.25400050800101603 
 10
2.651917703835352
 20
23.20490220980446
 10
3.660045720091375
 20
23.20490220980446
 10
15.497993395986896
 20
11.366954533909052
  0
LWPOLYLINE
  5
3f3
330
1F
100
AcDbEntity
  8
BottomLayer
100
AcDbPolyline
 90
2
 70
 0
 43
0.25400050800101603 
 10
27.250850901701824
 20
21.86149352298696
 10
25.992532385064806
 20
21.86149352298696
 10
15.497993395986896
 20
11.366954533909052
  0
LWPOLYLINE
  5
3f4
330
1F
100
AcDbEntity
  8
BottomLayer
100
AcDbPolyline
 90
1
 70
 0
 43
0.25400050800101603 
 10
15.497993395986896
 20
11.366954533909052
 10
13.515011430022923
 20
9.383972567945193
  0
LWPOLYLINE
  5
3f5
330
1F
100
AcDbEntity
  8
BottomLayer
100
AcDbPolyline
 90
2
 70
 0
 43
0.25400050800101603 
 10
2.754025908051858
 20
115.15791211582416
 10
9.012852425704978
 20
121.41673863347728
 10
22.749961899923846
 20
121.41673863347728
  0
LWPOLYLINE
  5
3f6
330
1F
100
AcDbEntity
  8
BottomLayer
100
AcDbPolyline
 90
2
 70
 0
 43
0.25400050800101603 
 10
40.89245618491236
 20
122.79824739649484
 10
42.5170434340871
 20
124.42283464566924
 10
42.5170434340871
 20
124.55770891541783
  0
LWPOLYLINE
  5
3f7
330
1F
100
AcDbEntity
  8
BottomLayer
100
AcDbPolyline
 90
2
 70
 0
 43
0.25400050800101603 
 10
75.98999237998464
 20
130.6107950215901
 10
62.78602997206008
 20
130.6107950215901
 10
59.675031750063454
 20
127.49979679959358
  0
LWPOLYLINE
  5
3f8
330
1F
100
AcDbEntity
  8
BottomLayer
100
AcDbPolyline
 90
2
 70
 0
 43
0.25400050800101603 
 10
75.78602997206008
 20
23.255956311912655
 10
74.74869189738388
 20
23.255956311912655
 10
65.0247904495809
 20
13.532054864109796
  0
LWPOLYLINE
  5
3f9
330
1F
100
AcDbEntity
  8
BottomLayer
100
AcDbPolyline
 90
1
 70
 0
 43
0.25400050800101603 
 10
65.0247904495809
 20
13.532054864109796
 10
65.0247904495809
 20
9.383972567945193
  0
LWPOLYLINE
  5
3fa
330
1F
100
AcDbEntity
  8
BottomLayer
100
AcDbPolyline
 90
2
 70
 0
 43
0.25400050800101603 
 10
35.30698501397001
 20
22.439852679705268
 10
27.82921005842013
 20
22.439852679705268
 10
27.250850901701824
 20
21.86149352298696
  0
LWPOLYLINE
  5
3fb
330
1F
100
AcDbEntity
  8
BottomLayer
100
AcDbPolyline
 90
2
 70
 0
 43
0.25400050800101603 
 10
35.30698501397001
 20
22.439852679705268
 10
44.21478282956559
 20
13.532054864109796
 10
65.0247904495809
 20
13.532054864109796
  0
LWPOLYLINE
  5
3fc
330
1F
100
AcDbEntity
  8
BottomLayer
100
AcDbPolyline
 90
2
 70
 0
 43
0.25400050800101603 
 10
40.3920751841506
 20
122.29812039624085
 10
39.89245618491236
 20
121.79850139700284
 10
39.89245618491236
 20
121.79824739649473
  0
LWPOLYLINE
  5
3fd
330
1F
100
AcDbEntity
  8
BottomLayer
100
AcDbPolyline
 90
2
 70
 0
 43
0.25400050800101603 
 10
39.89245618491236
 20
121.79824739649473
 10
38.12054864109746
 20
120.02633985267971
 10
32.53939547879099
 20
120.02633985267971
  0
LWPOLYLINE
  5
3fe
330
1F
100
AcDbEntity
  8
BottomLayer
100
AcDbPolyline
 90
4
 70
 0
 43
0.25400050800101603 
 10
22.749961899923846
 20
121.41673863347728
 10
25.874930149860347
 20
118.29177038354078
 10
32.105816611633145
 20
118.29177038354078
 10
32.53939547879099
 20
118.72534925069851
 10
32.53939547879099
 20
120.02633985267971
  0
LWPOLYLINE
  5
3ff
330
1F
100
AcDbEntity
  8
BottomLayer
100
AcDbPolyline
 90
2
 70
 0
 43
0.25400050800101603 
 10
32.53939547879099
 20
120.02633985267971
 10
32.299110998222204
 20
120.26662433324873
 10
32.299110998222204
 20
120.9803657607315
  0
LWPOLYLINE
  5
400
330
1F
100
AcDbEntity
  8
BottomLayer
100
AcDbPolyline
 90
3
 70
 0
 43
0.25400050800101603 
 10
42.5170434340871
 20
124.55770891541783
 10
42.62067564135123
 20
124.55770891541783
 10
45.56276352552709
 20
127.49979679959358
 10
59.675031750063454
 20
127.49979679959358
  0
LWPOLYLINE
  5
401
330
1F
100
AcDbEntity
  8
BoardOutLine
100
AcDbPolyline
 90
1
 70
 0
 43
0.25400050800101603 
 10
78.59100838201675
 20
136.6800101600203
 10
78.48615697231389
 20
6.858013716027472
  0
LWPOLYLINE
  5
402
330
1F
100
AcDbEntity
  8
BoardOutLine
100
AcDbPolyline
 90
2
 70
 0
 43
0.25400050800101603 
 10
78.48615697231389
 20
6.858013716027472
 10
0.25400050800101326
 20
6.858013716027472
 10
0.10200660401324058
 20
136.78199136398268
  0
LWPOLYLINE
  5
403
330
1F
100
AcDbEntity
  8
BoardOutLine
100
AcDbPolyline
 90
1
 70
 0
 43
0.25400050800101603 
 10
0.12750825501655072
 20
136.7310134620269
 10
78.71851663703319
 20
136.6290322580645
  0
LWPOLYLINE
  5
404
330
1F
100
AcDbEntity
  8
TopLayer
100
AcDbPolyline
 90
2
 70
 0
 43
0.5 
 10
58.57089154178311
 20
19.533324866649764
 10
58.45760731521477
 20
19.646609093218217
 10
58.45760731521477
 20
20.80789941579883
  0
LWPOLYLINE
  5
405
330
1F
100
AcDbEntity
  8
TopLayer
100
AcDbPolyline
 90
1
 70
 0
 43
0.61998983997968 
 10
16.67680975361941
 20
26.66972313944632
 10
20.997104394208918
 20
26.66972313944632
  0
LWPOLYLINE
  5
406
330
1F
100
AcDbEntity
  8
TopLayer
100
AcDbPolyline
 90
1
 70
 0
 43
0.61998983997968 
 10
20.997104394208918
 20
26.66972313944632
 10
21.197256794513578
 20
26.469570739141545
  0
LWPOLYLINE
  5
407
330
1F
100
AcDbEntity
  8
TopLayer
100
AcDbPolyline
 90
1
 70
 0
 43
0.61998983997968 
 10
39.55057150114317
 20
29.219888239776537
 10
34.938684277368566
 20
29.219888239776537
  0
LWPOLYLINE
  5
408
330
1F
100
AcDbEntity
  8
TopLayer
100
AcDbPolyline
 90
1
 70
 0
 43
0.25400050800101603 
 10
31.78958597917199
 20
133.9260096520194
 10
32.444145288290656
 20
133.9260096520194
  0
LWPOLYLINE
  5
409
330
1F
100
AcDbEntity
  8
TopLayer
100
AcDbPolyline
 90
9
 70
 0
 43
0.25400050800101603 
 10
32.444145288290656
 20
133.9260096520194
 10
32.444145288290656
 20
133.59860299720594
 10
36.12766065532128
 20
129.91508763017532
 10
41.91506223012448
 20
129.91508763017532
 10
42.118008636017294
 20
129.7121412242825
 10
42.118008636017294
 20
126.08933197866395
 10
43.59603759207516
 20
124.61130302260608
 10
43.59603759207516
 20
123.12743205486413
 10
43.09184658369327
 20
122.62324104648212
 10
42.5170434340871
 20
122.62324104648212
  0
LWPOLYLINE
  5
40a
330
1F
100
AcDbEntity
  8
TopLayer
100
AcDbPolyline
 90
3
 70
 0
 43
0.3500127000254001 
 10
30.3626111252222
 20
20.316408432816957
 10
30.3626111252222
 20
19.726111252222495
 10
27.82260604521207
 20
17.186106172212362
 10
27.82260604521207
 20
14.771577343154604
  0
LWPOLYLINE
  5
40b
330
1F
100
AcDbEntity
  8
TopLayer
100
AcDbPolyline
 90
2
 70
 0
 43
0.3500127000254001 
 10
32.283108966217924
 20
20.488112776225535
 10
30.534315468630894
 20
20.488112776225535
 10
30.3626111252222
 20
20.316408432816957
  0
LWPOLYLINE
  5
40c
330
1F
100
AcDbEntity
  8
TopLayer
100
AcDbPolyline
 90
2
 70
 0
 43
0.3500127000254001 
 10
54.00878841757685
 20
14.080949961899933
 10
57.42128524257055
 20
14.080949961899933
 10
59.8393700787401
 20
16.4990347980696
  0
LWPOLYLINE
  5
40d
330
1F
100
AcDbEntity
  8
TopLayer
100
AcDbPolyline
 90
2
 70
 0
 43
0.3500127000254001 
 10
62.53329946659892
 20
17.810693421386873
 10
61.89144018288039
 20
18.452552705105404
 10
61.89144018288039
 20
18.9526797053594
  0
LWPOLYLINE
  5
40e
330
1F
100
AcDbEntity
  8
TopLayer
100
AcDbPolyline
 90
1
 70
 0
 43
0.3500127000254001 
 10
61.40375920751853
 20
18.9526797053594
 10
61.89144018288039
 20
18.9526797053594
  0
LWPOLYLINE
  5
40f
330
1F
100
AcDbEntity
  8
TopLayer
100
AcDbPolyline
 90
1
 70
 0
 43
0.3500127000254001 
 10
60.137312674625264
 20
16.4990347980696
 10
59.8393700787401
 20
16.4990347980696
  0
LWPOLYLINE
  5
410
330
1F
100
AcDbEntity
  8
TopLayer
100
AcDbPolyline
 90
1
 70
 0
 43
0.3500127000254001 
 10
60.137312674625264
 20
16.4990347980696
 10
60.43500127000266
 20
16.4990347980696
  0
LWPOLYLINE
  5
411
330
1F
100
AcDbEntity
  8
TopLayer
100
AcDbPolyline
 90
2
 70
 0
 43
0.3500127000254001 
 10
61.030632461264986
 20
16.4990347980696
 10
61.030632461264986
 20
18.069773939547872
 10
61.40375920751853
 20
18.44290068580142
  0
LWPOLYLINE
  5
412
330
1F
100
AcDbEntity
  8
TopLayer
100
AcDbPolyline
 90
1
 70
 0
 43
0.3500127000254001 
 10
60.43500127000266
 20
16.4990347980696
 10
61.030632461264986
 20
16.4990347980696
  0
LWPOLYLINE
  5
413
330
1F
100
AcDbEntity
  8
TopLayer
100
AcDbPolyline
 90
1
 70
 0
 43
0.3500127000254001 
 10
61.40375920751853
 20
18.9526797053594
 10
61.40375920751853
 20
18.44290068580142
  0
LWPOLYLINE
  5
414
330
1F
100
AcDbEntity
  8
TopLayer
100
AcDbPolyline
 90
2
 70
 0
 43
0.3500127000254001 
 10
46.72989585979167
 20
18.574726949453975
 10
46.73599187198374
 20
18.580822961645936
 10
46.73599187198374
 20
19.685979171958365
  0
LWPOLYLINE
  5
415
330
1F
100
AcDbEntity
  8
TopLayer
100
AcDbPolyline
 90
1
 70
 0
 43
0.3500127000254001 
 10
46.73599187198374
 20
21.7258572517145
 10
46.73599187198374
 20
19.685979171958365
  0
LWPOLYLINE
  5
416
330
1F
100
AcDbEntity
  8
TopLayer
100
AcDbPolyline
 90
1
 70
 0
 43
0.3500127000254001 
 10
46.73599187198374
 20
23.76598933197863
 10
46.73599187198374
 20
22.439852679705268
  0
LWPOLYLINE
  5
417
330
1F
100
AcDbEntity
  8
TopLayer
100
AcDbPolyline
 90
1
 70
 0
 43
0.3500127000254001 
 10
46.73599187198374
 20
22.439852679705268
 10
46.73599187198374
 20
21.7258572517145
  0
LWPOLYLINE
  5
418
330
1F
100
AcDbEntity
  8
TopLayer
100
AcDbPolyline
 90
1
 70
 0
 43
0.3500127000254001 
 10
46.72989585979167
 20
18.186868173736343
 10
46.72989585979167
 20
18.574726949453975
  0
LWPOLYLINE
  5
419
330
1F
100
AcDbEntity
  8
TopLayer
100
AcDbPolyline
 90
1
 70
 0
 43
0.3500127000254001 
 10
46.72989585979167
 20
18.186868173736343
 10
46.72989585979167
 20
17.799009398018825
  0
LWPOLYLINE
  5
41a
330
1F
100
AcDbEntity
  8
TopLayer
100
AcDbPolyline
 90
2
 70
 0
 43
0.3500127000254001 
 10
46.72989585979167
 20
17.799009398018825
 10
50.44795529591056
 20
14.080949961899933
 10
54.00878841757685
 20
14.080949961899933
  0
LWPOLYLINE
  5
41b
330
1F
100
AcDbEntity
  8
TopLayer
100
AcDbPolyline
 90
1
 70
 0
 43
0.3500127000254001 
 10
46.73599187198374
 20
22.439852679705268
 10
42.92700025400063
 20
22.439852679705268
  0
LWPOLYLINE
  5
41c
330
1F
100
AcDbEntity
  8
TopLayer
100
AcDbPolyline
 90
7
 70
 0
 43
0.3500127000254001 
 10
41.70119380238771
 20
22.439852679705268
 10
41.70119380238771
 20
23.05275590551173
 10
41.056540513081245
 20
23.697409194818306
 10
37.16245872491754
 20
23.697409194818306
 10
36.57698755397519
 20
23.111938023876064
 10
36.57698755397519
 20
21.957251714503514
 10
35.10784861569732
 20
20.488112776225535
 10
32.283108966217924
 20
20.488112776225535
  0
LWPOLYLINE
  5
41d
330
1F
100
AcDbEntity
  8
TopLayer
100
AcDbPolyline
 90
1
 70
 0
 43
0.3500127000254001 
 10
42.92700025400063
 20
22.439852679705268
 10
41.70119380238771
 20
22.439852679705268
  0
LWPOLYLINE
  5
41e
330
1F
100
AcDbEntity
  8
TopLayer
100
AcDbPolyline
 90
1
 70
 0
 43
0.3500127000254001 
 10
63.29098298196595
 20
17.810693421386873
 10
63.10175260350525
 20
17.810693421386873
  0
LWPOLYLINE
  5
41f
330
1F
100
AcDbEntity
  8
TopLayer
100
AcDbPolyline
 90
1
 70
 0
 43
0.3500127000254001 
 10
63.10175260350525
 20
17.810693421386873
 10
62.53329946659892
 20
17.810693421386873
  0
LWPOLYLINE
  5
420
330
1F
100
AcDbEntity
  8
TopLayer
100
AcDbPolyline
 90
4
 70
 0
 43
0.3500127000254001 
 10
63.10175260350525
 20
17.810693421386873
 10
63.973228346456835
 20
16.939217678435284
 10
65.27752095504184
 20
16.939217678435284
 10
66.5813055626113
 20
18.24300228600464
 10
66.5813055626113
 20
20.96106172212353
  0
LWPOLYLINE
  5
421
330
1F
100
AcDbEntity
  8
TopLayer
100
AcDbPolyline
 90
2
 70
 0
 43
0.25400050800101603 
 10
33.7992379984762
 20
121.83888747777496
 10
38.13274066548138
 20
121.83888747777496
 10
38.26710693421387
 20
121.97325374650757
  0
LWPOLYLINE
  5
422
330
1F
100
AcDbEntity
  8
TopLayer
100
AcDbPolyline
 90
1
 70
 0
 43
0.25400050800101603 
 10
27.63616967233952
 20
114.2402082804166
 10
27.63616967233952
 20
116.15461010922013
  0
LWPOLYLINE
  5
423
330
1F
100
AcDbEntity
  8
TopLayer
100
AcDbPolyline
 90
1
 70
 0
 43
0.25400050800101603 
 10
33.7992379984762
 20
121.83888747777496
 10
33.144678689357534
 20
121.83888747777496
  0
LWPOLYLINE
  5
424
330
1F
100
AcDbEntity
  8
TopLayer
100
AcDbPolyline
 90
2
 70
 0
 43
0.25400050800101603 
 10
24.46294132588264
 20
112.55720091440185
 10
24.694589789179645
 20
112.32555245110495
 10
27.63616967233952
 20
112.32555245110495
  0
LWPOLYLINE
  5
425
330
1F
100
AcDbEntity
  8
TopLayer
100
AcDbPolyline
 90
1
 70
 0
 43
0.25400050800101603 
 10
27.63616967233952
 20
114.2402082804166
 10
27.63616967233952
 20
112.32555245110495
  0
LWPOLYLINE
  5
426
330
1F
100
AcDbEntity
  8
TopLayer
100
AcDbPolyline
 90
1
 70
 0
 43
0.25400050800101603 
 10
23.358039116078317
 20
112.55720091440185
 10
24.46294132588264
 20
112.55720091440185
  0
LWPOLYLINE
  5
427
330
1F
100
AcDbEntity
  8
TopLayer
100
AcDbPolyline
 90
7
 70
 0
 43
0.25400050800101603 
 10
27.63616967233952
 20
116.15461010922013
 10
27.96129032258068
 20
116.15461010922013
 10
30.94478028956064
 20
119.13810007620009
 10
30.94478028956064
 20
119.3092964185928
 10
32.08194056388106
 20
120.44645669291344
 10
32.52034544069079
 20
120.44645669291344
 10
33.144678689357534
 20
121.07078994157985
 10
33.144678689357534
 20
121.83888747777496
  0
LWPOLYLINE
  5
428
330
1F
100
AcDbEntity
  8
TopLayer
100
AcDbPolyline
 90
2
 70
 0
 43
0.5 
 10
28.86654813309633
 20
119.28897637795274
 10
28.86654813309633
 20
121.10762001523995
 10
32.28285496570993
 20
124.52392684785377
  0
LWPOLYLINE
  5
429
330
1F
100
AcDbEntity
  8
TopLayer
100
AcDbPolyline
 90
1
 70
 0
 43
0.5 
 10
23.358039116078317
 20
115.51478282956566
 10
23.358039116078317
 20
116.00551181102355
  0
LWPOLYLINE
  5
42a
330
1F
100
AcDbEntity
  8
TopLayer
100
AcDbPolyline
 90
1
 70
 0
 43
0.5 
 10
23.358039116078317
 20
116.00551181102355
 10
23.358039116078317
 20
116.49598679197356
  0
LWPOLYLINE
  5
42b
330
1F
100
AcDbEntity
  8
TopLayer
100
AcDbPolyline
 90
2
 70
 0
 43
0.5 
 10
20.826416052831974
 20
116.31310642621293
 10
23.050444500888943
 20
116.31310642621293
 10
23.358039116078317
 20
116.00551181102355
  0
LWPOLYLINE
  5
42c
330
1F
100
AcDbEntity
  8
TopLayer
100
AcDbPolyline
 90
1
 70
 0
 43
0.5 
 10
20.826416052831974
 20
118.85311150622306
 10
20.826416052831974
 20
117.58310896621799
  0
LWPOLYLINE
  5
42d
330
1F
100
AcDbEntity
  8
TopLayer
100
AcDbPolyline
 90
1
 70
 0
 43
0.5 
 10
20.826416052831974
 20
117.58310896621799
 10
20.826416052831974
 20
116.31310642621293
  0
LWPOLYLINE
  5
42e
330
1F
100
AcDbEntity
  8
TopLayer
100
AcDbPolyline
 90
1
 70
 0
 43
0.5 
 10
32.28285496570993
 20
124.52392684785377
 10
32.28285496570993
 20
126.65143510287021
  0
LWPOLYLINE
  5
42f
330
1F
100
AcDbEntity
  8
TopLayer
100
AcDbPolyline
 90
3
 70
 0
 43
0.5 
 10
32.28285496570993
 20
126.65143510287021
 10
30.349149098298085
 20
128.58514097028194
 10
25.00929641859284
 20
128.58514097028194
 10
23.66893573787138
 20
127.2447802895606
  0
LWPOLYLINE
  5
430
330
1F
100
AcDbEntity
  8
TopLayer
100
AcDbPolyline
 90
2
 70
 0
 43
0.5 
 10
38.26710693421387
 20
122.62324104648212
 10
38.21097282194569
 20
122.56710693421383
 10
36.261010922022024
 20
122.56710693421383
  0
LWPOLYLINE
  5
431
330
1F
100
AcDbEntity
  8
TopLayer
100
AcDbPolyline
 90
1
 70
 0
 43
0.5 
 10
36.88458216916433
 20
125.66413512827035
 10
36.10403860807719
 20
125.66413512827035
  0
LWPOLYLINE
  5
432
330
1F
100
AcDbEntity
  8
TopLayer
100
AcDbPolyline
 90
2
 70
 0
 43
0.5 
 10
36.261010922022024
 20
122.56710693421383
 10
35.44084328168651
 20
123.38727457454922
 10
35.44084328168651
 20
125.00093980187967
  0
LWPOLYLINE
  5
433
330
1F
100
AcDbEntity
  8
TopLayer
100
AcDbPolyline
 90
1
 70
 0
 43
0.5 
 10
35.44084328168651
 20
125.00093980187967
 10
36.10403860807719
 20
125.66413512827035
  0
LWPOLYLINE
  5
434
330
1F
100
AcDbEntity
  8
TopLayer
100
AcDbPolyline
 90
2
 70
 0
 43
0.5 
 10
35.44084328168651
 20
125.00093980187967
 10
33.79034798069597
 20
126.65143510287021
 10
32.28285496570993
 20
126.65143510287021
  0
LWPOLYLINE
  5
435
330
1F
100
AcDbEntity
  8
TopLayer
100
AcDbPolyline
 90
2
 70
 0
 43
0.5 
 10
23.358039116078317
 20
116.49598679197356
 10
23.71490982981959
 20
116.85285750571506
 10
23.71490982981959
 20
117.20998221996444
  0
LWPOLYLINE
  5
436
330
1F
100
AcDbEntity
  8
TopLayer
100
AcDbPolyline
 90
2
 70
 0
 43
0.5 
 10
23.71490982981959
 20
117.20998221996444
 10
28.014884429768927
 20
117.20998221996444
 10
28.86654813309633
 20
118.06164592329185
  0
LWPOLYLINE
  5
437
330
1F
100
AcDbEntity
  8
TopLayer
100
AcDbPolyline
 90
1
 70
 0
 43
0.5 
 10
28.86654813309633
 20
119.28897637795274
 10
28.86654813309633
 20
118.06164592329185
  0
LWPOLYLINE
  5
438
330
1F
100
AcDbEntity
  8
TopLayer
100
AcDbPolyline
 90
4
 70
 0
 43
0.25400050800101603 
 10
42.5170434340871
 20
123.27322834645668
 10
41.92954025908057
 20
123.27322834645668
 10
41.454813309626616
 20
123.74795529591063
 10
41.454813309626616
 20
128.45077470154945
 10
41.326289052578204
 20
128.57929895859797
  0
LWPOLYLINE
  5
439
330
1F
100
AcDbEntity
  8
TopLayer
100
AcDbPolyline
 90
1
 70
 0
 43
0.25400050800101603 
 10
41.326289052578204
 20
129.23385826771664
 10
41.326289052578204
 20
128.57929895859797
  0
LWPOLYLINE
  5
43a
330
1F
100
AcDbEntity
  8
TopLayer
100
AcDbPolyline
 90
1
 70
 0
 43
0.5 
 10
56.76291592583175
 20
119.90111760223522
 10
56.76291592583175
 20
118.91991363982731
  0
LWPOLYLINE
  5
43b
330
1F
100
AcDbEntity
  8
TopLayer
100
AcDbPolyline
 90
2
 70
 0
 43
0.5 
 10
52.98897637795267
 20
120.06596393192785
 10
55.37023114046224
 20
120.06596393192785
 10
55.535077470154874
 20
119.90111760223522
  0
LWPOLYLINE
  5
43c
330
1F
100
AcDbEntity
  8
TopLayer
100
AcDbPolyline
 90
1
 70
 0
 43
0.5 
 10
56.76291592583175
 20
119.90111760223522
 10
55.535077470154874
 20
119.90111760223522
  0
LWPOLYLINE
  5
43d
330
1F
100
AcDbEntity
  8
TopLayer
100
AcDbPolyline
 90
2
 70
 0
 43
0.5 
 10
56.76291592583175
 20
118.91991363982731
 10
57.51526543053092
 20
118.16756413512826
 10
60.23103886207787
 20
118.16756413512826
  0
LWPOLYLINE
  5
43e
330
1F
100
AcDbEntity
  8
TopLayer
100
AcDbPolyline
 90
2
 70
 0
 43
0.5 
 10
60.23103886207787
 20
118.16756413512826
 10
62.95824231648476
 20
118.16756413512826
 10
63.14290068580135
 20
117.98290576581155
  0
LWPOLYLINE
  5
43f
330
1F
100
AcDbEntity
  8
TopLayer
100
AcDbPolyline
 90
1
 70
 0
 43
0.5 
 10
64.20894081788174
 20
117.98290576581155
 10
63.14290068580135
 20
117.98290576581155
  0
LWPOLYLINE
  5
440
330
1F
100
AcDbEntity
  8
TopLayer
100
AcDbPolyline
 90
2
 70
 0
 43
0.5 
 10
58.459893319786715
 20
21.612573025146048
 10
58.45760731521477
 20
21.610287020573992
 10
58.45760731521477
 20
20.80789941579883
  0
LWPOLYLINE
  5
441
330
1F
100
AcDbEntity
  8
TopLayer
100
AcDbPolyline
 90
1
 70
 0
 43
0.5 
 10
58.459893319786715
 20
22.439852679705268
 10
58.459893319786715
 20
21.612573025146048
  0
LWPOLYLINE
  5
442
330
1F
100
AcDbEntity
  8
TopLayer
100
AcDbPolyline
 90
1
 70
 0
 43
0.5 
 10
53.703225806451655
 20
22.868097536195023
 10
52.650647701295384
 20
22.868097536195023
  0
LWPOLYLINE
  5
443
330
1F
100
AcDbEntity
  8
TopLayer
100
AcDbPolyline
 90
1
 70
 0
 43
0.5 
 10
32.43576327152664
 20
27.335966471933034
 10
33.41696723393443
 20
27.335966471933034
  0
LWPOLYLINE
  5
444
330
1F
100
AcDbEntity
  8
TopLayer
100
AcDbPolyline
 90
2
 70
 0
 43
0.5 
 10
31.80406400812808
 20
22.695123190246363
 10
31.80406400812808
 20
25.476428752857487
 10
32.43576327152664
 20
26.108128016256046
  0
LWPOLYLINE
  5
445
330
1F
100
AcDbEntity
  8
TopLayer
100
AcDbPolyline
 90
1
 70
 0
 43
0.5 
 10
32.43576327152664
 20
27.335966471933034
 10
32.43576327152664
 20
26.108128016256046
  0
LWPOLYLINE
  5
446
330
1F
100
AcDbEntity
  8
TopLayer
100
AcDbPolyline
 90
3
 70
 0
 43
0.5 
 10
52.650647701295384
 20
22.868097536195023
 10
49.639979679959424
 20
25.878765557531096
 10
34.874168148336366
 20
25.878765557531096
 10
33.41696723393443
 20
27.335966471933034
  0
LWPOLYLINE
  5
447
330
1F
100
AcDbEntity
  8
TopLayer
100
AcDbPolyline
 90
1
 70
 0
 43
0.5 
 10
58.459893319786715
 20
22.439852679705268
 10
58.459893319786715
 20
23.26738633477271
  0
LWPOLYLINE
  5
448
330
1F
100
AcDbEntity
  8
TopLayer
100
AcDbPolyline
 90
2
 70
 0
 43
0.5 
 10
52.650647701295384
 20
22.868097536195023
 10
50.18963677927354
 20
20.407086614173295
 10
50.18963677927354
 20
17.228778257556428
  0
LWPOLYLINE
  5
449
330
1F
100
AcDbEntity
  8
TopLayer
100
AcDbPolyline
 90
1
 70
 0
 43
0.5 
 10
58.459893319786715
 20
23.26738633477271
 10
58.25999491998982
 20
23.46728473456949
  0
LWPOLYLINE
  5
44a
330
1F
100
AcDbEntity
  8
TopLayer
100
AcDbPolyline
 90
2
 70
 0
 43
0.5 
 10
67.34787909575834
 20
120.12311404622812
 10
67.34787909575834
 20
121.4106426212852
 10
67.50993141986305
 20
121.57269494538991
  0
LWPOLYLINE
  5
44b
330
1F
100
AcDbEntity
  8
TopLayer
100
AcDbPolyline
 90
1
 70
 0
 43
0.5 
 10
67.50993141986305
 20
122.1193040386081
 10
67.50993141986305
 20
121.57269494538991
  0
LWPOLYLINE
  5
44c
330
1F
100
AcDbEntity
  8
TopLayer
100
AcDbPolyline
 90
1
 70
 0
 43
0.5 
 10
67.50993141986305
 20
122.1193040386081
 10
67.50993141986305
 20
122.39997459994925
  0
LWPOLYLINE
  5
44d
330
1F
100
AcDbEntity
  8
TopLayer
100
AcDbPolyline
 90
2
 70
 0
 43
0.5 
 10
67.50993141986305
 20
123.22750825501646
 10
67.81676403352799
 20
123.22750825501646
 10
68.01412242824495
 20
123.4248666497333
  0
LWPOLYLINE
  5
44e
330
1F
100
AcDbEntity
  8
TopLayer
100
AcDbPolyline
 90
1
 70
 0
 43
0.5 
 10
68.01412242824495
 20
124.49090678181358
 10
68.01412242824495
 20
123.4248666497333
  0
LWPOLYLINE
  5
44f
330
1F
100
AcDbEntity
  8
TopLayer
100
AcDbPolyline
 90
1
 70
 0
 43
0.5 
 10
67.50993141986305
 20
122.39997459994925
 10
67.50993141986305
 20
123.22750825501646
  0
LWPOLYLINE
  5
450
330
1F
100
AcDbEntity
  8
TopLayer
100
AcDbPolyline
 90
2
 70
 0
 43
0.25400050800101603 
 10
52.90312420624832
 20
133.93134366268725
 10
52.07762255524517
 20
133.93134366268725
 10
52.021234442468995
 20
133.8749555499112
  0
LWPOLYLINE
  5
451
330
1F
100
AcDbEntity
  8
TopLayer
100
AcDbPolyline
 90
1
 70
 0
 43
0.25400050800101603 
 10
51.4837693675388
 20
133.8749555499112
 10
52.021234442468995
 20
133.8749555499112
  0
LWPOLYLINE
  5
452
330
1F
100
AcDbEntity
  8
TopLayer
100
AcDbPolyline
 90
2
 70
 0
 43
0.25400050800101603 
 10
33.38826517653024
 20
133.92626365252727
 10
34.08473456946922
 20
133.92626365252727
 10
34.13604267208552
 20
133.8749555499112
  0
LWPOLYLINE
  5
453
330
1F
100
AcDbEntity
  8
TopLayer
100
AcDbPolyline
 90
1
 70
 0
 43
0.25400050800101603 
 10
34.79390398780788
 20
133.8749555499112
 10
34.13604267208552
 20
133.8749555499112
  0
LWPOLYLINE
  5
454
330
1F
100
AcDbEntity
  8
TopLayer
100
AcDbPolyline
 90
2
 70
 0
 43
0.25400050800101603 
 10
42.92547625095244
 20
129.23411226822452
 10
43.72405384810759
 20
129.23411226822452
 10
43.72405384810759
 20
129.23385826771664
  0
LWPOLYLINE
  5
455
330
1F
100
AcDbEntity
  8
TopLayer
100
AcDbPolyline
 90
1
 70
 0
 43
0.25400050800101603 
 10
44.381661163322406
 20
129.23385826771664
 10
43.72405384810759
 20
129.23385826771664
  0
LWPOLYLINE
  5
456
330
1F
100
AcDbEntity
  8
TopLayer
100
AcDbPolyline
 90
3
 70
 0
 43
0.5 
 10
23.71490982981959
 20
119.49700279400554
 10
23.69433578867165
 20
119.5175768351537
 10
21.431953263906507
 20
119.5175768351537
 10
20.826416052831974
 20
120.12311404622812
  0
LWPOLYLINE
  5
457
330
1F
100
AcDbEntity
  8
TopLayer
100
AcDbPolyline
 90
1
 70
 0
 43
0.5 
 10
23.71490982981959
 20
119.10685801371596
 10
23.71490982981959
 20
119.32936245872497
  0
LWPOLYLINE
  5
458
330
1F
100
AcDbEntity
  8
TopLayer
100
AcDbPolyline
 90
1
 70
 0
 43
0.5 
 10
23.71490982981959
 20
118.71645923291851
 10
23.71490982981959
 20
119.10685801371596
  0
LWPOLYLINE
  5
459
330
1F
100
AcDbEntity
  8
TopLayer
100
AcDbPolyline
 90
1
 70
 0
 43
0.5 
 10
23.71490982981959
 20
119.32936245872497
 10
23.71490982981959
 20
119.49700279400554
  0
LWPOLYLINE
  5
45a
330
1F
100
AcDbEntity
  8
TopLayer
100
AcDbPolyline
 90
2
 70
 0
 43
0.5 
 10
23.71490982981959
 20
119.32936245872497
 10
24.937160274320604
 20
120.55161290322576
 10
25.22189484378964
 20
120.55161290322576
  0
LWPOLYLINE
  5
45b
330
1F
100
AcDbEntity
  8
TopLayer
100
AcDbPolyline
 90
1
 70
 0
 43
0.5 
 10
25.22189484378964
 20
121.32910845821698
 10
25.22189484378964
 20
120.55161290322576
  0
LWPOLYLINE
  5
45c
330
1F
100
AcDbEntity
  8
TopLayer
100
AcDbPolyline
 90
2
 70
 0
 43
0.25400050800101603 
 10
58.57089154178311
 20
19.02303784607568
 10
56.521361442722764
 20
19.02303784607568
 10
55.86350012700018
 20
19.68089916179838
  0
LWPOLYLINE
  5
45d
330
1F
100
AcDbEntity
  8
TopLayer
100
AcDbPolyline
 90
1
 70
 0
 43
0.25400050800101603 
 10
54.00878841757685
 20
19.68089916179838
 10
55.86350012700018
 20
19.68089916179838
  0
LWPOLYLINE
  5
45e
330
1F
100
AcDbEntity
  8
TopLayer
100
AcDbPolyline
 90
2
 70
 0
 43
0.25400050800101603 
 10
60.445415290830624
 20
18.523164846329678
 10
60.445415290830624
 20
17.912547625095158
 10
60.43500127000266
 20
17.902133604267192
  0
LWPOLYLINE
  5
45f
330
1F
100
AcDbEntity
  8
TopLayer
100
AcDbPolyline
 90
1
 70
 0
 43
0.25400050800101603 
 10
59.851054102108264
 20
18.523164846329678
 10
60.445415290830624
 20
18.523164846329678
  0
LWPOLYLINE
  5
460
330
1F
100
AcDbEntity
  8
TopLayer
100
AcDbPolyline
 90
1
 70
 0
 43
0.25400050800101603 
 10
60.43500127000266
 20
17.36466852933711
 10
60.43500127000266
 20
17.902133604267192
  0
LWPOLYLINE
  5
461
330
1F
100
AcDbEntity
  8
TopLayer
100
AcDbPolyline
 90
2
 70
 0
 43
0.25400050800101603 
 10
59.851054102108264
 20
19.523164846329678
 10
60.96535433070858
 20
19.523164846329678
 10
60.98745237490493
 20
19.501066802133664
  0
LWPOLYLINE
  5
462
330
1F
100
AcDbEntity
  8
TopLayer
100
AcDbPolyline
 90
1
 70
 0
 43
0.25400050800101603 
 10
64.82082804165611
 20
19.317170434340824
 10
63.29098298196595
 20
19.317170434340824
  0
LWPOLYLINE
  5
463
330
1F
100
AcDbEntity
  8
TopLayer
100
AcDbPolyline
 90
1
 70
 0
 43
0.25400050800101603 
 10
61.195732791465616
 20
19.501066802133664
 10
60.98745237490493
 20
19.501066802133664
  0
LWPOLYLINE
  5
464
330
1F
100
AcDbEntity
  8
TopLayer
100
AcDbPolyline
 90
1
 70
 0
 43
0.25400050800101603 
 10
61.195732791465616
 20
19.501066802133664
 10
61.40375920751853
 20
19.501066802133664
  0
LWPOLYLINE
  5
465
330
1F
100
AcDbEntity
  8
TopLayer
100
AcDbPolyline
 90
2
 70
 0
 43
0.25400050800101603 
 10
61.40375920751853
 20
19.501066802133664
 10
62.42052324104657
 20
19.501066802133664
 10
62.60441960883941
 20
19.317170434340824
  0
LWPOLYLINE
  5
466
330
1F
100
AcDbEntity
  8
TopLayer
100
AcDbPolyline
 90
1
 70
 0
 43
0.25400050800101603 
 10
63.29098298196595
 20
19.317170434340824
 10
62.60441960883941
 20
19.317170434340824
  0
LWPOLYLINE
  5
467
330
1F
100
AcDbEntity
  8
TopLayer
100
AcDbPolyline
 90
2
 70
 0
 43
0.25400050800101603 
 10
43.83505207010421
 20
133.92626365252727
 10
44.04942849885697
 20
133.7118872237744
 10
44.04942849885697
 20
133.41927863855722
  0
LWPOLYLINE
  5
468
330
1F
100
AcDbEntity
  8
TopLayer
100
AcDbPolyline
 90
1
 70
 0
 43
0.25400050800101603 
 10
43.180492760985544
 20
133.92626365252727
 10
43.83505207010421
 20
133.92626365252727
  0
LWPOLYLINE
  5
469
330
1F
100
AcDbEntity
  8
TopLayer
100
AcDbPolyline
 90
1
 70
 0
 43
0.25400050800101603 
 10
44.57393954787926
 20
133.41927863855722
 10
44.04942849885697
 20
133.41927863855722
  0
LWPOLYLINE
  5
46a
330
1F
100
AcDbEntity
  8
TopLayer
100
AcDbPolyline
 90
3
 70
 0
 43
0.25400050800101603 
 10
52.98897637795267
 20
121.57244094488192
 10
52.98897637795267
 20
126.51021082042166
 10
46.07990855981711
 20
133.41927863855722
 10
44.57393954787926
 20
133.41927863855722
  0
LWPOLYLINE
  5
46b
330
1F
100
AcDbEntity
  8
TopLayer
100
AcDbPolyline
 90
1
 70
 0
 43
0.5 
 10
15.281584963169962
 20
120.12311404622812
 10
15.281584963169962
 20
118.85311150622306
  0
LWPOLYLINE
  5
46c
330
1F
100
AcDbEntity
  8
TopLayer
100
AcDbPolyline
 90
1
 70
 0
 43
0.5 
 10
15.281584963169962
 20
118.85311150622306
 10
15.281584963169962
 20
117.58310896621799
  0
LWPOLYLINE
  5
46d
330
1F
100
AcDbEntity
  8
TopLayer
100
AcDbPolyline
 90
1
 70
 0
 43
0.5 
 10
15.281584963169962
 20
117.58310896621799
 10
15.281584963169962
 20
116.31310642621293
  0
LWPOLYLINE
  5
46e
330
1F
100
AcDbEntity
  8
TopLayer
100
AcDbPolyline
 90
2
 70
 0
 43
0.5 
 10
15.281584963169962
 20
116.31310642621293
 10
12.489357378714658
 20
113.52087884175774
 10
12.489357378714658
 20
109.29608839217678
  0
LWPOLYLINE
  5
46f
330
1F
100
AcDbEntity
  8
TopLayer
100
AcDbPolyline
 90
1
 70
 0
 43
0.5 
 10
16.67680975361941
 20
109.29608839217678
 10
12.489357378714658
 20
109.29608839217678
  0
LWPOLYLINE
  5
470
330
1F
100
AcDbEntity
  8
TopLayer
100
AcDbPolyline
 90
2
 70
 0
 43
0.5 
 10
22.921920243840532
 20
122.27907035814064
 10
17.437541275082594
 20
122.27907035814064
 10
15.281584963169962
 20
120.12311404622812
  0
LWPOLYLINE
  5
471
330
1F
100
AcDbEntity
  8
TopLayer
100
AcDbPolyline
 90
2
 70
 0
 43
0.25400050800101603 
 10
59.256438912877684
 20
19.02303784607568
 10
59.256438912877684
 20
20.757861315722607
 10
59.30647701295402
 20
20.80789941579883
  0
LWPOLYLINE
  5
472
330
1F
100
AcDbEntity
  8
TopLayer
100
AcDbPolyline
 90
1
 70
 0
 43
0.25400050800101603 
 10
59.851054102108264
 20
19.02303784607568
 10
59.256438912877684
 20
19.02303784607568
  0
LWPOLYLINE
  5
473
330
1F
100
AcDbEntity
  8
TopLayer
100
AcDbPolyline
 90
1
 70
 0
 43
0.25400050800101603 
 10
59.63540767081531
 20
20.80789941579883
 10
59.30647701295402
 20
20.80789941579883
  0
LWPOLYLINE
  5
474
330
1F
100
AcDbEntity
  8
TopLayer
100
AcDbPolyline
 90
1
 70
 0
 43
0.25400050800101603 
 10
59.63540767081531
 20
20.80789941579883
 10
59.96408432816861
 20
20.80789941579883
  0
LWPOLYLINE
  5
475
330
1F
100
AcDbEntity
  8
TopLayer
100
AcDbPolyline
 90
1
 70
 0
 43
0.25400050800101603 
 10
59.96408432816861
 20
20.80789941579883
 10
61.41569723139446
 20
20.80789941579883
  0
LWPOLYLINE
  5
476
330
1F
100
AcDbEntity
  8
TopLayer
100
AcDbPolyline
 90
1
 70
 0
 43
0.25400050800101603 
 10
66.10988061976127
 20
122.39997459994925
 10
66.10988061976127
 20
121.69563119126235
  0
LWPOLYLINE
  5
477
330
1F
100
AcDbEntity
  8
TopLayer
100
AcDbPolyline
 90
1
 70
 0
 43
0.25400050800101603 
 10
64.20894081788174
 20
119.98290576581155
 10
64.20894081788174
 20
120.80383540767082
  0
LWPOLYLINE
  5
478
330
1F
100
AcDbEntity
  8
TopLayer
100
AcDbPolyline
 90
1
 70
 0
 43
0.25400050800101603 
 10
66.07787655575316
 20
120.80383540767082
 10
64.20894081788174
 20
120.80383540767082
  0
LWPOLYLINE
  5
479
330
1F
100
AcDbEntity
  8
TopLayer
100
AcDbPolyline
 90
1
 70
 0
 43
0.25400050800101603 
 10
66.07787655575316
 20
120.12311404622812
 10
66.07787655575316
 20
120.80383540767082
  0
LWPOLYLINE
  5
47a
330
1F
100
AcDbEntity
  8
TopLayer
100
AcDbPolyline
 90
2
 70
 0
 43
0.25400050800101603 
 10
66.07787655575316
 20
120.80383540767082
 10
66.07787655575316
 20
121.66362712725424
 10
66.10988061976127
 20
121.69563119126235
  0
LWPOLYLINE
  5
47b
330
1F
100
AcDbEntity
  8
TopLayer
100
AcDbPolyline
 90
2
 70
 0
 43
0.5 
 10
55.8444500889002
 20
124.58945897891795
 10
56.594005588011214
 20
123.83990347980694
 10
56.76291592583175
 20
123.83990347980694
  0
LWPOLYLINE
  5
47c
330
1F
100
AcDbEntity
  8
TopLayer
100
AcDbPolyline
 90
1
 70
 0
 43
0.5 
 10
55.8444500889002
 20
125.81704343408683
 10
55.8444500889002
 20
124.58945897891795
  0
LWPOLYLINE
  5
47d
330
1F
100
AcDbEntity
  8
TopLayer
100
AcDbPolyline
 90
1
 70
 0
 43
0.5 
 10
56.76291592583175
 20
123.18559817119626
 10
56.76291592583175
 20
123.83990347980694
  0
LWPOLYLINE
  5
47e
330
1F
100
AcDbEntity
  8
TopLayer
100
AcDbPolyline
 90
1
 70
 0
 43
0.5 
 10
56.76291592583175
 20
123.18559817119626
 10
56.76291592583175
 20
122.85869951739903
  0
LWPOLYLINE
  5
47f
330
1F
100
AcDbEntity
  8
TopLayer
100
AcDbPolyline
 90
3
 70
 0
 43
0.5 
 10
56.76291592583175
 20
121.87749555499113
 10
57.423825247650484
 20
121.2165862331724
 10
61.79593599187206
 20
121.2165862331724
 10
65.07025654051313
 20
124.49090678181358
  0
LWPOLYLINE
  5
480
330
1F
100
AcDbEntity
  8
TopLayer
100
AcDbPolyline
 90
1
 70
 0
 43
0.5 
 10
56.76291592583175
 20
122.85869951739903
 10
56.76291592583175
 20
121.87749555499113
  0
LWPOLYLINE
  5
481
330
1F
100
AcDbEntity
  8
TopLayer
100
AcDbPolyline
 90
1
 70
 0
 43
0.5 
 10
66.01412242824495
 20
124.49090678181358
 10
65.07025654051313
 20
124.49090678181358
  0
LWPOLYLINE
  5
482
330
1F
100
AcDbEntity
  8
TopLayer
100
AcDbPolyline
 90
2
 70
 0
 43
0.25400050800101603 
 10
26.55260350520689
 20
20.316408432816957
 10
26.55260350520689
 20
21.906959613919184
 10
26.63616967233952
 20
21.990525781051588
  0
LWPOLYLINE
  5
483
330
1F
100
AcDbEntity
  8
TopLayer
100
AcDbPolyline
 90
1
 70
 0
 43
0.25400050800101603 
 10
26.63616967233952
 20
22.342824485648975
 10
26.63616967233952
 20
21.990525781051588
  0
LWPOLYLINE
  5
484
330
1F
100
AcDbEntity
  8
TopLayer
100
AcDbPolyline
 90
1
 70
 0
 43
0.25400050800101603 
 10
26.63616967233952
 20
22.342824485648975
 10
26.63616967233952
 20
22.694869189738483
  0
LWPOLYLINE
  5
485
330
1F
100
AcDbEntity
  8
TopLayer
100
AcDbPolyline
 90
2
 70
 0
 43
0.25400050800101603 
 10
26.63616967233952
 20
22.694869189738483
 10
26.63616967233952
 20
23.797739395478743
 10
26.53990347980698
 20
23.894005588011282
  0
LWPOLYLINE
  5
486
330
1F
100
AcDbEntity
  8
TopLayer
100
AcDbPolyline
 90
1
 70
 0
 43
0.25400050800101603 
 10
26.53990347980698
 20
24.83710947421889
 10
26.53990347980698
 20
23.894005588011282
  0
LWPOLYLINE
  5
487
330
1F
100
AcDbEntity
  8
TopLayer
100
AcDbPolyline
 90
2
 70
 0
 43
0.5 
 10
34.5289814579628
 20
119.28897637795274
 10
34.80050800101617
 20
119.56050292100588
 10
34.80050800101617
 20
120.49293878587764
  0
LWPOLYLINE
  5
488
330
1F
100
AcDbEntity
  8
TopLayer
100
AcDbPolyline
 90
1
 70
 0
 43
0.5 
 10
33.25161290322603
 20
119.28897637795274
 10
34.5289814579628
 20
119.28897637795274
  0
LWPOLYLINE
  5
489
330
1F
100
AcDbEntity
  8
TopLayer
100
AcDbPolyline
 90
1
 70
 0
 43
0.5 
 10
35.85308610617221
 20
120.49293878587764
 10
35.32679705359419
 20
120.49293878587764
  0
LWPOLYLINE
  5
48a
330
1F
100
AcDbEntity
  8
TopLayer
100
AcDbPolyline
 90
1
 70
 0
 43
0.5 
 10
35.32679705359419
 20
120.49293878587764
 10
34.80050800101617
 20
120.49293878587764
  0
LWPOLYLINE
  5
48b
330
1F
100
AcDbEntity
  8
TopLayer
100
AcDbPolyline
 90
2
 70
 0
 43
0.5 
 10
35.32679705359419
 20
120.49293878587764
 10
36.15687071374123
 20
121.3230124460249
 10
38.26710693421387
 20
121.3230124460249
  0
LWPOLYLINE
  5
48c
330
1F
100
AcDbEntity
  8
TopLayer
100
AcDbPolyline
 90
2
 70
 0
 43
0.25400050800101603 
 10
39.168554737109616
 20
116.53484886969773
 10
39.168554737109616
 20
119.77157734315472
 10
38.26710693421387
 20
120.67302514605035
  0
LWPOLYLINE
  5
48d
330
1F
100
AcDbEntity
  8
TopLayer
100
AcDbPolyline
 90
2
 70
 0
 43
0.25400050800101603 
 10
36.78247396494794
 20
118.49293878587753
 10
36.78247396494794
 20
119.18839217678442
 10
38.26710693421387
 20
120.67302514605035
  0
LWPOLYLINE
  5
48e
330
1F
100
AcDbEntity
  8
TopLayer
100
AcDbPolyline
 90
1
 70
 0
 43
0.25400050800101603 
 10
35.85308610617221
 20
118.49293878587753
 10
36.78247396494794
 20
118.49293878587753
  0
LWPOLYLINE
  5
48f
330
1F
100
AcDbEntity
  8
TopLayer
100
AcDbPolyline
 90
2
 70
 0
 43
0.25400050800101603 
 10
33.461925323850664
 20
116.15461010922013
 10
34.923444246888494
 20
117.61612903225807
 10
34.923444246888494
 20
118.49293878587753
  0
LWPOLYLINE
  5
490
330
1F
100
AcDbEntity
  8
TopLayer
100
AcDbPolyline
 90
1
 70
 0
 43
0.25400050800101603 
 10
33.461925323850664
 20
114.2402082804166
 10
33.461925323850664
 20
116.15461010922013
  0
LWPOLYLINE
  5
491
330
1F
100
AcDbEntity
  8
TopLayer
100
AcDbPolyline
 90
1
 70
 0
 43
0.25400050800101603 
 10
35.85308610617221
 20
118.49293878587753
 10
34.923444246888494
 20
118.49293878587753
  0
LWPOLYLINE
  5
492
330
1F
100
AcDbEntity
  8
TopLayer
100
AcDbPolyline
 90
2
 70
 0
 43
0.25400050800101603 
 10
49.3445770891542
 20
122.74516129032259
 10
48.81422402844805
 20
122.21480822961655
 10
45.08397256794524
 20
122.21480822961655
  0
LWPOLYLINE
  5
493
330
1F
100
AcDbEntity
  8
TopLayer
100
AcDbPolyline
 90
1
 70
 0
 43
0.25400050800101603 
 10
50.03088646177298
 20
122.74516129032259
 10
49.3445770891542
 20
122.74516129032259
  0
LWPOLYLINE
  5
494
330
1F
100
AcDbEntity
  8
TopLayer
100
AcDbPolyline
 90
1
 70
 0
 43
0.25400050800101603 
 10
45.08397256794524
 20
122.76852933705868
 10
45.08397256794524
 20
122.49166878333756
  0
LWPOLYLINE
  5
495
330
1F
100
AcDbEntity
  8
TopLayer
100
AcDbPolyline
 90
1
 70
 0
 43
0.25400050800101603 
 10
45.08397256794524
 20
122.49166878333756
 10
45.08397256794524
 20
122.21480822961655
  0
LWPOLYLINE
  5
496
330
1F
100
AcDbEntity
  8
TopLayer
100
AcDbPolyline
 90
2
 70
 0
 43
0.25400050800101603 
 10
45.08397256794524
 20
122.49166878333756
 10
44.56555753111502
 20
121.97325374650757
 10
42.5170434340871
 20
121.97325374650757
  0
LWPOLYLINE
  5
497
330
1F
100
AcDbEntity
  8
TopLayer
100
AcDbPolyline
 90
2
 70
 0
 43
0.25400050800101603 
 10
46.56301752603508
 20
121.34079248158491
 10
45.794157988315874
 20
121.34079248158491
 10
45.7194818389637
 20
121.26611633223274
  0
LWPOLYLINE
  5
498
330
1F
100
AcDbEntity
  8
TopLayer
100
AcDbPolyline
 90
1
 70
 0
 43
0.25400050800101603 
 10
45.37632715265431
 20
121.26611633223274
 10
45.7194818389637
 20
121.26611633223274
  0
LWPOLYLINE
  5
499
330
1F
100
AcDbEntity
  8
TopLayer
100
AcDbPolyline
 90
1
 70
 0
 43
0.25400050800101603 
 10
45.37632715265431
 20
121.26611633223274
 10
45.03317246634515
 20
121.26611633223274
  0
LWPOLYLINE
  5
49a
330
1F
100
AcDbEntity
  8
TopLayer
100
AcDbPolyline
 90
2
 70
 0
 43
0.25400050800101603 
 10
45.03317246634515
 20
121.26611633223274
 10
42.573939547879036
 20
121.26611633223274
 10
42.5170434340871
 20
121.3230124460249
  0
LWPOLYLINE
  5
49b
330
1F
100
AcDbEntity
  8
TopLayer
100
AcDbPolyline
 90
1
 70
 0
 43
0.25400050800101603 
 10
28.035966471932852
 20
22.694869189738483
 10
28.035966471932852
 20
22.342824485648975
  0
LWPOLYLINE
  5
49c
330
1F
100
AcDbEntity
  8
TopLayer
100
AcDbPolyline
 90
1
 70
 0
 43
0.25400050800101603 
 10
28.035966471932852
 20
22.342824485648975
 10
28.035966471932852
 20
21.990525781051588
  0
LWPOLYLINE
  5
49d
330
1F
100
AcDbEntity
  8
TopLayer
100
AcDbPolyline
 90
2
 70
 0
 43
0.25400050800101603 
 10
28.035966471932852
 20
22.342824485648975
 10
28.630835661671426
 20
22.342824485648975
 10
28.983134366268814
 20
22.695123190246363
  0
LWPOLYLINE
  5
49e
330
1F
100
AcDbEntity
  8
TopLayer
100
AcDbPolyline
 90
1
 70
 0
 43
0.25400050800101603 
 10
29.80406400812808
 20
22.695123190246363
 10
28.983134366268814
 20
22.695123190246363
  0
LWPOLYLINE
  5
49f
330
1F
100
AcDbEntity
  8
TopLayer
100
AcDbPolyline
 90
2
 70
 0
 43
0.25400050800101603 
 10
27.82260604521207
 20
20.316408432816957
 10
27.82260604521207
 20
21.77716535433069
 10
28.035966471932852
 20
21.990525781051588
  0
LWPOLYLINE
  5
4a0
330
1F
100
AcDbEntity
  8
TopLayer
100
AcDbPolyline
 90
2
 70
 0
 43
0.5 
 10
45.03317246634515
 20
119.75963931927868
 10
43.430429260858546
 20
119.75963931927868
 10
42.5170434340871
 20
120.67302514605035
  0
LWPOLYLINE
  5
4a1
330
1F
100
AcDbEntity
  8
TopLayer
100
AcDbPolyline
 90
2
 70
 0
 43
0.5 
 10
50.03088646177298
 20
121.23868427736852
 10
51.45963931927872
 20
122.66743713487426
 10
51.45963931927872
 20
125.81704343408683
  0
LWPOLYLINE
  5
4a2
330
1F
100
AcDbEntity
  8
TopLayer
100
AcDbPolyline
 90
1
 70
 0
 43
0.5 
 10
50.08194056388106
 20
117.31793243586492
 10
50.08194056388106
 20
119.44544069088136
  0
LWPOLYLINE
  5
4a3
330
1F
100
AcDbEntity
  8
TopLayer
100
AcDbPolyline
 90
2
 70
 0
 43
0.5 
 10
42.418237236474624
 20
119.70858521717048
 10
42.5170434340871
 20
119.80739141478284
 10
42.5170434340871
 20
120.67302514605035
  0
LWPOLYLINE
  5
4a4
330
1F
100
AcDbEntity
  8
TopLayer
100
AcDbPolyline
 90
1
 70
 0
 43
0.5 
 10
42.418237236474624
 20
118.88105156210315
 10
42.418237236474624
 20
119.70858521717048
  0
LWPOLYLINE
  5
4a5
330
1F
100
AcDbEntity
  8
TopLayer
100
AcDbPolyline
 90
1
 70
 0
 43
0.5 
 10
45.03317246634515
 20
119.75963931927868
 10
45.842418084836254
 20
119.75963931927868
  0
LWPOLYLINE
  5
4a6
330
1F
100
AcDbEntity
  8
TopLayer
100
AcDbPolyline
 90
1
 70
 0
 43
0.5 
 10
50.03088646177298
 20
119.75963931927868
 10
45.842418084836254
 20
119.75963931927868
  0
LWPOLYLINE
  5
4a7
330
1F
100
AcDbEntity
  8
TopLayer
100
AcDbPolyline
 90
2
 70
 0
 43
0.5 
 10
50.08194056388106
 20
119.44544069088136
 10
50.03088646177298
 20
119.49649479298955
 10
50.03088646177298
 20
119.75963931927868
  0
LWPOLYLINE
  5
4a8
330
1F
100
AcDbEntity
  8
TopLayer
100
AcDbPolyline
 90
1
 70
 0
 43
0.5 
 10
50.03088646177298
 20
119.75963931927868
 10
50.03088646177298
 20
121.23868427736852
  0
LWPOLYLINE
  5
4a9
330
1F
100
AcDbEntity
  8
TopLayer
100
AcDbPolyline
 90
1
 70
 0
 43
0.5 
 10
60.07838455676915
 20
125.36314452628915
 10
62.215036830073586
 20
127.49979679959358
  0
LWPOLYLINE
  5
4aa
330
1F
100
AcDbEntity
  8
TopLayer
100
AcDbPolyline
 90
2
 70
 0
 43
0.5 
 10
54.60492760985517
 20
133.93134366268725
 10
54.60492760985517
 20
130.8363474726949
 10
60.07838455676915
 20
125.36314452628915
  0
LWPOLYLINE
  5
4ab
330
1F
100
AcDbEntity
  8
TopLayer
100
AcDbPolyline
 90
2
 70
 0
 43
0.5 
 10
60.07838455676915
 20
125.36314452628915
 10
60.23103886207787
 20
125.21023622047244
 10
60.23103886207787
 20
122.55262890525785
  0
LWPOLYLINE
  5
4ac
330
1F
100
AcDbEntity
  8
TopLayer
100
AcDbPolyline
 90
2
 70
 0
 43
0.61998983997968 
 10
62.423825247650484
 20
109.29608839217678
 10
46.421031242062554
 20
109.29608839217678
 10
43.87086614173245
 20
111.84625349250689
  0
LWPOLYLINE
  5
4ad
330
1F
100
AcDbEntity
  8
TopLayer
100
AcDbPolyline
 90
1
 70
 0
 43
0.61998983997968 
 10
39.55057150114317
 20
111.84625349250689
 10
43.87086614173245
 20
111.84625349250689
  0
LWPOLYLINE
  5
4ae
330
1F
100
AcDbEntity
  8
TopLayer
100
AcDbPolyline
 90
2
 70
 0
 43
0.25400050800101603 
 10
30.3626111252222
 20
14.771577343154604
 10
37.84699009398014
 20
22.255956311912655
 10
37.84699009398014
 20
22.439852679705268
  0
LWPOLYLINE
  5
4af
330
1F
100
AcDbEntity
  8
TopLayer
100
AcDbPolyline
 90
2
 70
 0
 43
0.25400050800101603 
 10
71.93030226060455
 20
84.17239014478025
 10
71.93030226060455
 20
112.53637287274569
 10
69.88788417576848
 20
114.57879095758199
  0
LWPOLYLINE
  5
4b0
330
1F
100
AcDbEntity
  8
TopLayer
100
AcDbPolyline
 90
2
 70
 0
 43
0.25400050800101603 
 10
46.66207772415555
 20
124.21912623825244
 10
46.66207772415555
 20
129.11778003556003
 10
46.54599949199883
 20
129.23385826771664
  0
LWPOLYLINE
  5
4b1
330
1F
100
AcDbEntity
  8
TopLayer
100
AcDbPolyline
 90
1
 70
 0
 43
0.25400050800101603 
 10
45.88839217678424
 20
129.23385826771664
 10
46.54599949199883
 20
129.23385826771664
  0
LWPOLYLINE
  5
4b2
330
1F
100
AcDbEntity
  8
TopLayer
100
AcDbPolyline
 90
2
 70
 0
 43
0.25400050800101603 
 10
69.97221234442463
 20
122.01465582931166
 10
69.90566421132849
 20
122.01465582931166
 10
69.88788417576848
 20
121.99687579375154
  0
LWPOLYLINE
  5
4b3
330
1F
100
AcDbEntity
  8
TopLayer
100
AcDbPolyline
 90
2
 70
 0
 43
0.25400050800101603 
 10
69.88788417576848
 20
121.99687579375154
 10
69.51043942087881
 20
121.99687579375154
 10
69.10099060198104
 20
122.4063246126492
  0
LWPOLYLINE
  5
4b4
330
1F
100
AcDbEntity
  8
TopLayer
100
AcDbPolyline
 90
1
 70
 0
 43
0.25400050800101603 
 10
69.97221234442463
 20
122.66921513843022
 10
69.97221234442463
 20
122.01465582931166
  0
LWPOLYLINE
  5
4b5
330
1F
100
AcDbEntity
  8
TopLayer
100
AcDbPolyline
 90
4
 70
 0
 43
0.25400050800101603 
 10
36.95824231648476
 20
133.8749555499112
 10
37.61610363220734
 20
133.2170942341885
 10
41.57622555245098
 20
133.2170942341885
 10
45.23053086106188
 20
129.56278892557782
 10
45.23053086106188
 20
129.23385826771664
  0
LWPOLYLINE
  5
4b6
330
1F
100
AcDbEntity
  8
TopLayer
100
AcDbPolyline
 90
1
 70
 0
 43
0.25400050800101603 
 10
36.300381000761945
 20
133.8749555499112
 10
36.95824231648476
 20
133.8749555499112
  0
LWPOLYLINE
  5
4b7
330
1F
100
AcDbEntity
  8
TopLayer
100
AcDbPolyline
 90
1
 70
 0
 43
0.25400050800101603 
 10
45.88839217678424
 20
129.23385826771664
 10
45.23053086106188
 20
129.23385826771664
  0
LWPOLYLINE
  5
4b8
330
1F
100
AcDbEntity
  8
TopLayer
100
AcDbPolyline
 90
1
 70
 0
 43
0.25400050800101603 
 10
69.88788417576848
 20
121.99687579375154
 10
69.88788417576848
 20
120.12311404622812
  0
LWPOLYLINE
  5
4b9
330
1F
100
AcDbEntity
  8
TopLayer
100
AcDbPolyline
 90
5
 70
 0
 43
0.25400050800101603 
 10
67.44693929387859
 20
21.485572771145485
 10
67.53990347980698
 20
21.57853695707388
 10
67.53990347980698
 20
104.97325374650757
 10
69.252882905766
 20
106.68623317246636
 10
69.252882905766
 20
119.48811277622553
 10
69.88788417576848
 20
120.12311404622812
  0
LWPOLYLINE
  5
4ba
330
1F
100
AcDbEntity
  8
TopLayer
100
AcDbPolyline
 90
1
 70
 0
 43
0.25400050800101603 
 10
67.44693929387859
 20
20.96106172212353
 10
67.44693929387859
 20
21.485572771145485
  0
LWPOLYLINE
  5
4bb
330
1F
100
AcDbEntity
  8
TopLayer
100
AcDbPolyline
 90
2
 70
 0
 43
0.25400050800101603 
 10
38.22316484632961
 20
123.96715773431549
 10
38.22316484632961
 20
124.8096774193549
 10
38.3910591821184
 20
124.97757175514357
  0
LWPOLYLINE
  5
4bc
330
1F
100
AcDbEntity
  8
TopLayer
100
AcDbPolyline
 90
1
 70
 0
 43
0.25400050800101603 
 10
36.261010922022024
 20
123.96715773431549
 10
38.22316484632961
 20
123.96715773431549
  0
LWPOLYLINE
  5
4bd
330
1F
100
AcDbEntity
  8
TopLayer
100
AcDbPolyline
 90
1
 70
 0
 43
0.25400050800101603 
 10
38.22316484632961
 20
123.96715773431549
 10
38.26710693421387
 20
123.92321564643123
  0
LWPOLYLINE
  5
4be
330
1F
100
AcDbEntity
  8
TopLayer
100
AcDbPolyline
 90
1
 70
 0
 43
0.25400050800101603 
 10
38.3910591821184
 20
125.32098044196084
 10
38.3910591821184
 20
124.97757175514357
  0
LWPOLYLINE
  5
4bf
330
1F
100
AcDbEntity
  8
TopLayer
100
AcDbPolyline
 90
1
 70
 0
 43
0.25400050800101603 
 10
38.3910591821184
 20
125.32098044196084
 10
38.3910591821184
 20
125.49268478536953
  0
LWPOLYLINE
  5
4c0
330
1F
100
AcDbEntity
  8
TopLayer
100
AcDbPolyline
 90
1
 70
 0
 43
0.25400050800101603 
 10
38.3910591821184
 20
125.49268478536953
 10
38.3910591821184
 20
125.66413512827035
  0
LWPOLYLINE
  5
4c1
330
1F
100
AcDbEntity
  8
TopLayer
100
AcDbPolyline
 90
2
 70
 0
 43
0.25400050800101603 
 10
43.13502667005355
 20
125.82720345440691
 10
43.389535179070435
 20
125.82720345440691
 10
43.5018034036068
 20
125.71493522987043
  0
LWPOLYLINE
  5
4c2
330
1F
100
AcDbEntity
  8
TopLayer
100
AcDbPolyline
 90
1
 70
 0
 43
0.25400050800101603 
 10
44.039268478537
 20
125.71493522987043
 10
43.5018034036068
 20
125.71493522987043
  0
LWPOLYLINE
  5
4c3
330
1F
100
AcDbEntity
  8
TopLayer
100
AcDbPolyline
 90
1
 70
 0
 43
0.25400050800101603 
 10
38.3910591821184
 20
125.49268478536953
 10
39.25313690627377
 20
125.49268478536953
  0
LWPOLYLINE
  5
4c4
330
1F
100
AcDbEntity
  8
TopLayer
100
AcDbPolyline
 90
2
 70
 0
 43
0.5 
 10
29.47818135636271
 20
26.108128016256046
 10
29.273202946405945
 20
25.90314960629928
 10
28.53990347980698
 20
25.90314960629928
  0
LWPOLYLINE
  5
4c5
330
1F
100
AcDbEntity
  8
TopLayer
100
AcDbPolyline
 90
1
 70
 0
 43
0.5 
 10
28.53990347980698
 20
24.83710947421889
 10
28.53990347980698
 20
25.90314960629928
  0
LWPOLYLINE
  5
4c6
330
1F
100
AcDbEntity
  8
TopLayer
100
AcDbPolyline
 90
1
 70
 0
 43
0.5 
 10
29.47818135636271
 20
27.22801625603256
 10
29.47818135636271
 20
26.108128016256046
  0
LWPOLYLINE
  5
4c7
330
1F
100
AcDbEntity
  8
TopLayer
100
AcDbPolyline
 90
1
 70
 0
 43
0.5 
 10
29.47818135636271
 20
27.22801625603256
 10
29.47818135636271
 20
27.335966471933034
  0
LWPOLYLINE
  5
4c8
330
1F
100
AcDbEntity
  8
TopLayer
100
AcDbPolyline
 90
2
 70
 0
 43
0.5 
 10
31.642011684023373
 20
119.02075184150362
 10
29.47818135636271
 20
116.85692151384308
 10
29.47818135636271
 20
27.335966471933034
  0
LWPOLYLINE
  5
4c9
330
1F
100
AcDbEntity
  8
TopLayer
100
AcDbPolyline
 90
4
 70
 0
 43
0.25400050800101603 
 10
29.09260858521702
 20
14.771577343154604
 10
29.09260858521702
 20
14.435280670561383
 10
30.047650495301014
 20
13.480238760477505
 10
31.427381254762395
 20
13.480238760477505
 10
40.38699517399027
 20
22.439852679705268
  0
LWPOLYLINE
  5
4ca
330
1F
100
AcDbEntity
  8
TopLayer
100
AcDbPolyline
 90
3
 70
 0
 43
0.25400050800101603 
 10
68.6178816357633
 20
114.57879095758199
 10
68.6178816357633
 20
107.95547371094744
 10
67.00599441198892
 20
106.34358648717296
 10
67.00599441198892
 20
38.442646685293425
  0
LWPOLYLINE
  5
4cb
330
1F
100
AcDbEntity
  8
TopLayer
100
AcDbPolyline
 90
2
 70
 0
 43
0.25400050800101603 
 10
39.89245618491236
 20
121.79824739649473
 10
40.3920751841506
 20
122.29786639573274
 10
40.3920751841506
 20
122.29812039624085
  0
LWPOLYLINE
  5
4cc
330
1F
100
AcDbEntity
  8
TopLayer
100
AcDbPolyline
 90
2
 70
 0
 43
0.25400050800101603 
 10
42.39893319786643
 20
116.53484886969773
 10
41.67274574549151
 20
117.26103632207264
 10
41.67274574549151
 20
118.88105156210315
  0
LWPOLYLINE
  5
4cd
330
1F
100
AcDbEntity
  8
TopLayer
100
AcDbPolyline
 90
1
 70
 0
 43
0.25400050800101603 
 10
43.5533655067311
 20
116.53484886969773
 10
42.39893319786643
 20
116.53484886969773
  0
LWPOLYLINE
  5
4ce
330
1F
100
AcDbEntity
  8
TopLayer
100
AcDbPolyline
 90
1
 70
 0
 43
0.25400050800101603 
 10
67.34787909575834
 20
114.57879095758199
 10
66.07787655575316
 20
114.57879095758199
  0
LWPOLYLINE
  5
4cf
330
1F
100
AcDbEntity
  8
TopLayer
100
AcDbPolyline
 90
3
 70
 0
 43
0.25400050800101603 
 10
67.34787909575834
 20
114.57879095758199
 10
67.34787909575834
 20
115.21353822707647
 10
68.6178816357633
 20
116.48354076708154
 10
68.6178816357633
 20
120.12311404622812
  0
LWPOLYLINE
  5
4d0
330
1F
100
AcDbEntity
  8
TopLayer
100
AcDbPolyline
 90
2
 70
 0
 43
0.25400050800101603 
 10
46.56301752603508
 20
123.50487680975357
 10
45.196494792989824
 20
123.50487680975357
 10
45.08397256794524
 20
123.61739903479815
  0
LWPOLYLINE
  5
4d1
330
1F
100
AcDbEntity
  8
TopLayer
100
AcDbPolyline
 90
1
 70
 0
 43
0.25400050800101603 
 10
46.56301752603508
 20
122.84726949453898
 10
46.56301752603508
 20
123.50487680975357
  0
LWPOLYLINE
  5
4d2
330
1F
100
AcDbEntity
  8
TopLayer
100
AcDbPolyline
 90
4
 70
 0
 43
0.25400050800101603 
 10
69.97221234442463
 20
123.41470662941322
 10
69.35041910083805
 20
123.41470662941322
 10
68.47056134112268
 20
122.53484886969773
 10
68.47056134112268
 20
120.27043434086863
 10
68.6178816357633
 20
120.12311404622812
  0
LWPOLYLINE
  5
4d3
330
1F
100
AcDbEntity
  8
TopLayer
100
AcDbPolyline
 90
1
 70
 0
 43
0.25400050800101603 
 10
69.97221234442463
 20
124.06901193802389
 10
69.97221234442463
 20
123.74185928371855
  0
LWPOLYLINE
  5
4d4
330
1F
100
AcDbEntity
  8
TopLayer
100
AcDbPolyline
 90
1
 70
 0
 43
0.25400050800101603 
 10
69.97221234442463
 20
123.74185928371855
 10
69.97221234442463
 20
123.41470662941322
  0
LWPOLYLINE
  5
4d5
330
1F
100
AcDbEntity
  8
TopLayer
100
AcDbPolyline
 90
6
 70
 0
 43
0.25400050800101603 
 10
26.55260350520689
 20
14.771577343154604
 10
26.55260350520689
 20
14.469570739141432
 10
27.672237744475524
 20
13.349936499873024
 10
28.046888493777033
 20
13.349936499873024
 10
28.492151384302815
 20
13.795199390398807
 10
28.492151384302815
 20
16.00170180340365
 10
31.57851155702315
 20
19.08806197612398
  0
LWPOLYLINE
  5
4d6
330
1F
100
AcDbEntity
  8
TopLayer
100
AcDbPolyline
 90
1
 70
 0
 43
0.25400050800101603 
 10
32.283108966217924
 20
19.08806197612398
 10
31.57851155702315
 20
19.08806197612398
  0
LWPOLYLINE
  5
4d7
330
1F
100
AcDbEntity
  8
TopLayer
100
AcDbPolyline
 90
1
 70
 0
 43
0.25400050800101603 
 10
45.08397256794524
 20
124.27526035052063
 10
45.08397256794524
 20
123.94632969265945
  0
LWPOLYLINE
  5
4d8
330
1F
100
AcDbEntity
  8
TopLayer
100
AcDbPolyline
 90
1
 70
 0
 43
0.25400050800101603 
 10
45.08397256794524
 20
123.94632969265945
 10
45.08397256794524
 20
123.61739903479815
  0
LWPOLYLINE
  5
4d9
330
1F
100
AcDbEntity
  8
TopLayer
100
AcDbPolyline
 90
7
 70
 0
 43
0.25400050800101603 
 10
22.921920243840532
 20
121.03345186690376
 10
23.24907289814587
 20
121.03345186690376
 10
23.777393954788067
 20
121.56177292354585
 10
23.777393954788067
 20
124.43604267208536
 10
22.507137414274894
 20
125.70629921259842
 10
22.507137414274894
 20
127.63492506985017
 10
26.740563881127855
 20
131.86835153670313
 10
32.28285496570993
 20
131.86835153670313
  0
LWPOLYLINE
  5
4da
330
1F
100
AcDbEntity
  8
TopLayer
100
AcDbPolyline
 90
1
 70
 0
 43
0.25400050800101603 
 10
32.28285496570993
 20
129.864033528067
 10
32.28285496570993
 20
131.86835153670313
  0
LWPOLYLINE
  5
4db
330
1F
100
AcDbEntity
  8
TopLayer
100
AcDbPolyline
 90
2
 70
 0
 43
0.25400050800101603 
 10
48.12994665989345
 20
18.5036068072136
 10
48.38267716535438
 20
18.756337312674646
 10
48.73599187198374
 20
18.756337312674646
  0
LWPOLYLINE
  5
4dc
330
1F
100
AcDbEntity
  8
TopLayer
100
AcDbPolyline
 90
1
 70
 0
 43
0.25400050800101603 
 10
48.12994665989345
 20
17.799009398018825
 10
48.12994665989345
 20
18.5036068072136
  0
LWPOLYLINE
  5
4dd
330
1F
100
AcDbEntity
  8
TopLayer
100
AcDbPolyline
 90
1
 70
 0
 43
0.25400050800101603 
 10
59.85994411988827
 20
22.439852679705268
 10
60.514503429006936
 20
22.439852679705268
  0
LWPOLYLINE
  5
4de
330
1F
100
AcDbEntity
  8
TopLayer
100
AcDbPolyline
 90
1
 70
 0
 43
0.25400050800101603 
 10
48.73599187198374
 20
23.76598933197863
 10
48.73599187198374
 20
21.7258572517145
  0
LWPOLYLINE
  5
4df
330
1F
100
AcDbEntity
  8
TopLayer
100
AcDbPolyline
 90
1
 70
 0
 43
0.25400050800101603 
 10
58.35930911861806
 20
24.868097536195023
 10
58.35930911861806
 20
26.66972313944632
  0
LWPOLYLINE
  5
4e0
330
1F
100
AcDbEntity
  8
TopLayer
100
AcDbPolyline
 90
1
 70
 0
 43
0.25400050800101603 
 10
62.423825247650484
 20
26.66972313944632
 10
60.47818135636271
 20
26.66972313944632
  0
LWPOLYLINE
  5
4e1
330
1F
100
AcDbEntity
  8
TopLayer
100
AcDbPolyline
 90
1
 70
 0
 43
0.25400050800101603 
 10
60.47818135636271
 20
26.66972313944632
 10
58.35930911861806
 20
26.66972313944632
  0
LWPOLYLINE
  5
4e2
330
1F
100
AcDbEntity
  8
TopLayer
100
AcDbPolyline
 90
2
 70
 0
 43
0.25400050800101603 
 10
50.08194056388106
 20
113.98265176530356
 10
45.001168402336816
 20
113.98265176530356
 10
43.5533655067311
 20
115.43045466090939
  0
LWPOLYLINE
  5
4e3
330
1F
100
AcDbEntity
  8
TopLayer
100
AcDbPolyline
 90
1
 70
 0
 43
0.25400050800101603 
 10
50.08194056388106
 20
111.97807975615956
 10
50.08194056388106
 20
113.98265176530356
  0
LWPOLYLINE
  5
4e4
330
1F
100
AcDbEntity
  8
TopLayer
100
AcDbPolyline
 90
1
 70
 0
 43
0.25400050800101603 
 10
43.5533655067311
 20
116.53484886969773
 10
43.5533655067311
 20
115.43045466090939
  0
LWPOLYLINE
  5
4e5
330
1F
100
AcDbEntity
  8
TopLayer
100
AcDbPolyline
 90
1
 70
 0
 43
0.25400050800101603 
 10
41.018186436372844
 20
118.88105156210315
 10
41.32019304038613
 20
118.88105156210315
  0
LWPOLYLINE
  5
4e6
330
1F
100
AcDbEntity
  8
TopLayer
100
AcDbPolyline
 90
1
 70
 0
 43
0.25400050800101603 
 10
41.32019304038613
 20
118.88105156210315
 10
41.67274574549151
 20
118.88105156210315
  0
LWPOLYLINE
  5
4e7
330
1F
100
AcDbEntity
  8
TopLayer
100
AcDbPolyline
 90
2
 70
 0
 43
0.25400050800101603 
 10
41.32019304038613
 20
118.88105156210315
 10
40.89245618491236
 20
119.3087884175768
 10
40.89245618491236
 20
121.79824739649473
  0
LWPOLYLINE
  5
4e8
330
1F
100
AcDbEntity
  8
TopLayer
100
AcDbPolyline
 90
1
 70
 0
 43
0.25400050800101603 
 10
48.73599187198374
 20
21.7258572517145
 10
48.73599187198374
 20
19.685979171958365
  0
LWPOLYLINE
  5
4e9
330
1F
100
AcDbEntity
  8
TopLayer
100
AcDbPolyline
 90
4
 70
 0
 43
0.25400050800101603 
 10
44.04942849885697
 20
134.28516637033272
 10
43.779171958343795
 20
134.5554229108459
 10
42.55031750063495
 20
134.5554229108459
 10
42.235864871729746
 20
134.24097028194058
 10
42.235864871729746
 20
133.9260096520194
  0
LWPOLYLINE
  5
4ea
330
1F
100
AcDbEntity
  8
TopLayer
100
AcDbPolyline
 90
1
 70
 0
 43
0.25400050800101603 
 10
44.57393954787926
 20
134.28516637033272
 10
44.04942849885697
 20
134.28516637033272
  0
LWPOLYLINE
  5
4eb
330
1F
100
AcDbEntity
  8
TopLayer
100
AcDbPolyline
 90
2
 70
 0
 43
0.25400050800101603 
 10
45.08397256794524
 20
123.94632969265945
 10
44.904902209804504
 20
124.12540005080018
 10
44.904902209804504
 20
125.71493522987043
  0
LWPOLYLINE
  5
4ec
330
1F
100
AcDbEntity
  8
TopLayer
100
AcDbPolyline
 90
7
 70
 0
 43
0.25400050800101603 
 10
60.514503429006936
 20
22.439852679705268
 10
60.514503429006936
 20
23.083743967487976
 10
60.1771907543814
 20
23.421056642113285
 10
59.41442722885449
 20
23.421056642113285
 10
58.58460756921522
 20
24.250876301752555
 10
58.433223266446475
 20
24.250876301752555
 10
58.35930911861806
 20
24.324790449580973
 10
58.35930911861806
 20
24.868097536195023
  0
LWPOLYLINE
  5
4ed
330
1F
100
AcDbEntity
  8
TopLayer
100
AcDbPolyline
 90
2
 70
 0
 43
0.25400050800101603 
 10
50.08092456184909
 20
133.8749555499112
 10
49.67071374142756
 20
134.28516637033272
 10
44.57393954787926
 20
134.28516637033272
  0
LWPOLYLINE
  5
4ee
330
1F
100
AcDbEntity
  8
TopLayer
100
AcDbPolyline
 90
2
 70
 0
 43
0.25400050800101603 
 10
29.09260858521702
 20
20.316408432816957
 10
29.09260858521702
 20
20.105334010668003
 10
27.74030988061986
 20
18.753035306070615
  0
LWPOLYLINE
  5
4ef
330
1F
100
AcDbEntity
  8
TopLayer
100
AcDbPolyline
 90
2
 70
 0
 43
0.25400050800101603 
 10
27.74030988061986
 20
18.753035306070615
 10
26.55260350520689
 20
17.56532893065787
 10
26.55260350520689
 20
14.771577343154604
  0
LWPOLYLINE
  5
4f0
330
1F
100
AcDbEntity
  8
TopLayer
100
AcDbPolyline
 90
2
 70
 0
 43
0.25400050800101603 
 10
27.74030988061986
 20
18.753035306070615
 10
27.250850901701824
 20
19.242494284988652
 10
27.250850901701824
 20
21.86149352298696
  0
LWPOLYLINE
  5
4f1
330
1F
100
AcDbEntity
  8
TopLayer
100
AcDbPolyline
 90
2
 70
 0
 43
0.25400050800101603 
 10
2.9069342138683396
 20
130.5089408178817
 10
2.9069342138683396
 20
115.31082042164087
 10
2.754025908051858
 20
115.15791211582416
  0
LWPOLYLINE
  5
4f2
330
1F
100
AcDbEntity
  8
TopLayer
100
AcDbPolyline
 90
1
 70
 0
 43
0.25400050800101603 
 10
75.98999237998464
 20
130.18534417068827
 10
75.98999237998464
 20
115.20896621793236
  0
LWPOLYLINE
  5
4f3
330
1F
100
AcDbEntity
  8
TopLayer
100
AcDbPolyline
 90
2
 70
 0
 43
0.25400050800101603 
 10
69.97221234442463
 20
123.74185928371855
 10
75.98999237998464
 20
129.75963931927868
 10
75.98999237998464
 20
130.18534417068827
  0
LWPOLYLINE
  5
4f4
330
1F
100
AcDbEntity
  8
TopLayer
100
AcDbPolyline
 90
1
 70
 0
 43
0.25400050800101603 
 10
75.98999237998464
 20
130.18534417068827
 10
75.98999237998464
 20
130.6107950215901
  0
LWPOLYLINE
  5
4f5
330
1F
100
AcDbEntity
  8
TopLayer
100
AcDbPolyline
 90
1
 70
 0
 43
0.25400050800101603 
 10
75.98999237998464
 20
104.65194310388631
 10
75.98999237998464
 20
115.20896621793236
  0
LWPOLYLINE
  5
4f6
330
1F
100
AcDbEntity
  8
TopLayer
100
AcDbPolyline
 90
2
 70
 0
 43
0.25400050800101603 
 10
76.04079248158496
 20
88.3829565659131
 10
75.98999237998464
 20
88.43375666751331
 10
75.98999237998464
 20
104.65194310388631
  0
LWPOLYLINE
  5
4f7
330
1F
100
AcDbEntity
  8
TopLayer
100
AcDbPolyline
 90
2
 70
 0
 43
0.25400050800101603 
 10
75.58181356362707
 20
63.392862585725084
 10
75.58181356362707
 20
87.92397764795533
 10
76.04079248158496
 20
88.3829565659131
  0
LWPOLYLINE
  5
4f8
330
1F
100
AcDbEntity
  8
TopLayer
100
AcDbPolyline
 90
2
 70
 0
 43
0.25400050800101603 
 10
2.957988315976536
 20
104.600889001778
 10
2.957988315976536
 20
102.41699263398527
 10
2.8558801117601433
 20
102.31488442976888
  0
LWPOLYLINE
  5
4f9
330
1F
100
AcDbEntity
  8
TopLayer
100
AcDbPolyline
 90
3
 70
 0
 43
0.25400050800101603 
 10
2.8558801117601433
 20
102.31488442976888
 10
2.8279400558801626
 20
102.31488442976888
 10
2.754025908051858
 20
102.38879857759719
 10
2.754025908051858
 20
115.15791211582416
  0
LWPOLYLINE
  5
4fa
330
1F
100
AcDbEntity
  8
TopLayer
100
AcDbPolyline
 90
1
 70
 0
 43
0.25400050800101603 
 10
22.921920243840532
 20
120.3788925577852
 10
22.921920243840532
 20
121.02913385826776
  0
LWPOLYLINE
  5
4fb
330
1F
100
AcDbEntity
  8
TopLayer
100
AcDbPolyline
 90
1
 70
 0
 43
0.25400050800101603 
 10
22.921920243840532
 20
121.02913385826776
 10
22.921920243840532
 20
121.03345186690376
  0
LWPOLYLINE
  5
4fc
330
1F
100
AcDbEntity
  8
TopLayer
100
AcDbPolyline
 90
2
 70
 0
 43
0.25400050800101603 
 10
22.921920243840532
 20
121.02913385826776
 10
22.749961899923846
 20
121.20109220218444
 10
22.749961899923846
 20
121.41673863347728
  0
LWPOLYLINE
  5
4fd
330
1F
100
AcDbEntity
  8
TopLayer
100
AcDbPolyline
 90
1
 70
 0
 43
0.25400050800101603 
 10
41.5815595631193
 20
133.9260096520194
 10
41.90871221742441
 20
133.9260096520194
  0
LWPOLYLINE
  5
4fe
330
1F
100
AcDbEntity
  8
TopLayer
100
AcDbPolyline
 90
1
 70
 0
 43
0.25400050800101603 
 10
41.90871221742441
 20
133.9260096520194
 10
42.235864871729746
 20
133.9260096520194
  0
LWPOLYLINE
  5
4ff
330
1F
100
AcDbEntity
  8
TopLayer
100
AcDbPolyline
 90
6
 70
 0
 43
0.25400050800101603 
 10
41.90871221742441
 20
133.9260096520194
 10
45.36235712471421
 20
130.47236474472948
 10
45.85816611633231
 20
130.47236474472948
 10
47.34483108966219
 20
128.98569977139948
 10
47.34483108966219
 20
123.98569977139948
 10
46.86400812801617
 20
123.50487680975357
 10
46.56301752603508
 20
123.50487680975357
  0
LWPOLYLINE
  5
500
330
1F
100
AcDbEntity
  8
TopLayer
100
AcDbPolyline
 90
4
 70
 0
 43
0.25400050800101603 
 10
35.30698501397001
 20
22.439852679705268
 10
35.30698501397001
 20
22.648641097282166
 10
37.37708915417829
 20
24.718745237490452
 10
48.71262382524765
 20
24.718745237490452
 10
48.73599187198374
 20
24.695377190754357
  0
LWPOLYLINE
  5
501
330
1F
100
AcDbEntity
  8
TopLayer
100
AcDbPolyline
 90
1
 70
 0
 43
0.25400050800101603 
 10
48.73599187198374
 20
23.76598933197863
 10
48.73599187198374
 20
24.695377190754357
  0
LWPOLYLINE
  5
502
330
1F
100
AcDbEntity
  8
TopLayer
100
AcDbPolyline
 90
1
 70
 0
 43
0.25400050800101603 
 10
48.73599187198374
 20
19.685979171958365
 10
48.73599187198374
 20
19.080949961899933
  0
LWPOLYLINE
  5
503
330
1F
100
AcDbEntity
  8
TopLayer
100
AcDbPolyline
 90
1
 70
 0
 43
0.25400050800101603 
 10
48.73599187198374
 20
19.080949961899933
 10
48.73599187198374
 20
18.756337312674646
  0
LWPOLYLINE
  5
504
330
1F
100
AcDbEntity
  8
TopLayer
100
AcDbPolyline
 90
1
 70
 0
 43
0.25400050800101603 
 10
53.703225806451655
 20
24.868097536195023
 10
54.63261366522738
 20
24.868097536195023
  0
LWPOLYLINE
  5
505
330
1F
100
AcDbEntity
  8
TopLayer
100
AcDbPolyline
 90
1
 70
 0
 43
0.25400050800101603 
 10
54.63261366522738
 20
24.868097536195023
 10
58.35930911861806
 20
24.868097536195023
  0
LWPOLYLINE
  5
506
330
1F
100
AcDbEntity
  8
TopLayer
100
AcDbPolyline
 90
1
 70
 0
 43
0.25400050800101603 
 10
42.5170434340871
 20
124.55770891541783
 10
42.5170434340871
 20
123.92321564643123
  0
LWPOLYLINE
  5
507
330
1F
100
AcDbEntity
  8
TopLayer
100
AcDbPolyline
 90
1
 70
 0
 43
0.25400050800101603 
 10
50.3496570993143
 20
133.8749555499112
 10
50.08092456184909
 20
133.8749555499112
  0
LWPOLYLINE
  5
508
330
1F
100
AcDbEntity
  8
TopLayer
100
AcDbPolyline
 90
1
 70
 0
 43
0.25400050800101603 
 10
50.3496570993143
 20
133.8749555499112
 10
50.61813563627129
 20
133.8749555499112
  0
LWPOLYLINE
  5
509
330
1F
100
AcDbEntity
  8
TopLayer
100
AcDbPolyline
 90
4
 70
 0
 43
0.25400050800101603 
 10
50.61813563627129
 20
134.39946659893326
 10
50.79745999492002
 20
134.57879095758187
 10
55.252374904749786
 20
134.57879095758187
 10
59.675031750063454
 20
130.1561341122682
 10
59.675031750063454
 20
127.49979679959358
  0
LWPOLYLINE
  5
50a
330
1F
100
AcDbEntity
  8
TopLayer
100
AcDbPolyline
 90
1
 70
 0
 43
0.25400050800101603 
 10
50.61813563627129
 20
133.8749555499112
 10
50.61813563627129
 20
134.39946659893326
  0
LWPOLYLINE
  5
50b
330
1F
100
AcDbEntity
  8
TopLayer
100
AcDbPolyline
 90
1
 70
 0
 43
0.25400050800101603 
 10
64.82082804165611
 20
17.810693421386873
 10
64.82082804165611
 20
18.468554737109457
  0
LWPOLYLINE
  5
50c
330
1F
100
AcDbEntity
  8
TopLayer
100
AcDbPolyline
 90
2
 70
 0
 43
0.25400050800101603 
 10
60.47818135636271
 20
26.66972313944632
 10
62.9221742443483
 20
24.225730251460504
 10
62.9221742443483
 20
20.80789941579883
  0
LWPOLYLINE
  5
50d
330
1F
100
AcDbEntity
  8
TopLayer
100
AcDbPolyline
 90
5
 70
 0
 43
0.25400050800101603 
 10
62.9221742443483
 20
20.80789941579883
 10
64.63108966217919
 20
20.80789941579883
 10
65.48199136398284
 20
19.95699771399552
 10
65.48199136398284
 20
18.80078740157478
 10
65.1497586995174
 20
18.468554737109457
 10
64.82082804165611
 20
18.468554737109457
  0
LWPOLYLINE
  5
50e
330
1F
100
AcDbEntity
  8
TopLayer
100
AcDbPolyline
 90
1
 70
 0
 43
0.25400050800101603 
 10
58.57089154178311
 20
18.523164846329678
 10
57.97627635255276
 20
18.523164846329678
  0
LWPOLYLINE
  5
50f
330
1F
100
AcDbEntity
  8
TopLayer
100
AcDbPolyline
 90
2
 70
 0
 43
0.25400050800101603 
 10
57.97627635255276
 20
18.523164846329678
 10
57.840132080264084
 20
18.38702057404123
 10
52.01285242570475
 20
18.38702057404123
  0
LWPOLYLINE
  5
510
330
1F
100
AcDbEntity
  8
TopLayer
100
AcDbPolyline
 90
6
 70
 0
 43
0.25400050800101603 
 10
48.73599187198374
 20
18.756337312674646
 10
49.24653289306593
 20
18.24579629159257
 10
49.24653289306593
 20
17.08399796799597
 10
49.799237998475974
 20
16.531292862585815
 10
50.61508763017537
 20
16.531292862585815
 10
52.01285242570475
 20
17.929057658115312
 10
52.01285242570475
 20
18.38702057404123
  0
LWPOLYLINE
  5
511
330
1F
100
AcDbEntity
  8
TopLayer
100
AcDbPolyline
 90
5
 70
 0
 43
0.25400050800101603 
 10
52.01285242570475
 20
18.38702057404123
 10
52.01285242570475
 20
20.77106934213873
 10
52.20182880365769
 20
20.960045720091443
 10
53.52923545847102
 20
20.960045720091443
 10
54.63261366522738
 20
22.063423926847804
 10
54.63261366522738
 20
24.868097536195023
  0
LWPOLYLINE
  5
512
330
1F
100
AcDbEntity
  8
TopLayer
100
AcDbPolyline
 90
2
 70
 0
 43
0.25400050800101603 
 10
75.78602997206008
 20
23.255956311912655
 10
75.58181356362707
 20
23.46017272034544
 10
75.58181356362707
 20
63.392862585725084
  0
LWPOLYLINE
  5
513
330
1F
100
AcDbEntity
  8
TopLayer
100
AcDbPolyline
 90
2
 70
 0
 43
0.25400050800101603 
 10
32.299110998222204
 20
120.9803657607315
 10
32.299110998222204
 20
121.03421386842774
 10
32.39918719837442
 20
121.13429006858007
  0
LWPOLYLINE
  5
514
330
1F
100
AcDbEntity
  8
TopLayer
100
AcDbPolyline
 90
1
 70
 0
 43
0.25400050800101603 
 10
32.39918719837442
 20
121.83888747777496
 10
32.39918719837442
 20
121.13429006858007
  0
LWPOLYLINE
  5
515
330
1F
100
AcDbEntity
  8
TopLayer
100
AcDbPolyline
 90
1
 70
 0
 43
0.25400050800101603 
 10
2.8558801117601433
 20
102.31488442976888
 10
2.8558801117601433
 20
88.48481076962162
  0
LWPOLYLINE
  5
516
330
1F
100
AcDbEntity
  8
TopLayer
100
AcDbPolyline
 90
1
 70
 0
 43
0.25400050800101603 
 10
2.8558801117601433
 20
88.48481076962162
 10
2.8558801117601433
 20
63.392862585725084
  0
LWPOLYLINE
  5
517
330
1F
100
AcDbEntity
  8
TopLayer
100
AcDbPolyline
 90
1
 70
 0
 43
0.5 
 10
58.497002794005766
 20
19.583997967995856
 10
58.497002794005766
 20
19.573837947675884
0
HATCH
5
519
100
AcDbEntity
8
BottomSolderMaskLayer
100
AcDbHatch
10
0
20
0
30
0
210
0
220
0
230
1
2
SOLID
70
1
71
0
91
1
92
7
72
0
73
1
93
5
10
39.32105664211326
20
124.4399288798578
10
41.4627889255778
20
124.4399288798578
10
41.4627889255778
20
120.15621031242074
10
39.32105664211326
20
120.15621031242074
10
39.32105664211326
20
124.4399288798578
97
1
330

75
0
76
1
47
0.4128176842155181
98
1
10
34.90568961886538
20
22.81183545379326
450
0
451
0
460
0
461
0
452
1
462
1
453
2
463
0
63
5
421
255
463
1
63
7
421
16777215
470
LINEAR
1001
ACAD
1010
0
1020
0
1030
0
0
HATCH
5
51b
100
AcDbEntity
8
BottomLayer
100
AcDbHatch
10
0
20
0
30
0
210
0
220
0
230
1
2
SOLID
70
1
71
0
91
1
92
7
72
0
73
1
93
5
10
37.22987045974082
20
124.18491236982481
10
39.27000254000495
20
124.18491236982481
10
39.27000254000495
20
124.13385826771662
10
37.22987045974082
20
124.13385826771662
10
37.22987045974082
20
124.18491236982481
97
1
330

75
0
76
1
47
0.4128176842155181
98
1
10
34.90568961886538
20
22.81183545379326
450
0
451
0
460
0
461
0
452
1
462
1
453
2
463
0
63
5
421
255
463
1
63
7
421
16777215
470
LINEAR
1001
ACAD
1010
0
1020
0
1030
0
0
HATCH
5
51d
100
AcDbEntity
8
BottomLayer
100
AcDbHatch
10
0
20
0
30
0
210
0
220
0
230
1
2
SOLID
70
1
71
0
91
1
92
7
72
0
73
1
93
5
10
39.42291084582166
20
124.1341122682245
10
41.3609347218694
20
124.1341122682245
10
41.3609347218694
20
120.46202692405382
10
39.42291084582166
20
120.46202692405382
10
39.42291084582166
20
124.1341122682245
97
1
330

75
0
76
1
47
0.4128176842155181
98
1
10
34.90568961886538
20
22.81183545379326
450
0
451
0
460
0
461
0
452
1
462
1
453
2
463
0
63
5
421
255
463
1
63
7
421
16777215
470
LINEAR
1001
ACAD
1010
0
1020
0
1030
0
  0
LWPOLYLINE
  5
51e
330
1F
100
AcDbEntity
  8
TopSilkLayer
100
AcDbPolyline
 90
3
 70
 0
 43
0.15240030480060962 
 10
66.78778257556519
 20
20.462407924815807
 10
66.06974853949714
 20
20.462407924815807
 10
66.06974853949714
 20
21.459613919227877
 10
66.78778257556519
 20
21.459613919227877
  0
LWPOLYLINE
  5
51f
330
1F
100
AcDbEntity
  8
TopSilkLayer
100
AcDbPolyline
 90
3
 70
 0
 43
0.15240030480060962 
 10
67.24020828041648
 20
20.462407924815807
 10
67.95824231648453
 20
20.462407924815807
 10
67.95824231648453
 20
21.459613919227877
 10
67.24020828041648
 20
21.459613919227877
  0
LWPOLYLINE
  5
520
330
1F
100
AcDbEntity
  8
TopSilkLayer
100
AcDbPolyline
 90
3
 70
 0
 43
0.15240030480060962 
 10
51.27721615443215
 20
134.37358394716796
 10
51.9952501905002
 20
134.37358394716796
 10
51.9952501905002
 20
133.376377952756
 10
51.27721615443215
 20
133.376377952756
  0
LWPOLYLINE
  5
521
330
1F
100
AcDbEntity
  8
TopSilkLayer
100
AcDbPolyline
 90
3
 70
 0
 43
0.15240030480060962 
 10
50.82479044958086
 20
134.37358394716796
 10
50.10675641351281
 20
134.37358394716796
 10
50.10675641351281
 20
133.376377952756
 10
50.82479044958086
 20
133.376377952756
  0
LWPOLYLINE
  5
522
330
1F
100
AcDbEntity
  8
TopSilkLayer
100
AcDbPolyline
 90
3
 70
 0
 43
0.15240030480060962 
 10
67.49019558039117
 20
123.5739141478283
 10
68.77513335026674
 20
123.5739141478283
 10
68.77513335026674
 20
125.40810261620516
 10
67.49019558039117
 20
125.40810261620516
  0
LWPOLYLINE
  5
523
330
1F
100
AcDbEntity
  8
TopSilkLayer
100
AcDbPolyline
 90
3
 70
 0
 43
0.15240030480060962 
 10
66.53779527559072
 20
123.5739141478283
 10
65.25285750571493
 20
123.5739141478283
 10
65.25285750571493
 20
125.40810261620516
 10
66.53779527559072
 20
125.40810261620516
  0
LWPOLYLINE
  5
524
330
1F
100
AcDbEntity
  8
TopSilkLayer
100
AcDbPolyline
 90
3
 70
 0
 43
0.15240030480060962 
 10
65.12608585217163
 20
119.45920751841504
 10
65.12608585217163
 20
120.74414528829061
 10
63.291897383794776
 20
120.74414528829061
 10
63.291897383794776
 20
119.45920751841504
  0
LWPOLYLINE
  5
525
330
1F
100
AcDbEntity
  8
TopSilkLayer
100
AcDbPolyline
 90
3
 70
 0
 43
0.15240030480060962 
 10
65.12608585217163
 20
118.50680721361437
 10
65.12608585217163
 20
117.22186944373891
 10
63.291897383794776
 20
117.22186944373891
 10
63.291897383794776
 20
118.50680721361437
  0
LWPOLYLINE
  5
526
330
1F
100
AcDbEntity
  8
TopSilkLayer
100
AcDbPolyline
 90
3
 70
 0
 43
0.15240030480060962 
 10
57.842087884175726
 20
122.33121666243335
 10
57.842087884175726
 20
123.69113538227089
 10
55.68389636779284
 20
123.69113538227089
 10
55.68389636779284
 20
122.33121666243335
  0
LWPOLYLINE
  5
527
330
1F
100
AcDbEntity
  8
TopSilkLayer
100
AcDbPolyline
 90
3
 70
 0
 43
0.15240030480060962 
 10
57.842087884175726
 20
120.42880365760732
 10
57.842087884175726
 20
119.0688849377699
 10
55.68389636779284
 20
119.0688849377699
 10
55.68389636779284
 20
120.42880365760732
  0
LWPOLYLINE
  5
528
330
1F
100
AcDbEntity
  8
TopSilkLayer
100
AcDbPolyline
 90
3
 70
 0
 43
0.15240030480060962 
 10
27.06380492760968
 20
25.75410210820428
 10
25.77886715773434
 20
25.75410210820428
 10
25.77886715773434
 20
23.919913639827314
 10
27.06380492760968
 20
23.919913639827314
  0
LWPOLYLINE
  5
529
330
1F
100
AcDbEntity
  8
TopSilkLayer
100
AcDbPolyline
 90
3
 70
 0
 43
0.15240030480060962 
 10
28.016205232410357
 20
25.75410210820428
 10
29.301143002285926
 20
25.75410210820428
 10
29.301143002285926
 20
23.919913639827314
 10
28.016205232410357
 20
23.919913639827314
  0
LWPOLYLINE
  5
52a
330
1F
100
AcDbEntity
  8
TopSilkLayer
100
AcDbPolyline
 90
3
 70
 0
 43
0.15240030480060962 
 10
31.90820421640842
 20
26.25689611379221
 10
33.268122936245845
 20
26.25689611379221
 10
33.268122936245845
 20
28.415087630175208
 10
31.90820421640842
 20
28.415087630175208
  0
LWPOLYLINE
  5
52b
330
1F
100
AcDbEntity
  8
TopSilkLayer
100
AcDbPolyline
 90
3
 70
 0
 43
0.15240030480060962 
 10
30.00579121158262
 20
26.25689611379221
 10
28.645872491744967
 20
26.25689611379221
 10
28.645872491744967
 20
28.415087630175208
 10
30.00579121158262
 20
28.415087630175208
  0
LWPOLYLINE
  5
52c
330
1F
100
AcDbEntity
  8
TopSilkLayer
100
AcDbPolyline
 90
3
 70
 0
 43
0.15240030480060962 
 10
30.32778765557532
 20
23.612090424180792
 10
29.042849885699752
 20
23.612090424180792
 10
29.042849885699752
 20
21.777901955803827
 10
30.32778765557532
 20
21.777901955803827
  0
LWPOLYLINE
  5
52d
330
1F
100
AcDbEntity
  8
TopSilkLayer
100
AcDbPolyline
 90
3
 70
 0
 43
0.15240030480060962 
 10
31.280187960375997
 20
23.612090424180792
 10
32.56512573025134
 20
23.612090424180792
 10
32.56512573025134
 20
21.777901955803827
 10
31.280187960375997
 20
21.777901955803827
  0
LWPOLYLINE
  5
52e
330
1F
100
AcDbEntity
  8
TopSilkLayer
100
AcDbPolyline
 90
3
 70
 0
 43
0.15240030480060962 
 10
38.06421132842274
 20
125.00340360680718
 10
39.02308864617726
 20
125.00340360680718
 10
39.02308864617726
 20
126.3246126492254
 10
38.06421132842274
 20
126.3246126492254
  0
LWPOLYLINE
  5
52f
330
1F
100
AcDbEntity
  8
TopSilkLayer
100
AcDbPolyline
 90
3
 70
 0
 43
0.15240030480060962 
 10
37.21178562357136
 20
125.00340360680718
 10
36.25290830581662
 20
125.00340360680718
 10
36.25290830581662
 20
126.3246126492254
 10
37.21178562357136
 20
126.3246126492254
  0
LWPOLYLINE
  5
530
330
1F
100
AcDbEntity
  8
TopSilkLayer
100
AcDbPolyline
 90
3
 70
 0
 43
0.15240030480060962 
 10
44.69822199644386
 20
126.21361442722878
 10
45.41625603251191
 20
126.21361442722878
 10
45.41625603251191
 20
125.21640843281682
 10
44.69822199644386
 20
125.21640843281682
  0
LWPOLYLINE
  5
531
330
1F
100
AcDbEntity
  8
TopSilkLayer
100
AcDbPolyline
 90
3
 70
 0
 43
0.15240030480060962 
 10
44.24579629159257
 20
126.21361442722878
 10
43.52776225552452
 20
126.21361442722878
 10
43.52776225552452
 20
125.21640843281682
 10
44.24579629159257
 20
125.21640843281682
  0
LWPOLYLINE
  5
532
330
1F
100
AcDbEntity
  8
TopSilkLayer
100
AcDbPolyline
 90
3
 70
 0
 43
0.15240030480060962 
 10
44.075412750825535
 20
134.07838455676904
 10
44.075412750825535
 20
134.7964185928372
 10
45.07261874523738
 20
134.7964185928372
 10
45.07261874523738
 20
134.07838455676904
  0
LWPOLYLINE
  5
533
330
1F
100
AcDbEntity
  8
TopSilkLayer
100
AcDbPolyline
 90
3
 70
 0
 43
0.15240030480060962 
 10
44.075412750825535
 20
133.62595885191774
 10
44.075412750825535
 20
132.90792481584958
 10
45.07261874523738
 20
132.90792481584958
 10
45.07261874523738
 20
133.62595885191774
  0
LWPOLYLINE
  5
534
330
1F
100
AcDbEntity
  8
TopSilkLayer
100
AcDbPolyline
 90
1
 70
 0
 43
0.15240030480060962 
 10
49.54719329438649
 20
20.589611379222674
 10
48.13718567437127
 20
20.589611379222674
  0
LWPOLYLINE
  5
535
330
1F
100
AcDbEntity
  8
TopSilkLayer
100
AcDbPolyline
 90
1
 70
 0
 43
0.15240030480060962 
 10
48.13718567437127
 20
18.78239776479552
 10
49.54719329438649
 20
18.78239776479552
  0
LWPOLYLINE
  5
536
330
1F
100
AcDbEntity
  8
TopSilkLayer
100
AcDbPolyline
 90
1
 70
 0
 43
0.15240030480060962 
 10
49.69959359918721
 20
18.934798069596127
 10
49.69959359918721
 20
20.43721107442218
  0
LWPOLYLINE
  5
537
330
1F
100
AcDbEntity
  8
TopSilkLayer
100
AcDbPolyline
 90
1
 70
 0
 43
0.15240030480060962 
 10
45.924790449580996
 20
20.589611379222674
 10
47.33479806959622
 20
20.589611379222674
  0
LWPOLYLINE
  5
538
330
1F
100
AcDbEntity
  8
TopSilkLayer
100
AcDbPolyline
 90
1
 70
 0
 43
0.15240030480060962 
 10
47.33479806959622
 20
18.78239776479552
 10
45.924790449580996
 20
18.78239776479552
  0
LWPOLYLINE
  5
539
330
1F
100
AcDbEntity
  8
TopSilkLayer
100
AcDbPolyline
 90
1
 70
 0
 43
0.15240030480060962 
 10
45.772390144780275
 20
18.934798069596127
 10
45.772390144780275
 20
20.43721107442218
  0
LWPOLYLINE
  5
53a
330
1F
100
AcDbEntity
  8
TopSilkLayer
100
AcDbPolyline
 90
4
 70
 1
 43
0.15240030480060962 
 10
41.46339852679694
 20
120.20228600457199
 10
39.32059944119874
 20
120.20228600457199
 10
39.32059944119874
 20
124.3937007874016
 10
41.46339852679694
 20
124.3937007874016
 10
41.46339852679694
 20
120.20228600457199
  0
LWPOLYLINE
  5
53b
330
1F
100
AcDbEntity
  8
TopSilkLayer
100
AcDbPolyline
 90
1
 70
 0
 43
0.25400050800101603 
 10
27.055803911607654
 20
21.985420370840757
 10
26.255829311658772
 20
21.985420370840757
  0
LWPOLYLINE
  5
53c
330
1F
100
AcDbEntity
  8
TopSilkLayer
100
AcDbPolyline
 90
1
 70
 0
 43
0.25400050800101603 
 10
27.616256032511956
 20
21.984963169926345
 10
28.416230632461293
 20
21.984963169926345
  0
LWPOLYLINE
  5
53d
330
1F
100
AcDbEntity
  8
TopSilkLayer
100
AcDbPolyline
 90
1
 70
 0
 43
0.25400050800101603 
 10
27.055803911607654
 20
23.40510541021081
 10
26.255829311658772
 20
23.40510541021081
  0
LWPOLYLINE
  5
53e
330
1F
100
AcDbEntity
  8
TopSilkLayer
100
AcDbPolyline
 90
1
 70
 0
 43
0.25400050800101603 
 10
27.616256032511956
 20
23.404622809245552
 10
28.416230632461293
 20
23.404622809245552
  0
LWPOLYLINE
  5
53f
330
1F
100
AcDbEntity
  8
TopSilkLayer
100
AcDbPolyline
 90
1
 70
 0
 43
0.25400050800101603 
 10
25.946075692151453
 20
22.295250190500383
 10
25.946075692151453
 20
23.095300990601913
  0
LWPOLYLINE
  5
540
330
1F
100
AcDbEntity
  8
TopSilkLayer
100
AcDbPolyline
 90
1
 70
 0
 43
0.25400050800101603 
 10
28.72600965201923
 20
23.094767589535195
 10
28.72600965201923
 20
22.294742189484282
  0
LWPOLYLINE
  5
541
330
1F
100
AcDbEntity
  8
TopSilkLayer
100
AcDbPolyline
 90
1
 70
 0
 43
0.15240030480060962 
 10
52.45516891033776
 20
127.21821183642362
 10
52.45516891033776
 20
124.41577343154688
  0
LWPOLYLINE
  5
542
330
1F
100
AcDbEntity
  8
TopSilkLayer
100
AcDbPolyline
 90
1
 70
 0
 43
0.15240030480060962 
 10
50.92575565151128
 20
127.21821183642362
 10
56.37823215646449
 20
127.21821183642362
  0
LWPOLYLINE
  5
543
330
1F
100
AcDbEntity
  8
TopSilkLayer
100
AcDbPolyline
 90
1
 70
 0
 43
0.15240030480060962 
 10
50.92575565151128
 20
124.41577343154688
 10
56.37823215646449
 20
124.41577343154688
  0
LWPOLYLINE
  5
544
330
1F
100
AcDbEntity
  8
TopSilkLayer
100
AcDbPolyline
 90
1
 70
 0
 43
0.15240030480060962 
 10
56.37823215646449
 20
127.21821183642362
 10
56.37823215646449
 20
126.81668783337568
  0
LWPOLYLINE
  5
545
330
1F
100
AcDbEntity
  8
TopSilkLayer
100
AcDbPolyline
 90
1
 70
 0
 43
0.15240030480060962 
 10
56.37823215646449
 20
124.41577343154688
 10
56.37823215646449
 20
124.81729743459482
  0
LWPOLYLINE
  5
546
330
1F
100
AcDbEntity
  8
TopSilkLayer
100
AcDbPolyline
 90
1
 70
 0
 43
0.25400050800101603 
 10
43.10802641605278
 20
119.2807721615444
 10
43.10802641605278
 20
118.4807467614936
  0
LWPOLYLINE
  5
547
330
1F
100
AcDbEntity
  8
TopSilkLayer
100
AcDbPolyline
 90
1
 70
 0
 43
0.25400050800101603 
 10
41.998272796545734
 20
119.59062738125476
 10
42.798247396494844
 20
119.59062738125476
  0
LWPOLYLINE
  5
548
330
1F
100
AcDbEntity
  8
TopSilkLayer
100
AcDbPolyline
 90
1
 70
 0
 43
0.25400050800101603 
 10
41.998272796545734
 20
118.17096774193544
 10
42.798247396494844
 20
118.17096774193544
  0
LWPOLYLINE
  5
549
330
1F
100
AcDbEntity
  8
TopSilkLayer
100
AcDbPolyline
 90
1
 70
 0
 43
0.25400050800101603 
 10
41.42237744475483
 20
119.596443992888
 10
40.622377444754875
 20
119.596443992888
  0
LWPOLYLINE
  5
54a
330
1F
100
AcDbEntity
  8
TopSilkLayer
100
AcDbPolyline
 90
1
 70
 0
 43
0.25400050800101603 
 10
40.31254762509525
 20
119.28661417322837
 10
40.31254762509525
 20
118.48663957327926
  0
LWPOLYLINE
  5
54b
330
1F
100
AcDbEntity
  8
TopSilkLayer
100
AcDbPolyline
 90
1
 70
 0
 43
0.25400050800101603 
 10
41.42237744475483
 20
118.17683515367037
 10
40.622377444754875
 20
118.17683515367037
  0
LWPOLYLINE
  5
54c
330
1F
100
AcDbEntity
  8
TopSilkLayer
100
AcDbPolyline
 90
4
 70
 0
 43
0.15240030480060962 
 10
49.34272288544594
 20
111.29235458470919
 10
46.70632461264927
 20
111.27231394462785
 10
46.70632461264927
 20
116.62918465836935
 10
48.10078740157496
 20
118.02364744729482
 10
49.39618999237996
 20
118.01028702057397
  0
LWPOLYLINE
  5
54d
330
1F
100
AcDbEntity
  8
TopSilkLayer
100
AcDbPolyline
 90
4
 70
 0
 43
0.15240030480060962 
 10
50.78968757937514
 20
111.27848615697235
 10
53.45816611633222
 20
111.27180594361187
 10
53.45816611633222
 20
116.62801625603254
 10
52.06202692405395
 20
118.02415544831081
 10
50.767792735585545
 20
118.02415544831081
  0
LWPOLYLINE
  5
54e
330
1F
100
AcDbEntity
  8
TopSilkLayer
100
AcDbPolyline
 90
1
 70
 0
 43
0.25400050800101603 
 10
67.09019558039131
 20
123.1095758191517
 10
67.89017018034042
 20
123.1095758191517
  0
LWPOLYLINE
  5
54f
330
1F
100
AcDbEntity
  8
TopSilkLayer
100
AcDbPolyline
 90
1
 70
 0
 43
0.25400050800101603 
 10
66.52974345948701
 20
123.11003302006611
 10
65.7297688595379
 20
123.11003302006611
  0
LWPOLYLINE
  5
550
330
1F
100
AcDbEntity
  8
TopSilkLayer
100
AcDbPolyline
 90
1
 70
 0
 43
0.25400050800101603 
 10
67.09019558039131
 20
121.68989077978154
 10
67.89017018034042
 20
121.68989077978154
  0
LWPOLYLINE
  5
551
330
1F
100
AcDbEntity
  8
TopSilkLayer
100
AcDbPolyline
 90
1
 70
 0
 43
0.25400050800101603 
 10
66.52974345948701
 20
121.69037338074668
 10
65.7297688595379
 20
121.69037338074668
  0
LWPOLYLINE
  5
552
330
1F
100
AcDbEntity
  8
TopSilkLayer
100
AcDbPolyline
 90
1
 70
 0
 43
0.25400050800101603 
 10
68.19992379984751
 20
122.79974599949196
 10
68.19992379984751
 20
121.99969519939043
  0
LWPOLYLINE
  5
553
330
1F
100
AcDbEntity
  8
TopSilkLayer
100
AcDbPolyline
 90
1
 70
 0
 43
0.25400050800101603 
 10
65.41998983997973
 20
122.00022860045715
 10
65.41998983997973
 20
122.80025400050795
  0
LWPOLYLINE
  5
554
330
1F
100
AcDbEntity
  8
TopSilkLayer
100
AcDbPolyline
 90
2
 70
 0
 43
0.15199390398780802 
 10
27.246990093980003
 20
112.3998729997461
 10
27.246990093980003
 20
110.937998475997
 10
33.851003302006575
 20
110.937998475997
  0
LWPOLYLINE
  5
555
330
1F
100
AcDbEntity
  8
TopSilkLayer
100
AcDbPolyline
 90
3
 70
 0
 43
0.15199390398780802 
 10
33.851003302006575
 20
116.08013716027438
 10
33.851003302006575
 20
117.54201168402346
 10
27.246990093980003
 20
117.54201168402346
 10
27.246990093980003
 20
116.08013716027438
  0
LWPOLYLINE
  5
556
330
1F
100
AcDbEntity
  8
TopSilkLayer
100
AcDbPolyline
 90
1
 70
 0
 43
0.15199390398780802 
 10
33.851003302006575
 20
110.937998475997
 10
33.851003302006575
 20
112.3998729997461
  0
LWPOLYLINE
  5
557
330
1F
100
AcDbEntity
  8
TopSilkLayer
100
AcDbPolyline
 90
3
 70
 0
 43
0.15240030480060962 
 10
62.59522479044949
 20
20.14739649479293
 10
63.55410210820423
 20
20.14739649479293
 10
63.55410210820423
 20
21.468605537211147
 10
62.59522479044949
 20
21.468605537211147
  0
LWPOLYLINE
  5
558
330
1F
100
AcDbEntity
  8
TopSilkLayer
100
AcDbPolyline
 90
3
 70
 0
 43
0.15240030480060962 
 10
61.74279908559811
 20
20.14739649479293
 10
60.783921767843594
 20
20.14739649479293
 10
60.783921767843594
 20
21.468605537211147
 10
61.74279908559811
 20
21.468605537211147
  0
LWPOLYLINE
  5
559
330
1F
100
AcDbEntity
  8
TopSilkLayer
100
AcDbPolyline
 90
3
 70
 0
 43
0.15240030480060962 
 10
59.63721107442211
 20
20.14739649479293
 10
60.596088392176625
 20
20.14739649479293
 10
60.596088392176625
 20
21.468605537211147
 10
59.63721107442211
 20
21.468605537211147
  0
LWPOLYLINE
  5
55a
330
1F
100
AcDbEntity
  8
TopSilkLayer
100
AcDbPolyline
 90
3
 70
 0
 43
0.15240030480060962 
 10
58.78478536957073
 20
20.14739649479293
 10
57.825908051816214
 20
20.14739649479293
 10
57.825908051816214
 20
21.468605537211147
 10
58.78478536957073
 20
21.468605537211147
  0
LWPOLYLINE
  5
55b
330
1F
100
AcDbEntity
  8
TopSilkLayer
100
AcDbPolyline
 90
1
 70
 0
 43
0.25400050800101603 
 10
33.79697739395465
 20
19.30055880111763
 10
33.79697739395465
 20
25.58001016002038
  0
LWPOLYLINE
  5
55c
330
1F
100
AcDbEntity
  8
TopSilkLayer
100
AcDbPolyline
 90
1
 70
 0
 43
0.25400050800101603 
 10
33.79697739395465
 20
19.30055880111763
 10
44.43700787401599
 20
19.30055880111763
  0
LWPOLYLINE
  5
55d
330
1F
100
AcDbEntity
  8
TopSilkLayer
100
AcDbPolyline
 90
1
 70
 0
 43
0.25400050800101603 
 10
33.79697739395465
 20
23.88255016510027
 10
44.43700787401599
 20
23.88255016510027
  0
LWPOLYLINE
  5
55e
330
1F
100
AcDbEntity
  8
TopSilkLayer
100
AcDbPolyline
 90
1
 70
 0
 43
0.25400050800101603 
 10
33.79697739395465
 20
21.044881889763815
 10
44.43700787401599
 20
21.044881889763815
  0
LWPOLYLINE
  5
55f
330
1F
100
AcDbEntity
  8
TopSilkLayer
100
AcDbPolyline
 90
1
 70
 0
 43
0.25400050800101603 
 10
44.43700787401599
 20
19.30055880111763
 10
44.43700787401599
 20
25.58001016002038
  0
LWPOLYLINE
  5
560
330
1F
100
AcDbEntity
  8
TopSilkLayer
100
AcDbPolyline
 90
1
 70
 0
 43
0.25400050800101603 
 10
33.79697739395465
 20
25.58001016002038
 10
44.43700787401599
 20
25.58001016002038
  0
LWPOLYLINE
  5
561
330
1F
100
AcDbEntity
  8
TopSilkLayer
100
AcDbPolyline
 90
4
 70
 1
 43
0.25400050800101603 
 10
43.49850139700288
 20
19.391998983998064
 10
42.29199898399793
 20
19.391998983998064
 10
42.29199898399793
 20
20.02700025400054
 10
43.49850139700288
 20
20.02700025400054
 10
43.49850139700288
 20
19.391998983998064
  0
LWPOLYLINE
  5
562
330
1F
100
AcDbEntity
  8
TopSilkLayer
100
AcDbPolyline
 90
4
 70
 1
 43
0.25400050800101603 
 10
41.0854965709932
 20
19.391998983998064
 10
39.878994157988245
 20
19.391998983998064
 10
39.878994157988245
 20
20.02700025400054
 10
41.0854965709932
 20
20.02700025400054
 10
41.0854965709932
 20
19.391998983998064
  0
LWPOLYLINE
  5
563
330
1F
100
AcDbEntity
  8
TopSilkLayer
100
AcDbPolyline
 90
4
 70
 1
 43
0.25400050800101603 
 10
38.54549149098307
 20
19.391998983998064
 10
37.33898907797811
 20
19.391998983998064
 10
37.33898907797811
 20
20.02700025400054
 10
38.54549149098307
 20
20.02700025400054
 10
38.54549149098307
 20
19.391998983998064
  0
LWPOLYLINE
  5
564
330
1F
100
AcDbEntity
  8
TopSilkLayer
100
AcDbPolyline
 90
4
 70
 1
 43
0.25400050800101603 
 10
36.005486410972935
 20
19.391998983998064
 10
34.79898399796798
 20
19.391998983998064
 10
34.79898399796798
 20
20.02700025400054
 10
36.005486410972935
 20
20.02700025400054
 10
36.005486410972935
 20
19.391998983998064
  0
LWPOLYLINE
  5
565
330
1F
100
AcDbEntity
  8
TopSilkLayer
100
AcDbPolyline
 90
1
 70
 0
 43
0.25400050800101603 
 10
16.676987553975096
 20
96.93909067818129
 10
16.676987553975096
 20
94.65308610617217
  0
LWPOLYLINE
  5
566
330
1F
100
AcDbEntity
  8
TopSilkLayer
100
AcDbPolyline
 90
1
 70
 0
 43
0.25400050800101603 
 10
17.8199898399796
 20
95.79608839217678
 10
15.533985267970593
 20
95.79608839217678
  0
LWPOLYLINE
  5
567
330
1F
100
AcDbEntity
  8
TopSilkLayer
100
AcDbPolyline
 90
1
 70
 0
 43
0.25400050800101603 
 10
16.676987553975096
 20
41.312979425958815
 10
16.676987553975096
 20
39.026974853949696
  0
LWPOLYLINE
  5
568
330
1F
100
AcDbEntity
  8
TopSilkLayer
100
AcDbPolyline
 90
4
 70
 1
 43
0.25400050800101603 
 10
6.326466852933663
 20
106.52760985521968
 10
27.027508255016528
 20
106.52760985521968
 10
27.027508255016528
 20
29.438455676911303
 10
6.326466852933663
 20
29.438455676911303
 10
6.326466852933663
 20
106.52760985521968
  0
LWPOLYLINE
  5
569
330
1F
100
AcDbEntity
  8
TopSilkLayer
100
AcDbPolyline
 90
1
 70
 0
 43
0.25400050800101603 
 10
39.55044450088917
 20
41.5769367538735
 10
39.55044450088917
 20
43.862941325882616
  0
LWPOLYLINE
  5
56a
330
1F
100
AcDbEntity
  8
TopSilkLayer
100
AcDbPolyline
 90
1
 70
 0
 43
0.25400050800101603 
 10
38.40744221488444
 20
42.71993903987811
 10
40.693446786893674
 20
42.71993903987811
  0
LWPOLYLINE
  5
56b
330
1F
100
AcDbEntity
  8
TopSilkLayer
100
AcDbPolyline
 90
1
 70
 0
 43
0.25400050800101603 
 10
39.55044450088917
 20
97.20304800609597
 10
39.55044450088917
 20
99.4890525781052
  0
LWPOLYLINE
  5
56c
330
1F
100
AcDbEntity
  8
TopSilkLayer
100
AcDbPolyline
 90
4
 70
 1
 43
0.25400050800101603 
 10
49.900965201930376
 20
31.988417576835104
 10
29.19992379984774
 20
31.988417576835104
 10
29.19992379984774
 20
109.07757175514348
 10
49.900965201930376
 20
109.07757175514348
 10
49.900965201930376
 20
31.988417576835104
  0
LWPOLYLINE
  5
56d
330
1F
100
AcDbEntity
  8
TopSilkLayer
100
AcDbPolyline
 90
1
 70
 0
 43
0.25400050800101603 
 10
62.42400304800594
 20
96.93906527813056
 10
62.42400304800594
 20
94.65306070612144
  0
LWPOLYLINE
  5
56e
330
1F
100
AcDbEntity
  8
TopSilkLayer
100
AcDbPolyline
 90
1
 70
 0
 43
0.25400050800101603 
 10
63.56700533401067
 20
95.79606299212605
 10
61.28100076200144
 20
95.79606299212605
  0
LWPOLYLINE
  5
56f
330
1F
100
AcDbEntity
  8
TopSilkLayer
100
AcDbPolyline
 90
1
 70
 0
 43
0.25400050800101603 
 10
62.42400304800594
 20
41.312954025908084
 10
62.42400304800594
 20
39.026949453898965
  0
LWPOLYLINE
  5
570
330
1F
100
AcDbEntity
  8
TopSilkLayer
100
AcDbPolyline
 90
4
 70
 1
 43
0.25400050800101603 
 10
52.07348234696451
 20
106.52758445516895
 10
72.77452374904738
 20
106.52758445516895
 10
72.77452374904738
 20
29.438430276860572
 10
52.07348234696451
 20
29.438430276860572
 10
52.07348234696451
 20
106.52758445516895
  0
LWPOLYLINE
  5
571
330
1F
100
AcDbEntity
  8
TopSilkLayer
100
AcDbPolyline
 90
1
 70
 0
 43
0.25400050800101603 
 10
35.5514351028703
 20
123.5471932943866
 10
35.5514351028703
 20
124.34716789433583
  0
LWPOLYLINE
  5
572
330
1F
100
AcDbEntity
  8
TopSilkLayer
100
AcDbPolyline
 90
1
 70
 0
 43
0.25400050800101603 
 10
35.550977901956
 20
122.98674117348241
 10
35.550977901956
 20
122.18676657353319
  0
LWPOLYLINE
  5
573
330
1F
100
AcDbEntity
  8
TopSilkLayer
100
AcDbPolyline
 90
1
 70
 0
 43
0.25400050800101603 
 10
36.97112014224035
 20
123.5471932943866
 10
36.97112014224035
 20
124.34716789433583
  0
LWPOLYLINE
  5
574
330
1F
100
AcDbEntity
  8
TopSilkLayer
100
AcDbPolyline
 90
1
 70
 0
 43
0.25400050800101603 
 10
36.97063754127498
 20
122.98674117348241
 10
36.97063754127498
 20
122.18676657353319
  0
LWPOLYLINE
  5
575
330
1F
100
AcDbEntity
  8
TopSilkLayer
100
AcDbPolyline
 90
1
 70
 0
 43
0.25400050800101603 
 10
35.86126492252993
 20
124.65692151384303
 10
36.66131572263157
 20
124.65692151384303
  0
LWPOLYLINE
  5
576
330
1F
100
AcDbEntity
  8
TopSilkLayer
100
AcDbPolyline
 90
1
 70
 0
 43
0.25400050800101603 
 10
36.66078232156451
 20
121.87698755397503
 10
35.86075692151371
 20
121.87698755397503
  0
LWPOLYLINE
  5
577
330
1F
100
AcDbEntity
  8
TopSilkLayer
100
AcDbPolyline
 90
3
 70
 0
 43
0.15240030480060962 
 10
53.649606299212564
 20
121.24521209042416
 10
53.649606299212564
 20
122.20408940817879
 10
52.32839725679446
 20
122.20408940817879
 10
52.32839725679446
 20
121.24521209042416
  0
LWPOLYLINE
  5
578
330
1F
100
AcDbEntity
  8
TopSilkLayer
100
AcDbPolyline
 90
3
 70
 0
 43
0.15240030480060962 
 10
53.649606299212564
 20
120.39278638557278
 10
53.649606299212564
 20
119.43390906781815
 10
52.32839725679446
 20
119.43390906781815
 10
52.32839725679446
 20
120.39278638557278
  0
LWPOLYLINE
  5
579
330
1F
100
AcDbEntity
  8
TopSilkLayer
100
AcDbPolyline
 90
4
 70
 0
 43
0.15240030480060962 
 10
33.022275844551814
 20
130.5496316992634
 10
35.658674117348255
 20
130.56967233934472
 10
35.658674117348255
 20
125.21280162560322
 10
34.26421132842256
 20
123.81833883667764
 10
32.968808737617564
 20
123.83169926339849
  0
LWPOLYLINE
  5
57a
330
1F
100
AcDbEntity
  8
TopSilkLayer
100
AcDbPolyline
 90
4
 70
 0
 43
0.15240030480060962 
 10
31.575311150622383
 20
130.56350012700022
 10
28.9068326136653
 20
130.5701803403607
 10
28.9068326136653
 20
125.21397002794004
 10
30.3029718059438
 20
123.81783083566165
 10
31.59720599441198
 20
123.81783083566165
  0
LWPOLYLINE
  5
57b
330
1F
100
AcDbEntity
  8
TopSilkLayer
100
AcDbPolyline
 90
1
 70
 0
 43
0.15240030480060962 
 10
52.799390398780815
 20
25.67919735839473
 10
52.799390398780815
 20
24.269189738379396
  0
LWPOLYLINE
  5
57c
330
1F
100
AcDbEntity
  8
TopSilkLayer
100
AcDbPolyline
 90
1
 70
 0
 43
0.15240030480060962 
 10
54.6066040132082
 20
24.269189738379396
 10
54.6066040132082
 20
25.67919735839473
  0
LWPOLYLINE
  5
57d
330
1F
100
AcDbEntity
  8
TopSilkLayer
100
AcDbPolyline
 90
1
 70
 0
 43
0.15240030480060962 
 10
54.454203708407476
 20
25.83159766319534
 10
52.95179070358131
 20
25.83159766319534
  0
LWPOLYLINE
  5
57e
330
1F
100
AcDbEntity
  8
TopSilkLayer
100
AcDbPolyline
 90
1
 70
 0
 43
0.15240030480060962 
 10
52.799390398780815
 20
22.05679451358901
 10
52.799390398780815
 20
23.466802133604347
  0
LWPOLYLINE
  5
57f
330
1F
100
AcDbEntity
  8
TopSilkLayer
100
AcDbPolyline
 90
1
 70
 0
 43
0.15240030480060962 
 10
54.6066040132082
 20
23.466802133604347
 10
54.6066040132082
 20
22.05679451358901
  0
LWPOLYLINE
  5
580
330
1F
100
AcDbEntity
  8
TopSilkLayer
100
AcDbPolyline
 90
1
 70
 0
 43
0.15240030480060962 
 10
54.454203708407476
 20
21.904394208788403
 10
52.95179070358131
 20
21.904394208788403
  0
LWPOLYLINE
  5
581
330
1F
100
AcDbEntity
  8
TopSilkLayer
100
AcDbPolyline
 90
1
 70
 0
 43
0.15240030480060962 
 10
49.54719329438649
 20
22.62961645923292
 10
48.13718567437127
 20
22.62961645923292
  0
LWPOLYLINE
  5
582
330
1F
100
AcDbEntity
  8
TopSilkLayer
100
AcDbPolyline
 90
1
 70
 0
 43
0.15240030480060962 
 10
48.13718567437127
 20
20.822402844805765
 10
49.54719329438649
 20
20.822402844805765
  0
LWPOLYLINE
  5
583
330
1F
100
AcDbEntity
  8
TopSilkLayer
100
AcDbPolyline
 90
1
 70
 0
 43
0.15240030480060962 
 10
49.69959359918721
 20
20.97480314960626
 10
49.69959359918721
 20
22.477216154432313
  0
LWPOLYLINE
  5
584
330
1F
100
AcDbEntity
  8
TopSilkLayer
100
AcDbPolyline
 90
1
 70
 0
 43
0.15240030480060962 
 10
45.924790449580996
 20
22.62961645923292
 10
47.33479806959622
 20
22.62961645923292
  0
LWPOLYLINE
  5
585
330
1F
100
AcDbEntity
  8
TopSilkLayer
100
AcDbPolyline
 90
1
 70
 0
 43
0.15240030480060962 
 10
47.33479806959622
 20
20.822402844805765
 10
45.924790449580996
 20
20.822402844805765
  0
LWPOLYLINE
  5
586
330
1F
100
AcDbEntity
  8
TopSilkLayer
100
AcDbPolyline
 90
1
 70
 0
 43
0.15240030480060962 
 10
45.772390144780275
 20
20.97480314960626
 10
45.772390144780275
 20
22.477216154432313
  0
LWPOLYLINE
  5
587
330
1F
100
AcDbEntity
  8
TopSilkLayer
100
AcDbPolyline
 90
1
 70
 0
 43
0.25400050800101603 
 10
58.879806959613916
 20
21.730429260858614
 10
58.07983235966458
 20
21.730429260858614
  0
LWPOLYLINE
  5
588
330
1F
100
AcDbEntity
  8
TopSilkLayer
100
AcDbPolyline
 90
1
 70
 0
 43
0.25400050800101603 
 10
59.44025908051822
 20
21.729972059944203
 10
60.24023368046733
 20
21.729972059944203
  0
LWPOLYLINE
  5
589
330
1F
100
AcDbEntity
  8
TopSilkLayer
100
AcDbPolyline
 90
1
 70
 0
 43
0.25400050800101603 
 10
58.879806959613916
 20
23.15011430022855
 10
58.07983235966458
 20
23.15011430022855
  0
LWPOLYLINE
  5
58a
330
1F
100
AcDbEntity
  8
TopSilkLayer
100
AcDbPolyline
 90
1
 70
 0
 43
0.25400050800101603 
 10
59.44025908051822
 20
23.14963169926341
 10
60.24023368046733
 20
23.14963169926341
  0
LWPOLYLINE
  5
58b
330
1F
100
AcDbEntity
  8
TopSilkLayer
100
AcDbPolyline
 90
1
 70
 0
 43
0.25400050800101603 
 10
57.77007874015749
 20
22.040259080518126
 10
57.77007874015749
 20
22.84030988061977
  0
LWPOLYLINE
  5
58c
330
1F
100
AcDbEntity
  8
TopSilkLayer
100
AcDbPolyline
 90
1
 70
 0
 43
0.25400050800101603 
 10
60.55001270002549
 20
22.83977647955294
 10
60.55001270002549
 20
22.03975107950214
  0
LWPOLYLINE
  5
58d
330
1F
100
AcDbEntity
  8
TopSilkLayer
100
AcDbPolyline
 90
1
 70
 0
 43
0.15240030480060962 
 10
61.01338582677181
 20
19.76164592329178
 10
61.01338582677181
 20
19.39319278638561
  0
LWPOLYLINE
  5
58e
330
1F
100
AcDbEntity
  8
TopSilkLayer
100
AcDbPolyline
 90
1
 70
 0
 43
0.15240030480060962 
 10
61.794589789179554
 20
19.39319278638561
 10
61.794589789179554
 20
19.76164592329178
  0
LWPOLYLINE
  5
58f
330
1F
100
AcDbEntity
  8
TopSilkLayer
100
AcDbPolyline
 90
1
 70
 0
 43
0.15240030480060962 
 10
61.64218948437906
 20
19.914046228092502
 10
61.165786131572304
 20
19.914046228092502
  0
LWPOLYLINE
  5
590
330
1F
100
AcDbEntity
  8
TopSilkLayer
100
AcDbPolyline
 90
1
 70
 0
 43
0.15240030480060962 
 10
61.01338582677181
 20
18.692354584709165
 10
61.01338582677181
 20
19.060807721615447
  0
LWPOLYLINE
  5
591
330
1F
100
AcDbEntity
  8
TopSilkLayer
100
AcDbPolyline
 90
1
 70
 0
 43
0.15240030480060962 
 10
61.794589789179554
 20
19.060807721615447
 10
61.794589789179554
 20
18.692354584709165
  0
LWPOLYLINE
  5
592
330
1F
100
AcDbEntity
  8
TopSilkLayer
100
AcDbPolyline
 90
1
 70
 0
 43
0.15240030480060962 
 10
61.64218948437906
 20
18.539954279908557
 10
61.165786131572304
 20
18.539954279908557
  0
LWPOLYLINE
  5
593
330
1F
100
AcDbEntity
  8
TopSilkLayer
100
AcDbPolyline
 90
1
 70
 0
 43
0.15240030480060962 
 10
49.54719329438649
 20
24.669621539243053
 10
48.13718567437127
 20
24.669621539243053
  0
LWPOLYLINE
  5
594
330
1F
100
AcDbEntity
  8
TopSilkLayer
100
AcDbPolyline
 90
1
 70
 0
 43
0.15240030480060962 
 10
48.13718567437127
 20
22.862407924815898
 10
49.54719329438649
 20
22.862407924815898
  0
LWPOLYLINE
  5
595
330
1F
100
AcDbEntity
  8
TopSilkLayer
100
AcDbPolyline
 90
1
 70
 0
 43
0.15240030480060962 
 10
49.69959359918721
 20
23.014808229616506
 10
49.69959359918721
 20
24.517221234442445
  0
LWPOLYLINE
  5
596
330
1F
100
AcDbEntity
  8
TopSilkLayer
100
AcDbPolyline
 90
1
 70
 0
 43
0.15240030480060962 
 10
45.924790449580996
 20
24.669621539243053
 10
47.33479806959622
 20
24.669621539243053
  0
LWPOLYLINE
  5
597
330
1F
100
AcDbEntity
  8
TopSilkLayer
100
AcDbPolyline
 90
1
 70
 0
 43
0.15240030480060962 
 10
47.33479806959622
 20
22.862407924815898
 10
45.924790449580996
 20
22.862407924815898
  0
LWPOLYLINE
  5
598
330
1F
100
AcDbEntity
  8
TopSilkLayer
100
AcDbPolyline
 90
1
 70
 0
 43
0.15240030480060962 
 10
45.772390144780275
 20
23.014808229616506
 10
45.772390144780275
 20
24.517221234442445
  0
LWPOLYLINE
  5
599
330
1F
100
AcDbEntity
  8
TopSilkLayer
100
AcDbPolyline
 90
1
 70
 0
 43
0.25400050800101603 
 10
47.149809499619096
 20
17.089433578867215
 10
46.34983489966976
 20
17.089433578867215
  0
LWPOLYLINE
  5
59a
330
1F
100
AcDbEntity
  8
TopSilkLayer
100
AcDbPolyline
 90
1
 70
 0
 43
0.25400050800101603 
 10
47.71026162052317
 20
17.088976377952804
 10
48.51023622047251
 20
17.088976377952804
  0
LWPOLYLINE
  5
59b
330
1F
100
AcDbEntity
  8
TopSilkLayer
100
AcDbPolyline
 90
1
 70
 0
 43
0.25400050800101603 
 10
47.149809499619096
 20
18.509118618237153
 10
46.34983489966976
 20
18.509118618237153
  0
LWPOLYLINE
  5
59c
330
1F
100
AcDbEntity
  8
TopSilkLayer
100
AcDbPolyline
 90
1
 70
 0
 43
0.25400050800101603 
 10
47.71026162052317
 20
18.50863601727201
 10
48.51023622047251
 20
18.50863601727201
  0
LWPOLYLINE
  5
59d
330
1F
100
AcDbEntity
  8
TopSilkLayer
100
AcDbPolyline
 90
1
 70
 0
 43
0.25400050800101603 
 10
46.04008128016244
 20
17.39926339852684
 10
46.04008128016244
 20
18.199314198628485
  0
LWPOLYLINE
  5
59e
330
1F
100
AcDbEntity
  8
TopSilkLayer
100
AcDbPolyline
 90
1
 70
 0
 43
0.25400050800101603 
 10
48.82001524003044
 20
18.19878079756154
 10
48.82001524003044
 20
17.398755397510854
  0
LWPOLYLINE
  5
59f
330
1F
100
AcDbEntity
  8
TopSilkLayer
100
AcDbPolyline
 90
3
 70
 0
 43
0.15240030480060962 
 10
59.93639827279662
 20
17.158216916433844
 10
59.93639827279662
 20
17.87625095250189
 10
60.933604267208466
 20
17.87625095250189
 10
60.933604267208466
 20
17.158216916433844
  0
LWPOLYLINE
  5
5a0
330
1F
100
AcDbEntity
  8
TopSilkLayer
100
AcDbPolyline
 90
3
 70
 0
 43
0.15240030480060962 
 10
59.93639827279662
 20
16.705791211582437
 10
59.93639827279662
 20
15.987757175514389
 10
60.933604267208466
 20
15.987757175514389
 10
60.933604267208466
 20
16.705791211582437
  0
LWPOLYLINE
  5
5a1
330
1F
100
AcDbEntity
  8
TopSilkLayer
100
AcDbPolyline
 90
3
 70
 0
 43
0.15240030480060962 
 10
63.95161290322585
 20
18.990220980442018
 10
63.95161290322585
 20
19.949098298196645
 10
62.630403860807746
 20
19.949098298196645
 10
62.630403860807746
 20
18.990220980442018
  0
LWPOLYLINE
  5
5a2
330
1F
100
AcDbEntity
  8
TopSilkLayer
100
AcDbPolyline
 90
3
 70
 0
 43
0.15240030480060962 
 10
63.95161290322585
 20
18.13779527559052
 10
63.95161290322585
 20
17.178917957836006
 10
62.630403860807746
 20
17.178917957836006
 10
62.630403860807746
 20
18.13779527559052
  0
LWPOLYLINE
  5
5a3
330
1F
100
AcDbEntity
  8
TopSilkLayer
100
AcDbPolyline
 90
3
 70
 0
 43
0.15240030480060962 
 10
64.16040132080275
 20
18.13779527559052
 10
64.16040132080275
 20
17.178917957836006
 10
65.48161036322063
 20
17.178917957836006
 10
65.48161036322063
 20
18.13779527559052
  0
LWPOLYLINE
  5
5a4
330
1F
100
AcDbEntity
  8
TopSilkLayer
100
AcDbPolyline
 90
3
 70
 0
 43
0.15240030480060962 
 10
64.16040132080275
 20
18.990220980442018
 10
64.16040132080275
 20
19.949098298196645
 10
65.48161036322063
 20
19.949098298196645
 10
65.48161036322063
 20
18.990220980442018
  0
LWPOLYLINE
  5
5a5
330
1F
100
AcDbEntity
  8
TopSilkLayer
100
AcDbPolyline
 90
1
 70
 0
 43
0.15240030480060962 
 10
58.53479806959626
 20
19.899288798577572
 10
59.887198374396576
 20
19.899288798577572
  0
LWPOLYLINE
  5
5a6
330
1F
100
AcDbEntity
  8
TopSilkLayer
100
AcDbPolyline
 90
1
 70
 0
 43
0.15240030480060962 
 10
58.53479806959626
 20
18.146888493777055
 10
59.887198374396576
 20
18.146888493777055
  0
LWPOLYLINE
  5
5a7
330
1F
100
AcDbEntity
  8
TopSilkLayer
100
AcDbPolyline
 90
1
 70
 0
 43
0.25400050800101603 
 10
55.840132080264084
 20
20.08100076200151
 10
55.90899161798325
 20
20.08100076200151
  0
LWPOLYLINE
  5
5a8
330
1F
100
AcDbEntity
  8
TopSilkLayer
100
AcDbPolyline
 90
3
 70
 0
 43
0.25400050800101603 
 10
52.177851155702456
 20
13.681000762001531
 10
51.008991617983156
 20
13.681000762001531
 10
51.008991617983156
 20
20.08100076200151
 10
52.177851155702456
 20
20.08100076200151
  0
LWPOLYLINE
  5
5a9
330
1F
100
AcDbEntity
  8
TopSilkLayer
100
AcDbPolyline
 90
3
 70
 0
 43
0.25400050800101603 
 10
55.840132080264084
 20
20.08100076200151
 10
57.00899161798338
 20
20.08100076200151
 10
57.00899161798338
 20
13.681000762001531
 10
55.840132080264084
 20
13.681000762001531
  0
LWPOLYLINE
  5
5aa
330
1F
100
AcDbEntity
  8
TopSilkLayer
100
AcDbPolyline
 90
3
 70
 0
 43
0.15240030480060962 
 10
50.691592583185184
 20
122.41821183642378
 10
50.691592583185184
 20
123.3770891541783
 10
49.37038354076708
 20
123.3770891541783
 10
49.37038354076708
 20
122.41821183642378
  0
LWPOLYLINE
  5
5ab
330
1F
100
AcDbEntity
  8
TopSilkLayer
100
AcDbPolyline
 90
3
 70
 0
 43
0.15240030480060962 
 10
50.691592583185184
 20
121.56578613157228
 10
50.691592583185184
 20
120.60690881381765
 10
49.37038354076708
 20
120.60690881381765
 10
49.37038354076708
 20
121.56578613157228
  0
LWPOLYLINE
  5
5ac
330
1F
100
AcDbEntity
  8
TopSilkLayer
100
AcDbPolyline
 90
1
 70
 0
 43
0.25400050800101603 
 10
24.772009144018284
 20
120.69301498603
 10
24.772009144018284
 20
119.82900685801371
  0
LWPOLYLINE
  5
5ad
330
1F
100
AcDbEntity
  8
TopSilkLayer
100
AcDbPolyline
 90
1
 70
 0
 43
0.25400050800101603 
 10
24.772009144018284
 20
119.82900685801371
 10
23.77198374396744
 20
119.82900685801371
  0
LWPOLYLINE
  5
5ae
330
1F
100
AcDbEntity
  8
TopSilkLayer
100
AcDbPolyline
 90
1
 70
 0
 43
0.25400050800101603 
 10
23.372009144018193
 20
121.64297688595377
 10
23.372009144018193
 20
121.01503683007365
  0
LWPOLYLINE
  5
5af
330
1F
100
AcDbEntity
  8
TopSilkLayer
100
AcDbPolyline
 90
1
 70
 0
 43
0.25400050800101603 
 10
24.772009144018284
 20
122.82900685801371
 10
24.772009144018284
 20
121.96499872999743
  0
LWPOLYLINE
  5
5b0
330
1F
100
AcDbEntity
  8
TopSilkLayer
100
AcDbPolyline
 90
1
 70
 0
 43
0.25400050800101603 
 10
24.772009144018284
 20
122.82900685801371
 10
23.77198374396744
 20
122.82900685801371
  0
LWPOLYLINE
  5
5b1
330
1F
100
AcDbEntity
  8
TopSilkLayer
100
AcDbPolyline
 90
4
 70
 1
 43
0.15240030480060962 
 10
19.575412750825535
 20
115.6917957835916
 10
16.532588265176628
 20
115.6917957835916
 10
16.532588265176628
 20
120.74422148844292
 10
19.575412750825535
 20
120.74422148844292
 10
19.575412750825535
 20
115.6917957835916
  0
LWPOLYLINE
  5
5b2
330
1F
100
AcDbEntity
  8
TopSilkLayer
100
AcDbPolyline
 90
3
 70
 0
 43
0.15240030480060962 
 10
45.693599187198515
 20
120.9392176784354
 10
45.693599187198515
 20
121.89809499619003
 10
44.372390144780184
 20
121.89809499619003
 10
44.372390144780184
 20
120.9392176784354
  0
LWPOLYLINE
  5
5b3
330
1F
100
AcDbEntity
  8
TopSilkLayer
100
AcDbPolyline
 90
3
 70
 0
 43
0.15240030480060962 
 10
45.693599187198515
 20
120.08679197358401
 10
45.693599187198515
 20
119.12791465582939
 10
44.372390144780184
 20
119.12791465582939
 10
44.372390144780184
 20
120.08679197358401
  0
LWPOLYLINE
  5
5b4
330
1F
100
AcDbEntity
  8
TopSilkLayer
100
AcDbPolyline
 90
3
 70
 0
 43
0.15240030480060962 
 10
44.42339344678703
 20
123.09578359156717
 10
44.42339344678703
 20
122.13690627381254
 10
45.74460248920491
 20
122.13690627381254
 10
45.74460248920491
 20
123.09578359156717
  0
LWPOLYLINE
  5
5b5
330
1F
100
AcDbEntity
  8
TopSilkLayer
100
AcDbPolyline
 90
3
 70
 0
 43
0.15240030480060962 
 10
44.42339344678703
 20
123.94820929641867
 10
44.42339344678703
 20
124.90708661417318
 10
45.74460248920491
 20
124.90708661417318
 10
45.74460248920491
 20
123.94820929641867
  0
LWPOLYLINE
  5
5b6
330
1F
100
AcDbEntity
  8
TopSilkLayer
100
AcDbPolyline
 90
3
 70
 0
 43
0.15240030480060962 
 10
44.7087884175769
 20
129.89461518923042
 10
43.749911099822384
 20
129.89461518923042
 10
43.749911099822384
 20
128.57340614681232
 10
44.7087884175769
 20
128.57340614681232
  0
LWPOLYLINE
  5
5b7
330
1F
100
AcDbEntity
  8
TopSilkLayer
100
AcDbPolyline
 90
3
 70
 0
 43
0.15240030480060962 
 10
45.56121412242828
 20
129.89461518923042
 10
46.520091440182796
 20
129.89461518923042
 10
46.520091440182796
 20
128.57340614681232
 10
45.56121412242828
 20
128.57340614681232
  0
LWPOLYLINE
  5
5b8
330
1F
100
AcDbEntity
  8
TopSilkLayer
100
AcDbPolyline
 90
3
 70
 0
 43
0.15240030480060962 
 10
35.12077724155438
 20
134.53561087122182
 10
34.161899923799865
 20
134.53561087122182
 10
34.161899923799865
 20
133.2144018288036
 10
35.12077724155438
 20
133.2144018288036
  0
LWPOLYLINE
  5
5b9
330
1F
100
AcDbEntity
  8
TopSilkLayer
100
AcDbPolyline
 90
3
 70
 0
 43
0.15240030480060962 
 10
35.97320294640599
 20
134.53561087122182
 10
36.932080264160504
 20
134.53561087122182
 10
36.932080264160504
 20
133.2144018288036
 10
35.97320294640599
 20
133.2144018288036
  0
LWPOLYLINE
  5
5ba
330
1F
100
AcDbEntity
  8
TopSilkLayer
100
AcDbPolyline
 90
3
 70
 0
 43
0.15240030480060962 
 10
24.37561595123202
 20
118.38923037846075
 10
24.37561595123202
 20
119.3481076962155
 10
23.05440690881369
 20
119.3481076962155
 10
23.05440690881369
 20
118.38923037846075
  0
LWPOLYLINE
  5
5bb
330
1F
100
AcDbEntity
  8
TopSilkLayer
100
AcDbPolyline
 90
3
 70
 0
 43
0.15240030480060962 
 10
24.37561595123202
 20
117.53680467360937
 10
24.37561595123202
 20
116.57792735585463
 10
23.05440690881369
 20
116.57792735585463
 10
23.05440690881369
 20
117.53680467360937
  0
LWPOLYLINE
  5
5bc
330
1F
100
AcDbEntity
  8
TopSilkLayer
100
AcDbPolyline
 90
4
 70
 1
 43
0.15240030480060962 
 10
25.93177546355082
 20
16.02258064516127
 10
25.93177546355082
 20
19.06540513081029
 10
30.98420116840248
 20
19.06540513081029
 10
30.98420116840248
 20
16.02258064516127
 10
25.93177546355082
 20
16.02258064516127
  0
LWPOLYLINE
  5
5bd
330
1F
100
AcDbEntity
  8
TopSilkLayer
100
AcDbPolyline
 90
1
 70
 0
 43
0.25400050800101603 
 10
32.68277876555749
 20
18.39799339598676
 10
31.882753365506687
 20
18.39799339598676
  0
LWPOLYLINE
  5
5be
330
1F
100
AcDbEntity
  8
TopSilkLayer
100
AcDbPolyline
 90
1
 70
 0
 43
0.25400050800101603 
 10
32.99263398526796
 20
19.507747015494033
 10
32.99263398526796
 20
18.707772415544923
  0
LWPOLYLINE
  5
5bf
330
1F
100
AcDbEntity
  8
TopSilkLayer
100
AcDbPolyline
 90
1
 70
 0
 43
0.25400050800101603 
 10
31.57297434594875
 20
19.507747015494033
 10
31.57297434594875
 20
18.707772415544923
  0
LWPOLYLINE
  5
5c0
330
1F
100
AcDbEntity
  8
TopSilkLayer
100
AcDbPolyline
 90
1
 70
 0
 43
0.25400050800101603 
 10
32.99845059690119
 20
20.08364236728471
 10
32.99845059690119
 20
20.883642367284665
  0
LWPOLYLINE
  5
5c1
330
1F
100
AcDbEntity
  8
TopSilkLayer
100
AcDbPolyline
 90
1
 70
 0
 43
0.25400050800101603 
 10
32.68862077724157
 20
21.193472186944405
 10
31.888646177292458
 20
21.193472186944405
  0
LWPOLYLINE
  5
5c2
330
1F
100
AcDbEntity
  8
TopSilkLayer
100
AcDbPolyline
 90
1
 70
 0
 43
0.25400050800101603 
 10
31.57884175768345
 20
20.08364236728471
 10
31.57884175768345
 20
20.883642367284665
  0
LWPOLYLINE
  5
5c3
330
1F
100
AcDbEntity
  8
TopSilkLayer
100
AcDbPolyline
 90
1
 70
 0
 43
0.25400050800101603 
 10
69.57223774447539
 20
124.75902971805942
 10
70.37226314452619
 20
124.75902971805942
  0
LWPOLYLINE
  5
5c4
330
1F
100
AcDbEntity
  8
TopSilkLayer
100
AcDbPolyline
 90
1
 70
 0
 43
0.25400050800101603 
 10
69.26238252476492
 20
123.64927609855226
 10
69.26238252476492
 20
124.44925069850149
  0
LWPOLYLINE
  5
5c5
330
1F
100
AcDbEntity
  8
TopSilkLayer
100
AcDbPolyline
 90
1
 70
 0
 43
0.25400050800101603 
 10
70.68204216408435
 20
123.64927609855226
 10
70.68204216408435
 20
124.44925069850149
  0
LWPOLYLINE
  5
5c6
330
1F
100
AcDbEntity
  8
TopSilkLayer
100
AcDbPolyline
 90
1
 70
 0
 43
0.25400050800101603 
 10
69.25656591313168
 20
123.07338074676159
 10
69.25656591313168
 20
122.27338074676152
  0
LWPOLYLINE
  5
5c7
330
1F
100
AcDbEntity
  8
TopSilkLayer
100
AcDbPolyline
 90
1
 70
 0
 43
0.25400050800101603 
 10
69.5663957327913
 20
121.96355092710189
 10
70.36637033274064
 20
121.96355092710189
  0
LWPOLYLINE
  5
5c8
330
1F
100
AcDbEntity
  8
TopSilkLayer
100
AcDbPolyline
 90
1
 70
 0
 43
0.25400050800101603 
 10
70.67617475234943
 20
123.07338074676159
 10
70.67617475234943
 20
122.27338074676152
  0
LWPOLYLINE
  5
5c9
330
1F
100
AcDbEntity
  8
TopSilkLayer
100
AcDbPolyline
 90
2
 70
 0
 43
0.15001270002540007 
 10
32.80942341884679
 20
133.60248920497838
 10
32.79946659893335
 20
133.60248920497838
 10
32.469418338836704
 20
133.93253746507492
  0
LWPOLYLINE
  5
5ca
330
1F
100
AcDbEntity
  8
TopSilkLayer
100
AcDbPolyline
 90
2
 70
 0
 43
0.15001270002540007 
 10
32.80942341884679
 20
134.28252476504963
 10
32.80942341884679
 20
134.27254254508512
 10
32.469418338836704
 20
133.93253746507492
  0
LWPOLYLINE
  5
5cb
330
1F
100
AcDbEntity
  8
TopSilkLayer
100
AcDbPolyline
 90
1
 70
 0
 43
0.15001270002540007 
 10
32.80942341884679
 20
134.28252476504963
 10
32.80942341884679
 20
133.60248920497838
  0
LWPOLYLINE
  5
5cc
330
1F
100
AcDbEntity
  8
TopSilkLayer
100
AcDbPolyline
 90
1
 70
 0
 43
0.15001270002540007 
 10
32.829464058928124
 20
134.6826009652019
 10
33.97947675895375
 20
134.6826009652019
  0
LWPOLYLINE
  5
5cd
330
1F
100
AcDbEntity
  8
TopSilkLayer
100
AcDbPolyline
 90
1
 70
 0
 43
0.15001270002540007 
 10
32.829464058928124
 20
133.18247396494792
 10
33.97947675895375
 20
133.18247396494792
  0
LWPOLYLINE
  5
5ce
330
1F
100
AcDbEntity
  8
TopSilkLayer
100
AcDbPolyline
 90
1
 70
 0
 43
0.15001270002540007 
 10
33.97947675895375
 20
134.68249936499876
 10
33.97947675895375
 20
133.20256540513083
  0
LWPOLYLINE
  5
5cf
330
1F
100
AcDbEntity
  8
TopSilkLayer
100
AcDbPolyline
 90
1
 70
 0
 43
0.15001270002540007 
 10
32.44945389890768
 20
133.18016256032513
 10
31.399339598679262
 20
133.18016256032513
  0
LWPOLYLINE
  5
5d0
330
1F
100
AcDbEntity
  8
TopSilkLayer
100
AcDbPolyline
 90
2
 70
 0
 43
0.15001270002540007 
 10
31.09939039878077
 20
133.58023876047753
 10
31.09939039878077
 20
133.48021336042666
 10
31.399339598679262
 20
133.18016256032513
  0
LWPOLYLINE
  5
5d1
330
1F
100
AcDbEntity
  8
TopSilkLayer
100
AcDbPolyline
 90
1
 70
 0
 43
0.15001270002540007 
 10
31.09939039878077
 20
134.28018796037588
 10
31.09939039878077
 20
133.58023876047753
  0
LWPOLYLINE
  5
5d2
330
1F
100
AcDbEntity
  8
TopSilkLayer
100
AcDbPolyline
 90
2
 70
 0
 43
0.15001270002540007 
 10
31.09939039878077
 20
134.28018796037588
 10
31.09939039878077
 20
134.38034036068075
 10
31.399339598679262
 20
134.68028956057913
  0
LWPOLYLINE
  5
5d3
330
1F
100
AcDbEntity
  8
TopSilkLayer
100
AcDbPolyline
 90
1
 70
 0
 43
0.15001270002540007 
 10
32.44945389890768
 20
134.68028956057913
 10
31.399339598679262
 20
134.68028956057913
  0
LWPOLYLINE
  5
5d4
330
1F
100
AcDbEntity
  8
TopSilkLayer
100
AcDbPolyline
 90
1
 70
 0
 43
0.15001270002540007 
 10
32.80942341884679
 20
133.93253746507492
 10
32.469418338836704
 20
133.93253746507492
  0
LWPOLYLINE
  5
5d5
330
1F
100
AcDbEntity
  8
TopSilkLayer
100
AcDbPolyline
 90
2
 70
 0
 43
0.15001270002540007 
 10
42.34643129286246
 20
128.91049022098036
 10
42.33647447294902
 20
128.91049022098036
 10
42.006426212852375
 20
129.240538481077
  0
LWPOLYLINE
  5
5d6
330
1F
100
AcDbEntity
  8
TopSilkLayer
100
AcDbPolyline
 90
2
 70
 0
 43
0.15001270002540007 
 10
42.34643129286246
 20
129.5905257810516
 10
42.34643129286246
 20
129.5805435610872
 10
42.006426212852375
 20
129.240538481077
  0
LWPOLYLINE
  5
5d7
330
1F
100
AcDbEntity
  8
TopSilkLayer
100
AcDbPolyline
 90
1
 70
 0
 43
0.15001270002540007 
 10
42.34643129286246
 20
129.5905257810516
 10
42.34643129286246
 20
128.91049022098036
  0
LWPOLYLINE
  5
5d8
330
1F
100
AcDbEntity
  8
TopSilkLayer
100
AcDbPolyline
 90
1
 70
 0
 43
0.15001270002540007 
 10
42.366471932943796
 20
129.990601981204
 10
43.51648463296942
 20
129.990601981204
  0
LWPOLYLINE
  5
5d9
330
1F
100
AcDbEntity
  8
TopSilkLayer
100
AcDbPolyline
 90
1
 70
 0
 43
0.15001270002540007 
 10
42.366471932943796
 20
128.49047498095
 10
43.51648463296942
 20
128.49047498095
  0
LWPOLYLINE
  5
5da
330
1F
100
AcDbEntity
  8
TopSilkLayer
100
AcDbPolyline
 90
1
 70
 0
 43
0.15001270002540007 
 10
43.51648463296942
 20
129.99050038100074
 10
43.51648463296942
 20
128.51056642113292
  0
LWPOLYLINE
  5
5db
330
1F
100
AcDbEntity
  8
TopSilkLayer
100
AcDbPolyline
 90
1
 70
 0
 43
0.15001270002540007 
 10
41.986461772923576
 20
128.4881635763271
 10
40.93634747269493
 20
128.4881635763271
  0
LWPOLYLINE
  5
5dc
330
1F
100
AcDbEntity
  8
TopSilkLayer
100
AcDbPolyline
 90
2
 70
 0
 43
0.15001270002540007 
 10
40.63639827279644
 20
128.88823977647962
 10
40.63639827279644
 20
128.78821437642875
 10
40.93634747269493
 20
128.4881635763271
  0
LWPOLYLINE
  5
5dd
330
1F
100
AcDbEntity
  8
TopSilkLayer
100
AcDbPolyline
 90
1
 70
 0
 43
0.15001270002540007 
 10
40.63639827279644
 20
129.58818897637798
 10
40.63639827279644
 20
128.88823977647962
  0
LWPOLYLINE
  5
5de
330
1F
100
AcDbEntity
  8
TopSilkLayer
100
AcDbPolyline
 90
2
 70
 0
 43
0.15001270002540007 
 10
40.63639827279644
 20
129.58818897637798
 10
40.63639827279644
 20
129.68834137668284
 10
40.93634747269493
 20
129.9882905765811
  0
LWPOLYLINE
  5
5df
330
1F
100
AcDbEntity
  8
TopSilkLayer
100
AcDbPolyline
 90
1
 70
 0
 43
0.15001270002540007 
 10
41.986461772923576
 20
129.9882905765811
 10
40.93634747269493
 20
129.9882905765811
  0
LWPOLYLINE
  5
5e0
330
1F
100
AcDbEntity
  8
TopSilkLayer
100
AcDbPolyline
 90
1
 70
 0
 43
0.15001270002540007 
 10
42.34643129286246
 20
129.240538481077
 10
42.006426212852375
 20
129.240538481077
  0
LWPOLYLINE
  5
5e1
330
1F
100
AcDbEntity
  8
TopSilkLayer
100
AcDbPolyline
 90
2
 70
 0
 43
0.15001270002540007 
 10
42.601422402844946
 20
133.60248920497838
 10
42.59146558293128
 20
133.60248920497838
 10
42.26141732283463
 20
133.93253746507492
  0
LWPOLYLINE
  5
5e2
330
1F
100
AcDbEntity
  8
TopSilkLayer
100
AcDbPolyline
 90
2
 70
 0
 43
0.15001270002540007 
 10
42.601422402844946
 20
134.28252476504963
 10
42.601422402844946
 20
134.27254254508512
 10
42.26141732283463
 20
133.93253746507492
  0
LWPOLYLINE
  5
5e3
330
1F
100
AcDbEntity
  8
TopSilkLayer
100
AcDbPolyline
 90
1
 70
 0
 43
0.15001270002540007 
 10
42.601422402844946
 20
134.28252476504963
 10
42.601422402844946
 20
133.60248920497838
  0
LWPOLYLINE
  5
5e4
330
1F
100
AcDbEntity
  8
TopSilkLayer
100
AcDbPolyline
 90
1
 70
 0
 43
0.15001270002540007 
 10
42.62146304292605
 20
134.6826009652019
 10
43.77147574295145
 20
134.6826009652019
  0
LWPOLYLINE
  5
5e5
330
1F
100
AcDbEntity
  8
TopSilkLayer
100
AcDbPolyline
 90
1
 70
 0
 43
0.15001270002540007 
 10
42.62146304292605
 20
133.18247396494792
 10
43.77147574295145
 20
133.18247396494792
  0
LWPOLYLINE
  5
5e6
330
1F
100
AcDbEntity
  8
TopSilkLayer
100
AcDbPolyline
 90
1
 70
 0
 43
0.15001270002540007 
 10
43.77147574295145
 20
134.68249936499876
 10
43.77147574295145
 20
133.20256540513083
  0
LWPOLYLINE
  5
5e7
330
1F
100
AcDbEntity
  8
TopSilkLayer
100
AcDbPolyline
 90
1
 70
 0
 43
0.15001270002540007 
 10
42.24145288290583
 20
133.18016256032513
 10
41.19133858267719
 20
133.18016256032513
  0
LWPOLYLINE
  5
5e8
330
1F
100
AcDbEntity
  8
TopSilkLayer
100
AcDbPolyline
 90
2
 70
 0
 43
0.15001270002540007 
 10
40.891389382778925
 20
133.58023876047753
 10
40.891389382778925
 20
133.48021336042666
 10
41.19133858267719
 20
133.18016256032513
  0
LWPOLYLINE
  5
5e9
330
1F
100
AcDbEntity
  8
TopSilkLayer
100
AcDbPolyline
 90
1
 70
 0
 43
0.15001270002540007 
 10
40.891389382778925
 20
134.28018796037588
 10
40.891389382778925
 20
133.58023876047753
  0
LWPOLYLINE
  5
5ea
330
1F
100
AcDbEntity
  8
TopSilkLayer
100
AcDbPolyline
 90
2
 70
 0
 43
0.15001270002540007 
 10
40.891389382778925
 20
134.28018796037588
 10
40.891389382778925
 20
134.38034036068075
 10
41.19133858267719
 20
134.68028956057913
  0
LWPOLYLINE
  5
5eb
330
1F
100
AcDbEntity
  8
TopSilkLayer
100
AcDbPolyline
 90
1
 70
 0
 43
0.15001270002540007 
 10
42.24145288290583
 20
134.68028956057913
 10
41.19133858267719
 20
134.68028956057913
  0
LWPOLYLINE
  5
5ec
330
1F
100
AcDbEntity
  8
TopSilkLayer
100
AcDbPolyline
 90
1
 70
 0
 43
0.15001270002540007 
 10
42.601422402844946
 20
133.93253746507492
 10
42.26141732283463
 20
133.93253746507492
  0
LWPOLYLINE
  5
5ed
330
1F
100
AcDbEntity
  8
TopSilkLayer
100
AcDbPolyline
 90
3
 70
 0
 43
0.15240030480060962 
 10
45.902387604775186
 20
121.66779273558552
 10
45.902387604775186
 20
120.7089154178309
 10
47.22359664719329
 20
120.7089154178309
 10
47.22359664719329
 20
121.66779273558552
  0
LWPOLYLINE
  5
5ee
330
1F
100
AcDbEntity
  8
TopSilkLayer
100
AcDbPolyline
 90
3
 70
 0
 43
0.15240030480060962 
 10
45.902387604775186
 20
122.5202184404369
 10
45.902387604775186
 20
123.47909575819153
 10
47.22359664719329
 20
123.47909575819153
 10
47.22359664719329
 20
122.5202184404369
  0
LWPOLYLINE
  5
5ef
330
1F
100
AcDbEntity
  8
TopSilkLayer
100
AcDbPolyline
 90
4
 70
 1
 43
0.15240030480060962 
 10
65.4567945135891
 20
115.82959105918212
 10
65.4567945135891
 20
118.87241554483114
 10
70.50922021844053
 20
118.87241554483114
 10
70.50922021844053
 20
115.82959105918212
 10
65.4567945135891
 20
115.82959105918212
  0
LWPOLYLINE
  5
5f0
330
1F
100
AcDbEntity
  8
TopSilkLayer
100
AcDbPolyline
 90
1
 70
 0
 43
0.25400050800101603 
 10
21.238989077978204
 20
136.44503429006863
 10
28.638989077978067
 20
136.44503429006863
  0
LWPOLYLINE
  5
5f1
330
1F
100
AcDbEntity
  8
TopSilkLayer
100
AcDbPolyline
 90
1
 70
 0
 43
0.25400050800101603 
 10
28.638989077978067
 20
136.44503429006863
 10
28.638989077978067
 20
124.94500889001779
  0
LWPOLYLINE
  5
5f2
330
1F
100
AcDbEntity
  8
TopSilkLayer
100
AcDbPolyline
 90
1
 70
 0
 43
0.25400050800101603 
 10
21.238989077978204
 20
124.94498348996694
 10
21.238989077978204
 20
136.44503429006863
  0
LWPOLYLINE
  5
5f3
330
1F
100
AcDbEntity
  8
TopSilkLayer
100
AcDbPolyline
 90
2
 70
 0
 43
0.25400050800101603 
 10
21.238989077978204
 20
124.94500889001779
 10
22.389001778003376
 20
124.94500889001779
 10
22.389001778003376
 20
127.24500889001786
  0
LWPOLYLINE
  5
5f4
330
1F
100
AcDbEntity
  8
TopSilkLayer
100
AcDbPolyline
 90
2
 70
 0
 43
0.25400050800101603 
 10
28.639014478028912
 20
124.94500889001779
 10
27.48895097790205
 20
124.94500889001779
 10
27.48895097790205
 20
127.24500889001786
  0
LWPOLYLINE
  5
5f5
330
1F
100
AcDbEntity
  8
TopSilkLayer
100
AcDbPolyline
 90
3
 70
 0
 43
0.25400050800101603 
 10
22.389001778003376
 20
136.4450088900179
 10
22.389001778003376
 20
133.8949961899924
 10
23.389001778003603
 20
133.8949961899924
 10
23.389001778003603
 20
136.4450088900179
  0
LWPOLYLINE
  5
5f6
330
1F
100
AcDbEntity
  8
TopSilkLayer
100
AcDbPolyline
 90
3
 70
 0
 43
0.25400050800101603 
 10
26.489077978156047
 20
136.4199136398273
 10
26.489077978156047
 20
133.86990093980182
 10
27.489077978156047
 20
133.86990093980182
 10
27.489077978156047
 20
136.4199136398273
  0
LWPOLYLINE
  5
5f7
330
1F
100
AcDbEntity
  8
TopSilkLayer
100
AcDbPolyline
 90
1
 70
 0
 43
0.25400050800101603 
 10
21.238201676403378
 20
127.24500889001786
 10
22.58785877571745
 20
127.24500889001786
  0
LWPOLYLINE
  5
5f8
330
1F
100
AcDbEntity
  8
TopSilkLayer
100
AcDbPolyline
 90
1
 70
 0
 43
0.25400050800101603 
 10
24.750139700279533
 20
127.24500889001786
 10
25.127863855727583
 20
127.24500889001786
  0
LWPOLYLINE
  5
5f9
330
1F
100
AcDbEntity
  8
TopSilkLayer
100
AcDbPolyline
 90
1
 70
 0
 43
0.25400050800101603 
 10
27.290144780289666
 20
127.24500889001786
 10
28.638989077978067
 20
127.24500889001786
  0
LWPOLYLINE
  5
5fa
330
1F
100
AcDbEntity
  8
TopSilkLayer
100
AcDbPolyline
 90
1
 70
 0
 43
0.25400050800101603 
 10
57.24500889001774
 20
136.7000254000509
 10
64.64500889001783
 20
136.7000254000509
  0
LWPOLYLINE
  5
5fb
330
1F
100
AcDbEntity
  8
TopSilkLayer
100
AcDbPolyline
 90
1
 70
 0
 43
0.25400050800101603 
 10
64.64500889001783
 20
136.7000254000509
 10
64.64500889001783
 20
125.20000000000005
  0
LWPOLYLINE
  5
5fc
330
1F
100
AcDbEntity
  8
TopSilkLayer
100
AcDbPolyline
 90
1
 70
 0
 43
0.25400050800101603 
 10
57.24500889001774
 20
125.1999745999492
 10
57.24500889001774
 20
136.7000254000509
  0
LWPOLYLINE
  5
5fd
330
1F
100
AcDbEntity
  8
TopSilkLayer
100
AcDbPolyline
 90
2
 70
 0
 43
0.25400050800101603 
 10
57.24500889001774
 20
125.20000000000005
 10
58.39502159004337
 20
125.20000000000005
 10
58.39502159004337
 20
127.50000000000011
  0
LWPOLYLINE
  5
5fe
330
1F
100
AcDbEntity
  8
TopSilkLayer
100
AcDbPolyline
 90
2
 70
 0
 43
0.25400050800101603 
 10
64.64503429006845
 20
125.20000000000005
 10
63.49497078994159
 20
125.20000000000005
 10
63.49497078994159
 20
127.50000000000011
  0
LWPOLYLINE
  5
5ff
330
1F
100
AcDbEntity
  8
TopSilkLayer
100
AcDbPolyline
 90
3
 70
 0
 43
0.25400050800101603 
 10
58.39502159004337
 20
136.70000000000005
 10
58.39502159004337
 20
134.14998729997455
 10
59.39502159004314
 20
134.14998729997455
 10
59.39502159004314
 20
136.70000000000005
  0
LWPOLYLINE
  5
600
330
1F
100
AcDbEntity
  8
TopSilkLayer
100
AcDbPolyline
 90
3
 70
 0
 43
0.25400050800101603 
 10
62.49509779019559
 20
136.67490474980957
 10
62.49509779019559
 20
134.12489204978408
 10
63.49509779019559
 20
134.12489204978408
 10
63.49509779019559
 20
136.67490474980957
  0
LWPOLYLINE
  5
601
330
1F
100
AcDbEntity
  8
TopSilkLayer
100
AcDbPolyline
 90
1
 70
 0
 43
0.25400050800101603 
 10
57.24422148844292
 20
127.50000000000011
 10
58.59387858775722
 20
127.50000000000011
  0
LWPOLYLINE
  5
602
330
1F
100
AcDbEntity
  8
TopSilkLayer
100
AcDbPolyline
 90
1
 70
 0
 43
0.25400050800101603 
 10
60.75615951231907
 20
127.50000000000011
 10
61.13388366776735
 20
127.50000000000011
  0
LWPOLYLINE
  5
603
330
1F
100
AcDbEntity
  8
TopSilkLayer
100
AcDbPolyline
 90
1
 70
 0
 43
0.25400050800101603 
 10
63.296164592329205
 20
127.50000000000011
 10
64.64500889001783
 20
127.50000000000011
  0
LWPOLYLINE
  5
604
330
1F
100
AcDbEntity
  8
TopSilkLayer
100
AcDbPolyline
 90
1
 70
 0
 43
0.15240030480060962 
 10
36.75661671323337
 20
117.68178816357636
 10
36.75661671323337
 20
119.09179578359158
  0
LWPOLYLINE
  5
605
330
1F
100
AcDbEntity
  8
TopSilkLayer
100
AcDbPolyline
 90
1
 70
 0
 43
0.15240030480060962 
 10
34.949403098806215
 20
119.09179578359158
 10
34.949403098806215
 20
117.68178816357636
  0
LWPOLYLINE
  5
606
330
1F
100
AcDbEntity
  8
TopSilkLayer
100
AcDbPolyline
 90
1
 70
 0
 43
0.15240030480060962 
 10
35.10180340360694
 20
117.52938785877575
 10
36.604216408432876
 20
117.52938785877575
  0
LWPOLYLINE
  5
607
330
1F
100
AcDbEntity
  8
TopSilkLayer
100
AcDbPolyline
 90
1
 70
 0
 43
0.15240030480060962 
 10
36.75661671323337
 20
121.30419100838196
 10
36.75661671323337
 20
119.89418338836686
  0
LWPOLYLINE
  5
608
330
1F
100
AcDbEntity
  8
TopSilkLayer
100
AcDbPolyline
 90
1
 70
 0
 43
0.15240030480060962 
 10
34.949403098806215
 20
119.89418338836686
 10
34.949403098806215
 20
121.30419100838196
  0
LWPOLYLINE
  5
609
330
1F
100
AcDbEntity
  8
TopSilkLayer
100
AcDbPolyline
 90
1
 70
 0
 43
0.15240030480060962 
 10
35.10180340360694
 20
121.45659131318257
 10
36.604216408432876
 20
121.45659131318257
  0
LWPOLYLINE
  5
60a
330
1F
100
AcDbEntity
  8
TopSilkLayer
100
AcDbPolyline
 90
1
 70
 0
 43
0.25400050800101603 
 10
34.48902717805436
 20
122.23876047752094
 10
34.48902717805436
 20
121.43873507747014
  0
LWPOLYLINE
  5
60b
330
1F
100
AcDbEntity
  8
TopSilkLayer
100
AcDbPolyline
 90
1
 70
 0
 43
0.25400050800101603 
 10
33.379273558547084
 20
122.54861569723141
 10
34.17924815849619
 20
122.54861569723141
  0
LWPOLYLINE
  5
60c
330
1F
100
AcDbEntity
  8
TopSilkLayer
100
AcDbPolyline
 90
1
 70
 0
 43
0.25400050800101603 
 10
33.379273558547084
 20
121.12895605791209
 10
34.17924815849619
 20
121.12895605791209
  0
LWPOLYLINE
  5
60d
330
1F
100
AcDbEntity
  8
TopSilkLayer
100
AcDbPolyline
 90
1
 70
 0
 43
0.25400050800101603 
 10
32.803378206756406
 20
122.55443230886465
 10
32.00337820675645
 20
122.55443230886465
  0
LWPOLYLINE
  5
60e
330
1F
100
AcDbEntity
  8
TopSilkLayer
100
AcDbPolyline
 90
1
 70
 0
 43
0.25400050800101603 
 10
31.693548387096826
 20
122.24460248920502
 10
31.693548387096826
 20
121.4446278892558
  0
LWPOLYLINE
  5
60f
330
1F
100
AcDbEntity
  8
TopSilkLayer
100
AcDbPolyline
 90
1
 70
 0
 43
0.25400050800101603 
 10
32.803378206756406
 20
121.1348234696469
 10
32.00337820675645
 20
121.1348234696469
  0
LWPOLYLINE
  5
610
330
1F
100
AcDbEntity
  8
TopSilkLayer
100
AcDbPolyline
 90
1
 70
 0
 43
0.15240030480060962 
 10
40.16418592837181
 20
117.93622047244094
 10
40.16418592837181
 20
115.1337820675642
  0
LWPOLYLINE
  5
611
330
1F
100
AcDbEntity
  8
TopSilkLayer
100
AcDbPolyline
 90
1
 70
 0
 43
0.15240030480060962 
 10
38.63477266954533
 20
117.93622047244094
 10
44.08724917449831
 20
117.93622047244094
  0
LWPOLYLINE
  5
612
330
1F
100
AcDbEntity
  8
TopSilkLayer
100
AcDbPolyline
 90
1
 70
 0
 43
0.15240030480060962 
 10
38.63477266954533
 20
115.1337820675642
 10
44.08724917449831
 20
115.1337820675642
  0
LWPOLYLINE
  5
613
330
1F
100
AcDbEntity
  8
TopSilkLayer
100
AcDbPolyline
 90
1
 70
 0
 43
0.15240030480060962 
 10
44.08724917449831
 20
117.93622047244094
 10
44.08724917449831
 20
117.534696469393
  0
LWPOLYLINE
  5
614
330
1F
100
AcDbEntity
  8
TopSilkLayer
100
AcDbPolyline
 90
1
 70
 0
 43
0.15240030480060962 
 10
44.08724917449831
 20
115.1337820675642
 10
44.08724917449831
 20
115.53530607061225
  0
LWPOLYLINE
  5
615
330
1F
100
AcDbEntity
  8
TopSilkLayer
100
AcDbPolyline
 90
1
 70
 0
 43
0.15240030480060962 
 10
32.25582931165877
 20
117.88778257556521
 10
32.25582931165877
 20
120.69022098044195
  0
LWPOLYLINE
  5
616
330
1F
100
AcDbEntity
  8
TopSilkLayer
100
AcDbPolyline
 90
1
 70
 0
 43
0.15240030480060962 
 10
33.785242570485025
 20
117.88778257556521
 10
28.33276606553204
 20
117.88778257556521
  0
LWPOLYLINE
  5
617
330
1F
100
AcDbEntity
  8
TopSilkLayer
100
AcDbPolyline
 90
1
 70
 0
 43
0.15240030480060962 
 10
33.785242570485025
 20
120.69022098044195
 10
28.33276606553204
 20
120.69022098044195
  0
LWPOLYLINE
  5
618
330
1F
100
AcDbEntity
  8
TopSilkLayer
100
AcDbPolyline
 90
1
 70
 0
 43
0.15240030480060962 
 10
28.33276606553204
 20
117.88778257556521
 10
28.33276606553204
 20
118.28930657861315
  0
LWPOLYLINE
  5
619
330
1F
100
AcDbEntity
  8
TopSilkLayer
100
AcDbPolyline
 90
1
 70
 0
 43
0.15240030480060962 
 10
28.33276606553204
 20
120.69022098044195
 10
28.33276606553204
 20
120.2886969773939
  0
LWPOLYLINE
  5
61a
330
1F
100
AcDbEntity
  8
TopSilkLayer
100
AcDbPolyline
 90
1
 70
 0
 43
0.15240030480060962 
 10
58.82976885953781
 20
119.16316992633983
 10
61.632207264414546
 20
119.16316992633983
  0
LWPOLYLINE
  5
61b
330
1F
100
AcDbEntity
  8
TopSilkLayer
100
AcDbPolyline
 90
1
 70
 0
 43
0.15240030480060962 
 10
58.82976885953781
 20
117.63375666751335
 10
58.82976885953781
 20
123.08623317246634
  0
LWPOLYLINE
  5
61c
330
1F
100
AcDbEntity
  8
TopSilkLayer
100
AcDbPolyline
 90
1
 70
 0
 43
0.15240030480060962 
 10
61.632207264414546
 20
117.63375666751335
 10
61.632207264414546
 20
123.08623317246634
  0
LWPOLYLINE
  5
61d
330
1F
100
AcDbEntity
  8
TopSilkLayer
100
AcDbPolyline
 90
1
 70
 0
 43
0.15240030480060962 
 10
58.82976885953781
 20
123.08623317246634
 10
59.23129286258563
 20
123.08623317246634
  0
LWPOLYLINE
  5
61e
330
1F
100
AcDbEntity
  8
TopSilkLayer
100
AcDbPolyline
 90
1
 70
 0
 43
0.15240030480060962 
 10
61.632207264414546
 20
123.08623317246634
 10
61.230683261366494
 20
123.08623317246634
  0
LWPOLYLINE
  5
61f
330
1F
100
AcDbEntity
  8
TopSilkLayer
100
AcDbPolyline
 90
1
 70
 0
 43
0.15001270002540007 
 10
53.46398272796546
 20
133.18013716027428
 10
52.31397002794006
 20
133.18013716027428
  0
LWPOLYLINE
  5
620
330
1F
100
AcDbEntity
  8
TopSilkLayer
100
AcDbPolyline
 90
1
 70
 0
 43
0.15001270002540007 
 10
52.31397002794006
 20
133.18023876047744
 10
52.31397002794006
 20
134.66017272034549
  0
LWPOLYLINE
  5
621
330
1F
100
AcDbEntity
  8
TopSilkLayer
100
AcDbPolyline
 90
1
 70
 0
 43
0.15001270002540007 
 10
53.46398272796546
 20
134.68026416052828
 10
52.31397002794006
 20
134.68026416052828
  0
LWPOLYLINE
  5
622
330
1F
100
AcDbEntity
  8
TopSilkLayer
100
AcDbPolyline
 90
1
 70
 0
 43
0.15001270002540007 
 10
53.843992887985905
 20
134.68257556515118
 10
54.89410718821432
 20
134.68257556515118
  0
LWPOLYLINE
  5
623
330
1F
100
AcDbEntity
  8
TopSilkLayer
100
AcDbPolyline
 90
2
 70
 0
 43
0.15001270002540007 
 10
55.19405638811281
 20
134.28249936499878
 10
55.19405638811281
 20
134.38252476504954
 10
54.89410718821432
 20
134.68257556515118
  0
LWPOLYLINE
  5
624
330
1F
100
AcDbEntity
  8
TopSilkLayer
100
AcDbPolyline
 90
1
 70
 0
 43
0.15001270002540007 
 10
55.19405638811281
 20
133.58255016510032
 10
55.19405638811281
 20
134.28249936499878
  0
LWPOLYLINE
  5
625
330
1F
100
AcDbEntity
  8
TopSilkLayer
100
AcDbPolyline
 90
2
 70
 0
 43
0.15001270002540007 
 10
55.19405638811281
 20
133.58255016510032
 10
55.19405638811281
 20
133.48239776479556
 10
54.89410718821432
 20
133.1824485648972
  0
LWPOLYLINE
  5
626
330
1F
100
AcDbEntity
  8
TopSilkLayer
100
AcDbPolyline
 90
1
 70
 0
 43
0.15001270002540007 
 10
53.843992887985905
 20
133.1824485648972
 10
54.89410718821432
 20
133.1824485648972
  0
LWPOLYLINE
  5
627
330
1F
100
AcDbEntity
  8
TopSilkLayer
100
AcDbPolyline
 90
1
 70
 0
 43
0.202997205994412 
 10
53.677800355600766
 20
134.33776987553972
 10
53.677800355600766
 20
133.55036830073664
  0
LWPOLYLINE
  5
628
330
1F
100
AcDbEntity
  8
TopSilkLayer
100
AcDbPolyline
 90
1
 70
 0
 43
0.202997205994412 
 10
53.677800355600766
 20
133.93931927863866
 10
53.85316230632475
 20
133.93931927863866
  0
LWPOLYLINE
  5
629
330
1F
100
AcDbEntity
  8
TopSilkLayer
100
AcDbPolyline
 90
3
 70
 0
 43
0.15240030480060962 
 10
24.437084074168297
 20
114.98719837439683
 10
24.437084074168297
 20
116.34711709423414
 10
22.278892557785184
 20
116.34711709423414
 10
22.278892557785184
 20
114.98719837439683
  0
LWPOLYLINE
  5
62a
330
1F
100
AcDbEntity
  8
TopSilkLayer
100
AcDbPolyline
 90
3
 70
 0
 43
0.15240030480060962 
 10
24.437084074168297
 20
113.0847853695708
 10
24.437084074168297
 20
111.72486664973326
 10
22.278892557785184
 20
111.72486664973326
 10
22.278892557785184
 20
113.0847853695708
  0
ARC
  5
62b
330
1F
100
AcDbEntity
  8
TopSilkLayer
100
AcDbCircle
 10
49.54719329438649
 20
18.934798069596127
 30
0.0
 40
0.15240030480060962
100
AcDbArc
 50
270
 51
359.9999999999913
  0
ARC
  5
62c
330
1F
100
AcDbEntity
  8
TopSilkLayer
100
AcDbCircle
 10
49.54719329438649
 20
20.43721107442218
 30
0.0
 40
0.15240030480060962
100
AcDbArc
 50
0
 51
90
  0
ARC
  5
62d
330
1F
100
AcDbEntity
  8
TopSilkLayer
100
AcDbCircle
 10
45.924790449580996
 20
18.934798069596127
 30
0.0
 40
0.15240030480060962
100
AcDbArc
 50
180.00000000000867
 51
270
  0
ARC
  5
62e
330
1F
100
AcDbEntity
  8
TopSilkLayer
100
AcDbCircle
 10
45.924790449580996
 20
20.43721107442218
 30
0.0
 40
0.15240030480060962
100
AcDbArc
 50
90
 51
180
  0
ARC
  5
62f
330
1F
100
AcDbEntity
  8
TopSilkLayer
100
AcDbCircle
 10
28.41617983340052
 20
23.094792989585926
 30
0.0
 40
0.30982981965963935
100
AcDbArc
 50
359.99530285461987
 51
90
  0
ARC
  5
630
330
1F
100
AcDbEntity
  8
TopSilkLayer
100
AcDbCircle
 10
28.416179832359376
 20
22.294792989586085
 30
0.0
 40
0.30982981965963935
100
AcDbArc
 50
270
 51
0
  0
ARC
  5
631
330
1F
100
AcDbEntity
  8
TopSilkLayer
100
AcDbCircle
 10
26.25590551181108
 20
22.29525018945924
 30
0.0
 40
0.30982981965963935
100
AcDbArc
 50
179.99999980744815
 51
270
  0
ARC
  5
632
330
1F
100
AcDbEntity
  8
TopSilkLayer
100
AcDbCircle
 10
26.255905507646276
 20
23.09527559159187
 30
0.0
 40
0.30982981965963935
100
AcDbArc
 50
90
 51
180.00939448326469
  0
ARC
  5
633
330
1F
100
AcDbEntity
  8
TopSilkLayer
100
AcDbCircle
 10
40.62232664465341
 20
119.28661417322837
 30
0.0
 40
0.30982981965963935
100
AcDbArc
 50
90
 51
180
  0
ARC
  5
634
330
1F
100
AcDbEntity
  8
TopSilkLayer
100
AcDbCircle
 10
40.62232664361227
 20
118.48661417322842
 30
0.0
 40
0.30982981965963935
100
AcDbArc
 50
179.9953028545985
 51
270
  0
ARC
  5
635
330
1F
100
AcDbEntity
  8
TopSilkLayer
100
AcDbCircle
 10
42.798196597434526
 20
119.28079756159525
 30
0.0
 40
0.30982981965963935
100
AcDbArc
 50
359.9953028545985
 51
90
  0
ARC
  5
636
330
1F
100
AcDbEntity
  8
TopSilkLayer
100
AcDbCircle
 10
42.798196596393154
 20
118.48079756159518
 30
0.0
 40
0.30982981965963935
100
AcDbArc
 50
270
 51
0
  0
ARC
  5
637
330
1F
100
AcDbEntity
  8
TopSilkLayer
100
AcDbCircle
 10
65.72981965859844
 20
122.0002032004063
 30
0.0
 40
0.30982981965963935
100
AcDbArc
 50
179.9953028545985
 51
270
  0
ARC
  5
638
330
1F
100
AcDbEntity
  8
TopSilkLayer
100
AcDbCircle
 10
65.72981965963959
 20
122.80020320040649
 30
0.0
 40
0.30982981965963935
100
AcDbArc
 50
90
 51
180
  0
ARC
  5
639
330
1F
100
AcDbEntity
  8
TopSilkLayer
100
AcDbCircle
 10
67.89009398018811
 20
122.79974600053322
 30
0.0
 40
0.30982981965963935
100
AcDbArc
 50
359.99999980744815
 51
90
  0
ARC
  5
63a
330
1F
100
AcDbEntity
  8
TopSilkLayer
100
AcDbCircle
 10
67.89009398435269
 20
121.99972059840036
 30
0.0
 40
0.30982981965963935
100
AcDbArc
 50
270
 51
0.009394483264668997
  0
ARC
  5
63b
330
1F
100
AcDbEntity
  8
TopSilkLayer
100
AcDbCircle
 10
36.660807721615356
 20
122.18681737259351
 30
0.0
 40
0.30982981965963935
100
AcDbArc
 50
270
 51
0
  0
ARC
  5
63c
330
1F
100
AcDbEntity
  8
TopSilkLayer
100
AcDbCircle
 10
35.8608077216154
 20
122.18681737363465
 30
0.0
 40
0.30982981965963935
100
AcDbArc
 50
179.99999999998565
 51
270
  0
ARC
  5
63d
330
1F
100
AcDbEntity
  8
TopSilkLayer
100
AcDbCircle
 10
35.86126492148878
 20
124.3470916941834
 30
0.0
 40
0.30982981965963935
100
AcDbArc
 50
90
 51
179.99530285466332
  0
ARC
  5
63e
330
1F
100
AcDbEntity
  8
TopSilkLayer
100
AcDbCircle
 10
36.661290323621415
 20
124.34709169834821
 30
0.0
 40
0.30982981965963935
100
AcDbArc
 50
0
 51
90
  0
ARC
  5
63f
330
1F
100
AcDbEntity
  8
TopSilkLayer
100
AcDbCircle
 10
54.454203708407476
 20
25.67919735839473
 30
0.0
 40
0.15240030480060962
100
AcDbArc
 50
0
 51
90
  0
ARC
  5
640
330
1F
100
AcDbEntity
  8
TopSilkLayer
100
AcDbCircle
 10
52.95179070358131
 20
25.67919735839473
 30
0.0
 40
0.15240030480060962
100
AcDbArc
 50
90
 51
179.99999999999133
  0
ARC
  5
641
330
1F
100
AcDbEntity
  8
TopSilkLayer
100
AcDbCircle
 10
54.454203708407476
 20
22.05679451358901
 30
0.0
 40
0.15240030480060962
100
AcDbArc
 50
270
 51
0
  0
ARC
  5
642
330
1F
100
AcDbEntity
  8
TopSilkLayer
100
AcDbCircle
 10
52.95179070358131
 20
22.05679451358901
 30
0.0
 40
0.15240030480060962
100
AcDbArc
 50
180.00000000000867
 51
270
  0
ARC
  5
643
330
1F
100
AcDbEntity
  8
TopSilkLayer
100
AcDbCircle
 10
49.54719329438649
 20
20.97480314960626
 30
0.0
 40
0.15240030480060962
100
AcDbArc
 50
270
 51
359.9999999999913
  0
ARC
  5
644
330
1F
100
AcDbEntity
  8
TopSilkLayer
100
AcDbCircle
 10
49.54719329438649
 20
22.477216154432313
 30
0.0
 40
0.15240030480060962
100
AcDbArc
 50
0
 51
90
  0
ARC
  5
645
330
1F
100
AcDbEntity
  8
TopSilkLayer
100
AcDbCircle
 10
45.924790449580996
 20
20.97480314960626
 30
0.0
 40
0.15240030480060962
100
AcDbArc
 50
180.00000000000867
 51
270
  0
ARC
  5
646
330
1F
100
AcDbEntity
  8
TopSilkLayer
100
AcDbCircle
 10
45.924790449580996
 20
22.477216154432313
 30
0.0
 40
0.15240030480060962
100
AcDbArc
 50
90
 51
180
  0
ARC
  5
647
330
1F
100
AcDbEntity
  8
TopSilkLayer
100
AcDbCircle
 10
60.24018288140678
 20
22.839801879603783
 30
0.0
 40
0.30982981965963935
100
AcDbArc
 50
359.9953028545985
 51
90
  0
ARC
  5
648
330
1F
100
AcDbEntity
  8
TopSilkLayer
100
AcDbCircle
 10
60.24018288036564
 20
22.039801879603715
 30
0.0
 40
0.30982981965963935
100
AcDbArc
 50
270
 51
0
  0
ARC
  5
649
330
1F
100
AcDbEntity
  8
TopSilkLayer
100
AcDbCircle
 10
58.07990855981711
 20
22.040259079476982
 30
0.0
 40
0.30982981965963935
100
AcDbArc
 50
179.99999980746952
 51
270
  0
ARC
  5
64a
330
1F
100
AcDbEntity
  8
TopSilkLayer
100
AcDbCircle
 10
58.07990855565254
 20
22.84028448160973
 30
0.0
 40
0.30982981965963935
100
AcDbArc
 50
90
 51
180.00939448326469
  0
ARC
  5
64b
330
1F
100
AcDbEntity
  8
TopSilkLayer
100
AcDbCircle
 10
61.64218948437906
 20
19.761645923291894
 30
0.0
 40
0.15240030480060962
100
AcDbArc
 50
0
 51
90
  0
ARC
  5
64c
330
1F
100
AcDbEntity
  8
TopSilkLayer
100
AcDbCircle
 10
61.16578613157253
 20
19.761645923291894
 30
0.0
 40
0.15240030480060962
100
AcDbArc
 50
90
 51
180.00000000003476
  0
ARC
  5
64d
330
1F
100
AcDbEntity
  8
TopSilkLayer
100
AcDbCircle
 10
61.64218948437906
 20
18.69235458470905
 30
0.0
 40
0.15240030480060962
100
AcDbArc
 50
270
 51
0
  0
ARC
  5
64e
330
1F
100
AcDbEntity
  8
TopSilkLayer
100
AcDbCircle
 10
61.16578613157253
 20
18.69235458470905
 30
0.0
 40
0.15240030480060962
100
AcDbArc
 50
179.99999999996524
 51
270
  0
ARC
  5
64f
330
1F
100
AcDbEntity
  8
TopSilkLayer
100
AcDbCircle
 10
49.54719329438649
 20
23.014808229616506
 30
0.0
 40
0.15240030480060962
100
AcDbArc
 50
270
 51
359.9999999999913
  0
ARC
  5
650
330
1F
100
AcDbEntity
  8
TopSilkLayer
100
AcDbCircle
 10
49.54719329438649
 20
24.517221234442445
 30
0.0
 40
0.15240030480060962
100
AcDbArc
 50
0
 51
90
  0
ARC
  5
651
330
1F
100
AcDbEntity
  8
TopSilkLayer
100
AcDbCircle
 10
45.924790449580996
 20
23.014808229616506
 30
0.0
 40
0.15240030480060962
100
AcDbArc
 50
180.00000000000867
 51
270
  0
ARC
  5
652
330
1F
100
AcDbEntity
  8
TopSilkLayer
100
AcDbCircle
 10
45.924790449580996
 20
24.517221234442445
 30
0.0
 40
0.15240030480060962
100
AcDbArc
 50
90
 51
180
  0
ARC
  5
653
330
1F
100
AcDbEntity
  8
TopSilkLayer
100
AcDbCircle
 10
48.510185421411734
 20
18.198806197612498
 30
0.0
 40
0.30982981965963935
100
AcDbArc
 50
359.9953028545985
 51
90
  0
ARC
  5
654
330
1F
100
AcDbEntity
  8
TopSilkLayer
100
AcDbCircle
 10
48.51018542037059
 20
17.39880619761243
 30
0.0
 40
0.30982981965963935
100
AcDbArc
 50
270
 51
0
  0
ARC
  5
655
330
1F
100
AcDbEntity
  8
TopSilkLayer
100
AcDbCircle
 10
46.34991109982229
 20
17.399263397485583
 30
0.0
 40
0.30982981965963935
100
AcDbArc
 50
179.9999998074695
 51
270
  0
ARC
  5
656
330
1F
100
AcDbEntity
  8
TopSilkLayer
100
AcDbCircle
 10
46.34991109565749
 20
18.199288799618444
 30
0.0
 40
0.30982981965963935
100
AcDbArc
 50
90
 51
180.00939448330345
  0
ARC
  5
657
330
1F
100
AcDbEntity
  8
Document
100
AcDbCircle
 10
58.44902216151149
 20
19.530933187205505
 30
0.0
 40
0.07493014986029972
100
AcDbArc
 50
359.9254265059728
 51
354.82977057024874
  0
ARC
  5
658
330
1F
100
AcDbEntity
  8
Document
100
AcDbCircle
 10
58.26106178559098
 20
19.972894071127143
 30
0.0
 40
0.07493014986029972
100
AcDbArc
 50
359.92542650606566
 51
354.82977057025334
  0
ARC
  5
659
330
1F
100
AcDbEntity
  8
TopSilkLayer
100
AcDbCircle
 10
58.26106178559098
 20
19.972894071127143
 30
0.0
 40
0.07493014986029972
100
AcDbArc
 50
359.92542650606566
 51
354.82977057025334
  0
ARC
  5
65a
330
1F
100
AcDbEntity
  8
TopSilkLayer
100
AcDbCircle
 10
32.68862077724157
 20
20.88369316738624
 30
0.0
 40
0.30982981965963935
100
AcDbArc
 50
359.9999999999857
 51
90
  0
ARC
  5
65b
330
1F
100
AcDbEntity
  8
TopSilkLayer
100
AcDbCircle
 10
31.888620777241613
 20
20.8836931684275
 30
0.0
 40
0.30982981965963935
100
AcDbArc
 50
90
 51
180
  0
ARC
  5
65c
330
1F
100
AcDbEntity
  8
TopSilkLayer
100
AcDbCircle
 10
32.68280416560833
 20
18.70782321460524
 30
0.0
 40
0.30982981965963935
100
AcDbArc
 50
270
 51
0
  0
ARC
  5
65d
330
1F
100
AcDbEntity
  8
TopSilkLayer
100
AcDbCircle
 10
31.882804165608604
 20
18.7078232156465
 30
0.0
 40
0.30982981965963935
100
AcDbArc
 50
179.99999999998565
 51
270
  0
ARC
  5
65e
330
1F
100
AcDbEntity
  8
TopSilkLayer
100
AcDbCircle
 10
69.5663957327913
 20
122.27332994665994
 30
0.0
 40
0.30982981965963935
100
AcDbArc
 50
180.00000000000702
 51
270
  0
ARC
  5
65f
330
1F
100
AcDbEntity
  8
TopSilkLayer
100
AcDbCircle
 10
70.36639573279149
 20
122.2733299456188
 30
0.0
 40
0.30982981965963935
100
AcDbArc
 50
270
 51
0
  0
ARC
  5
660
330
1F
100
AcDbEntity
  8
TopSilkLayer
100
AcDbCircle
 10
69.57221234442454
 20
124.44919989944094
 30
0.0
 40
0.30982981965963935
100
AcDbArc
 50
90
 51
180
  0
ARC
  5
661
330
1F
100
AcDbEntity
  8
TopSilkLayer
100
AcDbCircle
 10
70.37221234442472
 20
124.4491998983998
 30
0.0
 40
0.30982981965963935
100
AcDbArc
 50
359.9999999999857
 51
90
  0
ARC
  5
662
330
1F
100
AcDbEntity
  8
TopSilkLayer
100
AcDbCircle
 10
35.10180340360694
 20
117.68178816357647
 30
0.0
 40
0.15240030480060962
100
AcDbArc
 50
180
 51
270
  0
ARC
  5
663
330
1F
100
AcDbEntity
  8
TopSilkLayer
100
AcDbCircle
 10
36.60421640843265
 20
117.68178816357647
 30
0.0
 40
0.15240030480060962
100
AcDbArc
 50
270
 51
359.99999999999136
  0
ARC
  5
664
330
1F
100
AcDbEntity
  8
TopSilkLayer
100
AcDbCircle
 10
35.10180340360694
 20
121.30419100838196
 30
0.0
 40
0.15240030480060962
100
AcDbArc
 50
90
 51
180
  0
ARC
  5
665
330
1F
100
AcDbEntity
  8
TopSilkLayer
100
AcDbCircle
 10
36.60421640843265
 20
121.30419100838196
 30
0.0
 40
0.15240030480060962
100
AcDbArc
 50
0
 51
90
  0
ARC
  5
666
330
1F
100
AcDbEntity
  8
TopSilkLayer
100
AcDbCircle
 10
32.00332740665476
 20
122.24460248920502
 30
0.0
 40
0.30982981965963935
100
AcDbArc
 50
90
 51
180
  0
ARC
  5
667
330
1F
100
AcDbEntity
  8
TopSilkLayer
100
AcDbCircle
 10
32.00332740561362
 20
121.44460248920495
 30
0.0
 40
0.30982981965963935
100
AcDbArc
 50
179.9953028545985
 51
270
  0
ARC
  5
668
330
1F
100
AcDbEntity
  8
TopSilkLayer
100
AcDbCircle
 10
34.17919735943565
 20
122.23878587757179
 30
0.0
 40
0.30982981965963935
100
AcDbArc
 50
359.9953028545985
 51
90
  0
ARC
  5
669
330
1F
100
AcDbEntity
  8
TopSilkLayer
100
AcDbCircle
 10
34.179197358394504
 20
121.43878587757172
 30
0.0
 40
0.30982981965963935
100
AcDbArc
 50
270
 51
0
0
TEXT
5
db1
100
AcDbEntity
8
TopSilkLayer
7
NotoSansCJKsc-DemiLight
461
1.7000000000000002
100
AcDbText
10
16.881127762255574
20
8.670053340106733
30
0
40
1.7000000000000002
1
HyphenElemental 4060XR
50
0
71
1
100
AcDbText
0
TEXT
5
db2
100
AcDbEntity
8
TopSilkLayer
7
NotoSansCJKsc-DemiLight
461
1.8000000000000003
100
AcDbText
10
4.182118364236885
20
123.57302514605033
30
0
40
1.8000000000000003
1
Built with love in TL
50
0
71
1
100
AcDbText
0
TEXT
5
db3
100
AcDbEntity
8
TopSilkLayer
7

461
2.0320040640081283
100
AcDbText
10
1.1219202438404636
20
18.972059944119906
30
0
40
2.0320040640081283
1
M1
50
0
71
1
100
AcDbText
0
TEXT
5
db4
100
AcDbEntity
8
TopSilkLayer
7

461
2.0320040640081283
100
AcDbText
10
74.66395732791466
20
18.665989331978608
30
0
40
2.0320040640081283
1
M2
50
0
71
1
100
AcDbText
0
TEXT
5
db5
100
AcDbEntity
8
TopSilkLayer
7

461
2.0320040640081283
100
AcDbText
10
8.822961645923215
20
133.7218694437389
30
0
40
2.0320040640081283
1
M3
50
0
71
1
100
AcDbText
0
TEXT
5
db6
100
AcDbEntity
8
TopSilkLayer
7

461
2.0320040640081283
100
AcDbText
10
74.56210312420626
20
133.7729235458471
30
0
40
2.0320040640081283
1
M4
50
0
71
1
100
AcDbText
0
TEXT
5
db7
100
AcDbEntity
8
TopSilkLayer
7

461
2.0320040640081283
100
AcDbText
10
1.530099060198154
20
25.245110490220895
30
0
40
2.0320040640081283
1
R1
50
0
71
1
100
AcDbText
0
TEXT
5
db8
100
AcDbEntity
8
TopSilkLayer
7

461
2.0320040640081283
100
AcDbText
10
74.25603251206485
20
25.5509271018542
30
0
40
2.0320040640081283
1
R2
50
0
71
1
100
AcDbText
0
TEXT
5
db9
100
AcDbEntity
8
TopSilkLayer
7

461
2.0320040640081283
100
AcDbText
10
1.3769367538734514
20
107.55905511811022
30
0
40
2.0320040640081283
1
R3
50
0
71
1
100
AcDbText
0
TEXT
5
dba
100
AcDbEntity
8
TopSilkLayer
7

461
2.0320040640081283
100
AcDbText
10
74.25603251206485
20
107.55905511811022
30
0
40
2.0320040640081283
1
R4
50
0
71
1
100
AcDbText
0
TEXT
5
dbb
100
AcDbEntity
8
TopSilkLayer
7

461
2.0320040640081283
100
AcDbText
10
11.678943357886737
20
11.526035052070142
30
0
40
2.0320040640081283
1
P1
50
0
71
1
100
AcDbText
0
TEXT
5
dbc
100
AcDbEntity
8
TopSilkLayer
7

461
2.0320040640081283
100
AcDbText
10
64.20904241808489
20
11.985013970027921
30
0
40
2.0320040640081283
1
P2
50
0
71
1
100
AcDbText
0
TEXT
5
dbd
100
AcDbEntity
8
TopSilkLayer
7

461
2.0320040640081283
100
AcDbText
10
1.1219202438404636
20
91.08610617221245
30
0
40
2.0320040640081283
1
P3
50
0
71
1
100
AcDbText
0
TEXT
5
dbe
100
AcDbEntity
8
TopSilkLayer
7

461
2.0320040640081283
100
AcDbText
10
74.66395732791466
20
90.32105664211326
30
0
40
2.0320040640081283
1
P4
50
0
71
1
100
AcDbText
0
TEXT
5
dbf
100
AcDbEntity
8
TopSilkLayer
7

461
1
100
AcDbText
10
42.38100076200158
20
17.799085598171132
30
0
40
1
1
5V
50
0
71
1
100
AcDbText
0
TEXT
5
dc0
100
AcDbEntity
8
TopSilkLayer
7

461
1
100
AcDbText
10
33.60909321818667
20
17.84988569977145
30
0
40
1
1
GND
50
0
71
1
100
AcDbText
0
TEXT
5
dc1
100
AcDbEntity
8
TopSilkLayer
7

461
2.0320040640081283
100
AcDbText
10
1.530099060198154
20
118.1160782321565
30
0
40
2.0320040640081283
1
R5
50
0
71
1
100
AcDbText
0
TEXT
5
dc2
100
AcDbEntity
8
TopSilkLayer
7

461
2.0320040640081283
100
AcDbText
10
74.30708661417316
20
117.96291592583191
30
0
40
2.0320040640081283
1
R6
50
0
71
1
100
AcDbText
0
TEXT
5
dc3
100
AcDbEntity
8
TopSilkLayer
7
NotoSansCJKsc-DemiLight
461
1.7000000000000002
100
AcDbText
10
48.960121920243864
20
134.74193548387098
30
0
40
1.7000000000000002
1
Solar Rev
50
0
71
1
100
AcDbText
0
TEXT
5
dc4
100
AcDbEntity
8
TopSilkLayer
7
NotoSansCJKsc-DemiLight
461
1.7000000000000002
100
AcDbText
10
29.73304546609097
20
134.84404368808737
30
0
40
1.7000000000000002
1
Charging
50
0
71
1
100
AcDbText
0
TEXT
5
dc5
100
AcDbEntity
8
TopSilkLayer
7
NotoSansCJKsc-DemiLight
461
1.7000000000000002
100
AcDbText
10
40.953009906019815
20
134.94589789179588
30
0
40
1.7000000000000002
1
Solar
50
0
71
1
100
AcDbText
0
TEXT
5
dc6
100
AcDbEntity
8
TopSilkLayer
7

461
2.0320040640081283
100
AcDbText
10
1.683007366014749
20
58.34391668783337
30
0
40
2.0320040640081283
1
P5
50
0
71
1
100
AcDbText
0
TEXT
5
dc7
100
AcDbEntity
8
TopSilkLayer
7

461
2.0320040640081283
100
AcDbText
10
74.05207010414006
20
58.85394970789946
30
0
40
2.0320040640081283
1
P6
50
0
71
1
100
AcDbText
0
TEXT
5
dc8
100
AcDbEntity
8
TopSilkLayer
7
NotoSerifCJKsc-Medium
461
2.4000000000000004
100
AcDbText
10
59.56794513589034
20
124.33807467614929
30
0
40
2.4000000000000004
1
-  +
50
0
71
1
100
AcDbText
0
TEXT
5
dc9
100
AcDbEntity
8
TopSilkLayer
7

461
1
100
AcDbText
10
36.72009144018284
20
17.84988569977145
30
0
40
1
1
SCL
50
0
71
1
100
AcDbText
0
TEXT
5
dca
100
AcDbEntity
8
TopSilkLayer
7

461
1
100
AcDbText
10
39.473964947929744
20
17.84988569977145
30
0
40
1
1
SDA
50
0
71
1
100
AcDbText
0
TEXT
5
dcb
100
AcDbEntity
8
TopSilkLayer
7
NotoSansCJKsc-DemiLight
461
1.7000000000000002
100
AcDbText
10
40.39192278384553
20
130.3050546101092
30
0
40
1.7000000000000002
1
Fault
50
0
71
1
100
AcDbText
0
TEXT
5
dcc
100
AcDbEntity
8
TopSilkLayer
7

461
2.0320040640081283
100
AcDbText
10
48.960121920243864
20
102.51003302006598
30
0
40
2.0320040640081283
1
+
50
0
71
1
100
AcDbText
0
TEXT
5
dcd
100
AcDbEntity
8
TopSilkLayer
7

461
2.0320040640081283
100
AcDbText
10
49.265938531877055
20
42.68707137414276
30
0
40
2.0320040640081283
1
-
50
0
71
1
100
AcDbText
0
TEXT
5
dce
100
AcDbEntity
8
TopSilkLayer
7

461
2.0320040640081283
100
AcDbText
10
29.478028956058097
20
42.73787147574296
30
0
40
2.0320040640081283
1
+
50
0
71
1
100
AcDbText
0
TEXT
5
dcf
100
AcDbEntity
8
TopSilkLayer
7

461
2.0320040640081283
100
AcDbText
10
29.52908305816618
20
101.9489458978918
30
0
40
2.0320040640081283
1
-
50
0
71
1
100
AcDbText
0
TEXT
5
dd0
100
AcDbEntity
8
TopSilkLayer
7

461
1.143002286004572
100
AcDbText
10
68.34010668021347
20
20.400050800101667
30
0
40
1.143002286004572
1
R21
50
0
71
1
100
AcDbText
0
TEXT
5
dd1
100
AcDbEntity
8
TopSilkLayer
7

461
1.143002286004572
100
AcDbText
10
49.164084328168656
20
132.03886207772416
30
0
40
1.143002286004572
1
R20
50
0
71
1
100
AcDbText
0
TEXT
5
dd2
100
AcDbEntity
8
TopSilkLayer
7

461
1.143002286004572
100
AcDbText
10
63.291084582169105
20
123.67487934975873
30
0
40
1.143002286004572
1
R6
50
0
71
1
100
AcDbText
0
TEXT
5
dd3
100
AcDbEntity
8
TopSilkLayer
7

461
1.143002286004572
100
AcDbText
10
62.98501397002792
20
117.24892049784103
30
0
40
1.143002286004572
1
R7
50
90
71
1
100
AcDbText
0
TEXT
5
dd4
100
AcDbEntity
8
TopSilkLayer
7

461
1.143002286004572
100
AcDbText
10
55.182118364236885
20
121.2778765557531
30
0
40
1.143002286004572
1
R10
50
90
71
1
100
AcDbText
0
TEXT
5
dd5
100
AcDbEntity
8
TopSilkLayer
7

461
1.143002286004572
100
AcDbText
10
23.256032512065076
20
23.918973837947647
30
0
40
1.143002286004572
1
R14
50
0
71
1
100
AcDbText
0
TEXT
5
dd6
100
AcDbEntity
8
TopSilkLayer
7

461
1.143002286004572
100
AcDbText
10
31.05892811785634
20
28.610871221742514
30
0
40
1.143002286004572
1
R15
50
0
71
1
100
AcDbText
0
TEXT
5
dd7
100
AcDbEntity
8
TopSilkLayer
7

461
1.143002286004572
100
AcDbText
10
32.84404368808737
20
22.083058166116302
30
0
40
1.143002286004572
1
R19
50
0
71
1
100
AcDbText
0
TEXT
5
dd8
100
AcDbEntity
8
TopSilkLayer
7

461
1.143002286004572
100
AcDbText
10
37.58699517399032
20
126.68402336804672
30
0
40
1.143002286004572
1
R4
50
0
71
1
100
AcDbText
0
TEXT
5
dd9
100
AcDbEntity
8
TopSilkLayer
7

461
1.143002286004572
100
AcDbText
10
45.644907289814455
20
125.15392430784868
30
0
40
1.143002286004572
1
R5
50
0
71
1
100
AcDbText
0
TEXT
5
dda
100
AcDbEntity
8
TopSilkLayer
7

461
1.143002286004572
100
AcDbText
10
45.390144780289575
20
135.33096266192524
30
0
40
1.143002286004572
1
R2
50
270
71
1
100
AcDbText
0
TEXT
5
ddb
100
AcDbEntity
8
TopSilkLayer
7

461
1.143002286004572
100
AcDbText
10
49.82702565405134
20
20.55295910591815
30
0
40
1.143002286004572
1
C6
50
270
71
1
100
AcDbText
0
TEXT
5
ddc
100
AcDbEntity
8
TopSilkLayer
7

461
1.143002286004572
100
AcDbText
10
40.800101600203334
20
124.6438912877826
30
0
40
1.143002286004572
1
U2
50
0
71
1
100
AcDbText
0
TEXT
5
ddd
100
AcDbEntity
8
TopSilkLayer
7

461
1.143002286004572
100
AcDbText
10
23.71501143002297
20
21.929895859791827
30
0
40
1.143002286004572
1
C3
50
0
71
1
100
AcDbText
0
TEXT
5
dde
100
AcDbEntity
8
TopSilkLayer
7

461
1.143002286004572
100
AcDbText
10
51.05105410210831
20
123.01193802387604
30
0
40
1.143002286004572
1
D4
50
0
71
1
100
AcDbText
0
TEXT
5
ddf
100
AcDbEntity
8
TopSilkLayer
7

461
1.143002286004572
100
AcDbText
10
38.249936499873
20
118.1668783337567
30
0
40
1.143002286004572
1
C2
50
0
71
1
100
AcDbText
0
TEXT
5
de0
100
AcDbEntity
8
TopSilkLayer
7

461
1.143002286004572
100
AcDbText
10
53.87630175260347
20
114.66090932181862
30
0
40
1.143002286004572
1
U6
50
270
71
1
100
AcDbText
0
TEXT
5
de1
100
AcDbEntity
8
TopSilkLayer
7

461
1.143002286004572
100
AcDbText
10
63.291084582169105
20
121.73710947421898
30
0
40
1.143002286004572
1
C4
50
0
71
1
100
AcDbText
0
TEXT
5
de2
100
AcDbEntity
8
TopSilkLayer
7

461
1.143002286004572
100
AcDbText
10
25.040894081788338
20
111.18008636017271
30
0
40
1.143002286004572
1
L2
50
0
71
1
100
AcDbText
0
TEXT
5
de3
100
AcDbEntity
8
TopSilkLayer
7

461
1.143002286004572
100
AcDbText
10
63.80111760223531
20
20.29794259588516
30
0
40
1.143002286004572
1
R3
50
0
71
1
100
AcDbText
0
TEXT
5
de4
100
AcDbEntity
8
TopSilkLayer
7

461
1.143002286004572
100
AcDbText
10
55.182118364236885
20
20.348996697993357
30
0
40
1.143002286004572
1
R18
50
0
71
1
100
AcDbText
0
TEXT
5
de5
100
AcDbEntity
8
TopSilkLayer
7

461
1.143002286004572
100
AcDbText
10
43.86004572009142
20
26.060960121920175
30
0
40
1.143002286004572
1
U1
50
0
71
1
100
AcDbText
0
TEXT
5
de6
100
AcDbEntity
8
TopSilkLayer
7

461
1.143002286004572
100
AcDbText
10
9.639065278130602
20
106.94691389382785
30
0
40
1.143002286004572
1
BT1
50
0
71
1
100
AcDbText
0
TEXT
5
de7
100
AcDbEntity
8
TopSilkLayer
7

461
1.143002286004572
100
AcDbText
10
45.16154432308872
20
29.68122936245868
30
0
40
1.143002286004572
1
BT2
50
0
71
1
100
AcDbText
0
TEXT
5
de8
100
AcDbEntity
8
TopSilkLayer
7

461
1.143002286004572
100
AcDbText
10
67.7279654559311
20
107.50800101600203
30
0
40
1.143002286004572
1
BT3
50
0
71
1
100
AcDbText
0
TEXT
5
de9
100
AcDbEntity
8
TopSilkLayer
7

461
1.143002286004572
100
AcDbText
10
33.40513081026165
20
122.65506731013465
30
0
40
1.143002286004572
1
C8
50
0
71
1
100
AcDbText
0
TEXT
5
dea
100
AcDbEntity
8
TopSilkLayer
7

461
1.143002286004572
100
AcDbText
10
52.22402844805697
20
119.44196088392175
30
0
40
1.143002286004572
1
R28
50
90
71
1
100
AcDbText
0
TEXT
5
deb
100
AcDbEntity
8
TopSilkLayer
7

461
1.143002286004572
100
AcDbText
10
37.07696215392434
20
126.68402336804672
30
0
40
1.143002286004572
1
U7
50
90
71
1
100
AcDbText
0
TEXT
5
dec
100
AcDbEntity
8
TopSilkLayer
7

461
1.143002286004572
100
AcDbText
10
54.9779019558041
20
25.85674371348739
30
0
40
1.143002286004572
1
C12
50
270
71
1
100
AcDbText
0
TEXT
5
ded
100
AcDbEntity
8
TopSilkLayer
7

461
1.143002286004572
100
AcDbText
10
49.82702565405134
20
23.153924307848683
30
0
40
1.143002286004572
1
C16
50
270
71
1
100
AcDbText
0
TEXT
5
dee
100
AcDbEntity
8
TopSilkLayer
7

461
1.143002286004572
100
AcDbText
10
60.740919481839
20
21.87909575819151
30
0
40
1.143002286004572
1
C23
50
0
71
1
100
AcDbText
0
TEXT
5
def
100
AcDbEntity
8
TopSilkLayer
7

461
1.143002286004572
100
AcDbText
10
61.14909829819658
20
18.359918719837424
30
0
40
1.143002286004572
1
C24
50
270
71
1
100
AcDbText
0
TEXT
5
df0
100
AcDbEntity
8
TopSilkLayer
7

461
1.143002286004572
100
AcDbText
10
45.79806959613916
20
24.887985775971515
30
0
40
1.143002286004572
1
C25
50
0
71
1
100
AcDbText
0
TEXT
5
df1
100
AcDbEntity
8
TopSilkLayer
7

461
1.143002286004572
100
AcDbText
10
46.05308610617226
20
15.7081534163068
30
0
40
1.143002286004572
1
C26
50
0
71
1
100
AcDbText
0
TEXT
5
df2
100
AcDbEntity
8
TopSilkLayer
7

461
1.143002286004572
100
AcDbText
10
59.77190754381513
20
15.810007620015313
30
0
40
1.143002286004572
1
R16
50
270
71
1
100
AcDbText
0
TEXT
5
df3
100
AcDbEntity
8
TopSilkLayer
7

461
1.143002286004572
100
AcDbText
10
62.62788925577843
20
16.931927863855776
30
0
40
1.143002286004572
1
R25
50
270
71
1
100
AcDbText
0
TEXT
5
df4
100
AcDbEntity
8
TopSilkLayer
7

461
1.143002286004572
100
AcDbText
10
65.73888747777505
20
19.83896367792738
30
0
40
1.143002286004572
1
R26
50
270
71
1
100
AcDbText
0
TEXT
5
df5
100
AcDbEntity
8
TopSilkLayer
7

461
1.143002286004572
100
AcDbText
10
57.680975361950686
20
16.626111252222472
30
0
40
1.143002286004572
1
U3
50
0
71
1
100
AcDbText
0
TEXT
5
df6
100
AcDbEntity
8
TopSilkLayer
7

461
1.143002286004572
100
AcDbText
10
57.579121158242515
20
13.464058928117765
30
0
40
1.143002286004572
1
L1
50
0
71
1
100
AcDbText
0
TEXT
5
df7
100
AcDbEntity
8
TopSilkLayer
7

461
1.143002286004572
100
AcDbText
10
50.43891287782594
20
123.72593345186692
30
0
40
1.143002286004572
1
R1
50
90
71
1
100
AcDbText
0
TEXT
5
df8
100
AcDbEntity
8
TopSilkLayer
7

461
1.143002286004572
100
AcDbText
10
24.836931673863546
20
121.78790957581907
30
0
40
1.143002286004572
1
Q1
50
0
71
1
100
AcDbText
0
TEXT
5
df9
100
AcDbEntity
8
TopSilkLayer
7

461
1.143002286004572
100
AcDbText
10
19.94107188214366
20
113.88290576581153
30
0
40
1.143002286004572
1
Q2
50
0
71
1
100
AcDbText
0
TEXT
5
dfa
100
AcDbEntity
8
TopSilkLayer
7

461
1.143002286004572
100
AcDbText
10
45.899923799847556
20
120.30886461772923
30
0
40
1.143002286004572
1
R11
50
270
71
1
100
AcDbText
0
TEXT
5
dfb
100
AcDbEntity
8
TopSilkLayer
7

461
1.143002286004572
100
AcDbText
10
46.05308610617226
20
123.72593345186692
30
0
40
1.143002286004572
1
R9
50
0
71
1
100
AcDbText
0
TEXT
5
dfc
100
AcDbEntity
8
TopSilkLayer
7

461
1.143002286004572
100
AcDbText
10
46.66497332994663
20
129.94792989585983
30
0
40
1.143002286004572
1
R8
50
270
71
1
100
AcDbText
0
TEXT
5
dfd
100
AcDbEntity
8
TopSilkLayer
7

461
1.143002286004572
100
AcDbText
10
34.57810515621031
20
131.78409956819905
30
0
40
1.143002286004572
1
R17
50
0
71
1
100
AcDbText
0
TEXT
5
dfe
100
AcDbEntity
8
TopSilkLayer
7

461
1.143002286004572
100
AcDbText
10
25.70408940817879
20
116.78994157988325
30
0
40
1.143002286004572
1
R13
50
90
71
1
100
AcDbText
0
TEXT
5
dff
100
AcDbEntity
8
TopSilkLayer
7

461
1.143002286004572
100
AcDbText
10
23.459994919989867
20
11.474980949961946
30
0
40
1.143002286004572
1
BATTER_CHR
50
0
71
1
100
AcDbText
0
TEXT
5
e00
100
AcDbEntity
8
TopSilkLayer
7

461
1.143002286004572
100
AcDbText
10
31.364998729997524
20
16.727965455930985
30
0
40
1.143002286004572
1
C9
50
0
71
1
100
AcDbText
0
TEXT
5
e01
100
AcDbEntity
8
TopSilkLayer
7

461
1.143002286004572
100
AcDbText
10
70.78790957581919
20
125.10287020574049
30
0
40
1.143002286004572
1
C11
50
90
71
1
100
AcDbText
0
TEXT
5
e02
100
AcDbEntity
8
TopSilkLayer
7

461
1.143002286004572
100
AcDbText
10
31.007874015748257
20
132.03886207772416
30
0
40
1.143002286004572
1
LED1
50
0
71
1
100
AcDbText
0
TEXT
5
e03
100
AcDbEntity
8
TopSilkLayer
7

461
1.143002286004572
100
AcDbText
10
39.98399796799595
20
126.88798577597152
30
0
40
1.143002286004572
1
LED2
50
0
71
1
100
AcDbText
0
TEXT
5
e04
100
AcDbEntity
8
TopSilkLayer
7

461
1.143002286004572
100
AcDbText
10
41.004064008128125
20
131.63093726187458
30
0
40
1.143002286004572
1
LED3
50
0
71
1
100
AcDbText
0
TEXT
5
e05
100
AcDbEntity
8
TopSilkLayer
7

461
1.143002286004572
100
AcDbText
10
48.6029972059946
20
120.61493522987041
30
0
40
1.143002286004572
1
R12
50
90
71
1
100
AcDbText
0
TEXT
5
e06
100
AcDbEntity
8
TopSilkLayer
7

461
1.143002286004572
100
AcDbText
10
72.16510033020063
20
114.6990093980188
30
0
40
1.143002286004572
1
SOLAR_V1
50
90
71
1
100
AcDbText
0
TEXT
5
e07
100
AcDbEntity
8
TopSilkLayer
7

461
1.143002286004572
100
AcDbText
10
23.91897383794776
20
124.3888747777496
30
0
40
1.143002286004572
1
SW
50
0
71
1
100
AcDbText
0
TEXT
5
e08
100
AcDbEntity
8
TopSilkLayer
7

461
1.143002286004572
100
AcDbText
10
57.2730505461011
20
123.67487934975873
30
0
40
1.143002286004572
1
SOLAR1
50
0
71
1
100
AcDbText
0
TEXT
5
e09
100
AcDbEntity
8
TopSilkLayer
7

461
1.143002286004572
100
AcDbText
10
38.1480822961646
20
118.0139700279401
30
0
40
1.143002286004572
1
C1
50
90
71
1
100
AcDbText
0
TEXT
5
e0a
100
AcDbEntity
8
TopSilkLayer
7

461
1.143002286004572
100
AcDbText
10
29.58013716027449
20
121.2778765557531
30
0
40
1.143002286004572
1
C7
50
0
71
1
100
AcDbText
0
TEXT
5
e0b
100
AcDbEntity
8
TopSilkLayer
7

461
1.143002286004572
100
AcDbText
10
36.66903733807476
20
115.10693421386839
30
0
40
1.143002286004572
1
D1
50
0
71
1
100
AcDbText
0
TEXT
5
e0c
100
AcDbEntity
8
TopSilkLayer
7

461
1.143002286004572
100
AcDbText
10
25.95910591821189
20
118.72796545593087
30
0
40
1.143002286004572
1
D2
50
0
71
1
100
AcDbText
0
TEXT
5
e0d
100
AcDbEntity
8
TopSilkLayer
7

461
1.143002286004572
100
AcDbText
10
57.11988823977663
20
118.72796545593087
30
0
40
1.143002286004572
1
D3
50
270
71
1
100
AcDbText
0
TEXT
5
e0e
100
AcDbEntity
8
TopSilkLayer
7

461
1.143002286004572
100
AcDbText
10
52.37693675387345
20
131.84023368046735
30
0
40
1.143002286004572
1
LD2
50
0
71
1
100
AcDbText
0
TEXT
5
e0f
100
AcDbEntity
8
TopSilkLayer
7

461
1.143002286004572
100
AcDbText
10
25.90805181610358
20
114.4439928879857
30
0
40
1.143002286004572
1
U5
50
90
71
1
100
AcDbText
  0
CIRCLE
  5
66a
330
1F
100
AcDbEntity
  8
Document
100
AcDbCircle
 10
43.242316484632966
 20
120.67310134620277
 30
0.0
 40
0.15011430022860048
  0
CIRCLE
  5
66b
330
1F
100
AcDbEntity
  8
TopSilkLayer
100
AcDbCircle
 10
42.51714503429025
 20
120.03886207772416
 30
0.0
 40
0.15011430022860048
  0
CIRCLE
  5
66c
330
1F
100
AcDbEntity
  8
TopSilkLayer
100
AcDbCircle
 10
16.677165354330782
 20
95.79603759207521
 30
0.0
 40
1.600203200406401
  0
CIRCLE
  5
66d
330
1F
100
AcDbEntity
  8
TopSilkLayer
100
AcDbCircle
 10
16.677165354330782
 20
40.16992633985262
 30
0.0
 40
1.600203200406401
  0
CIRCLE
  5
66e
330
1F
100
AcDbEntity
  8
Document
100
AcDbCircle
 10
24.677165354330782
 20
103.82296164592333
 30
0.0
 40
0.3929387858775718
  0
CIRCLE
  5
66f
330
1F
100
AcDbEntity
  8
TopSilkLayer
100
AcDbCircle
 10
39.550419100838326
 20
42.71983743967496
 30
0.0
 40
1.600203200406401
  0
CIRCLE
  5
670
330
1F
100
AcDbEntity
  8
TopSilkLayer
100
AcDbCircle
 10
39.550419100838326
 20
98.34594869189743
 30
0.0
 40
1.600203200406401
  0
CIRCLE
  5
671
330
1F
100
AcDbEntity
  8
Document
100
AcDbCircle
 10
31.5504191008381
 20
34.69291338582673
 30
0.0
 40
0.3929387858775718
  0
CIRCLE
  5
672
330
1F
100
AcDbEntity
  8
TopSilkLayer
100
AcDbCircle
 10
62.42418084836186
 20
95.79603759207521
 30
0.0
 40
1.600203200406401
  0
CIRCLE
  5
673
330
1F
100
AcDbEntity
  8
TopSilkLayer
100
AcDbCircle
 10
62.42418084836186
 20
40.16992633985262
 30
0.0
 40
1.600203200406401
  0
CIRCLE
  5
674
330
1F
100
AcDbEntity
  8
Document
100
AcDbCircle
 10
70.42418084836186
 20
103.82296164592333
 30
0.0
 40
0.3929387858775718
  0
CIRCLE
  5
675
330
1F
100
AcDbEntity
  8
Document
100
AcDbCircle
 10
51.80899161798311
 20
14.48107696215402
 30
0.0
 40
0.19989839979679963
  0
CIRCLE
  5
676
330
1F
100
AcDbEntity
  8
TopSilkLayer
100
AcDbCircle
 10
51.80899161798311
 20
14.48107696215402
 30
0.0
 40
0.19989839979679963
  0
CIRCLE
  5
677
330
1F
100
AcDbEntity
  8
Document
100
AcDbCircle
 10
22.319278638557307
 20
122.26822453644911
 30
0.0
 40
0.15011430022860048
  0
CIRCLE
  5
678
330
1F
100
AcDbEntity
  8
TopSilkLayer
100
AcDbCircle
 10
18.82321564643121
 20
116.31292862585724
 30
0.0
 40
0.15011430022860048
  0
CIRCLE
  5
679
330
1F
100
AcDbEntity
  8
TopSilkLayer
100
AcDbCircle
 10
20.826517653035353
 20
115.56642113284227
 30
0.0
 40
0.15011430022860048
  0
CIRCLE
  5
67a
330
1F
100
AcDbEntity
  8
Document
100
AcDbCircle
 10
21.454152908305787
 20
116.31292862585724
 30
0.0
 40
0.15011430022860048
  0
CIRCLE
  5
67b
330
1F
100
AcDbEntity
  8
TopSilkLayer
100
AcDbCircle
 10
26.55270510541004
 20
16.774701549403062
 30
0.0
 40
0.15011430022860048
  0
CIRCLE
  5
67c
330
1F
100
AcDbEntity
  8
TopSilkLayer
100
AcDbCircle
 10
25.80619761239518
 20
14.771399542799145
 30
0.0
 40
0.15011430022860048
  0
CIRCLE
  5
67d
330
1F
100
AcDbEntity
  8
Document
100
AcDbCircle
 10
26.55270510541004
 20
14.143764287528597
 30
0.0
 40
0.15011430022860048
  0
CIRCLE
  5
67e
330
1F
100
AcDbEntity
  8
TopSilkLayer
100
AcDbCircle
 10
66.07797815595632
 20
116.58191516383033
 30
0.0
 40
0.15011430022860048
  0
CIRCLE
  5
67f
330
1F
100
AcDbEntity
  8
TopSilkLayer
100
AcDbCircle
 10
65.33147066294146
 20
114.5786131572263
 30
0.0
 40
0.15011430022860048
  0
CIRCLE
  5
680
330
1F
100
AcDbEntity
  8
Document
100
AcDbCircle
 10
66.07797815595632
 20
113.95097790195587
 30
0.0
 40
0.15011430022860048
  0
CIRCLE
  5
681
330
1F
100
AcDbEntity
  8
TopSolderMaskLayer
100
AcDbCircle
 10
75.98999237998464
 20
115.2089916179832
 30
0.0
 40
1.5449961899923803
  0
CIRCLE
  5
682
330
1F
100
AcDbEntity
  8
TopSolderMaskLayer
100
AcDbCircle
 10
75.99009398018802
 20
115.20904241808489
 30
0.0
 40
2.05999491998984
0
HATCH
5
683
100
AcDbEntity
8
TopSolderMaskLayer
100
AcDbHatch
10
0
20
0
30
0
210
0
220
0
230
1
2
SOLID
70
1
71
0
91
1
92
7
72
1
73
1
93
2
10
73.93009906019819
20
115.20904241808489
42
1
10
78.05008890017785
20
115.20904241808489
42
1
97
1
330

75
0
76
1
47
0.8681437583925616
98
1
10
3.629517071192367
20
33.92795499968543
450
0
451
0
460
0
461
0
452
1
462
1
453
2
463
0
63
5
421
255
463
1
63
7
421
16777215
470
LINEAR
1001
ACAD
1010
0
1020
0
1030
0
  0
CIRCLE
  5
684
330
1F
100
AcDbEntity
  8
BottomSolderMaskLayer
100
AcDbCircle
 10
75.98999237998464
 20
115.2089916179832
 30
0.0
 40
1.5449961899923803
  0
CIRCLE
  5
685
330
1F
100
AcDbEntity
  8
BottomSolderMaskLayer
100
AcDbCircle
 10
75.99009398018802
 20
115.20904241808489
 30
0.0
 40
2.05999491998984
0
HATCH
5
686
100
AcDbEntity
8
BottomSolderMaskLayer
100
AcDbHatch
10
0
20
0
30
0
210
0
220
0
230
1
2
SOLID
70
1
71
0
91
1
92
7
72
1
73
1
93
2
10
73.93009906019819
20
115.20904241808489
42
1
10
78.05008890017785
20
115.20904241808489
42
1
97
1
330

75
0
76
1
47
0.8681437583925616
98
1
10
3.629517071192367
20
33.92795499968543
450
0
451
0
460
0
461
0
452
1
462
1
453
2
463
0
63
5
421
255
463
1
63
7
421
16777215
470
LINEAR
1001
ACAD
1010
0
1020
0
1030
0
  0
CIRCLE
  5
687
330
1F
100
AcDbEntity
  8
Multi-Layer
100
AcDbCircle
 10
75.98999237998464
 20
115.2089916179832
 30
0.0
 40
1.5000000000000002
  0
CIRCLE
  5
688
330
1F
100
AcDbEntity
  8
Multi-Layer
100
AcDbCircle
 10
75.99009398018802
 20
115.20904241808489
 30
0.0
 40
2
  0
CIRCLE
  5
689
330
1F
100
AcDbEntity
  8
TopSolderMaskLayer
100
AcDbCircle
 10
2.75412750825501
 20
115.15798831597658
 30
0.0
 40
1.5449961899923803
  0
CIRCLE
  5
68a
330
1F
100
AcDbEntity
  8
TopSolderMaskLayer
100
AcDbCircle
 10
2.75412750825501
 20
115.15798831597658
 30
0.0
 40
2.05999491998984
0
HATCH
5
68b
100
AcDbEntity
8
TopSolderMaskLayer
100
AcDbHatch
10
0
20
0
30
0
210
0
220
0
230
1
2
SOLID
70
1
71
0
91
1
92
7
72
1
73
1
93
2
10
0.6941325882651701
20
115.15798831597658
42
1
10
4.8141224282448505
20
115.15798831597658
42
1
97
1
330

75
0
76
1
47
0.8681437583925616
98
1
10
3.629517071192367
20
33.92795499968543
450
0
451
0
460
0
461
0
452
1
462
1
453
2
463
0
63
5
421
255
463
1
63
7
421
16777215
470
LINEAR
1001
ACAD
1010
0
1020
0
1030
0
  0
CIRCLE
  5
68c
330
1F
100
AcDbEntity
  8
BottomSolderMaskLayer
100
AcDbCircle
 10
2.75412750825501
 20
115.15798831597658
 30
0.0
 40
1.5449961899923803
  0
CIRCLE
  5
68d
330
1F
100
AcDbEntity
  8
BottomSolderMaskLayer
100
AcDbCircle
 10
2.75412750825501
 20
115.15798831597658
 30
0.0
 40
2.05999491998984
0
HATCH
5
68e
100
AcDbEntity
8
BottomSolderMaskLayer
100
AcDbHatch
10
0
20
0
30
0
210
0
220
0
230
1
2
SOLID
70
1
71
0
91
1
92
7
72
1
73
1
93
2
10
0.6941325882651701
20
115.15798831597658
42
1
10
4.8141224282448505
20
115.15798831597658
42
1
97
1
330

75
0
76
1
47
0.8681437583925616
98
1
10
3.629517071192367
20
33.92795499968543
450
0
451
0
460
0
461
0
452
1
462
1
453
2
463
0
63
5
421
255
463
1
63
7
421
16777215
470
LINEAR
1001
ACAD
1010
0
1020
0
1030
0
  0
CIRCLE
  5
68f
330
1F
100
AcDbEntity
  8
Multi-Layer
100
AcDbCircle
 10
2.75412750825501
 20
115.15798831597658
 30
0.0
 40
1.5000000000000002
  0
CIRCLE
  5
690
330
1F
100
AcDbEntity
  8
Multi-Layer
100
AcDbCircle
 10
2.75412750825501
 20
115.15798831597658
 30
0.0
 40
2
  0
CIRCLE
  5
691
330
1F
100
AcDbEntity
  8
TopSolderMaskLayer
100
AcDbCircle
 10
2.9580899161799152
 20
104.60096520193042
 30
0.0
 40
1.5449961899923803
  0
CIRCLE
  5
692
330
1F
100
AcDbEntity
  8
TopSolderMaskLayer
100
AcDbCircle
 10
2.9580899161799152
 20
104.60096520193042
 30
0.0
 40
2.05999491998984
0
HATCH
5
693
100
AcDbEntity
8
TopSolderMaskLayer
100
AcDbHatch
10
0
20
0
30
0
210
0
220
0
230
1
2
SOLID
70
1
71
0
91
1
92
7
72
1
73
1
93
2
10
0.8980949961900753
20
104.60096520193042
42
1
10
5.018084836169756
20
104.60096520193042
42
1
97
1
330

75
0
76
1
47
0.8681437583925616
98
1
10
3.629517071192367
20
33.92795499968543
450
0
451
0
460
0
461
0
452
1
462
1
453
2
463
0
63
5
421
255
463
1
63
7
421
16777215
470
LINEAR
1001
ACAD
1010
0
1020
0
1030
0
  0
CIRCLE
  5
694
330
1F
100
AcDbEntity
  8
BottomSolderMaskLayer
100
AcDbCircle
 10
2.9580899161799152
 20
104.60096520193042
 30
0.0
 40
1.5449961899923803
  0
CIRCLE
  5
695
330
1F
100
AcDbEntity
  8
BottomSolderMaskLayer
100
AcDbCircle
 10
2.9580899161799152
 20
104.60096520193042
 30
0.0
 40
2.05999491998984
0
HATCH
5
696
100
AcDbEntity
8
BottomSolderMaskLayer
100
AcDbHatch
10
0
20
0
30
0
210
0
220
0
230
1
2
SOLID
70
1
71
0
91
1
92
7
72
1
73
1
93
2
10
0.8980949961900753
20
104.60096520193042
42
1
10
5.018084836169756
20
104.60096520193042
42
1
97
1
330

75
0
76
1
47
0.8681437583925616
98
1
10
3.629517071192367
20
33.92795499968543
450
0
451
0
460
0
461
0
452
1
462
1
453
2
463
0
63
5
421
255
463
1
63
7
421
16777215
470
LINEAR
1001
ACAD
1010
0
1020
0
1030
0
  0
CIRCLE
  5
697
330
1F
100
AcDbEntity
  8
Multi-Layer
100
AcDbCircle
 10
2.9580899161799152
 20
104.60096520193042
 30
0.0
 40
1.5000000000000002
  0
CIRCLE
  5
698
330
1F
100
AcDbEntity
  8
Multi-Layer
100
AcDbCircle
 10
2.9580899161799152
 20
104.60096520193042
 30
0.0
 40
2
  0
CIRCLE
  5
699
330
1F
100
AcDbEntity
  8
TopSolderMaskLayer
100
AcDbCircle
 10
2.8559817119635227
 20
88.48488696977392
 30
0.0
 40
1.5449961899923803
  0
CIRCLE
  5
69a
330
1F
100
AcDbEntity
  8
TopSolderMaskLayer
100
AcDbCircle
 10
2.8559817119635227
 20
88.48488696977392
 30
0.0
 40
2.05999491998984
0
HATCH
5
69b
100
AcDbEntity
8
TopSolderMaskLayer
100
AcDbHatch
10
0
20
0
30
0
210
0
220
0
230
1
2
SOLID
70
1
71
0
91
1
92
7
72
1
73
1
93
2
10
0.7959867919736827
20
88.48488696977392
42
1
10
4.915976631953363
20
88.48488696977392
42
1
97
1
330

75
0
76
1
47
0.8681437583925616
98
1
10
3.629517071192367
20
33.92795499968543
450
0
451
0
460
0
461
0
452
1
462
1
453
2
463
0
63
5
421
255
463
1
63
7
421
16777215
470
LINEAR
1001
ACAD
1010
0
1020
0
1030
0
  0
CIRCLE
  5
69c
330
1F
100
AcDbEntity
  8
BottomSolderMaskLayer
100
AcDbCircle
 10
2.8559817119635227
 20
88.48488696977392
 30
0.0
 40
1.5449961899923803
  0
CIRCLE
  5
69d
330
1F
100
AcDbEntity
  8
BottomSolderMaskLayer
100
AcDbCircle
 10
2.8559817119635227
 20
88.48488696977392
 30
0.0
 40
2.05999491998984
0
HATCH
5
69e
100
AcDbEntity
8
BottomSolderMaskLayer
100
AcDbHatch
10
0
20
0
30
0
210
0
220
0
230
1
2
SOLID
70
1
71
0
91
1
92
7
72
1
73
1
93
2
10
0.7959867919736827
20
88.48488696977392
42
1
10
4.915976631953363
20
88.48488696977392
42
1
97
1
330

75
0
76
1
47
0.8681437583925616
98
1
10
3.629517071192367
20
33.92795499968543
450
0
451
0
460
0
461
0
452
1
462
1
453
2
463
0
63
5
421
255
463
1
63
7
421
16777215
470
LINEAR
1001
ACAD
1010
0
1020
0
1030
0
  0
CIRCLE
  5
69f
330
1F
100
AcDbEntity
  8
Multi-Layer
100
AcDbCircle
 10
2.8559817119635227
 20
88.48488696977392
 30
0.0
 40
1.5000000000000002
  0
CIRCLE
  5
6a0
330
1F
100
AcDbEntity
  8
Multi-Layer
100
AcDbCircle
 10
2.8559817119635227
 20
88.48488696977392
 30
0.0
 40
2
  0
CIRCLE
  5
6a1
330
1F
100
AcDbEntity
  8
TopSolderMaskLayer
100
AcDbCircle
 10
2.8559817119635227
 20
63.39293878587762
 30
0.0
 40
1.5449961899923803
  0
CIRCLE
  5
6a2
330
1F
100
AcDbEntity
  8
TopSolderMaskLayer
100
AcDbCircle
 10
2.8559817119635227
 20
63.39293878587762
 30
0.0
 40
2.05999491998984
0
HATCH
5
6a3
100
AcDbEntity
8
TopSolderMaskLayer
100
AcDbHatch
10
0
20
0
30
0
210
0
220
0
230
1
2
SOLID
70
1
71
0
91
1
92
7
72
1
73
1
93
2
10
0.7959867919736827
20
63.39293878587762
42
1
10
4.915976631953363
20
63.39293878587762
42
1
97
1
330

75
0
76
1
47
0.8681437583925616
98
1
10
3.629517071192367
20
33.92795499968543
450
0
451
0
460
0
461
0
452
1
462
1
453
2
463
0
63
5
421
255
463
1
63
7
421
16777215
470
LINEAR
1001
ACAD
1010
0
1020
0
1030
0
  0
CIRCLE
  5
6a4
330
1F
100
AcDbEntity
  8
BottomSolderMaskLayer
100
AcDbCircle
 10
2.8559817119635227
 20
63.39293878587762
 30
0.0
 40
1.5449961899923803
  0
CIRCLE
  5
6a5
330
1F
100
AcDbEntity
  8
BottomSolderMaskLayer
100
AcDbCircle
 10
2.8559817119635227
 20
63.39293878587762
 30
0.0
 40
2.05999491998984
0
HATCH
5
6a6
100
AcDbEntity
8
BottomSolderMaskLayer
100
AcDbHatch
10
0
20
0
30
0
210
0
220
0
230
1
2
SOLID
70
1
71
0
91
1
92
7
72
1
73
1
93
2
10
0.7959867919736827
20
63.39293878587762
42
1
10
4.915976631953363
20
63.39293878587762
42
1
97
1
330

75
0
76
1
47
0.8681437583925616
98
1
10
3.629517071192367
20
33.92795499968543
450
0
451
0
460
0
461
0
452
1
462
1
453
2
463
0
63
5
421
255
463
1
63
7
421
16777215
470
LINEAR
1001
ACAD
1010
0
1020
0
1030
0
  0
CIRCLE
  5
6a7
330
1F
100
AcDbEntity
  8
Multi-Layer
100
AcDbCircle
 10
2.8559817119635227
 20
63.39293878587762
 30
0.0
 40
1.5000000000000002
  0
CIRCLE
  5
6a8
330
1F
100
AcDbEntity
  8
Multi-Layer
100
AcDbCircle
 10
2.8559817119635227
 20
63.39293878587762
 30
0.0
 40
2
  0
CIRCLE
  5
6a9
330
1F
100
AcDbEntity
  8
TopSolderMaskLayer
100
AcDbCircle
 10
2.6520193040386175
 20
23.20497840995688
 30
0.0
 40
1.5449961899923803
  0
CIRCLE
  5
6aa
330
1F
100
AcDbEntity
  8
TopSolderMaskLayer
100
AcDbCircle
 10
2.6520193040386175
 20
23.20497840995688
 30
0.0
 40
2.05999491998984
0
HATCH
5
6ab
100
AcDbEntity
8
TopSolderMaskLayer
100
AcDbHatch
10
0
20
0
30
0
210
0
220
0
230
1
2
SOLID
70
1
71
0
91
1
92
7
72
1
73
1
93
2
10
0.5920243840487776
20
23.20497840995688
42
1
10
4.712014224028458
20
23.20497840995688
42
1
97
1
330

75
0
76
1
47
0.8681437583925616
98
1
10
3.629517071192367
20
33.92795499968543
450
0
451
0
460
0
461
0
452
1
462
1
453
2
463
0
63
5
421
255
463
1
63
7
421
16777215
470
LINEAR
1001
ACAD
1010
0
1020
0
1030
0
  0
CIRCLE
  5
6ac
330
1F
100
AcDbEntity
  8
BottomSolderMaskLayer
100
AcDbCircle
 10
2.6520193040386175
 20
23.20497840995688
 30
0.0
 40
1.5449961899923803
  0
CIRCLE
  5
6ad
330
1F
100
AcDbEntity
  8
BottomSolderMaskLayer
100
AcDbCircle
 10
2.6520193040386175
 20
23.20497840995688
 30
0.0
 40
2.05999491998984
0
HATCH
5
6ae
100
AcDbEntity
8
BottomSolderMaskLayer
100
AcDbHatch
10
0
20
0
30
0
210
0
220
0
230
1
2
SOLID
70
1
71
0
91
1
92
7
72
1
73
1
93
2
10
0.5920243840487776
20
23.20497840995688
42
1
10
4.712014224028458
20
23.20497840995688
42
1
97
1
330

75
0
76
1
47
0.8681437583925616
98
1
10
3.629517071192367
20
33.92795499968543
450
0
451
0
460
0
461
0
452
1
462
1
453
2
463
0
63
5
421
255
463
1
63
7
421
16777215
470
LINEAR
1001
ACAD
1010
0
1020
0
1030
0
  0
CIRCLE
  5
6af
330
1F
100
AcDbEntity
  8
Multi-Layer
100
AcDbCircle
 10
2.6520193040386175
 20
23.20497840995688
 30
0.0
 40
1.5000000000000002
  0
CIRCLE
  5
6b0
330
1F
100
AcDbEntity
  8
Multi-Layer
100
AcDbCircle
 10
2.6520193040386175
 20
23.20497840995688
 30
0.0
 40
2
  0
CIRCLE
  5
6b1
330
1F
100
AcDbEntity
  8
TopSolderMaskLayer
100
AcDbCircle
 10
75.78613157226323
 20
23.256032512065076
 30
0.0
 40
1.5449961899923803
  0
CIRCLE
  5
6b2
330
1F
100
AcDbEntity
  8
TopSolderMaskLayer
100
AcDbCircle
 10
75.78613157226323
 20
23.256032512065076
 30
0.0
 40
2.05999491998984
0
HATCH
5
6b3
100
AcDbEntity
8
TopSolderMaskLayer
100
AcDbHatch
10
0
20
0
30
0
210
0
220
0
230
1
2
SOLID
70
1
71
0
91
1
92
7
72
1
73
1
93
2
10
73.7261366522734
20
23.256032512065076
42
1
10
77.84612649225306
20
23.256032512065076
42
1
97
1
330

75
0
76
1
47
0.8681437583925616
98
1
10
3.629517071192367
20
33.92795499968543
450
0
451
0
460
0
461
0
452
1
462
1
453
2
463
0
63
5
421
255
463
1
63
7
421
16777215
470
LINEAR
1001
ACAD
1010
0
1020
0
1030
0
  0
CIRCLE
  5
6b4
330
1F
100
AcDbEntity
  8
BottomSolderMaskLayer
100
AcDbCircle
 10
75.78613157226323
 20
23.256032512065076
 30
0.0
 40
1.5449961899923803
  0
CIRCLE
  5
6b5
330
1F
100
AcDbEntity
  8
BottomSolderMaskLayer
100
AcDbCircle
 10
75.78613157226323
 20
23.256032512065076
 30
0.0
 40
2.05999491998984
0
HATCH
5
6b6
100
AcDbEntity
8
BottomSolderMaskLayer
100
AcDbHatch
10
0
20
0
30
0
210
0
220
0
230
1
2
SOLID
70
1
71
0
91
1
92
7
72
1
73
1
93
2
10
73.7261366522734
20
23.256032512065076
42
1
10
77.84612649225306
20
23.256032512065076
42
1
97
1
330

75
0
76
1
47
0.8681437583925616
98
1
10
3.629517071192367
20
33.92795499968543
450
0
451
0
460
0
461
0
452
1
462
1
453
2
463
0
63
5
421
255
463
1
63
7
421
16777215
470
LINEAR
1001
ACAD
1010
0
1020
0
1030
0
  0
CIRCLE
  5
6b7
330
1F
100
AcDbEntity
  8
Multi-Layer
100
AcDbCircle
 10
75.78613157226323
 20
23.256032512065076
 30
0.0
 40
1.5000000000000002
  0
CIRCLE
  5
6b8
330
1F
100
AcDbEntity
  8
Multi-Layer
100
AcDbCircle
 10
75.78613157226323
 20
23.256032512065076
 30
0.0
 40
2
  0
CIRCLE
  5
6b9
330
1F
100
AcDbEntity
  8
TopSolderMaskLayer
100
AcDbCircle
 10
75.58191516383022
 20
63.39293878587762
 30
0.0
 40
1.5449961899923803
  0
CIRCLE
  5
6ba
330
1F
100
AcDbEntity
  8
TopSolderMaskLayer
100
AcDbCircle
 10
75.58191516383022
 20
63.39293878587762
 30
0.0
 40
2.05999491998984
0
HATCH
5
6bb
100
AcDbEntity
8
TopSolderMaskLayer
100
AcDbHatch
10
0
20
0
30
0
210
0
220
0
230
1
2
SOLID
70
1
71
0
91
1
92
7
72
1
73
1
93
2
10
73.52192024384038
20
63.39293878587762
42
1
10
77.64191008382005
20
63.39293878587762
42
1
97
1
330

75
0
76
1
47
0.8681437583925616
98
1
10
3.629517071192367
20
33.92795499968543
450
0
451
0
460
0
461
0
452
1
462
1
453
2
463
0
63
5
421
255
463
1
63
7
421
16777215
470
LINEAR
1001
ACAD
1010
0
1020
0
1030
0
  0
CIRCLE
  5
6bc
330
1F
100
AcDbEntity
  8
BottomSolderMaskLayer
100
AcDbCircle
 10
75.58191516383022
 20
63.39293878587762
 30
0.0
 40
1.5449961899923803
  0
CIRCLE
  5
6bd
330
1F
100
AcDbEntity
  8
BottomSolderMaskLayer
100
AcDbCircle
 10
75.58191516383022
 20
63.39293878587762
 30
0.0
 40
2.05999491998984
0
HATCH
5
6be
100
AcDbEntity
8
BottomSolderMaskLayer
100
AcDbHatch
10
0
20
0
30
0
210
0
220
0
230
1
2
SOLID
70
1
71
0
91
1
92
7
72
1
73
1
93
2
10
73.52192024384038
20
63.39293878587762
42
1
10
77.64191008382005
20
63.39293878587762
42
1
97
1
330

75
0
76
1
47
0.8681437583925616
98
1
10
3.629517071192367
20
33.92795499968543
450
0
451
0
460
0
461
0
452
1
462
1
453
2
463
0
63
5
421
255
463
1
63
7
421
16777215
470
LINEAR
1001
ACAD
1010
0
1020
0
1030
0
  0
CIRCLE
  5
6bf
330
1F
100
AcDbEntity
  8
Multi-Layer
100
AcDbCircle
 10
75.58191516383022
 20
63.39293878587762
 30
0.0
 40
1.5000000000000002
  0
CIRCLE
  5
6c0
330
1F
100
AcDbEntity
  8
Multi-Layer
100
AcDbCircle
 10
75.58191516383022
 20
63.39293878587762
 30
0.0
 40
2
  0
CIRCLE
  5
6c1
330
1F
100
AcDbEntity
  8
TopSolderMaskLayer
100
AcDbCircle
 10
76.04099568199149
 20
88.3830073660148
 30
0.0
 40
1.5449961899923803
  0
CIRCLE
  5
6c2
330
1F
100
AcDbEntity
  8
TopSolderMaskLayer
100
AcDbCircle
 10
76.04089408178811
 20
88.38303276606553
 30
0.0
 40
2.05999491998984
0
HATCH
5
6c3
100
AcDbEntity
8
TopSolderMaskLayer
100
AcDbHatch
10
0
20
0
30
0
210
0
220
0
230
1
2
SOLID
70
1
71
0
91
1
92
7
72
1
73
1
93
2
10
73.98089916179828
20
88.38303276606553
42
1
10
78.10088900177794
20
88.38303276606553
42
1
97
1
330

75
0
76
1
47
0.8681437583925616
98
1
10
3.629517071192367
20
33.92795499968543
450
0
451
0
460
0
461
0
452
1
462
1
453
2
463
0
63
5
421
255
463
1
63
7
421
16777215
470
LINEAR
1001
ACAD
1010
0
1020
0
1030
0
  0
CIRCLE
  5
6c4
330
1F
100
AcDbEntity
  8
BottomSolderMaskLayer
100
AcDbCircle
 10
76.04099568199149
 20
88.3830073660148
 30
0.0
 40
1.5449961899923803
  0
CIRCLE
  5
6c5
330
1F
100
AcDbEntity
  8
BottomSolderMaskLayer
100
AcDbCircle
 10
76.04089408178811
 20
88.38303276606553
 30
0.0
 40
2.05999491998984
0
HATCH
5
6c6
100
AcDbEntity
8
BottomSolderMaskLayer
100
AcDbHatch
10
0
20
0
30
0
210
0
220
0
230
1
2
SOLID
70
1
71
0
91
1
92
7
72
1
73
1
93
2
10
73.98089916179828
20
88.38303276606553
42
1
10
78.10088900177794
20
88.38303276606553
42
1
97
1
330

75
0
76
1
47
0.8681437583925616
98
1
10
3.629517071192367
20
33.92795499968543
450
0
451
0
460
0
461
0
452
1
462
1
453
2
463
0
63
5
421
255
463
1
63
7
421
16777215
470
LINEAR
1001
ACAD
1010
0
1020
0
1030
0
  0
CIRCLE
  5
6c7
330
1F
100
AcDbEntity
  8
Multi-Layer
100
AcDbCircle
 10
76.04099568199149
 20
88.3830073660148
 30
0.0
 40
1.5000000000000002
  0
CIRCLE
  5
6c8
330
1F
100
AcDbEntity
  8
Multi-Layer
100
AcDbCircle
 10
76.04089408178811
 20
88.38303276606553
 30
0.0
 40
2
  0
CIRCLE
  5
6c9
330
1F
100
AcDbEntity
  8
TopSolderMaskLayer
100
AcDbCircle
 10
75.99009398018802
 20
104.65201930403862
 30
0.0
 40
1.5449961899923803
  0
CIRCLE
  5
6ca
330
1F
100
AcDbEntity
  8
TopSolderMaskLayer
100
AcDbCircle
 10
75.99009398018802
 20
104.65201930403862
 30
0.0
 40
2.05999491998984
0
HATCH
5
6cb
100
AcDbEntity
8
TopSolderMaskLayer
100
AcDbHatch
10
0
20
0
30
0
210
0
220
0
230
1
2
SOLID
70
1
71
0
91
1
92
7
72
1
73
1
93
2
10
73.93009906019819
20
104.65201930403862
42
1
10
78.05008890017785
20
104.65201930403862
42
1
97
1
330

75
0
76
1
47
0.8681437583925616
98
1
10
3.629517071192367
20
33.92795499968543
450
0
451
0
460
0
461
0
452
1
462
1
453
2
463
0
63
5
421
255
463
1
63
7
421
16777215
470
LINEAR
1001
ACAD
1010
0
1020
0
1030
0
  0
CIRCLE
  5
6cc
330
1F
100
AcDbEntity
  8
BottomSolderMaskLayer
100
AcDbCircle
 10
75.99009398018802
 20
104.65201930403862
 30
0.0
 40
1.5449961899923803
  0
CIRCLE
  5
6cd
330
1F
100
AcDbEntity
  8
BottomSolderMaskLayer
100
AcDbCircle
 10
75.99009398018802
 20
104.65201930403862
 30
0.0
 40
2.05999491998984
0
HATCH
5
6ce
100
AcDbEntity
8
BottomSolderMaskLayer
100
AcDbHatch
10
0
20
0
30
0
210
0
220
0
230
1
2
SOLID
70
1
71
0
91
1
92
7
72
1
73
1
93
2
10
73.93009906019819
20
104.65201930403862
42
1
10
78.05008890017785
20
104.65201930403862
42
1
97
1
330

75
0
76
1
47
0.8681437583925616
98
1
10
3.629517071192367
20
33.92795499968543
450
0
451
0
460
0
461
0
452
1
462
1
453
2
463
0
63
5
421
255
463
1
63
7
421
16777215
470
LINEAR
1001
ACAD
1010
0
1020
0
1030
0
  0
CIRCLE
  5
6cf
330
1F
100
AcDbEntity
  8
Multi-Layer
100
AcDbCircle
 10
75.99009398018802
 20
104.65201930403862
 30
0.0
 40
1.5000000000000002
  0
CIRCLE
  5
6d0
330
1F
100
AcDbEntity
  8
Multi-Layer
100
AcDbCircle
 10
75.99009398018802
 20
104.65201930403862
 30
0.0
 40
2
  0
CIRCLE
  5
6d1
330
1F
100
AcDbEntity
  8
TopSolderMaskLayer
100
AcDbCircle
 10
75.99009398018802
 20
130.6108712217425
 30
0.0
 40
1.5449961899923803
  0
CIRCLE
  5
6d2
330
1F
100
AcDbEntity
  8
TopSolderMaskLayer
100
AcDbCircle
 10
75.99009398018802
 20
130.6108712217425
 30
0.0
 40
2.05999491998984
0
HATCH
5
6d3
100
AcDbEntity
8
TopSolderMaskLayer
100
AcDbHatch
10
0
20
0
30
0
210
0
220
0
230
1
2
SOLID
70
1
71
0
91
1
92
7
72
1
73
1
93
2
10
73.93009906019819
20
130.6108712217425
42
1
10
78.05008890017785
20
130.6108712217425
42
1
97
1
330

75
0
76
1
47
0.8681437583925616
98
1
10
3.629517071192367
20
33.92795499968543
450
0
451
0
460
0
461
0
452
1
462
1
453
2
463
0
63
5
421
255
463
1
63
7
421
16777215
470
LINEAR
1001
ACAD
1010
0
1020
0
1030
0
  0
CIRCLE
  5
6d4
330
1F
100
AcDbEntity
  8
BottomSolderMaskLayer
100
AcDbCircle
 10
75.99009398018802
 20
130.6108712217425
 30
0.0
 40
1.5449961899923803
  0
CIRCLE
  5
6d5
330
1F
100
AcDbEntity
  8
BottomSolderMaskLayer
100
AcDbCircle
 10
75.99009398018802
 20
130.6108712217425
 30
0.0
 40
2.05999491998984
0
HATCH
5
6d6
100
AcDbEntity
8
BottomSolderMaskLayer
100
AcDbHatch
10
0
20
0
30
0
210
0
220
0
230
1
2
SOLID
70
1
71
0
91
1
92
7
72
1
73
1
93
2
10
73.93009906019819
20
130.6108712217425
42
1
10
78.05008890017785
20
130.6108712217425
42
1
97
1
330

75
0
76
1
47
0.8681437583925616
98
1
10
3.629517071192367
20
33.92795499968543
450
0
451
0
460
0
461
0
452
1
462
1
453
2
463
0
63
5
421
255
463
1
63
7
421
16777215
470
LINEAR
1001
ACAD
1010
0
1020
0
1030
0
  0
CIRCLE
  5
6d7
330
1F
100
AcDbEntity
  8
Multi-Layer
100
AcDbCircle
 10
75.99009398018802
 20
130.6108712217425
 30
0.0
 40
1.5000000000000002
  0
CIRCLE
  5
6d8
330
1F
100
AcDbEntity
  8
Multi-Layer
100
AcDbCircle
 10
75.99009398018802
 20
130.6108712217425
 30
0.0
 40
2
  0
CIRCLE
  5
6d9
330
1F
100
AcDbEntity
  8
TopSolderMaskLayer
100
AcDbCircle
 10
2.907035814071719
 20
130.509017018034
 30
0.0
 40
1.5449961899923803
  0
CIRCLE
  5
6da
330
1F
100
AcDbEntity
  8
TopSolderMaskLayer
100
AcDbCircle
 10
2.907035814071719
 20
130.509017018034
 30
0.0
 40
2.05999491998984
0
HATCH
5
6db
100
AcDbEntity
8
TopSolderMaskLayer
100
AcDbHatch
10
0
20
0
30
0
210
0
220
0
230
1
2
SOLID
70
1
71
0
91
1
92
7
72
1
73
1
93
2
10
0.847040894081879
20
130.509017018034
42
1
10
4.967030734061559
20
130.509017018034
42
1
97
1
330

75
0
76
1
47
0.8681437583925616
98
1
10
3.629517071192367
20
33.92795499968543
450
0
451
0
460
0
461
0
452
1
462
1
453
2
463
0
63
5
421
255
463
1
63
7
421
16777215
470
LINEAR
1001
ACAD
1010
0
1020
0
1030
0
  0
CIRCLE
  5
6dc
330
1F
100
AcDbEntity
  8
BottomSolderMaskLayer
100
AcDbCircle
 10
2.907035814071719
 20
130.509017018034
 30
0.0
 40
1.5449961899923803
  0
CIRCLE
  5
6dd
330
1F
100
AcDbEntity
  8
BottomSolderMaskLayer
100
AcDbCircle
 10
2.907035814071719
 20
130.509017018034
 30
0.0
 40
2.05999491998984
0
HATCH
5
6de
100
AcDbEntity
8
BottomSolderMaskLayer
100
AcDbHatch
10
0
20
0
30
0
210
0
220
0
230
1
2
SOLID
70
1
71
0
91
1
92
7
72
1
73
1
93
2
10
0.847040894081879
20
130.509017018034
42
1
10
4.967030734061559
20
130.509017018034
42
1
97
1
330

75
0
76
1
47
0.8681437583925616
98
1
10
3.629517071192367
20
33.92795499968543
450
0
451
0
460
0
461
0
452
1
462
1
453
2
463
0
63
5
421
255
463
1
63
7
421
16777215
470
LINEAR
1001
ACAD
1010
0
1020
0
1030
0
  0
CIRCLE
  5
6df
330
1F
100
AcDbEntity
  8
Multi-Layer
100
AcDbCircle
 10
2.907035814071719
 20
130.509017018034
 30
0.0
 40
1.5000000000000002
  0
CIRCLE
  5
6e0
330
1F
100
AcDbEntity
  8
Multi-Layer
100
AcDbCircle
 10
2.907035814071719
 20
130.509017018034
 30
0.0
 40
2
  0
CIRCLE
  5
6e1
330
1F
100
AcDbEntity
  8
TopSolderMaskLayer
100
AcDbCircle
 10
65.02499364998721
 20
9.383997967996038
 30
0.0
 40
1.5449961899923803
  0
CIRCLE
  5
6e2
330
1F
100
AcDbEntity
  8
TopSolderMaskLayer
100
AcDbCircle
 10
65.02489204978406
 20
9.384048768097614
 30
0.0
 40
2.05999491998984
0
HATCH
5
6e3
100
AcDbEntity
8
TopSolderMaskLayer
100
AcDbHatch
10
0
20
0
30
0
210
0
220
0
230
1
2
SOLID
70
1
71
0
91
1
92
7
72
1
73
1
93
2
10
62.96489712979422
20
9.384048768097614
42
1
10
67.08488696977389
20
9.384048768097614
42
1
97
1
330

75
0
76
1
47
0.8681437583925616
98
1
10
3.629517071192367
20
33.92795499968543
450
0
451
0
460
0
461
0
452
1
462
1
453
2
463
0
63
5
421
255
463
1
63
7
421
16777215
470
LINEAR
1001
ACAD
1010
0
1020
0
1030
0
  0
CIRCLE
  5
6e4
330
1F
100
AcDbEntity
  8
BottomSolderMaskLayer
100
AcDbCircle
 10
65.02499364998721
 20
9.383997967996038
 30
0.0
 40
1.5449961899923803
  0
CIRCLE
  5
6e5
330
1F
100
AcDbEntity
  8
BottomSolderMaskLayer
100
AcDbCircle
 10
65.02489204978406
 20
9.384048768097614
 30
0.0
 40
2.05999491998984
0
HATCH
5
6e6
100
AcDbEntity
8
BottomSolderMaskLayer
100
AcDbHatch
10
0
20
0
30
0
210
0
220
0
230
1
2
SOLID
70
1
71
0
91
1
92
7
72
1
73
1
93
2
10
62.96489712979422
20
9.384048768097614
42
1
10
67.08488696977389
20
9.384048768097614
42
1
97
1
330

75
0
76
1
47
0.8681437583925616
98
1
10
3.629517071192367
20
33.92795499968543
450
0
451
0
460
0
461
0
452
1
462
1
453
2
463
0
63
5
421
255
463
1
63
7
421
16777215
470
LINEAR
1001
ACAD
1010
0
1020
0
1030
0
  0
CIRCLE
  5
6e7
330
1F
100
AcDbEntity
  8
Multi-Layer
100
AcDbCircle
 10
65.02499364998721
 20
9.383997967996038
 30
0.0
 40
1.5000000000000002
  0
CIRCLE
  5
6e8
330
1F
100
AcDbEntity
  8
Multi-Layer
100
AcDbCircle
 10
65.02489204978406
 20
9.384048768097614
 30
0.0
 40
2
  0
CIRCLE
  5
6e9
330
1F
100
AcDbEntity
  8
TopSolderMaskLayer
100
AcDbCircle
 10
13.515011430022923
 20
9.383997967996038
 30
0.0
 40
1.5449961899923803
  0
CIRCLE
  5
6ea
330
1F
100
AcDbEntity
  8
TopSolderMaskLayer
100
AcDbCircle
 10
13.515113030226075
 20
9.384048768097614
 30
0.0
 40
2.05999491998984
0
HATCH
5
6eb
100
AcDbEntity
8
TopSolderMaskLayer
100
AcDbHatch
10
0
20
0
30
0
210
0
220
0
230
1
2
SOLID
70
1
71
0
91
1
92
7
72
1
73
1
93
2
10
11.455118110236235
20
9.384048768097614
42
1
10
15.575107950215916
20
9.384048768097614
42
1
97
1
330

75
0
76
1
47
0.8681437583925616
98
1
10
3.629517071192367
20
33.92795499968543
450
0
451
0
460
0
461
0
452
1
462
1
453
2
463
0
63
5
421
255
463
1
63
7
421
16777215
470
LINEAR
1001
ACAD
1010
0
1020
0
1030
0
  0
CIRCLE
  5
6ec
330
1F
100
AcDbEntity
  8
BottomSolderMaskLayer
100
AcDbCircle
 10
13.515011430022923
 20
9.383997967996038
 30
0.0
 40
1.5449961899923803
  0
CIRCLE
  5
6ed
330
1F
100
AcDbEntity
  8
BottomSolderMaskLayer
100
AcDbCircle
 10
13.515113030226075
 20
9.384048768097614
 30
0.0
 40
2.05999491998984
0
HATCH
5
6ee
100
AcDbEntity
8
BottomSolderMaskLayer
100
AcDbHatch
10
0
20
0
30
0
210
0
220
0
230
1
2
SOLID
70
1
71
0
91
1
92
7
72
1
73
1
93
2
10
11.455118110236235
20
9.384048768097614
42
1
10
15.575107950215916
20
9.384048768097614
42
1
97
1
330

75
0
76
1
47
0.8681437583925616
98
1
10
3.629517071192367
20
33.92795499968543
450
0
451
0
460
0
461
0
452
1
462
1
453
2
463
0
63
5
421
255
463
1
63
7
421
16777215
470
LINEAR
1001
ACAD
1010
0
1020
0
1030
0
  0
CIRCLE
  5
6ef
330
1F
100
AcDbEntity
  8
Multi-Layer
100
AcDbCircle
 10
13.515011430022923
 20
9.383997967996038
 30
0.0
 40
1.5000000000000002
  0
CIRCLE
  5
6f0
330
1F
100
AcDbEntity
  8
Multi-Layer
100
AcDbCircle
 10
13.515113030226075
 20
9.384048768097614
 30
0.0
 40
2
  0
CIRCLE
  5
90a
330
1F
100
AcDbEntity
  8
TopSolderMaskLayer
100
AcDbCircle
 10
35.30698501397001
 20
22.440005080010224
 30
0.0
 40
0.5655353117157847
  0
CIRCLE
  5
90b
330
1F
100
AcDbEntity
  8
TopSolderMaskLayer
100
AcDbCircle
 10
35.30708661417316
 20
22.439928879857803
 30
0.0
 40
0.9254000508001016
0
HATCH
5
90c
100
AcDbEntity
8
TopSolderMaskLayer
100
AcDbHatch
10
0
20
0
30
0
210
0
220
0
230
1
2
SOLID
70
1
71
0
91
1
92
7
72
1
73
1
93
2
10
34.38168656337306
20
22.439928879857803
42
1
10
36.23248666497326
20
22.439928879857803
42
1
97
1
330

75
0
76
1
47
0.8681437583925616
98
1
10
3.629517071192367
20
33.92795499968543
450
0
451
0
460
0
461
0
452
1
462
1
453
2
463
0
63
5
421
255
463
1
63
7
421
16777215
470
LINEAR
1001
ACAD
1010
0
1020
0
1030
0
  0
CIRCLE
  5
90d
330
1F
100
AcDbEntity
  8
BottomSolderMaskLayer
100
AcDbCircle
 10
35.30698501397001
 20
22.440005080010224
 30
0.0
 40
0.5655353117157847
  0
CIRCLE
  5
90e
330
1F
100
AcDbEntity
  8
BottomSolderMaskLayer
100
AcDbCircle
 10
35.30708661417316
 20
22.439928879857803
 30
0.0
 40
0.9254000508001016
0
HATCH
5
90f
100
AcDbEntity
8
BottomSolderMaskLayer
100
AcDbHatch
10
0
20
0
30
0
210
0
220
0
230
1
2
SOLID
70
1
71
0
91
1
92
7
72
1
73
1
93
2
10
34.38168656337306
20
22.439928879857803
42
1
10
36.23248666497326
20
22.439928879857803
42
1
97
1
330

75
0
76
1
47
0.8681437583925616
98
1
10
3.629517071192367
20
33.92795499968543
450
0
451
0
460
0
461
0
452
1
462
1
453
2
463
0
63
5
421
255
463
1
63
7
421
16777215
470
LINEAR
1001
ACAD
1010
0
1020
0
1030
0
  0
CIRCLE
  5
910
330
1F
100
AcDbEntity
  8
Multi-Layer
100
AcDbCircle
 10
35.30698501397001
 20
22.440005080010224
 30
0.0
 40
0.5500127000254001
  0
CIRCLE
  5
911
330
1F
100
AcDbEntity
  8
Multi-Layer
100
AcDbCircle
 10
35.30708661417316
 20
22.439928879857803
 30
0.0
 40
0.9000000000000001
0
HATCH
5
912
100
AcDbEntity
8
Multi-Layer
100
AcDbHatch
10
0
20
0
30
0
210
0
220
0
230
1
2
SOLID
70
1
71
0
91
1
92
7
72
1
73
1
93
2
10
34.40708661417316
20
22.439928879857803
42
1
10
36.20708661417316
20
22.439928879857803
42
1
97
1
330

75
0
76
1
47
0.8681437583925616
98
1
10
3.629517071192367
20
33.92795499968543
450
0
451
0
460
0
461
0
452
1
462
1
453
2
463
0
63
5
421
255
463
1
63
7
421
16777215
470
LINEAR
1001
ACAD
1010
0
1020
0
1030
0
  0
CIRCLE
  5
913
330
1F
100
AcDbEntity
  8
TopSolderMaskLayer
100
AcDbCircle
 10
37.84699009398014
 20
22.440005080010224
 30
0.0
 40
0.5655353117157847
  0
CIRCLE
  5
914
330
1F
100
AcDbEntity
  8
TopSolderMaskLayer
100
AcDbCircle
 10
37.84709169418329
 20
22.439928879857803
 30
0.0
 40
0.9254000508001016
0
HATCH
5
915
100
AcDbEntity
8
TopSolderMaskLayer
100
AcDbHatch
10
0
20
0
30
0
210
0
220
0
230
1
2
SOLID
70
1
71
0
91
1
92
7
72
1
73
1
93
2
10
36.92169164338319
20
22.439928879857803
42
1
10
38.77249174498339
20
22.439928879857803
42
1
97
1
330

75
0
76
1
47
0.8681437583925616
98
1
10
3.629517071192367
20
33.92795499968543
450
0
451
0
460
0
461
0
452
1
462
1
453
2
463
0
63
5
421
255
463
1
63
7
421
16777215
470
LINEAR
1001
ACAD
1010
0
1020
0
1030
0
  0
CIRCLE
  5
916
330
1F
100
AcDbEntity
  8
BottomSolderMaskLayer
100
AcDbCircle
 10
37.84699009398014
 20
22.440005080010224
 30
0.0
 40
0.5655353117157847
  0
CIRCLE
  5
917
330
1F
100
AcDbEntity
  8
BottomSolderMaskLayer
100
AcDbCircle
 10
37.84709169418329
 20
22.439928879857803
 30
0.0
 40
0.9254000508001016
0
HATCH
5
918
100
AcDbEntity
8
BottomSolderMaskLayer
100
AcDbHatch
10
0
20
0
30
0
210
0
220
0
230
1
2
SOLID
70
1
71
0
91
1
92
7
72
1
73
1
93
2
10
36.92169164338319
20
22.439928879857803
42
1
10
38.77249174498339
20
22.439928879857803
42
1
97
1
330

75
0
76
1
47
0.8681437583925616
98
1
10
3.629517071192367
20
33.92795499968543
450
0
451
0
460
0
461
0
452
1
462
1
453
2
463
0
63
5
421
255
463
1
63
7
421
16777215
470
LINEAR
1001
ACAD
1010
0
1020
0
1030
0
  0
CIRCLE
  5
919
330
1F
100
AcDbEntity
  8
Multi-Layer
100
AcDbCircle
 10
37.84699009398014
 20
22.440005080010224
 30
0.0
 40
0.5500127000254001
  0
CIRCLE
  5
91a
330
1F
100
AcDbEntity
  8
Multi-Layer
100
AcDbCircle
 10
37.84709169418329
 20
22.439928879857803
 30
0.0
 40
0.9000000000000001
0
HATCH
5
91b
100
AcDbEntity
8
Multi-Layer
100
AcDbHatch
10
0
20
0
30
0
210
0
220
0
230
1
2
SOLID
70
1
71
0
91
1
92
7
72
1
73
1
93
2
10
36.94709169418329
20
22.439928879857803
42
1
10
38.74709169418329
20
22.439928879857803
42
1
97
1
330

75
0
76
1
47
0.8681437583925616
98
1
10
3.629517071192367
20
33.92795499968543
450
0
451
0
460
0
461
0
452
1
462
1
453
2
463
0
63
5
421
255
463
1
63
7
421
16777215
470
LINEAR
1001
ACAD
1010
0
1020
0
1030
0
  0
CIRCLE
  5
91c
330
1F
100
AcDbEntity
  8
TopSolderMaskLayer
100
AcDbCircle
 10
40.38699517399027
 20
22.440005080010224
 30
0.0
 40
0.5655353117157847
  0
CIRCLE
  5
91d
330
1F
100
AcDbEntity
  8
TopSolderMaskLayer
100
AcDbCircle
 10
40.38709677419365
 20
22.439928879857803
 30
0.0
 40
0.9254000508001016
0
HATCH
5
91e
100
AcDbEntity
8
TopSolderMaskLayer
100
AcDbHatch
10
0
20
0
30
0
210
0
220
0
230
1
2
SOLID
70
1
71
0
91
1
92
7
72
1
73
1
93
2
10
39.46169672339355
20
22.439928879857803
42
1
10
41.31249682499375
20
22.439928879857803
42
1
97
1
330

75
0
76
1
47
0.8681437583925616
98
1
10
3.629517071192367
20
33.92795499968543
450
0
451
0
460
0
461
0
452
1
462
1
453
2
463
0
63
5
421
255
463
1
63
7
421
16777215
470
LINEAR
1001
ACAD
1010
0
1020
0
1030
0
  0
CIRCLE
  5
91f
330
1F
100
AcDbEntity
  8
BottomSolderMaskLayer
100
AcDbCircle
 10
40.38699517399027
 20
22.440005080010224
 30
0.0
 40
0.5655353117157847
  0
CIRCLE
  5
920
330
1F
100
AcDbEntity
  8
BottomSolderMaskLayer
100
AcDbCircle
 10
40.38709677419365
 20
22.439928879857803
 30
0.0
 40
0.9254000508001016
0
HATCH
5
921
100
AcDbEntity
8
BottomSolderMaskLayer
100
AcDbHatch
10
0
20
0
30
0
210
0
220
0
230
1
2
SOLID
70
1
71
0
91
1
92
7
72
1
73
1
93
2
10
39.46169672339355
20
22.439928879857803
42
1
10
41.31249682499375
20
22.439928879857803
42
1
97
1
330

75
0
76
1
47
0.8681437583925616
98
1
10
3.629517071192367
20
33.92795499968543
450
0
451
0
460
0
461
0
452
1
462
1
453
2
463
0
63
5
421
255
463
1
63
7
421
16777215
470
LINEAR
1001
ACAD
1010
0
1020
0
1030
0
  0
CIRCLE
  5
922
330
1F
100
AcDbEntity
  8
Multi-Layer
100
AcDbCircle
 10
40.38699517399027
 20
22.440005080010224
 30
0.0
 40
0.5500127000254001
  0
CIRCLE
  5
923
330
1F
100
AcDbEntity
  8
Multi-Layer
100
AcDbCircle
 10
40.38709677419365
 20
22.439928879857803
 30
0.0
 40
0.9000000000000001
0
HATCH
5
924
100
AcDbEntity
8
Multi-Layer
100
AcDbHatch
10
0
20
0
30
0
210
0
220
0
230
1
2
SOLID
70
1
71
0
91
1
92
7
72
1
73
1
93
2
10
39.48709677419365
20
22.439928879857803
42
1
10
41.28709677419365
20
22.439928879857803
42
1
97
1
330

75
0
76
1
47
0.8681437583925616
98
1
10
3.629517071192367
20
33.92795499968543
450
0
451
0
460
0
461
0
452
1
462
1
453
2
463
0
63
5
421
255
463
1
63
7
421
16777215
470
LINEAR
1001
ACAD
1010
0
1020
0
1030
0
  0
CIRCLE
  5
d1b
330
1F
100
AcDbEntity
  8
TopSolderMaskLayer
100
AcDbCircle
 10
26.2089916179832
 20
127.24500889001786
 30
0.0
 40
0.5664484065211015
  0
CIRCLE
  5
d1c
330
1F
100
AcDbEntity
  8
TopSolderMaskLayer
100
AcDbCircle
 10
26.20904241808489
 20
127.24485648971302
 30
0.0
 40
0.8754000508001016
0
HATCH
5
d1d
100
AcDbEntity
8
TopSolderMaskLayer
100
AcDbHatch
10
0
20
0
30
0
210
0
220
0
230
1
2
SOLID
70
1
71
0
91
1
92
7
72
1
73
1
93
2
10
25.33364236728479
20
127.24485648971302
42
1
10
27.084442468884994
20
127.24485648971302
42
1
97
1
330

75
0
76
1
47
0.8681437583925616
98
1
10
3.629517071192367
20
33.92795499968543
450
0
451
0
460
0
461
0
452
1
462
1
453
2
463
0
63
5
421
255
463
1
63
7
421
16777215
470
LINEAR
1001
ACAD
1010
0
1020
0
1030
0
  0
CIRCLE
  5
d1e
330
1F
100
AcDbEntity
  8
BottomSolderMaskLayer
100
AcDbCircle
 10
26.2089916179832
 20
127.24500889001786
 30
0.0
 40
0.5664484065211015
  0
CIRCLE
  5
d1f
330
1F
100
AcDbEntity
  8
BottomSolderMaskLayer
100
AcDbCircle
 10
26.20904241808489
 20
127.24485648971302
 30
0.0
 40
0.8754000508001016
0
HATCH
5
d20
100
AcDbEntity
8
BottomSolderMaskLayer
100
AcDbHatch
10
0
20
0
30
0
210
0
220
0
230
1
2
SOLID
70
1
71
0
91
1
92
7
72
1
73
1
93
2
10
25.33364236728479
20
127.24485648971302
42
1
10
27.084442468884994
20
127.24485648971302
42
1
97
1
330

75
0
76
1
47
0.8681437583925616
98
1
10
3.629517071192367
20
33.92795499968543
450
0
451
0
460
0
461
0
452
1
462
1
453
2
463
0
63
5
421
255
463
1
63
7
421
16777215
470
LINEAR
1001
ACAD
1010
0
1020
0
1030
0
  0
CIRCLE
  5
d21
330
1F
100
AcDbEntity
  8
Multi-Layer
100
AcDbCircle
 10
26.2089916179832
 20
127.24500889001786
 30
0.0
 40
0.5500127000254001
  0
CIRCLE
  5
d22
330
1F
100
AcDbEntity
  8
Multi-Layer
100
AcDbCircle
 10
26.20904241808489
 20
127.24485648971302
 30
0.0
 40
0.8500000000000001
0
HATCH
5
d23
100
AcDbEntity
8
Multi-Layer
100
AcDbHatch
10
0
20
0
30
0
210
0
220
0
230
1
2
SOLID
70
1
71
0
91
1
92
7
72
1
73
1
93
2
10
25.35904241808489
20
127.24485648971302
42
1
10
27.059042418084893
20
127.24485648971302
42
1
97
1
330

75
0
76
1
47
0.8681437583925616
98
1
10
3.629517071192367
20
33.92795499968543
450
0
451
0
460
0
461
0
452
1
462
1
453
2
463
0
63
5
421
255
463
1
63
7
421
16777215
470
LINEAR
1001
ACAD
1010
0
1020
0
1030
0
  0
CIRCLE
  5
d24
330
1F
100
AcDbEntity
  8
TopSolderMaskLayer
100
AcDbCircle
 10
23.66898653797307
 20
127.24500889001786
 30
0.0
 40
0.5664484065211015
  0
CIRCLE
  5
d25
330
1F
100
AcDbEntity
  8
TopSolderMaskLayer
100
AcDbCircle
 10
23.66903733807476
 20
127.24485648971302
 30
0.0
 40
0.8754000508001016
0
HATCH
5
d26
100
AcDbEntity
8
TopSolderMaskLayer
100
AcDbHatch
10
0
20
0
30
0
210
0
220
0
230
1
2
SOLID
70
1
71
0
91
1
92
7
72
1
73
1
93
2
10
22.793637287274656
20
127.24485648971302
42
1
10
24.54443738887486
20
127.24485648971302
42
1
97
1
330

75
0
76
1
47
0.8681437583925616
98
1
10
3.629517071192367
20
33.92795499968543
450
0
451
0
460
0
461
0
452
1
462
1
453
2
463
0
63
5
421
255
463
1
63
7
421
16777215
470
LINEAR
1001
ACAD
1010
0
1020
0
1030
0
  0
CIRCLE
  5
d27
330
1F
100
AcDbEntity
  8
BottomSolderMaskLayer
100
AcDbCircle
 10
23.66898653797307
 20
127.24500889001786
 30
0.0
 40
0.5664484065211015
  0
CIRCLE
  5
d28
330
1F
100
AcDbEntity
  8
BottomSolderMaskLayer
100
AcDbCircle
 10
23.66903733807476
 20
127.24485648971302
 30
0.0
 40
0.8754000508001016
0
HATCH
5
d29
100
AcDbEntity
8
BottomSolderMaskLayer
100
AcDbHatch
10
0
20
0
30
0
210
0
220
0
230
1
2
SOLID
70
1
71
0
91
1
92
7
72
1
73
1
93
2
10
22.793637287274656
20
127.24485648971302
42
1
10
24.54443738887486
20
127.24485648971302
42
1
97
1
330

75
0
76
1
47
0.8681437583925616
98
1
10
3.629517071192367
20
33.92795499968543
450
0
451
0
460
0
461
0
452
1
462
1
453
2
463
0
63
5
421
255
463
1
63
7
421
16777215
470
LINEAR
1001
ACAD
1010
0
1020
0
1030
0
  0
CIRCLE
  5
d2a
330
1F
100
AcDbEntity
  8
Multi-Layer
100
AcDbCircle
 10
23.66898653797307
 20
127.24500889001786
 30
0.0
 40
0.5500127000254001
  0
CIRCLE
  5
d2b
330
1F
100
AcDbEntity
  8
Multi-Layer
100
AcDbCircle
 10
23.66903733807476
 20
127.24485648971302
 30
0.0
 40
0.8500000000000001
0
HATCH
5
d2c
100
AcDbEntity
8
Multi-Layer
100
AcDbHatch
10
0
20
0
30
0
210
0
220
0
230
1
2
SOLID
70
1
71
0
91
1
92
7
72
1
73
1
93
2
10
22.819037338074757
20
127.24485648971302
42
1
10
24.51903733807476
20
127.24485648971302
42
1
97
1
330

75
0
76
1
47
0.8681437583925616
98
1
10
3.629517071192367
20
33.92795499968543
450
0
451
0
460
0
461
0
452
1
462
1
453
2
463
0
63
5
421
255
463
1
63
7
421
16777215
470
LINEAR
1001
ACAD
1010
0
1020
0
1030
0
  0
CIRCLE
  5
d2d
330
1F
100
AcDbEntity
  8
TopSolderMaskLayer
100
AcDbCircle
 10
62.21501143002274
 20
127.50000000000011
 30
0.0
 40
0.5664484065211015
  0
CIRCLE
  5
d2e
330
1F
100
AcDbEntity
  8
TopSolderMaskLayer
100
AcDbCircle
 10
62.21513843027674
 20
127.499872999746
 30
0.0
 40
0.8754000508001016
0
HATCH
5
d2f
100
AcDbEntity
8
TopSolderMaskLayer
100
AcDbHatch
10
0
20
0
30
0
210
0
220
0
230
1
2
SOLID
70
1
71
0
91
1
92
7
72
1
73
1
93
2
10
61.339738379476636
20
127.499872999746
42
1
10
63.09053848107684
20
127.499872999746
42
1
97
1
330

75
0
76
1
47
0.8681437583925616
98
1
10
3.629517071192367
20
33.92795499968543
450
0
451
0
460
0
461
0
452
1
462
1
453
2
463
0
63
5
421
255
463
1
63
7
421
16777215
470
LINEAR
1001
ACAD
1010
0
1020
0
1030
0
  0
CIRCLE
  5
d30
330
1F
100
AcDbEntity
  8
BottomSolderMaskLayer
100
AcDbCircle
 10
62.21501143002274
 20
127.50000000000011
 30
0.0
 40
0.5664484065211015
  0
CIRCLE
  5
d31
330
1F
100
AcDbEntity
  8
BottomSolderMaskLayer
100
AcDbCircle
 10
62.21513843027674
 20
127.499872999746
 30
0.0
 40
0.8754000508001016
0
HATCH
5
d32
100
AcDbEntity
8
BottomSolderMaskLayer
100
AcDbHatch
10
0
20
0
30
0
210
0
220
0
230
1
2
SOLID
70
1
71
0
91
1
92
7
72
1
73
1
93
2
10
61.339738379476636
20
127.499872999746
42
1
10
63.09053848107684
20
127.499872999746
42
1
97
1
330

75
0
76
1
47
0.8681437583925616
98
1
10
3.629517071192367
20
33.92795499968543
450
0
451
0
460
0
461
0
452
1
462
1
453
2
463
0
63
5
421
255
463
1
63
7
421
16777215
470
LINEAR
1001
ACAD
1010
0
1020
0
1030
0
  0
CIRCLE
  5
d33
330
1F
100
AcDbEntity
  8
Multi-Layer
100
AcDbCircle
 10
62.21501143002274
 20
127.50000000000011
 30
0.0
 40
0.5500127000254001
  0
CIRCLE
  5
d34
330
1F
100
AcDbEntity
  8
Multi-Layer
100
AcDbCircle
 10
62.21513843027674
 20
127.499872999746
 30
0.0
 40
0.8500000000000001
0
HATCH
5
d35
100
AcDbEntity
8
Multi-Layer
100
AcDbHatch
10
0
20
0
30
0
210
0
220
0
230
1
2
SOLID
70
1
71
0
91
1
92
7
72
1
73
1
93
2
10
61.36513843027674
20
127.499872999746
42
1
10
63.06513843027674
20
127.499872999746
42
1
97
1
330

75
0
76
1
47
0.8681437583925616
98
1
10
3.629517071192367
20
33.92795499968543
450
0
451
0
460
0
461
0
452
1
462
1
453
2
463
0
63
5
421
255
463
1
63
7
421
16777215
470
LINEAR
1001
ACAD
1010
0
1020
0
1030
0
  0
CIRCLE
  5
d36
330
1F
100
AcDbEntity
  8
TopSolderMaskLayer
100
AcDbCircle
 10
59.67500635001261
 20
127.50000000000011
 30
0.0
 40
0.5664484065211015
  0
CIRCLE
  5
d37
330
1F
100
AcDbEntity
  8
TopSolderMaskLayer
100
AcDbCircle
 10
59.675133350266606
 20
127.499872999746
 30
0.0
 40
0.8754000508001016
0
HATCH
5
d38
100
AcDbEntity
8
TopSolderMaskLayer
100
AcDbHatch
10
0
20
0
30
0
210
0
220
0
230
1
2
SOLID
70
1
71
0
91
1
92
7
72
1
73
1
93
2
10
58.7997332994665
20
127.499872999746
42
1
10
60.55053340106671
20
127.499872999746
42
1
97
1
330

75
0
76
1
47
0.8681437583925616
98
1
10
3.629517071192367
20
33.92795499968543
450
0
451
0
460
0
461
0
452
1
462
1
453
2
463
0
63
5
421
255
463
1
63
7
421
16777215
470
LINEAR
1001
ACAD
1010
0
1020
0
1030
0
  0
CIRCLE
  5
d39
330
1F
100
AcDbEntity
  8
BottomSolderMaskLayer
100
AcDbCircle
 10
59.67500635001261
 20
127.50000000000011
 30
0.0
 40
0.5664484065211015
  0
CIRCLE
  5
d3a
330
1F
100
AcDbEntity
  8
BottomSolderMaskLayer
100
AcDbCircle
 10
59.675133350266606
 20
127.499872999746
 30
0.0
 40
0.8754000508001016
0
HATCH
5
d3b
100
AcDbEntity
8
BottomSolderMaskLayer
100
AcDbHatch
10
0
20
0
30
0
210
0
220
0
230
1
2
SOLID
70
1
71
0
91
1
92
7
72
1
73
1
93
2
10
58.7997332994665
20
127.499872999746
42
1
10
60.55053340106671
20
127.499872999746
42
1
97
1
330

75
0
76
1
47
0.8681437583925616
98
1
10
3.629517071192367
20
33.92795499968543
450
0
451
0
460
0
461
0
452
1
462
1
453
2
463
0
63
5
421
255
463
1
63
7
421
16777215
470
LINEAR
1001
ACAD
1010
0
1020
0
1030
0
  0
CIRCLE
  5
d3c
330
1F
100
AcDbEntity
  8
Multi-Layer
100
AcDbCircle
 10
59.67500635001261
 20
127.50000000000011
 30
0.0
 40
0.5500127000254001
  0
CIRCLE
  5
d3d
330
1F
100
AcDbEntity
  8
Multi-Layer
100
AcDbCircle
 10
59.675133350266606
 20
127.499872999746
 30
0.0
 40
0.8500000000000001
0
HATCH
5
d3e
100
AcDbEntity
8
Multi-Layer
100
AcDbHatch
10
0
20
0
30
0
210
0
220
0
230
1
2
SOLID
70
1
71
0
91
1
92
7
72
1
73
1
93
2
10
58.825133350266604
20
127.499872999746
42
1
10
60.52513335026661
20
127.499872999746
42
1
97
1
330

75
0
76
1
47
0.8681437583925616
98
1
10
3.629517071192367
20
33.92795499968543
450
0
451
0
460
0
461
0
452
1
462
1
453
2
463
0
63
5
421
255
463
1
63
7
421
16777215
470
LINEAR
1001
ACAD
1010
0
1020
0
1030
0
0
HATCH
5
6f3
100
AcDbEntity
8
TopSolderMaskLayer
100
AcDbHatch
10
0
20
0
30
0
210
0
220
0
230
1
2
SOLID
70
1
71
0
91
1
92
7
72
0
73
1
93
4
10
67.13861263941658
20
20.66559638387389
10
67.13861263941658
20
21.256401565484225
10
67.75504419118397
20
21.256401565484225
10
67.75504419118397
20
20.66559638387389
97
1
330

75
0
76
1
47
0.4128176842155181
98
1
10
34.90568961886538
20
22.81183545379326
450
0
451
0
460
0
461
0
452
1
462
1
453
2
463
0
63
5
421
255
463
1
63
7
421
16777215
470
LINEAR
1001
ACAD
1010
0
1020
0
1030
0
0
HATCH
5
6f6
100
AcDbEntity
8
TopLayer
100
AcDbHatch
10
0
20
0
30
0
210
0
220
0
230
1
2
SOLID
70
1
71
0
91
1
92
7
72
0
73
1
93
4
10
67.16400812801612
20
20.691008382016776
10
67.16400812801612
20
21.231013462026908
10
67.72964185928367
20
21.231013462026908
10
67.72964185928367
20
20.691008382016776
97
1
330

75
0
76
1
47
0.4128176842155181
98
1
10
34.90568961886538
20
22.81183545379326
450
0
451
0
460
0
461
0
452
1
462
1
453
2
463
0
63
5
421
255
463
1
63
7
421
16777215
470
LINEAR
1001
ACAD
1010
0
1020
0
1030
0
0
HATCH
5
6f9
100
AcDbEntity
8
TopSolderMaskLayer
100
AcDbHatch
10
0
20
0
30
0
210
0
220
0
230
1
2
SOLID
70
1
71
0
91
1
92
7
72
0
73
1
93
4
10
66.8893827787656
20
20.66559638387389
10
66.8893827787656
20
21.256401565484225
10
66.27295122699798
20
21.256401565484225
10
66.27295122699798
20
20.66559638387389
97
1
330

75
0
76
1
47
0.4128176842155181
98
1
10
34.90568961886538
20
22.81183545379326
450
0
451
0
460
0
461
0
452
1
462
1
453
2
463
0
63
5
421
255
463
1
63
7
421
16777215
470
LINEAR
1001
ACAD
1010
0
1020
0
1030
0
0
HATCH
5
6fc
100
AcDbEntity
8
TopLayer
100
AcDbHatch
10
0
20
0
30
0
210
0
220
0
230
1
2
SOLID
70
1
71
0
91
1
92
7
72
0
73
1
93
4
10
66.86398272796532
20
20.691008382016776
10
66.86398272796532
20
21.231013462026908
10
66.298348996698
20
21.231013462026908
10
66.298348996698
20
20.691008382016776
97
1
330

75
0
76
1
47
0.4128176842155181
98
1
10
34.90568961886538
20
22.81183545379326
450
0
451
0
460
0
461
0
452
1
462
1
453
2
463
0
63
5
421
255
463
1
63
7
421
16777215
470
LINEAR
1001
ACAD
1010
0
1020
0
1030
0
0
HATCH
5
6ff
100
AcDbEntity
8
TopSolderMaskLayer
100
AcDbHatch
10
0
20
0
30
0
210
0
220
0
230
1
2
SOLID
70
1
71
0
91
1
92
7
72
0
73
1
93
4
10
50.92638380948074
20
134.17037876182997
10
50.92638380948074
20
133.57957358021963
10
50.30995225771312
20
133.57957358021963
10
50.30995225771312
20
134.17037876182997
97
1
330

75
0
76
1
47
0.4128176842155181
98
1
10
34.90568961886538
20
22.81183545379326
450
0
451
0
460
0
461
0
452
1
462
1
453
2
463
0
63
5
421
255
463
1
63
7
421
16777215
470
LINEAR
1001
ACAD
1010
0
1020
0
1030
0
0
HATCH
5
702
100
AcDbEntity
8
TopLayer
100
AcDbHatch
10
0
20
0
30
0
210
0
220
0
230
1
2
SOLID
70
1
71
0
91
1
92
7
72
0
73
1
93
4
10
50.90099060198122
20
134.144983489967
10
50.90099060198122
20
133.60497840995686
10
50.33535687071367
20
133.60497840995686
10
50.33535687071367
20
134.144983489967
97
1
330

75
0
76
1
47
0.4128176842155181
98
1
10
34.90568961886538
20
22.81183545379326
450
0
451
0
460
0
461
0
452
1
462
1
453
2
463
0
63
5
421
255
463
1
63
7
421
16777215
470
LINEAR
1001
ACAD
1010
0
1020
0
1030
0
0
HATCH
5
705
100
AcDbEntity
8
TopSolderMaskLayer
100
AcDbHatch
10
0
20
0
30
0
210
0
220
0
230
1
2
SOLID
70
1
71
0
91
1
92
7
72
0
73
1
93
4
10
51.17561367013195
20
134.17037876182997
10
51.17561367013195
20
133.57957358021963
10
51.792045221899116
20
133.57957358021963
10
51.792045221899116
20
134.17037876182997
97
1
330

75
0
76
1
47
0.4128176842155181
98
1
10
34.90568961886538
20
22.81183545379326
450
0
451
0
460
0
461
0
452
1
462
1
453
2
463
0
63
5
421
255
463
1
63
7
421
16777215
470
LINEAR
1001
ACAD
1010
0
1020
0
1030
0
0
HATCH
5
708
100
AcDbEntity
8
TopLayer
100
AcDbHatch
10
0
20
0
30
0
210
0
220
0
230
1
2
SOLID
70
1
71
0
91
1
92
7
72
0
73
1
93
4
10
51.20101600203202
20
134.144983489967
10
51.20101600203202
20
133.60497840995686
10
51.76664973329957
20
133.60497840995686
10
51.76664973329957
20
134.144983489967
97
1
330

75
0
76
1
47
0.4128176842155181
98
1
10
34.90568961886538
20
22.81183545379326
450
0
451
0
460
0
461
0
452
1
462
1
453
2
463
0
63
5
421
255
463
1
63
7
421
16777215
470
LINEAR
1001
ACAD
1010
0
1020
0
1030
0
0
HATCH
5
70b
100
AcDbEntity
8
TopSolderMaskLayer
100
AcDbHatch
10
0
20
0
30
0
210
0
220
0
230
1
2
SOLID
70
1
71
0
91
1
92
7
72
0
73
1
93
4
10
67.42238086272187
20
123.77711595979895
10
67.42238086272187
20
125.2049026783277
10
68.6057184293968
20
125.2049026783277
10
68.6057184293968
20
123.77711595979895
97
1
330

75
0
76
1
47
0.4128176842155181
98
1
10
34.90568961886538
20
22.81183545379326
450
0
451
0
460
0
461
0
452
1
462
1
453
2
463
0
63
5
421
255
463
1
63
7
421
16777215
470
LINEAR
1001
ACAD
1010
0
1020
0
1030
0
0
HATCH
5
70e
100
AcDbEntity
8
TopLayer
100
AcDbHatch
10
0
20
0
30
0
210
0
220
0
230
1
2
SOLID
70
1
71
0
91
1
92
7
72
0
73
1
93
4
10
67.4477774955551
20
123.80251460502916
10
67.4477774955551
20
125.17950215900441
10
68.58031496062995
20
125.17950215900441
10
68.58031496062995
20
123.80251460502916
97
1
330

75
0
76
1
47
0.4128176842155181
98
1
10
34.90568961886538
20
22.81183545379326
450
0
451
0
460
0
461
0
452
1
462
1
453
2
463
0
63
5
421
255
463
1
63
7
421
16777215
470
LINEAR
1001
ACAD
1010
0
1020
0
1030
0
0
HATCH
5
711
100
AcDbEntity
8
TopSolderMaskLayer
100
AcDbHatch
10
0
20
0
30
0
210
0
220
0
230
1
2
SOLID
70
1
71
0
91
1
92
7
72
0
73
1
93
4
10
66.60561227190442
20
123.77711595979895
10
66.60561227190442
20
125.2049026783277
10
65.42227470522926
20
125.2049026783277
10
65.42227470522926
20
123.77711595979895
97
1
330

75
0
76
1
47
0.4128176842155181
98
1
10
34.90568961886538
20
22.81183545379326
450
0
451
0
460
0
461
0
452
1
462
1
453
2
463
0
63
5
421
255
463
1
63
7
421
16777215
470
LINEAR
1001
ACAD
1010
0
1020
0
1030
0
0
HATCH
5
714
100
AcDbEntity
8
TopLayer
100
AcDbHatch
10
0
20
0
30
0
210
0
220
0
230
1
2
SOLID
70
1
71
0
91
1
92
7
72
0
73
1
93
4
10
66.5802133604268
20
123.80251460502916
10
66.5802133604268
20
125.17950215900441
10
65.44767589535172
20
125.17950215900441
10
65.44767589535172
20
123.80251460502916
97
1
330

75
0
76
1
47
0.4128176842155181
98
1
10
34.90568961886538
20
22.81183545379326
450
0
451
0
460
0
461
0
452
1
462
1
453
2
463
0
63
5
421
255
463
1
63
7
421
16777215
470
LINEAR
1001
ACAD
1010
0
1020
0
1030
0
0
HATCH
5
717
100
AcDbEntity
8
TopSolderMaskLayer
100
AcDbHatch
10
0
20
0
30
0
210
0
220
0
230
1
2
SOLID
70
1
71
0
91
1
92
7
72
0
73
1
93
4
10
64.92836558591398
20
119.39590173017257
10
63.48961309276365
20
119.39590173017257
10
63.48961309276365
20
120.5702202243391
10
64.92836558591398
20
120.5702202243391
97
1
330

75
0
76
1
47
0.4128176842155181
98
1
10
34.90568961886538
20
22.81183545379326
450
0
451
0
460
0
461
0
452
1
462
1
453
2
463
0
63
5
421
255
463
1
63
7
421
16777215
470
LINEAR
1001
ACAD
1010
0
1020
0
1030
0
0
HATCH
5
71a
100
AcDbEntity
8
TopLayer
100
AcDbHatch
10
0
20
0
30
0
210
0
220
0
230
1
2
SOLID
70
1
71
0
91
1
92
7
72
0
73
1
93
4
10
64.89748539497077
20
119.41678943357886
10
63.52049784099586
20
119.41678943357886
10
63.52049784099586
20
120.54932689865382
10
64.89748539497077
20
120.54932689865382
97
1
330

75
0
76
1
47
0.4128176842155181
98
1
10
34.90568961886538
20
22.81183545379326
450
0
451
0
460
0
461
0
452
1
462
1
453
2
463
0
63
5
421
255
463
1
63
7
421
16777215
470
LINEAR
1001
ACAD
1010
0
1020
0
1030
0
0
HATCH
5
71d
100
AcDbEntity
8
TopSolderMaskLayer
100
AcDbHatch
10
0
20
0
30
0
210
0
220
0
230
1
2
SOLID
70
1
71
0
91
1
92
7
72
0
73
1
93
4
10
64.92836558591398
20
118.57011487595003
10
63.48961309276365
20
118.57011487595003
10
63.48961309276365
20
117.39579638178327
10
64.92836558591398
20
117.39579638178327
97
1
330

75
0
76
1
47
0.4128176842155181
98
1
10
34.90568961886538
20
22.81183545379326
450
0
451
0
460
0
461
0
452
1
462
1
453
2
463
0
63
5
421
255
463
1
63
7
421
16777215
470
LINEAR
1001
ACAD
1010
0
1020
0
1030
0
0
HATCH
5
720
100
AcDbEntity
8
TopLayer
100
AcDbHatch
10
0
20
0
30
0
210
0
220
0
230
1
2
SOLID
70
1
71
0
91
1
92
7
72
0
73
1
93
4
10
64.89748539497077
20
118.54922529845066
10
63.52049784099586
20
118.54922529845066
10
63.52049784099586
20
117.4166878333757
10
64.89748539497077
20
117.4166878333757
97
1
330

75
0
76
1
47
0.4128176842155181
98
1
10
34.90568961886538
20
22.81183545379326
450
0
451
0
460
0
461
0
452
1
462
1
453
2
463
0
63
5
421
255
463
1
63
7
421
16777215
470
LINEAR
1001
ACAD
1010
0
1020
0
1030
0
0
HATCH
5
723
100
AcDbEntity
8
TopSolderMaskLayer
100
AcDbHatch
10
0
20
0
30
0
210
0
220
0
230
1
2
SOLID
70
1
71
0
91
1
92
7
72
0
73
1
93
4
10
57.64926655616887
20
122.23698550441804
10
55.876715558647675
20
122.23698550441804
10
55.876715558647675
20
123.48056593068497
10
57.64926655616887
20
123.48056593068497
97
1
330

75
0
76
1
47
0.4128176842155181
98
1
10
34.90568961886538
20
22.81183545379326
450
0
451
0
460
0
461
0
452
1
462
1
453
2
463
0
63
5
421
255
463
1
63
7
421
16777215
470
LINEAR
1001
ACAD
1010
0
1020
0
1030
0
0
HATCH
5
726
100
AcDbEntity
8
TopLayer
100
AcDbHatch
10
0
20
0
30
0
210
0
220
0
230
1
2
SOLID
70
1
71
0
91
1
92
7
72
0
73
1
93
4
10
57.61348742697487
20
122.2550165100331
10
55.91249682499347
20
122.2550165100331
10
55.91249682499347
20
123.46253492506992
10
57.61348742697487
20
123.46253492506992
97
1
330

75
0
76
1
47
0.4128176842155181
98
1
10
34.90568961886538
20
22.81183545379326
450
0
451
0
460
0
461
0
452
1
462
1
453
2
463
0
63
5
421
255
463
1
63
7
421
16777215
470
LINEAR
1001
ACAD
1010
0
1020
0
1030
0
0
HATCH
5
729
100
AcDbEntity
8
TopSolderMaskLayer
100
AcDbHatch
10
0
20
0
30
0
210
0
220
0
230
1
2
SOLID
70
1
71
0
91
1
92
7
72
0
73
1
93
4
10
57.64926655616887
20
120.5230363327455
10
55.876715558647675
20
120.5230363327455
10
55.876715558647675
20
119.27945590647857
10
57.64926655616887
20
119.27945590647857
97
1
330

75
0
76
1
47
0.4128176842155181
98
1
10
34.90568961886538
20
22.81183545379326
450
0
451
0
460
0
461
0
452
1
462
1
453
2
463
0
63
5
421
255
463
1
63
7
421
16777215
470
LINEAR
1001
ACAD
1010
0
1020
0
1030
0
0
HATCH
5
72c
100
AcDbEntity
8
TopLayer
100
AcDbHatch
10
0
20
0
30
0
210
0
220
0
230
1
2
SOLID
70
1
71
0
91
1
92
7
72
0
73
1
93
4
10
57.61348742697487
20
120.50500381000757
10
55.91249682499347
20
120.50500381000757
10
55.91249682499347
20
119.29748539497075
10
57.61348742697487
20
119.29748539497075
97
1
330

75
0
76
1
47
0.4128176842155181
98
1
10
34.90568961886538
20
22.81183545379326
450
0
451
0
460
0
461
0
452
1
462
1
453
2
463
0
63
5
421
255
463
1
63
7
421
16777215
470
LINEAR
1001
ACAD
1010
0
1020
0
1030
0
0
HATCH
5
72f
100
AcDbEntity
8
TopSolderMaskLayer
100
AcDbHatch
10
0
20
0
30
0
210
0
220
0
230
1
2
SOLID
70
1
71
0
91
1
92
7
72
0
73
1
93
4
10
27.131620784601637
20
25.550904044419667
10
27.131620784601637
20
24.123117325890917
10
25.948283217926473
20
24.123117325890917
10
25.948283217926473
20
25.550904044419667
97
1
330

75
0
76
1
47
0.4128176842155181
98
1
10
34.90568961886538
20
22.81183545379326
450
0
451
0
460
0
461
0
452
1
462
1
453
2
463
0
63
5
421
255
463
1
63
7
421
16777215
470
LINEAR
1001
ACAD
1010
0
1020
0
1030
0
0
HATCH
5
732
100
AcDbEntity
8
TopLayer
100
AcDbHatch
10
0
20
0
30
0
210
0
220
0
230
1
2
SOLID
70
1
71
0
91
1
92
7
72
0
73
1
93
4
10
27.10622301244598
20
25.52550165100331
10
27.10622301244598
20
24.148514097028283
10
25.973685547371133
20
24.148514097028283
10
25.973685547371133
20
25.52550165100331
97
1
330

75
0
76
1
47
0.4128176842155181
98
1
10
34.90568961886538
20
22.81183545379326
450
0
451
0
460
0
461
0
452
1
462
1
453
2
463
0
63
5
421
255
463
1
63
7
421
16777215
470
LINEAR
1001
ACAD
1010
0
1020
0
1030
0
0
HATCH
5
735
100
AcDbEntity
8
TopSolderMaskLayer
100
AcDbHatch
10
0
20
0
30
0
210
0
220
0
230
1
2
SOLID
70
1
71
0
91
1
92
7
72
0
73
1
93
4
10
27.948389375418856
20
25.550904044419667
10
27.948389375418856
20
24.123117325890917
10
29.131726942093792
20
24.123117325890917
10
29.131726942093792
20
25.550904044419667
97
1
330

75
0
76
1
47
0.4128176842155181
98
1
10
34.90568961886538
20
22.81183545379326
450
0
451
0
460
0
461
0
452
1
462
1
453
2
463
0
63
5
421
255
463
1
63
7
421
16777215
470
LINEAR
1001
ACAD
1010
0
1020
0
1030
0
0
HATCH
5
738
100
AcDbEntity
8
TopLayer
100
AcDbHatch
10
0
20
0
30
0
210
0
220
0
230
1
2
SOLID
70
1
71
0
91
1
92
7
72
0
73
1
93
4
10
27.973787147574285
20
25.52550165100331
10
27.973787147574285
20
24.148514097028283
10
29.106324612649132
20
24.148514097028283
10
29.106324612649132
20
25.52550165100331
97
1
330

75
0
76
1
47
0.4128176842155181
98
1
10
34.90568961886538
20
22.81183545379326
450
0
451
0
460
0
461
0
452
1
462
1
453
2
463
0
63
5
421
255
463
1
63
7
421
16777215
470
LINEAR
1001
ACAD
1010
0
1020
0
1030
0
0
HATCH
5
73b
100
AcDbEntity
8
TopSolderMaskLayer
100
AcDbHatch
10
0
20
0
30
0
210
0
220
0
230
1
2
SOLID
70
1
71
0
91
1
92
7
72
0
73
1
93
4
10
31.806599738904197
20
26.460095382350914
10
31.806599738904197
20
28.21188532737085
10
33.064918255541215
20
28.21188532737085
10
33.064918255541215
20
26.460095382350914
97
1
330

75
0
76
1
47
0.4128176842155181
98
1
10
34.90568961886538
20
22.81183545379326
450
0
451
0
460
0
461
0
452
1
462
1
453
2
463
0
63
5
421
255
463
1
63
7
421
16777215
470
LINEAR
1001
ACAD
1010
0
1020
0
1030
0
0
HATCH
5
73e
100
AcDbEntity
8
TopLayer
100
AcDbHatch
10
0
20
0
30
0
210
0
220
0
230
1
2
SOLID
70
1
71
0
91
1
92
7
72
0
73
1
93
4
10
31.832004064008288
20
26.485496570993178
10
31.832004064008288
20
28.186487172974353
10
33.03952247904499
20
28.186487172974353
10
33.03952247904499
20
26.485496570993178
97
1
330

75
0
76
1
47
0.4128176842155181
98
1
10
34.90568961886538
20
22.81183545379326
450
0
451
0
460
0
461
0
452
1
462
1
453
2
463
0
63
5
421
255
463
1
63
7
421
16777215
470
LINEAR
1001
ACAD
1010
0
1020
0
1030
0
0
HATCH
5
741
100
AcDbEntity
8
TopSolderMaskLayer
100
AcDbHatch
10
0
20
0
30
0
210
0
220
0
230
1
2
SOLID
70
1
71
0
91
1
92
7
72
0
73
1
93
4
10
30.107389277630773
20
26.460095382350914
10
30.107389277630773
20
28.21188532737085
10
28.849070760993982
20
28.21188532737085
10
28.849070760993982
20
26.460095382350914
97
1
330

75
0
76
1
47
0.4128176842155181
98
1
10
34.90568961886538
20
22.81183545379326
450
0
451
0
460
0
461
0
452
1
462
1
453
2
463
0
63
5
421
255
463
1
63
7
421
16777215
470
LINEAR
1001
ACAD
1010
0
1020
0
1030
0
0
HATCH
5
744
100
AcDbEntity
8
TopLayer
100
AcDbHatch
10
0
20
0
30
0
210
0
220
0
230
1
2
SOLID
70
1
71
0
91
1
92
7
72
0
73
1
93
4
10
30.081991363982752
20
26.485496570993178
10
30.081991363982752
20
28.186487172974353
10
28.874472948945822
20
28.186487172974353
10
28.874472948945822
20
26.485496570993178
97
1
330

75
0
76
1
47
0.4128176842155181
98
1
10
34.90568961886538
20
22.81183545379326
450
0
451
0
460
0
461
0
452
1
462
1
453
2
463
0
63
5
421
255
463
1
63
7
421
16777215
470
LINEAR
1001
ACAD
1010
0
1020
0
1030
0
0
HATCH
5
747
100
AcDbEntity
8
TopSolderMaskLayer
100
AcDbHatch
10
0
20
0
30
0
210
0
220
0
230
1
2
SOLID
70
1
71
0
91
1
92
7
72
0
73
1
93
4
10
30.39560693053386
20
23.408891423349814
10
30.39560693053386
20
21.98110470482095
10
29.212269363858695
20
21.98110470482095
10
29.212269363858695
20
23.408891423349814
97
1
330

75
0
76
1
47
0.4128176842155181
98
1
10
34.90568961886538
20
22.81183545379326
450
0
451
0
460
0
461
0
452
1
462
1
453
2
463
0
63
5
421
255
463
1
63
7
421
16777215
470
LINEAR
1001
ACAD
1010
0
1020
0
1030
0
0
HATCH
5
74a
100
AcDbEntity
8
TopLayer
100
AcDbHatch
10
0
20
0
30
0
210
0
220
0
230
1
2
SOLID
70
1
71
0
91
1
92
7
72
0
73
1
93
4
10
30.37020574041162
20
23.383489966979937
10
30.37020574041162
20
22.006502413004796
10
29.237668275336546
20
22.006502413004796
10
29.237668275336546
20
23.383489966979937
97
1
330

75
0
76
1
47
0.4128176842155181
98
1
10
34.90568961886538
20
22.81183545379326
450
0
451
0
460
0
461
0
452
1
462
1
453
2
463
0
63
5
421
255
463
1
63
7
421
16777215
470
LINEAR
1001
ACAD
1010
0
1020
0
1030
0
0
HATCH
5
74d
100
AcDbEntity
8
TopSolderMaskLayer
100
AcDbHatch
10
0
20
0
30
0
210
0
220
0
230
1
2
SOLID
70
1
71
0
91
1
92
7
72
0
73
1
93
4
10
31.212375521351078
20
23.408891423349814
10
31.212375521351078
20
21.98110470482095
10
32.395713088026014
20
21.98110470482095
10
32.395713088026014
20
23.408891423349814
97
1
330

75
0
76
1
47
0.4128176842155181
98
1
10
34.90568961886538
20
22.81183545379326
450
0
451
0
460
0
461
0
452
1
462
1
453
2
463
0
63
5
421
255
463
1
63
7
421
16777215
470
LINEAR
1001
ACAD
1010
0
1020
0
1030
0
0
HATCH
5
750
100
AcDbEntity
8
TopLayer
100
AcDbHatch
10
0
20
0
30
0
210
0
220
0
230
1
2
SOLID
70
1
71
0
91
1
92
7
72
0
73
1
93
4
10
31.237769875539925
20
23.383489966979937
10
31.237769875539925
20
22.006502413004796
10
32.370307340614545
20
22.006502413004796
10
32.370307340614545
20
23.383489966979937
97
1
330

75
0
76
1
47
0.4128176842155181
98
1
10
34.90568961886538
20
22.81183545379326
450
0
451
0
460
0
461
0
452
1
462
1
453
2
463
0
63
5
421
255
463
1
63
7
421
16777215
470
LINEAR
1001
ACAD
1010
0
1020
0
1030
0
0
HATCH
5
753
100
AcDbEntity
8
TopSolderMaskLayer
100
AcDbHatch
10
0
20
0
30
0
210
0
220
0
230
1
2
SOLID
70
1
71
0
91
1
92
7
72
0
73
1
93
4
10
37.96261672505693
20
125.20660700004373
10
37.96261672505693
20
126.12141522966022
10
38.81989383961127
20
126.12141522966022
10
38.81989383961127
20
125.20660700004373
97
1
330

75
0
76
1
47
0.4128176842155181
98
1
10
34.90568961886538
20
22.81183545379326
450
0
451
0
460
0
461
0
452
1
462
1
453
2
463
0
63
5
421
255
463
1
63
7
421
16777215
470
LINEAR
1001
ACAD
1010
0
1020
0
1030
0
0
HATCH
5
756
100
AcDbEntity
8
TopLayer
100
AcDbHatch
10
0
20
0
30
0
210
0
220
0
230
1
2
SOLID
70
1
71
0
91
1
92
7
72
0
73
1
93
4
10
37.98801117602238
20
125.23200406400815
10
37.98801117602238
20
126.09601219202443
10
38.7944881889764
20
126.09601219202443
10
38.7944881889764
20
125.23200406400815
97
1
330

75
0
76
1
47
0.4128176842155181
98
1
10
34.90568961886538
20
22.81183545379326
450
0
451
0
460
0
461
0
452
1
462
1
453
2
463
0
63
5
421
255
463
1
63
7
421
16777215
470
LINEAR
1001
ACAD
1010
0
1020
0
1030
0
0
HATCH
5
759
100
AcDbEntity
8
TopSolderMaskLayer
100
AcDbHatch
10
0
20
0
30
0
210
0
220
0
230
1
2
SOLID
70
1
71
0
91
1
92
7
72
0
73
1
93
4
10
37.31338982665375
20
125.20660700004373
10
37.31338982665375
20
126.12141522966022
10
36.45611271209941
20
126.12141522966022
10
36.45611271209941
20
125.20660700004373
97
1
330

75
0
76
1
47
0.4128176842155181
98
1
10
34.90568961886538
20
22.81183545379326
450
0
451
0
460
0
461
0
452
1
462
1
453
2
463
0
63
5
421
255
463
1
63
7
421
16777215
470
LINEAR
1001
ACAD
1010
0
1020
0
1030
0
0
HATCH
5
75c
100
AcDbEntity
8
TopLayer
100
AcDbHatch
10
0
20
0
30
0
210
0
220
0
230
1
2
SOLID
70
1
71
0
91
1
92
7
72
0
73
1
93
4
10
37.28798577597172
20
125.23200406400815
10
37.28798577597172
20
126.09601219202443
10
36.48150876301747
20
126.09601219202443
10
36.48150876301747
20
125.23200406400815
97
1
330

75
0
76
1
47
0.4128176842155181
98
1
10
34.90568961886538
20
22.81183545379326
450
0
451
0
460
0
461
0
452
1
462
1
453
2
463
0
63
5
421
255
463
1
63
7
421
16777215
470
LINEAR
1001
ACAD
1010
0
1020
0
1030
0
0
HATCH
5
75f
100
AcDbEntity
8
TopSolderMaskLayer
100
AcDbHatch
10
0
20
0
30
0
210
0
220
0
230
1
2
SOLID
70
1
71
0
91
1
92
7
72
0
73
1
93
4
10
44.347401056993476
20
126.01041402082808
10
44.347401056993476
20
125.41960883921774
10
43.730969505226085
20
125.41960883921774
10
43.730969505226085
20
126.01041402082808
97
1
330

75
0
76
1
47
0.4128176842155181
98
1
10
34.90568961886538
20
22.81183545379326
450
0
451
0
460
0
461
0
452
1
462
1
453
2
463
0
63
5
421
255
463
1
63
7
421
16777215
470
LINEAR
1001
ACAD
1010
0
1020
0
1030
0
0
HATCH
5
762
100
AcDbEntity
8
TopLayer
100
AcDbHatch
10
0
20
0
30
0
210
0
220
0
230
1
2
SOLID
70
1
71
0
91
1
92
7
72
0
73
1
93
4
10
44.32199644399293
20
125.98501397002804
10
44.32199644399293
20
125.44500889001779
10
43.75636271272538
20
125.44500889001779
10
43.75636271272538
20
125.98501397002804
97
1
330

75
0
76
1
47
0.4128176842155181
98
1
10
34.90568961886538
20
22.81183545379326
450
0
451
0
460
0
461
0
452
1
462
1
453
2
463
0
63
5
421
255
463
1
63
7
421
16777215
470
LINEAR
1001
ACAD
1010
0
1020
0
1030
0
0
HATCH
5
765
100
AcDbEntity
8
TopSolderMaskLayer
100
AcDbHatch
10
0
20
0
30
0
210
0
220
0
230
1
2
SOLID
70
1
71
0
91
1
92
7
72
0
73
1
93
4
10
44.59663091764446
20
126.01041402082808
10
44.59663091764446
20
125.41960883921774
10
45.21306246941185
20
125.41960883921774
10
45.21306246941185
20
126.01041402082808
97
1
330

75
0
76
1
47
0.4128176842155181
98
1
10
34.90568961886538
20
22.81183545379326
450
0
451
0
460
0
461
0
452
1
462
1
453
2
463
0
63
5
421
255
463
1
63
7
421
16777215
470
LINEAR
1001
ACAD
1010
0
1020
0
1030
0
0
HATCH
5
768
100
AcDbEntity
8
TopLayer
100
AcDbHatch
10
0
20
0
30
0
210
0
220
0
230
1
2
SOLID
70
1
71
0
91
1
92
7
72
0
73
1
93
4
10
44.62202184404373
20
125.98501397002804
10
44.62202184404373
20
125.44500889001779
10
45.18765557531128
20
125.44500889001779
10
45.18765557531128
20
125.98501397002804
97
1
330

75
0
76
1
47
0.4128176842155181
98
1
10
34.90568961886538
20
22.81183545379326
450
0
451
0
460
0
461
0
452
1
462
1
453
2
463
0
63
5
421
255
463
1
63
7
421
16777215
470
LINEAR
1001
ACAD
1010
0
1020
0
1030
0
0
HATCH
5
76b
100
AcDbEntity
8
TopSolderMaskLayer
100
AcDbHatch
10
0
20
0
30
0
210
0
220
0
230
1
2
SOLID
70
1
71
0
91
1
92
7
72
0
73
1
93
4
10
44.279762831730295
20
133.72876334727266
10
44.868264102132116
20
133.72876334727266
10
44.868264102132116
20
133.1099185406273
10
44.279762831730295
20
133.1099185406273
97
1
330

75
0
76
1
47
0.4128176842155181
98
1
10
34.90568961886538
20
22.81183545379326
450
0
451
0
460
0
461
0
452
1
462
1
453
2
463
0
63
5
421
255
463
1
63
7
421
16777215
470
LINEAR
1001
ACAD
1010
0
1020
0
1030
0
0
HATCH
5
76e
100
AcDbEntity
8
TopLayer
100
AcDbHatch
10
0
20
0
30
0
210
0
220
0
230
1
2
SOLID
70
1
71
0
91
1
92
7
72
0
73
1
93
4
10
44.30401320802639
20
133.7021590043181
10
44.84401828803675
20
133.7021590043181
10
44.84401828803675
20
133.13652527305055
10
44.30401320802639
20
133.13652527305055
97
1
330

75
0
76
1
47
0.4128176842155181
98
1
10
34.90568961886538
20
22.81183545379326
450
0
451
0
460
0
461
0
452
1
462
1
453
2
463
0
63
5
421
255
463
1
63
7
421
16777215
470
LINEAR
1001
ACAD
1010
0
1020
0
1030
0
0
HATCH
5
771
100
AcDbEntity
8
TopSolderMaskLayer
100
AcDbHatch
10
0
20
0
30
0
210
0
220
0
230
1
2
SOLID
70
1
71
0
91
1
92
7
72
0
73
1
93
4
10
44.279762831730295
20
133.97558006141423
10
44.868264102132116
20
133.97558006141423
10
44.868264102132116
20
134.5944248680596
10
44.279762831730295
20
134.5944248680596
97
1
330

75
0
76
1
47
0.4128176842155181
98
1
10
34.90568961886538
20
22.81183545379326
450
0
451
0
460
0
461
0
452
1
462
1
453
2
463
0
63
5
421
255
463
1
63
7
421
16777215
470
LINEAR
1001
ACAD
1010
0
1020
0
1030
0
0
HATCH
5
774
100
AcDbEntity
8
TopLayer
100
AcDbHatch
10
0
20
0
30
0
210
0
220
0
230
1
2
SOLID
70
1
71
0
91
1
92
7
72
0
73
1
93
4
10
44.30401320802639
20
134.0021844043689
10
44.84401828803675
20
134.0021844043689
10
44.84401828803675
20
134.56781813563634
10
44.30401320802639
20
134.56781813563634
97
1
330

75
0
76
1
47
0.4128176842155181
98
1
10
34.90568961886538
20
22.81183545379326
450
0
451
0
460
0
461
0
452
1
462
1
453
2
463
0
63
5
421
255
463
1
63
7
421
16777215
470
LINEAR
1001
ACAD
1010
0
1020
0
1030
0
0
HATCH
5
777
100
AcDbEntity
8
TopSolderMaskLayer
100
AcDbHatch
10
0
20
0
30
0
210
0
220
0
230
1
2
SOLID
70
1
71
0
91
1
92
7
72
0
73
1
93
4
10
48.0056106658692
20
18.985596259621502
10
48.0056106658692
20
20.38640906124715
10
49.46641838748451
20
20.38640906124715
10
49.46641838748451
20
18.985596259621502
97
1
330

75
0
76
1
47
0.4128176842155181
98
1
10
34.90568961886538
20
22.81183545379326
450
0
451
0
460
0
461
0
452
1
462
1
453
2
463
0
63
5
421
255
463
1
63
7
421
16777215
470
LINEAR
1001
ACAD
1010
0
1020
0
1030
0
0
HATCH
5
77a
100
AcDbEntity
8
TopLayer
100
AcDbHatch
10
0
20
0
30
0
210
0
220
0
230
1
2
SOLID
70
1
71
0
91
1
92
7
72
0
73
1
93
4
10
48.031013462026976
20
19.010998221996488
10
48.031013462026976
20
20.361010922021933
10
49.4410210820422
20
20.361010922021933
10
49.4410210820422
20
19.010998221996488
97
1
330

75
0
76
1
47
0.4128176842155181
98
1
10
34.90568961886538
20
22.81183545379326
450
0
451
0
460
0
461
0
452
1
462
1
453
2
463
0
63
5
421
255
463
1
63
7
421
16777215
470
LINEAR
1001
ACAD
1010
0
1020
0
1030
0
0
HATCH
5
77d
100
AcDbEntity
8
TopSolderMaskLayer
100
AcDbHatch
10
0
20
0
30
0
210
0
220
0
230
1
2
SOLID
70
1
71
0
91
1
92
7
72
0
73
1
93
4
10
47.46636575714433
20
18.985596259621502
10
47.46636575714433
20
20.38640906124715
10
46.00555803552902
20
20.38640906124715
10
46.00555803552902
20
18.985596259621502
97
1
330

75
0
76
1
47
0.4128176842155181
98
1
10
34.90568961886538
20
22.81183545379326
450
0
451
0
460
0
461
0
452
1
462
1
453
2
463
0
63
5
421
255
463
1
63
7
421
16777215
470
LINEAR
1001
ACAD
1010
0
1020
0
1030
0
0
HATCH
5
780
100
AcDbEntity
8
TopLayer
100
AcDbHatch
10
0
20
0
30
0
210
0
220
0
230
1
2
SOLID
70
1
71
0
91
1
92
7
72
0
73
1
93
4
10
47.44097028194051
20
19.010998221996488
10
47.44097028194051
20
20.361010922021933
10
46.03096266192529
20
20.361010922021933
10
46.03096266192529
20
19.010998221996488
97
1
330

75
0
76
1
47
0.4128176842155181
98
1
10
34.90568961886538
20
22.81183545379326
450
0
451
0
460
0
461
0
452
1
462
1
453
2
463
0
63
5
421
255
463
1
63
7
421
16777215
470
LINEAR
1001
ACAD
1010
0
1020
0
1030
0
0
HATCH
5
787
100
AcDbEntity
8
TopSolderMaskLayer
100
AcDbHatch
10
0
20
0
30
0
210
0
220
0
230
1
2
SOLID
70
1
71
0
91
1
92
7
72
1
73
1
93
4
10
41.78415289040481
20
120.46569723139454
42
-0.7853981633974483
10
41.78415289040481
20
120.880505461011
42
0
10
43.24962917715948
20
120.880505461011
42
-0.7853981633974483
10
43.24962917715948
20
120.46569723139454
42
0
97
1
330

75
0
76
1
47
0.4128176842155181
98
1
10
34.90568961886538
20
22.81183545379326
450
0
451
0
460
0
461
0
452
1
462
1
453
2
463
0
63
5
421
255
463
1
63
7
421
16777215
470
LINEAR
1001
ACAD
1010
0
1020
0
1030
0
0
HATCH
5
78e
100
AcDbEntity
8
TopPasteMaskLayer
100
AcDbHatch
10
0
20
0
30
0
210
0
220
0
230
1
2
SOLID
70
1
71
0
91
1
92
7
72
1
73
1
93
4
10
41.87388874777753
20
120.49109728219464
42
-0.7853981633974483
10
41.87388874777753
20
120.8551054102109
42
0
10
43.15989331978676
20
120.8551054102109
42
-0.7853981633974483
10
43.15989331978676
20
120.49109728219464
42
0
97
1
330

75
0
76
1
47
0.4128176842155181
98
1
10
34.90568961886538
20
22.81183545379326
450
0
451
0
460
0
461
0
452
1
462
1
453
2
463
0
63
5
421
255
463
1
63
7
421
16777215
470
LINEAR
1001
ACAD
1010
0
1020
0
1030
0
0
HATCH
5
795
100
AcDbEntity
8
TopLayer
100
AcDbHatch
10
0
20
0
30
0
210
0
220
0
230
1
2
SOLID
70
1
71
0
91
1
92
7
72
1
73
1
93
4
10
41.87388874777753
20
120.49109728219464
42
-0.7853981633974483
10
41.87388874777753
20
120.8551054102109
42
0
10
43.15989331978676
20
120.8551054102109
42
-0.7853981633974483
10
43.15989331978676
20
120.49109728219464
42
0
97
1
330

75
0
76
1
47
0.4128176842155181
98
1
10
34.90568961886538
20
22.81183545379326
450
0
451
0
460
0
461
0
452
1
462
1
453
2
463
0
63
5
421
255
463
1
63
7
421
16777215
470
LINEAR
1001
ACAD
1010
0
1020
0
1030
0
0
HATCH
5
79c
100
AcDbEntity
8
TopSolderMaskLayer
100
AcDbHatch
10
0
20
0
30
0
210
0
220
0
230
1
2
SOLID
70
1
71
0
91
1
92
7
72
1
73
1
93
4
10
41.78415289040481
20
121.1156845313691
42
-0.7853981633974483
10
41.78415289040481
20
121.53049276098555
42
0
10
43.24962917715948
20
121.53049276098555
42
-0.7853981633974483
10
43.24962917715948
20
121.1156845313691
42
0
97
1
330

75
0
76
1
47
0.4128176842155181
98
1
10
34.90568961886538
20
22.81183545379326
450
0
451
0
460
0
461
0
452
1
462
1
453
2
463
0
63
5
421
255
463
1
63
7
421
16777215
470
LINEAR
1001
ACAD
1010
0
1020
0
1030
0
0
HATCH
5
7a3
100
AcDbEntity
8
TopPasteMaskLayer
100
AcDbHatch
10
0
20
0
30
0
210
0
220
0
230
1
2
SOLID
70
1
71
0
91
1
92
7
72
1
73
1
93
4
10
41.87388874777753
20
121.1410845821692
42
-0.7853981633974483
10
41.87388874777753
20
121.50509271018545
42
0
10
43.15989331978676
20
121.50509271018545
42
-0.7853981633974483
10
43.15989331978676
20
121.1410845821692
42
0
97
1
330

75
0
76
1
47
0.4128176842155181
98
1
10
34.90568961886538
20
22.81183545379326
450
0
451
0
460
0
461
0
452
1
462
1
453
2
463
0
63
5
421
255
463
1
63
7
421
16777215
470
LINEAR
1001
ACAD
1010
0
1020
0
1030
0
0
HATCH
5
7aa
100
AcDbEntity
8
TopLayer
100
AcDbHatch
10
0
20
0
30
0
210
0
220
0
230
1
2
SOLID
70
1
71
0
91
1
92
7
72
1
73
1
93
4
10
41.87388874777753
20
121.1410845821692
42
-0.7853981633974483
10
41.87388874777753
20
121.50509271018545
42
0
10
43.15989331978676
20
121.50509271018545
42
-0.7853981633974483
10
43.15989331978676
20
121.1410845821692
42
0
97
1
330

75
0
76
1
47
0.4128176842155181
98
1
10
34.90568961886538
20
22.81183545379326
450
0
451
0
460
0
461
0
452
1
462
1
453
2
463
0
63
5
421
255
463
1
63
7
421
16777215
470
LINEAR
1001
ACAD
1010
0
1020
0
1030
0
0
HATCH
5
7b1
100
AcDbEntity
8
TopSolderMaskLayer
100
AcDbHatch
10
0
20
0
30
0
210
0
220
0
230
1
2
SOLID
70
1
71
0
91
1
92
7
72
1
73
1
93
4
10
41.78415289040481
20
121.76592583185165
42
-0.7853981633974483
10
41.78415289040481
20
122.1807340614681
42
0
10
43.24962917715948
20
122.1807340614681
42
-0.7853981633974483
10
43.24962917715948
20
121.76592583185165
42
0
97
1
330

75
0
76
1
47
0.4128176842155181
98
1
10
34.90568961886538
20
22.81183545379326
450
0
451
0
460
0
461
0
452
1
462
1
453
2
463
0
63
5
421
255
463
1
63
7
421
16777215
470
LINEAR
1001
ACAD
1010
0
1020
0
1030
0
0
HATCH
5
7b8
100
AcDbEntity
8
TopPasteMaskLayer
100
AcDbHatch
10
0
20
0
30
0
210
0
220
0
230
1
2
SOLID
70
1
71
0
91
1
92
7
72
1
73
1
93
4
10
41.87388874777753
20
121.79132588265175
42
-0.7853981633974483
10
41.87388874777753
20
122.155334010668
42
0
10
43.15989331978676
20
122.155334010668
42
-0.7853981633974483
10
43.15989331978676
20
121.79132588265175
42
0
97
1
330

75
0
76
1
47
0.4128176842155181
98
1
10
34.90568961886538
20
22.81183545379326
450
0
451
0
460
0
461
0
452
1
462
1
453
2
463
0
63
5
421
255
463
1
63
7
421
16777215
470
LINEAR
1001
ACAD
1010
0
1020
0
1030
0
0
HATCH
5
7bf
100
AcDbEntity
8
TopLayer
100
AcDbHatch
10
0
20
0
30
0
210
0
220
0
230
1
2
SOLID
70
1
71
0
91
1
92
7
72
1
73
1
93
4
10
41.87388874777753
20
121.79132588265175
42
-0.7853981633974483
10
41.87388874777753
20
122.155334010668
42
0
10
43.15989331978676
20
122.155334010668
42
-0.7853981633974483
10
43.15989331978676
20
121.79132588265175
42
0
97
1
330

75
0
76
1
47
0.4128176842155181
98
1
10
34.90568961886538
20
22.81183545379326
450
0
451
0
460
0
461
0
452
1
462
1
453
2
463
0
63
5
421
255
463
1
63
7
421
16777215
470
LINEAR
1001
ACAD
1010
0
1020
0
1030
0
0
HATCH
5
7c6
100
AcDbEntity
8
TopSolderMaskLayer
100
AcDbHatch
10
0
20
0
30
0
210
0
220
0
230
1
2
SOLID
70
1
71
0
91
1
92
7
72
1
73
1
93
4
10
41.78415289040481
20
122.41591313182631
42
-0.7853981633974483
10
41.78415289040481
20
122.83072136144277
42
0
10
43.24962917715948
20
122.83072136144277
42
-0.7853981633974483
10
43.24962917715948
20
122.41591313182631
42
0
97
1
330

75
0
76
1
47
0.4128176842155181
98
1
10
34.90568961886538
20
22.81183545379326
450
0
451
0
460
0
461
0
452
1
462
1
453
2
463
0
63
5
421
255
463
1
63
7
421
16777215
470
LINEAR
1001
ACAD
1010
0
1020
0
1030
0
0
HATCH
5
7cd
100
AcDbEntity
8
TopPasteMaskLayer
100
AcDbHatch
10
0
20
0
30
0
210
0
220
0
230
1
2
SOLID
70
1
71
0
91
1
92
7
72
1
73
1
93
4
10
41.87388874777753
20
122.44131318262642
42
-0.7853981633974483
10
41.87388874777753
20
122.80532131064267
42
0
10
43.15989331978676
20
122.80532131064267
42
-0.7853981633974483
10
43.15989331978676
20
122.44131318262642
42
0
97
1
330

75
0
76
1
47
0.4128176842155181
98
1
10
34.90568961886538
20
22.81183545379326
450
0
451
0
460
0
461
0
452
1
462
1
453
2
463
0
63
5
421
255
463
1
63
7
421
16777215
470
LINEAR
1001
ACAD
1010
0
1020
0
1030
0
0
HATCH
5
7d4
100
AcDbEntity
8
TopLayer
100
AcDbHatch
10
0
20
0
30
0
210
0
220
0
230
1
2
SOLID
70
1
71
0
91
1
92
7
72
1
73
1
93
4
10
41.87388874777753
20
122.44131318262642
42
-0.7853981633974483
10
41.87388874777753
20
122.80532131064267
42
0
10
43.15989331978676
20
122.80532131064267
42
-0.7853981633974483
10
43.15989331978676
20
122.44131318262642
42
0
97
1
330

75
0
76
1
47
0.4128176842155181
98
1
10
34.90568961886538
20
22.81183545379326
450
0
451
0
460
0
461
0
452
1
462
1
453
2
463
0
63
5
421
255
463
1
63
7
421
16777215
470
LINEAR
1001
ACAD
1010
0
1020
0
1030
0
0
HATCH
5
7db
100
AcDbEntity
8
TopSolderMaskLayer
100
AcDbHatch
10
0
20
0
30
0
210
0
220
0
230
1
2
SOLID
70
1
71
0
91
1
92
7
72
1
73
1
93
4
10
41.78415289040481
20
123.06590043180098
42
-0.7853981633974483
10
41.78415289040481
20
123.48070866141744
42
0
10
43.24962917715948
20
123.48070866141744
42
-0.7853981633974483
10
43.24962917715948
20
123.06590043180098
42
0
97
1
330

75
0
76
1
47
0.4128176842155181
98
1
10
34.90568961886538
20
22.81183545379326
450
0
451
0
460
0
461
0
452
1
462
1
453
2
463
0
63
5
421
255
463
1
63
7
421
16777215
470
LINEAR
1001
ACAD
1010
0
1020
0
1030
0
0
HATCH
5
7e2
100
AcDbEntity
8
TopPasteMaskLayer
100
AcDbHatch
10
0
20
0
30
0
210
0
220
0
230
1
2
SOLID
70
1
71
0
91
1
92
7
72
1
73
1
93
4
10
41.87388874777753
20
123.09130048260108
42
-0.7853981633974483
10
41.87388874777753
20
123.45530861061734
42
0
10
43.15989331978676
20
123.45530861061734
42
-0.7853981633974483
10
43.15989331978676
20
123.09130048260108
42
0
97
1
330

75
0
76
1
47
0.4128176842155181
98
1
10
34.90568961886538
20
22.81183545379326
450
0
451
0
460
0
461
0
452
1
462
1
453
2
463
0
63
5
421
255
463
1
63
7
421
16777215
470
LINEAR
1001
ACAD
1010
0
1020
0
1030
0
0
HATCH
5
7e9
100
AcDbEntity
8
TopLayer
100
AcDbHatch
10
0
20
0
30
0
210
0
220
0
230
1
2
SOLID
70
1
71
0
91
1
92
7
72
1
73
1
93
4
10
41.87388874777753
20
123.09130048260108
42
-0.7853981633974483
10
41.87388874777753
20
123.45530861061734
42
0
10
43.15989331978676
20
123.45530861061734
42
-0.7853981633974483
10
43.15989331978676
20
123.09130048260108
42
0
97
1
330

75
0
76
1
47
0.4128176842155181
98
1
10
34.90568961886538
20
22.81183545379326
450
0
451
0
460
0
461
0
452
1
462
1
453
2
463
0
63
5
421
255
463
1
63
7
421
16777215
470
LINEAR
1001
ACAD
1010
0
1020
0
1030
0
0
HATCH
5
7f0
100
AcDbEntity
8
TopSolderMaskLayer
100
AcDbHatch
10
0
20
0
30
0
210
0
220
0
230
1
2
SOLID
70
1
71
0
91
1
92
7
72
1
73
1
93
4
10
41.78415289040481
20
123.71588773177542
42
-0.7853981633974483
10
41.78415289040481
20
124.13069596139188
42
0
10
43.24962917715948
20
124.13069596139188
42
-0.7853981633974483
10
43.24962917715948
20
123.71588773177542
42
0
97
1
330

75
0
76
1
47
0.4128176842155181
98
1
10
34.90568961886538
20
22.81183545379326
450
0
451
0
460
0
461
0
452
1
462
1
453
2
463
0
63
5
421
255
463
1
63
7
421
16777215
470
LINEAR
1001
ACAD
1010
0
1020
0
1030
0
0
HATCH
5
7f7
100
AcDbEntity
8
TopPasteMaskLayer
100
AcDbHatch
10
0
20
0
30
0
210
0
220
0
230
1
2
SOLID
70
1
71
0
91
1
92
7
72
1
73
1
93
4
10
41.87388874777753
20
123.74128778257553
42
-0.7853981633974483
10
41.87388874777753
20
124.10529591059178
42
0
10
43.15989331978676
20
124.10529591059178
42
-0.7853981633974483
10
43.15989331978676
20
123.74128778257553
42
0
97
1
330

75
0
76
1
47
0.4128176842155181
98
1
10
34.90568961886538
20
22.81183545379326
450
0
451
0
460
0
461
0
452
1
462
1
453
2
463
0
63
5
421
255
463
1
63
7
421
16777215
470
LINEAR
1001
ACAD
1010
0
1020
0
1030
0
0
HATCH
5
7fe
100
AcDbEntity
8
TopLayer
100
AcDbHatch
10
0
20
0
30
0
210
0
220
0
230
1
2
SOLID
70
1
71
0
91
1
92
7
72
1
73
1
93
4
10
41.87388874777753
20
123.74128778257553
42
-0.7853981633974483
10
41.87388874777753
20
124.10529591059178
42
0
10
43.15989331978676
20
124.10529591059178
42
-0.7853981633974483
10
43.15989331978676
20
123.74128778257553
42
0
97
1
330

75
0
76
1
47
0.4128176842155181
98
1
10
34.90568961886538
20
22.81183545379326
450
0
451
0
460
0
461
0
452
1
462
1
453
2
463
0
63
5
421
255
463
1
63
7
421
16777215
470
LINEAR
1001
ACAD
1010
0
1020
0
1030
0
0
HATCH
5
805
100
AcDbEntity
8
TopSolderMaskLayer
100
AcDbHatch
10
0
20
0
30
0
210
0
220
0
230
1
2
SOLID
70
1
71
0
91
1
92
7
72
1
73
1
93
4
10
37.53421639053181
20
120.46569723139454
42
-0.7853981633974483
10
37.53421639053181
20
120.880505461011
42
0
10
38.999692677286475
20
120.880505461011
42
-0.7853981633974483
10
38.999692677286475
20
120.46569723139454
42
0
97
1
330

75
0
76
1
47
0.4128176842155181
98
1
10
34.90568961886538
20
22.81183545379326
450
0
451
0
460
0
461
0
452
1
462
1
453
2
463
0
63
5
421
255
463
1
63
7
421
16777215
470
LINEAR
1001
ACAD
1010
0
1020
0
1030
0
0
HATCH
5
80c
100
AcDbEntity
8
TopPasteMaskLayer
100
AcDbHatch
10
0
20
0
30
0
210
0
220
0
230
1
2
SOLID
70
1
71
0
91
1
92
7
72
1
73
1
93
4
10
37.623952247904526
20
120.49109728219464
42
-0.7853981633974483
10
37.623952247904526
20
120.8551054102109
42
0
10
38.90995681991376
20
120.8551054102109
42
-0.7853981633974483
10
38.90995681991376
20
120.49109728219464
42
0
97
1
330

75
0
76
1
47
0.4128176842155181
98
1
10
34.90568961886538
20
22.81183545379326
450
0
451
0
460
0
461
0
452
1
462
1
453
2
463
0
63
5
421
255
463
1
63
7
421
16777215
470
LINEAR
1001
ACAD
1010
0
1020
0
1030
0
0
HATCH
5
813
100
AcDbEntity
8
TopLayer
100
AcDbHatch
10
0
20
0
30
0
210
0
220
0
230
1
2
SOLID
70
1
71
0
91
1
92
7
72
1
73
1
93
4
10
37.623952247904526
20
120.49109728219464
42
-0.7853981633974483
10
37.623952247904526
20
120.8551054102109
42
0
10
38.90995681991376
20
120.8551054102109
42
-0.7853981633974483
10
38.90995681991376
20
120.49109728219464
42
0
97
1
330

75
0
76
1
47
0.4128176842155181
98
1
10
34.90568961886538
20
22.81183545379326
450
0
451
0
460
0
461
0
452
1
462
1
453
2
463
0
63
5
421
255
463
1
63
7
421
16777215
470
LINEAR
1001
ACAD
1010
0
1020
0
1030
0
0
HATCH
5
81a
100
AcDbEntity
8
TopSolderMaskLayer
100
AcDbHatch
10
0
20
0
30
0
210
0
220
0
230
1
2
SOLID
70
1
71
0
91
1
92
7
72
1
73
1
93
4
10
37.53421639053181
20
121.1156845313691
42
-0.7853981633974483
10
37.53421639053181
20
121.53049276098555
42
0
10
38.999692677286475
20
121.53049276098555
42
-0.7853981633974483
10
38.999692677286475
20
121.1156845313691
42
0
97
1
330

75
0
76
1
47
0.4128176842155181
98
1
10
34.90568961886538
20
22.81183545379326
450
0
451
0
460
0
461
0
452
1
462
1
453
2
463
0
63
5
421
255
463
1
63
7
421
16777215
470
LINEAR
1001
ACAD
1010
0
1020
0
1030
0
0
HATCH
5
821
100
AcDbEntity
8
TopPasteMaskLayer
100
AcDbHatch
10
0
20
0
30
0
210
0
220
0
230
1
2
SOLID
70
1
71
0
91
1
92
7
72
1
73
1
93
4
10
37.623952247904526
20
121.1410845821692
42
-0.7853981633974483
10
37.623952247904526
20
121.50509271018545
42
0
10
38.90995681991376
20
121.50509271018545
42
-0.7853981633974483
10
38.90995681991376
20
121.1410845821692
42
0
97
1
330

75
0
76
1
47
0.4128176842155181
98
1
10
34.90568961886538
20
22.81183545379326
450
0
451
0
460
0
461
0
452
1
462
1
453
2
463
0
63
5
421
255
463
1
63
7
421
16777215
470
LINEAR
1001
ACAD
1010
0
1020
0
1030
0
0
HATCH
5
828
100
AcDbEntity
8
TopLayer
100
AcDbHatch
10
0
20
0
30
0
210
0
220
0
230
1
2
SOLID
70
1
71
0
91
1
92
7
72
1
73
1
93
4
10
37.623952247904526
20
121.1410845821692
42
-0.7853981633974483
10
37.623952247904526
20
121.50509271018545
42
0
10
38.90995681991376
20
121.50509271018545
42
-0.7853981633974483
10
38.90995681991376
20
121.1410845821692
42
0
97
1
330

75
0
76
1
47
0.4128176842155181
98
1
10
34.90568961886538
20
22.81183545379326
450
0
451
0
460
0
461
0
452
1
462
1
453
2
463
0
63
5
421
255
463
1
63
7
421
16777215
470
LINEAR
1001
ACAD
1010
0
1020
0
1030
0
0
HATCH
5
82f
100
AcDbEntity
8
TopSolderMaskLayer
100
AcDbHatch
10
0
20
0
30
0
210
0
220
0
230
1
2
SOLID
70
1
71
0
91
1
92
7
72
1
73
1
93
4
10
37.53421639053181
20
121.76592583185165
42
-0.7853981633974483
10
37.53421639053181
20
122.1807340614681
42
0
10
38.999692677286475
20
122.1807340614681
42
-0.7853981633974483
10
38.999692677286475
20
121.76592583185165
42
0
97
1
330

75
0
76
1
47
0.4128176842155181
98
1
10
34.90568961886538
20
22.81183545379326
450
0
451
0
460
0
461
0
452
1
462
1
453
2
463
0
63
5
421
255
463
1
63
7
421
16777215
470
LINEAR
1001
ACAD
1010
0
1020
0
1030
0
0
HATCH
5
836
100
AcDbEntity
8
TopPasteMaskLayer
100
AcDbHatch
10
0
20
0
30
0
210
0
220
0
230
1
2
SOLID
70
1
71
0
91
1
92
7
72
1
73
1
93
4
10
37.623952247904526
20
121.79132588265175
42
-0.7853981633974483
10
37.623952247904526
20
122.155334010668
42
0
10
38.90995681991376
20
122.155334010668
42
-0.7853981633974483
10
38.90995681991376
20
121.79132588265175
42
0
97
1
330

75
0
76
1
47
0.4128176842155181
98
1
10
34.90568961886538
20
22.81183545379326
450
0
451
0
460
0
461
0
452
1
462
1
453
2
463
0
63
5
421
255
463
1
63
7
421
16777215
470
LINEAR
1001
ACAD
1010
0
1020
0
1030
0
0
HATCH
5
83d
100
AcDbEntity
8
TopLayer
100
AcDbHatch
10
0
20
0
30
0
210
0
220
0
230
1
2
SOLID
70
1
71
0
91
1
92
7
72
1
73
1
93
4
10
37.623952247904526
20
121.79132588265175
42
-0.7853981633974483
10
37.623952247904526
20
122.155334010668
42
0
10
38.90995681991376
20
122.155334010668
42
-0.7853981633974483
10
38.90995681991376
20
121.79132588265175
42
0
97
1
330

75
0
76
1
47
0.4128176842155181
98
1
10
34.90568961886538
20
22.81183545379326
450
0
451
0
460
0
461
0
452
1
462
1
453
2
463
0
63
5
421
255
463
1
63
7
421
16777215
470
LINEAR
1001
ACAD
1010
0
1020
0
1030
0
0
HATCH
5
844
100
AcDbEntity
8
TopSolderMaskLayer
100
AcDbHatch
10
0
20
0
30
0
210
0
220
0
230
1
2
SOLID
70
1
71
0
91
1
92
7
72
1
73
1
93
4
10
37.53421639053181
20
122.41591313182631
42
-0.7853981633974483
10
37.53421639053181
20
122.83072136144277
42
0
10
38.999692677286475
20
122.83072136144277
42
-0.7853981633974483
10
38.999692677286475
20
122.41591313182631
42
0
97
1
330

75
0
76
1
47
0.4128176842155181
98
1
10
34.90568961886538
20
22.81183545379326
450
0
451
0
460
0
461
0
452
1
462
1
453
2
463
0
63
5
421
255
463
1
63
7
421
16777215
470
LINEAR
1001
ACAD
1010
0
1020
0
1030
0
0
HATCH
5
84b
100
AcDbEntity
8
TopPasteMaskLayer
100
AcDbHatch
10
0
20
0
30
0
210
0
220
0
230
1
2
SOLID
70
1
71
0
91
1
92
7
72
1
73
1
93
4
10
37.623952247904526
20
122.44131318262642
42
-0.7853981633974483
10
37.623952247904526
20
122.80532131064267
42
0
10
38.90995681991376
20
122.80532131064267
42
-0.7853981633974483
10
38.90995681991376
20
122.44131318262642
42
0
97
1
330

75
0
76
1
47
0.4128176842155181
98
1
10
34.90568961886538
20
22.81183545379326
450
0
451
0
460
0
461
0
452
1
462
1
453
2
463
0
63
5
421
255
463
1
63
7
421
16777215
470
LINEAR
1001
ACAD
1010
0
1020
0
1030
0
0
HATCH
5
852
100
AcDbEntity
8
TopLayer
100
AcDbHatch
10
0
20
0
30
0
210
0
220
0
230
1
2
SOLID
70
1
71
0
91
1
92
7
72
1
73
1
93
4
10
37.623952247904526
20
122.44131318262642
42
-0.7853981633974483
10
37.623952247904526
20
122.80532131064267
42
0
10
38.90995681991376
20
122.80532131064267
42
-0.7853981633974483
10
38.90995681991376
20
122.44131318262642
42
0
97
1
330

75
0
76
1
47
0.4128176842155181
98
1
10
34.90568961886538
20
22.81183545379326
450
0
451
0
460
0
461
0
452
1
462
1
453
2
463
0
63
5
421
255
463
1
63
7
421
16777215
470
LINEAR
1001
ACAD
1010
0
1020
0
1030
0
0
HATCH
5
859
100
AcDbEntity
8
TopSolderMaskLayer
100
AcDbHatch
10
0
20
0
30
0
210
0
220
0
230
1
2
SOLID
70
1
71
0
91
1
92
7
72
1
73
1
93
4
10
37.53421639053181
20
123.06590043180098
42
-0.7853981633974483
10
37.53421639053181
20
123.48070866141744
42
0
10
38.999692677286475
20
123.48070866141744
42
-0.7853981633974483
10
38.999692677286475
20
123.06590043180098
42
0
97
1
330

75
0
76
1
47
0.4128176842155181
98
1
10
34.90568961886538
20
22.81183545379326
450
0
451
0
460
0
461
0
452
1
462
1
453
2
463
0
63
5
421
255
463
1
63
7
421
16777215
470
LINEAR
1001
ACAD
1010
0
1020
0
1030
0
0
HATCH
5
860
100
AcDbEntity
8
TopPasteMaskLayer
100
AcDbHatch
10
0
20
0
30
0
210
0
220
0
230
1
2
SOLID
70
1
71
0
91
1
92
7
72
1
73
1
93
4
10
37.623952247904526
20
123.09130048260108
42
-0.7853981633974483
10
37.623952247904526
20
123.45530861061734
42
0
10
38.90995681991376
20
123.45530861061734
42
-0.7853981633974483
10
38.90995681991376
20
123.09130048260108
42
0
97
1
330

75
0
76
1
47
0.4128176842155181
98
1
10
34.90568961886538
20
22.81183545379326
450
0
451
0
460
0
461
0
452
1
462
1
453
2
463
0
63
5
421
255
463
1
63
7
421
16777215
470
LINEAR
1001
ACAD
1010
0
1020
0
1030
0
0
HATCH
5
867
100
AcDbEntity
8
TopLayer
100
AcDbHatch
10
0
20
0
30
0
210
0
220
0
230
1
2
SOLID
70
1
71
0
91
1
92
7
72
1
73
1
93
4
10
37.623952247904526
20
123.09130048260108
42
-0.7853981633974483
10
37.623952247904526
20
123.45530861061734
42
0
10
38.90995681991376
20
123.45530861061734
42
-0.7853981633974483
10
38.90995681991376
20
123.09130048260108
42
0
97
1
330

75
0
76
1
47
0.4128176842155181
98
1
10
34.90568961886538
20
22.81183545379326
450
0
451
0
460
0
461
0
452
1
462
1
453
2
463
0
63
5
421
255
463
1
63
7
421
16777215
470
LINEAR
1001
ACAD
1010
0
1020
0
1030
0
0
HATCH
5
86e
100
AcDbEntity
8
TopSolderMaskLayer
100
AcDbHatch
10
0
20
0
30
0
210
0
220
0
230
1
2
SOLID
70
1
71
0
91
1
92
7
72
1
73
1
93
4
10
37.53421639053181
20
123.71588773177542
42
-0.7853981633974483
10
37.53421639053181
20
124.13069596139188
42
0
10
38.999692677286475
20
124.13069596139188
42
-0.7853981633974483
10
38.999692677286475
20
123.71588773177542
42
0
97
1
330

75
0
76
1
47
0.4128176842155181
98
1
10
34.90568961886538
20
22.81183545379326
450
0
451
0
460
0
461
0
452
1
462
1
453
2
463
0
63
5
421
255
463
1
63
7
421
16777215
470
LINEAR
1001
ACAD
1010
0
1020
0
1030
0
0
HATCH
5
875
100
AcDbEntity
8
TopPasteMaskLayer
100
AcDbHatch
10
0
20
0
30
0
210
0
220
0
230
1
2
SOLID
70
1
71
0
91
1
92
7
72
1
73
1
93
4
10
37.623952247904526
20
123.74128778257553
42
-0.7853981633974483
10
37.623952247904526
20
124.10529591059178
42
0
10
38.90995681991376
20
124.10529591059178
42
-0.7853981633974483
10
38.90995681991376
20
123.74128778257553
42
0
97
1
330

75
0
76
1
47
0.4128176842155181
98
1
10
34.90568961886538
20
22.81183545379326
450
0
451
0
460
0
461
0
452
1
462
1
453
2
463
0
63
5
421
255
463
1
63
7
421
16777215
470
LINEAR
1001
ACAD
1010
0
1020
0
1030
0
0
HATCH
5
87c
100
AcDbEntity
8
TopLayer
100
AcDbHatch
10
0
20
0
30
0
210
0
220
0
230
1
2
SOLID
70
1
71
0
91
1
92
7
72
1
73
1
93
4
10
37.623952247904526
20
123.74128778257553
42
-0.7853981633974483
10
37.623952247904526
20
124.10529591059178
42
0
10
38.90995681991376
20
124.10529591059178
42
-0.7853981633974483
10
38.90995681991376
20
123.74128778257553
42
0
97
1
330

75
0
76
1
47
0.4128176842155181
98
1
10
34.90568961886538
20
22.81183545379326
450
0
451
0
460
0
461
0
452
1
462
1
453
2
463
0
63
5
421
255
463
1
63
7
421
16777215
470
LINEAR
1001
ACAD
1010
0
1020
0
1030
0
0
HATCH
5
87f
100
AcDbEntity
8
TopSolderMaskLayer
100
AcDbHatch
10
0
20
0
30
0
210
0
220
0
230
1
2
SOLID
70
1
71
0
91
1
92
7
72
0
73
1
93
4
10
41.23224204367125
20
120.83172114651927
10
39.551758645564405
20
120.83172114651927
10
39.551758645564405
20
123.76426877161452
10
41.23224204367125
20
123.76426877161452
97
1
330

75
0
76
1
47
0.4128176842155181
98
1
10
34.90568961886538
20
22.81183545379326
450
0
451
0
460
0
461
0
452
1
462
1
453
2
463
0
63
5
421
255
463
1
63
7
421
16777215
470
LINEAR
1001
ACAD
1010
0
1020
0
1030
0
0
HATCH
5
882
100
AcDbEntity
8
TopPasteMaskLayer
100
AcDbHatch
10
0
20
0
30
0
210
0
220
0
230
1
2
SOLID
70
1
71
0
91
1
92
7
72
0
73
1
93
4
10
41.217500635001215
20
120.87548895097802
10
39.566497332994686
20
120.87548895097802
10
39.566497332994686
20
123.72049784099568
10
41.217500635001215
20
123.72049784099568
97
1
330

75
0
76
1
47
0.4128176842155181
98
1
10
34.90568961886538
20
22.81183545379326
450
0
451
0
460
0
461
0
452
1
462
1
453
2
463
0
63
5
421
255
463
1
63
7
421
16777215
470
LINEAR
1001
ACAD
1010
0
1020
0
1030
0
0
HATCH
5
885
100
AcDbEntity
8
TopLayer
100
AcDbHatch
10
0
20
0
30
0
210
0
220
0
230
1
2
SOLID
70
1
71
0
91
1
92
7
72
0
73
1
93
4
10
41.217500635001215
20
120.87548895097802
10
39.566497332994686
20
120.87548895097802
10
39.566497332994686
20
123.72049784099568
10
41.217500635001215
20
123.72049784099568
97
1
330

75
0
76
1
47
0.4128176842155181
98
1
10
34.90568961886538
20
22.81183545379326
450
0
451
0
460
0
461
0
452
1
462
1
453
2
463
0
63
5
421
255
463
1
63
7
421
16777215
470
LINEAR
1001
ACAD
1010
0
1020
0
1030
0
0
HATCH
5
888
100
AcDbEntity
8
TopSolderMaskLayer
100
AcDbHatch
10
0
20
0
30
0
210
0
220
0
230
1
2
SOLID
70
1
71
0
91
1
92
7
72
0
73
1
93
4
10
27.610586982464156
20
23.17041252505453
10
28.461387084064654
20
23.17041252505453
10
28.461387084064654
20
22.2195855897088
10
27.610586982464156
20
22.2195855897088
97
1
330

75
0
76
1
47
0.4128176842155181
98
1
10
34.90568961886538
20
22.81183545379326
450
0
451
0
460
0
461
0
452
1
462
1
453
2
463
0
63
5
421
255
463
1
63
7
421
16777215
470
LINEAR
1001
ACAD
1010
0
1020
0
1030
0
0
HATCH
5
88b
100
AcDbEntity
8
TopPasteMaskLayer
100
AcDbHatch
10
0
20
0
30
0
210
0
220
0
230
1
2
SOLID
70
1
71
0
91
1
92
7
72
0
73
1
93
4
10
27.635991871983606
20
23.145008890017834
10
28.435991871983788
20
23.145008890017834
10
28.435991871983788
20
22.244983489967012
10
27.635991871983606
20
22.244983489967012
97
1
330

75
0
76
1
47
0.4128176842155181
98
1
10
34.90568961886538
20
22.81183545379326
450
0
451
0
460
0
461
0
452
1
462
1
453
2
463
0
63
5
421
255
463
1
63
7
421
16777215
470
LINEAR
1001
ACAD
1010
0
1020
0
1030
0
0
HATCH
5
88e
100
AcDbEntity
8
TopLayer
100
AcDbHatch
10
0
20
0
30
0
210
0
220
0
230
1
2
SOLID
70
1
71
0
91
1
92
7
72
0
73
1
93
4
10
27.635991871983606
20
23.145008890017834
10
28.435991871983788
20
23.145008890017834
10
28.435991871983788
20
22.244983489967012
10
27.635991871983606
20
22.244983489967012
97
1
330

75
0
76
1
47
0.4128176842155181
98
1
10
34.90568961886538
20
22.81183545379326
450
0
451
0
460
0
461
0
452
1
462
1
453
2
463
0
63
5
421
255
463
1
63
7
421
16777215
470
LINEAR
1001
ACAD
1010
0
1020
0
1030
0
0
HATCH
5
891
100
AcDbEntity
8
TopSolderMaskLayer
100
AcDbHatch
10
0
20
0
30
0
210
0
220
0
230
1
2
SOLID
70
1
71
0
91
1
92
7
72
0
73
1
93
4
10
26.21059020827738
20
23.17041252505453
10
27.061390309877424
20
23.17041252505453
10
27.061390309877424
20
22.2195855897088
10
26.21059020827738
20
22.2195855897088
97
1
330

75
0
76
1
47
0.4128176842155181
98
1
10
34.90568961886538
20
22.81183545379326
450
0
451
0
460
0
461
0
452
1
462
1
453
2
463
0
63
5
421
255
463
1
63
7
421
16777215
470
LINEAR
1001
ACAD
1010
0
1020
0
1030
0
0
HATCH
5
894
100
AcDbEntity
8
TopPasteMaskLayer
100
AcDbHatch
10
0
20
0
30
0
210
0
220
0
230
1
2
SOLID
70
1
71
0
91
1
92
7
72
0
73
1
93
4
10
26.23599187198397
20
23.145008890017834
10
27.035991871983697
20
23.145008890017834
10
27.035991871983697
20
22.244983489967012
10
26.23599187198397
20
22.244983489967012
97
1
330

75
0
76
1
47
0.4128176842155181
98
1
10
34.90568961886538
20
22.81183545379326
450
0
451
0
460
0
461
0
452
1
462
1
453
2
463
0
63
5
421
255
463
1
63
7
421
16777215
470
LINEAR
1001
ACAD
1010
0
1020
0
1030
0
0
HATCH
5
897
100
AcDbEntity
8
TopLayer
100
AcDbHatch
10
0
20
0
30
0
210
0
220
0
230
1
2
SOLID
70
1
71
0
91
1
92
7
72
0
73
1
93
4
10
26.23599187198397
20
23.145008890017834
10
27.035991871983697
20
23.145008890017834
10
27.035991871983697
20
22.244983489967012
10
26.23599187198397
20
22.244983489967012
97
1
330

75
0
76
1
47
0.4128176842155181
98
1
10
34.90568961886538
20
22.81183545379326
450
0
451
0
460
0
461
0
452
1
462
1
453
2
463
0
63
5
421
255
463
1
63
7
421
16777215
470
LINEAR
1001
ACAD
1010
0
1020
0
1030
0
0
HATCH
5
89a
100
AcDbEntity
8
TopSolderMaskLayer
100
AcDbHatch
10
0
20
0
30
0
210
0
220
0
230
1
2
SOLID
70
1
71
0
91
1
92
7
72
0
73
1
93
4
10
54.91904717071088
20
126.69240955939222
10
56.76987338920935
20
126.69240955939222
10
56.76987338920935
20
124.9415832987263
10
54.91904717071088
20
124.9415832987263
97
1
330

75
0
76
1
47
0.4128176842155181
98
1
10
34.90568961886538
20
22.81183545379326
450
0
451
0
460
0
461
0
452
1
462
1
453
2
463
0
63
5
421
255
463
1
63
7
421
16777215
470
LINEAR
1001
ACAD
1010
0
1020
0
1030
0
0
HATCH
5
89d
100
AcDbEntity
8
TopPasteMaskLayer
100
AcDbHatch
10
0
20
0
30
0
210
0
220
0
230
1
2
SOLID
70
1
71
0
91
1
92
7
72
0
73
1
93
4
10
54.94445008890034
20
126.6670053340107
10
56.74447548895114
20
126.6670053340107
10
56.74447548895114
20
124.9669799339598
10
54.94445008890034
20
124.9669799339598
97
1
330

75
0
76
1
47
0.4128176842155181
98
1
10
34.90568961886538
20
22.81183545379326
450
0
451
0
460
0
461
0
452
1
462
1
453
2
463
0
63
5
421
255
463
1
63
7
421
16777215
470
LINEAR
1001
ACAD
1010
0
1020
0
1030
0
0
HATCH
5
8a0
100
AcDbEntity
8
TopLayer
100
AcDbHatch
10
0
20
0
30
0
210
0
220
0
230
1
2
SOLID
70
1
71
0
91
1
92
7
72
0
73
1
93
4
10
54.94445008890034
20
126.6670053340107
10
56.74447548895114
20
126.6670053340107
10
56.74447548895114
20
124.9669799339598
10
54.94445008890034
20
124.9669799339598
97
1
330

75
0
76
1
47
0.4128176842155181
98
1
10
34.90568961886538
20
22.81183545379326
450
0
451
0
460
0
461
0
452
1
462
1
453
2
463
0
63
5
421
255
463
1
63
7
421
16777215
470
LINEAR
1001
ACAD
1010
0
1020
0
1030
0
0
HATCH
5
8a3
100
AcDbEntity
8
TopSolderMaskLayer
100
AcDbHatch
10
0
20
0
30
0
210
0
220
0
230
1
2
SOLID
70
1
71
0
91
1
92
7
72
0
73
1
93
4
10
50.53411298507194
20
126.69240955939222
10
52.384939203570184
20
126.69240955939222
10
52.384939203570184
20
124.9415832987263
10
50.53411298507194
20
124.9415832987263
97
1
330

75
0
76
1
47
0.4128176842155181
98
1
10
34.90568961886538
20
22.81183545379326
450
0
451
0
460
0
461
0
452
1
462
1
453
2
463
0
63
5
421
255
463
1
63
7
421
16777215
470
LINEAR
1001
ACAD
1010
0
1020
0
1030
0
0
HATCH
5
8a6
100
AcDbEntity
8
TopPasteMaskLayer
100
AcDbHatch
10
0
20
0
30
0
210
0
220
0
230
1
2
SOLID
70
1
71
0
91
1
92
7
72
0
73
1
93
4
10
50.55951231902486
20
126.6670053340107
10
52.35953771907543
20
126.6670053340107
10
52.35953771907543
20
124.9669799339598
10
50.55951231902486
20
124.9669799339598
97
1
330

75
0
76
1
47
0.4128176842155181
98
1
10
34.90568961886538
20
22.81183545379326
450
0
451
0
460
0
461
0
452
1
462
1
453
2
463
0
63
5
421
255
463
1
63
7
421
16777215
470
LINEAR
1001
ACAD
1010
0
1020
0
1030
0
0
HATCH
5
8a9
100
AcDbEntity
8
TopLayer
100
AcDbHatch
10
0
20
0
30
0
210
0
220
0
230
1
2
SOLID
70
1
71
0
91
1
92
7
72
0
73
1
93
4
10
50.55951231902486
20
126.6670053340107
10
52.35953771907543
20
126.6670053340107
10
52.35953771907543
20
124.9669799339598
10
50.55951231902486
20
124.9669799339598
97
1
330

75
0
76
1
47
0.4128176842155181
98
1
10
34.90568961886538
20
22.81183545379326
450
0
451
0
460
0
461
0
452
1
462
1
453
2
463
0
63
5
421
255
463
1
63
7
421
16777215
470
LINEAR
1001
ACAD
1010
0
1020
0
1030
0
0
HATCH
5
8ac
100
AcDbEntity
8
TopSolderMaskLayer
100
AcDbHatch
10
0
20
0
30
0
210
0
220
0
230
1
2
SOLID
70
1
71
0
91
1
92
7
72
0
73
1
93
4
10
41.992603746497934
20
119.35642139814752
10
42.84340384809798
20
119.35642139814752
10
42.84340384809798
20
118.40559446280179
10
41.992603746497934
20
118.40559446280179
97
1
330

75
0
76
1
47
0.4128176842155181
98
1
10
34.90568961886538
20
22.81183545379326
450
0
451
0
460
0
461
0
452
1
462
1
453
2
463
0
63
5
421
255
463
1
63
7
421
16777215
470
LINEAR
1001
ACAD
1010
0
1020
0
1030
0
0
HATCH
5
8af
100
AcDbEntity
8
TopPasteMaskLayer
100
AcDbHatch
10
0
20
0
30
0
210
0
220
0
230
1
2
SOLID
70
1
71
0
91
1
92
7
72
0
73
1
93
4
10
42.018008636017385
20
119.33101346202693
10
42.81800863601711
20
119.33101346202693
10
42.81800863601711
20
118.43098806197611
10
42.018008636017385
20
118.43098806197611
97
1
330

75
0
76
1
47
0.4128176842155181
98
1
10
34.90568961886538
20
22.81183545379326
450
0
451
0
460
0
461
0
452
1
462
1
453
2
463
0
63
5
421
255
463
1
63
7
421
16777215
470
LINEAR
1001
ACAD
1010
0
1020
0
1030
0
0
HATCH
5
8b2
100
AcDbEntity
8
TopLayer
100
AcDbHatch
10
0
20
0
30
0
210
0
220
0
230
1
2
SOLID
70
1
71
0
91
1
92
7
72
0
73
1
93
4
10
42.018008636017385
20
119.33101346202693
10
42.81800863601711
20
119.33101346202693
10
42.81800863601711
20
118.43098806197611
10
42.018008636017385
20
118.43098806197611
97
1
330

75
0
76
1
47
0.4128176842155181
98
1
10
34.90568961886538
20
22.81183545379326
450
0
451
0
460
0
461
0
452
1
462
1
453
2
463
0
63
5
421
255
463
1
63
7
421
16777215
470
LINEAR
1001
ACAD
1010
0
1020
0
1030
0
0
HATCH
5
8b5
100
AcDbEntity
8
TopSolderMaskLayer
100
AcDbHatch
10
0
20
0
30
0
210
0
220
0
230
1
2
SOLID
70
1
71
0
91
1
92
7
72
0
73
1
93
4
10
40.592606972310705
20
119.35642139814752
10
41.4434070739112
20
119.35642139814752
10
41.4434070739112
20
118.40559446280179
10
40.592606972310705
20
118.40559446280179
97
1
330

75
0
76
1
47
0.4128176842155181
98
1
10
34.90568961886538
20
22.81183545379326
450
0
451
0
460
0
461
0
452
1
462
1
453
2
463
0
63
5
421
255
463
1
63
7
421
16777215
470
LINEAR
1001
ACAD
1010
0
1020
0
1030
0
0
HATCH
5
8b8
100
AcDbEntity
8
TopPasteMaskLayer
100
AcDbHatch
10
0
20
0
30
0
210
0
220
0
230
1
2
SOLID
70
1
71
0
91
1
92
7
72
0
73
1
93
4
10
40.618008636017294
20
119.33101346202693
10
41.418008636017476
20
119.33101346202693
10
41.418008636017476
20
118.43098806197611
10
40.618008636017294
20
118.43098806197611
97
1
330

75
0
76
1
47
0.4128176842155181
98
1
10
34.90568961886538
20
22.81183545379326
450
0
451
0
460
0
461
0
452
1
462
1
453
2
463
0
63
5
421
255
463
1
63
7
421
16777215
470
LINEAR
1001
ACAD
1010
0
1020
0
1030
0
0
HATCH
5
8bb
100
AcDbEntity
8
TopLayer
100
AcDbHatch
10
0
20
0
30
0
210
0
220
0
230
1
2
SOLID
70
1
71
0
91
1
92
7
72
0
73
1
93
4
10
40.618008636017294
20
119.33101346202693
10
41.418008636017476
20
119.33101346202693
10
41.418008636017476
20
118.43098806197611
10
40.618008636017294
20
118.43098806197611
97
1
330

75
0
76
1
47
0.4128176842155181
98
1
10
34.90568961886538
20
22.81183545379326
450
0
451
0
460
0
461
0
452
1
462
1
453
2
463
0
63
5
421
255
463
1
63
7
421
16777215
470
LINEAR
1001
ACAD
1010
0
1020
0
1030
0
0
HATCH
5
8be
100
AcDbEntity
8
TopSolderMaskLayer
100
AcDbHatch
10
0
20
0
30
0
210
0
220
0
230
1
2
SOLID
70
1
71
0
91
1
92
7
72
0
73
1
93
4
10
50.69069921549976
20
113.80210457625208
10
50.69069921549976
20
110.15391113792975
10
49.4732820378083
20
110.15391113792975
10
49.4732820378083
20
113.80210457625208
97
1
330

75
0
76
1
47
0.4128176842155181
98
1
10
34.90568961886538
20
22.81183545379326
450
0
451
0
460
0
461
0
452
1
462
1
453
2
463
0
63
5
421
255
463
1
63
7
421
16777215
470
LINEAR
1001
ACAD
1010
0
1020
0
1030
0
0
HATCH
5
8c1
100
AcDbEntity
8
TopPasteMaskLayer
100
AcDbHatch
10
0
20
0
30
0
210
0
220
0
230
1
2
SOLID
70
1
71
0
91
1
92
7
72
0
73
1
93
4
10
50.68199136398266
20
113.72801625603245
10
50.68199136398266
20
110.22799085598172
10
49.481991363982615
20
110.22799085598172
10
49.481991363982615
20
113.72801625603245
97
1
330

75
0
76
1
47
0.4128176842155181
98
1
10
34.90568961886538
20
22.81183545379326
450
0
451
0
460
0
461
0
452
1
462
1
453
2
463
0
63
5
421
255
463
1
63
7
421
16777215
470
LINEAR
1001
ACAD
1010
0
1020
0
1030
0
0
HATCH
5
8c4
100
AcDbEntity
8
TopLayer
100
AcDbHatch
10
0
20
0
30
0
210
0
220
0
230
1
2
SOLID
70
1
71
0
91
1
92
7
72
0
73
1
93
4
10
50.68199136398266
20
113.72801625603245
10
50.68199136398266
20
110.22799085598172
10
49.481991363982615
20
110.22799085598172
10
49.481991363982615
20
113.72801625603245
97
1
330

75
0
76
1
47
0.4128176842155181
98
1
10
34.90568961886538
20
22.81183545379326
450
0
451
0
460
0
461
0
452
1
462
1
453
2
463
0
63
5
421
255
463
1
63
7
421
16777215
470
LINEAR
1001
ACAD
1010
0
1020
0
1030
0
0
HATCH
5
8c7
100
AcDbEntity
8
TopSolderMaskLayer
100
AcDbHatch
10
0
20
0
30
0
210
0
220
0
230
1
2
SOLID
70
1
71
0
91
1
92
7
72
0
73
1
93
4
10
50.69069921549976
20
119.14205240453487
10
50.69069921549976
20
115.49385896621254
10
49.4732820378083
20
115.49385896621254
10
49.4732820378083
20
119.14205240453487
97
1
330

75
0
76
1
47
0.4128176842155181
98
1
10
34.90568961886538
20
22.81183545379326
450
0
451
0
460
0
461
0
452
1
462
1
453
2
463
0
63
5
421
255
463
1
63
7
421
16777215
470
LINEAR
1001
ACAD
1010
0
1020
0
1030
0
0
HATCH
5
8ca
100
AcDbEntity
8
TopPasteMaskLayer
100
AcDbHatch
10
0
20
0
30
0
210
0
220
0
230
1
2
SOLID
70
1
71
0
91
1
92
7
72
0
73
1
93
4
10
50.68199136398266
20
119.06797053594107
10
50.68199136398266
20
115.56794513589023
10
49.481991363982615
20
115.56794513589023
10
49.481991363982615
20
119.06797053594107
97
1
330

75
0
76
1
47
0.4128176842155181
98
1
10
34.90568961886538
20
22.81183545379326
450
0
451
0
460
0
461
0
452
1
462
1
453
2
463
0
63
5
421
255
463
1
63
7
421
16777215
470
LINEAR
1001
ACAD
1010
0
1020
0
1030
0
0
HATCH
5
8cd
100
AcDbEntity
8
TopLayer
100
AcDbHatch
10
0
20
0
30
0
210
0
220
0
230
1
2
SOLID
70
1
71
0
91
1
92
7
72
0
73
1
93
4
10
50.68199136398266
20
119.06797053594107
10
50.68199136398266
20
115.56794513589023
10
49.481991363982615
20
115.56794513589023
10
49.481991363982615
20
119.06797053594107
97
1
330

75
0
76
1
47
0.4128176842155181
98
1
10
34.90568961886538
20
22.81183545379326
450
0
451
0
460
0
461
0
452
1
462
1
453
2
463
0
63
5
421
255
463
1
63
7
421
16777215
470
LINEAR
1001
ACAD
1010
0
1020
0
1030
0
0
HATCH
5
8d0
100
AcDbEntity
8
TopSolderMaskLayer
100
AcDbHatch
10
0
20
0
30
0
210
0
220
0
230
1
2
SOLID
70
1
71
0
91
1
92
7
72
0
73
1
93
4
10
66.53540928372172
20
121.92458366493793
10
65.68460918212168
20
121.92458366493793
10
65.68460918212168
20
122.87541060028354
10
66.53540928372172
20
122.87541060028354
97
1
330

75
0
76
1
47
0.4128176842155181
98
1
10
34.90568961886538
20
22.81183545379326
450
0
451
0
460
0
461
0
452
1
462
1
453
2
463
0
63
5
421
255
463
1
63
7
421
16777215
470
LINEAR
1001
ACAD
1010
0
1020
0
1030
0
0
HATCH
5
8d3
100
AcDbEntity
8
TopPasteMaskLayer
100
AcDbHatch
10
0
20
0
30
0
210
0
220
0
230
1
2
SOLID
70
1
71
0
91
1
92
7
72
0
73
1
93
4
10
66.51000762001536
20
121.94998729997462
10
65.7100076200154
20
121.94998729997462
10
65.7100076200154
20
122.85001270002545
10
66.51000762001536
20
122.85001270002545
97
1
330

75
0
76
1
47
0.4128176842155181
98
1
10
34.90568961886538
20
22.81183545379326
450
0
451
0
460
0
461
0
452
1
462
1
453
2
463
0
63
5
421
255
463
1
63
7
421
16777215
470
LINEAR
1001
ACAD
1010
0
1020
0
1030
0
0
HATCH
5
8d6
100
AcDbEntity
8
TopLayer
100
AcDbHatch
10
0
20
0
30
0
210
0
220
0
230
1
2
SOLID
70
1
71
0
91
1
92
7
72
0
73
1
93
4
10
66.51000762001536
20
121.94998729997462
10
65.7100076200154
20
121.94998729997462
10
65.7100076200154
20
122.85001270002545
10
66.51000762001536
20
122.85001270002545
97
1
330

75
0
76
1
47
0.4128176842155181
98
1
10
34.90568961886538
20
22.81183545379326
450
0
451
0
460
0
461
0
452
1
462
1
453
2
463
0
63
5
421
255
463
1
63
7
421
16777215
470
LINEAR
1001
ACAD
1010
0
1020
0
1030
0
0
HATCH
5
8d9
100
AcDbEntity
8
TopSolderMaskLayer
100
AcDbHatch
10
0
20
0
30
0
210
0
220
0
230
1
2
SOLID
70
1
71
0
91
1
92
7
72
0
73
1
93
4
10
67.93540605790895
20
121.92458366493793
10
67.08460595630868
20
121.92458366493793
10
67.08460595630868
20
122.87541060028354
10
67.93540605790895
20
122.87541060028354
97
1
330

75
0
76
1
47
0.4128176842155181
98
1
10
34.90568961886538
20
22.81183545379326
450
0
451
0
460
0
461
0
452
1
462
1
453
2
463
0
63
5
421
255
463
1
63
7
421
16777215
470
LINEAR
1001
ACAD
1010
0
1020
0
1030
0
0
HATCH
5
8dc
100
AcDbEntity
8
TopPasteMaskLayer
100
AcDbHatch
10
0
20
0
30
0
210
0
220
0
230
1
2
SOLID
70
1
71
0
91
1
92
7
72
0
73
1
93
4
10
67.91000762001545
20
121.94998729997462
10
67.11000762001527
20
121.94998729997462
10
67.11000762001527
20
122.85001270002545
10
67.91000762001545
20
122.85001270002545
97
1
330

75
0
76
1
47
0.4128176842155181
98
1
10
34.90568961886538
20
22.81183545379326
450
0
451
0
460
0
461
0
452
1
462
1
453
2
463
0
63
5
421
255
463
1
63
7
421
16777215
470
LINEAR
1001
ACAD
1010
0
1020
0
1030
0
0
HATCH
5
8df
100
AcDbEntity
8
TopLayer
100
AcDbHatch
10
0
20
0
30
0
210
0
220
0
230
1
2
SOLID
70
1
71
0
91
1
92
7
72
0
73
1
93
4
10
67.91000762001545
20
121.94998729997462
10
67.11000762001527
20
121.94998729997462
10
67.11000762001527
20
122.85001270002545
10
67.91000762001545
20
122.85001270002545
97
1
330

75
0
76
1
47
0.4128176842155181
98
1
10
34.90568961886538
20
22.81183545379326
450
0
451
0
460
0
461
0
452
1
462
1
453
2
463
0
63
5
421
255
463
1
63
7
421
16777215
470
LINEAR
1001
ACAD
1010
0
1020
0
1030
0
0
HATCH
5
8e2
100
AcDbEntity
8
TopSolderMaskLayer
100
AcDbHatch
10
0
20
0
30
0
210
0
220
0
230
1
2
SOLID
70
1
71
0
91
1
92
7
72
0
73
1
93
4
10
28.736475673244286
20
112.55460991489508
10
26.535688871817
20
112.55460991489508
10
26.535688871817
20
115.92542525652573
10
28.736475673244286
20
115.92542525652573
97
1
330

75
0
76
1
47
0.4128176842155181
98
1
10
34.90568961886538
20
22.81183545379326
450
0
451
0
460
0
461
0
452
1
462
1
453
2
463
0
63
5
421
255
463
1
63
7
421
16777215
470
LINEAR
1001
ACAD
1010
0
1020
0
1030
0
0
HATCH
5
8e5
100
AcDbEntity
8
TopPasteMaskLayer
100
AcDbHatch
10
0
20
0
30
0
210
0
220
0
230
1
2
SOLID
70
1
71
0
91
1
92
7
72
0
73
1
93
4
10
28.71107442214884
20
112.58001016002038
10
26.561087122174285
20
112.58001016002038
10
26.561087122174285
20
115.90002540005082
10
28.71107442214884
20
115.90002540005082
97
1
330

75
0
76
1
47
0.4128176842155181
98
1
10
34.90568961886538
20
22.81183545379326
450
0
451
0
460
0
461
0
452
1
462
1
453
2
463
0
63
5
421
255
463
1
63
7
421
16777215
470
LINEAR
1001
ACAD
1010
0
1020
0
1030
0
0
HATCH
5
8e8
100
AcDbEntity
8
TopLayer
100
AcDbHatch
10
0
20
0
30
0
210
0
220
0
230
1
2
SOLID
70
1
71
0
91
1
92
7
72
0
73
1
93
4
10
28.71107442214884
20
112.58001016002038
10
26.561087122174285
20
112.58001016002038
10
26.561087122174285
20
115.90002540005082
10
28.71107442214884
20
115.90002540005082
97
1
330

75
0
76
1
47
0.4128176842155181
98
1
10
34.90568961886538
20
22.81183545379326
450
0
451
0
460
0
461
0
452
1
462
1
453
2
463
0
63
5
421
255
463
1
63
7
421
16777215
470
LINEAR
1001
ACAD
1010
0
1020
0
1030
0
0
HATCH
5
8eb
100
AcDbEntity
8
TopSolderMaskLayer
100
AcDbHatch
10
0
20
0
30
0
210
0
220
0
230
1
2
SOLID
70
1
71
0
91
1
92
7
72
0
73
1
93
4
10
34.562303323874175
20
112.55460991489508
10
32.361516522447346
20
112.55460991489508
10
32.361516522447346
20
115.92542525652573
10
34.562303323874175
20
115.92542525652573
97
1
330

75
0
76
1
47
0.4128176842155181
98
1
10
34.90568961886538
20
22.81183545379326
450
0
451
0
460
0
461
0
452
1
462
1
453
2
463
0
63
5
421
255
463
1
63
7
421
16777215
470
LINEAR
1001
ACAD
1010
0
1020
0
1030
0
0
HATCH
5
8ee
100
AcDbEntity
8
TopPasteMaskLayer
100
AcDbHatch
10
0
20
0
30
0
210
0
220
0
230
1
2
SOLID
70
1
71
0
91
1
92
7
72
0
73
1
93
4
10
34.53690627381275
20
112.58001016002038
10
32.386918973837965
20
112.58001016002038
10
32.386918973837965
20
115.90002540005082
10
34.53690627381275
20
115.90002540005082
97
1
330

75
0
76
1
47
0.4128176842155181
98
1
10
34.90568961886538
20
22.81183545379326
450
0
451
0
460
0
461
0
452
1
462
1
453
2
463
0
63
5
421
255
463
1
63
7
421
16777215
470
LINEAR
1001
ACAD
1010
0
1020
0
1030
0
0
HATCH
5
8f1
100
AcDbEntity
8
TopLayer
100
AcDbHatch
10
0
20
0
30
0
210
0
220
0
230
1
2
SOLID
70
1
71
0
91
1
92
7
72
0
73
1
93
4
10
34.53690627381275
20
112.58001016002038
10
32.386918973837965
20
112.58001016002038
10
32.386918973837965
20
115.90002540005082
10
34.53690627381275
20
115.90002540005082
97
1
330

75
0
76
1
47
0.4128176842155181
98
1
10
34.90568961886538
20
22.81183545379326
450
0
451
0
460
0
461
0
452
1
462
1
453
2
463
0
63
5
421
255
463
1
63
7
421
16777215
470
LINEAR
1001
ACAD
1010
0
1020
0
1030
0
0
HATCH
5
8f4
100
AcDbEntity
8
TopSolderMaskLayer
100
AcDbHatch
10
0
20
0
30
0
210
0
220
0
230
1
2
SOLID
70
1
71
0
91
1
92
7
72
0
73
1
93
4
10
62.49362378727278
20
20.350598394611552
10
62.49362378727278
20
21.26540662422815
10
63.35090090182712
20
21.26540662422815
10
63.35090090182712
20
20.350598394611552
97
1
330

75
0
76
1
47
0.4128176842155181
98
1
10
34.90568961886538
20
22.81183545379326
450
0
451
0
460
0
461
0
452
1
462
1
453
2
463
0
63
5
421
255
463
1
63
7
421
16777215
470
LINEAR
1001
ACAD
1010
0
1020
0
1030
0
0
HATCH
5
8f7
100
AcDbEntity
8
TopLayer
100
AcDbHatch
10
0
20
0
30
0
210
0
220
0
230
1
2
SOLID
70
1
71
0
91
1
92
7
72
0
73
1
93
4
10
62.51902463804913
20
20.375996951993898
10
62.51902463804913
20
21.240005080010178
10
63.32550165100338
20
21.240005080010178
10
63.32550165100338
20
20.375996951993898
97
1
330

75
0
76
1
47
0.4128176842155181
98
1
10
34.90568961886538
20
22.81183545379326
450
0
451
0
460
0
461
0
452
1
462
1
453
2
463
0
63
5
421
255
463
1
63
7
421
16777215
470
LINEAR
1001
ACAD
1010
0
1020
0
1030
0
0
HATCH
5
8fa
100
AcDbEntity
8
TopSolderMaskLayer
100
AcDbHatch
10
0
20
0
30
0
210
0
220
0
230
1
2
SOLID
70
1
71
0
91
1
92
7
72
0
73
1
93
4
10
61.844396888869596
20
20.350598394611552
10
61.844396888869596
20
21.26540662422815
10
60.98711977431503
20
21.26540662422815
10
60.98711977431503
20
20.350598394611552
97
1
330

75
0
76
1
47
0.4128176842155181
98
1
10
34.90568961886538
20
22.81183545379326
450
0
451
0
460
0
461
0
452
1
462
1
453
2
463
0
63
5
421
255
463
1
63
7
421
16777215
470
LINEAR
1001
ACAD
1010
0
1020
0
1030
0
0
HATCH
5
8fd
100
AcDbEntity
8
TopLayer
100
AcDbHatch
10
0
20
0
30
0
210
0
220
0
230
1
2
SOLID
70
1
71
0
91
1
92
7
72
0
73
1
93
4
10
61.81899923799847
20
20.375996951993898
10
61.81899923799847
20
21.240005080010178
10
61.01252222504445
20
21.240005080010178
10
61.01252222504445
20
20.375996951993898
97
1
330

75
0
76
1
47
0.4128176842155181
98
1
10
34.90568961886538
20
22.81183545379326
450
0
451
0
460
0
461
0
452
1
462
1
453
2
463
0
63
5
421
255
463
1
63
7
421
16777215
470
LINEAR
1001
ACAD
1010
0
1020
0
1030
0
0
HATCH
5
900
100
AcDbEntity
8
TopSolderMaskLayer
100
AcDbHatch
10
0
20
0
30
0
210
0
220
0
230
1
2
SOLID
70
1
71
0
91
1
92
7
72
0
73
1
93
4
10
59.53561487110369
20
20.350598394611552
10
59.53561487110369
20
21.26540662422815
10
60.392891985658025
20
21.26540662422815
10
60.392891985658025
20
20.350598394611552
97
1
330

75
0
76
1
47
0.4128176842155181
98
1
10
34.90568961886538
20
22.81183545379326
450
0
451
0
460
0
461
0
452
1
462
1
453
2
463
0
63
5
421
255
463
1
63
7
421
16777215
470
LINEAR
1001
ACAD
1010
0
1020
0
1030
0
0
HATCH
5
903
100
AcDbEntity
8
TopLayer
100
AcDbHatch
10
0
20
0
30
0
210
0
220
0
230
1
2
SOLID
70
1
71
0
91
1
92
7
72
0
73
1
93
4
10
59.56101092202175
20
20.375996951993898
10
59.56101092202175
20
21.240005080010178
10
60.367487934976
20
21.240005080010178
10
60.367487934976
20
20.375996951993898
97
1
330

75
0
76
1
47
0.4128176842155181
98
1
10
34.90568961886538
20
22.81183545379326
450
0
451
0
460
0
461
0
452
1
462
1
453
2
463
0
63
5
421
255
463
1
63
7
421
16777215
470
LINEAR
1001
ACAD
1010
0
1020
0
1030
0
0
HATCH
5
906
100
AcDbEntity
8
TopSolderMaskLayer
100
AcDbHatch
10
0
20
0
30
0
210
0
220
0
230
1
2
SOLID
70
1
71
0
91
1
92
7
72
0
73
1
93
4
10
58.886387972700504
20
20.350598394611552
10
58.886387972700504
20
21.26540662422815
10
58.02911085814594
20
21.26540662422815
10
58.02911085814594
20
20.350598394611552
97
1
330

75
0
76
1
47
0.4128176842155181
98
1
10
34.90568961886538
20
22.81183545379326
450
0
451
0
460
0
461
0
452
1
462
1
453
2
463
0
63
5
421
255
463
1
63
7
421
16777215
470
LINEAR
1001
ACAD
1010
0
1020
0
1030
0
0
HATCH
5
909
100
AcDbEntity
8
TopLayer
100
AcDbHatch
10
0
20
0
30
0
210
0
220
0
230
1
2
SOLID
70
1
71
0
91
1
92
7
72
0
73
1
93
4
10
58.86098552197109
20
20.375996951993898
10
58.86098552197109
20
21.240005080010178
10
58.05450850901707
20
21.240005080010178
10
58.05450850901707
20
20.375996951993898
97
1
330

75
0
76
1
47
0.4128176842155181
98
1
10
34.90568961886538
20
22.81183545379326
450
0
451
0
460
0
461
0
452
1
462
1
453
2
463
0
63
5
421
255
463
1
63
7
421
16777215
470
LINEAR
1001
ACAD
1010
0
1020
0
1030
0
  0
CIRCLE
  5
925
330
1F
100
AcDbEntity
  8
TopSolderMaskLayer
100
AcDbCircle
 10
42.92700025400063
 20
22.440005080010224
 30
0.0
 40
0.5655353117157847
0
HATCH
5
927
100
AcDbEntity
8
TopSolderMaskLayer
100
AcDbHatch
10
0
20
0
30
0
210
0
220
0
230
1
2
SOLID
70
1
71
0
91
1
92
7
72
0
73
1
93
4
10
43.852397437411355
20
21.51460717975192
10
42.001597335811084
20
21.51460717975192
10
42.001597335811084
20
23.36540728135219
10
43.852397437411355
20
23.36540728135219
97
1
330

75
0
76
1
47
0.4128176842155181
98
1
10
34.90568961886538
20
22.81183545379326
450
0
451
0
460
0
461
0
452
1
462
1
453
2
463
0
63
5
421
255
463
1
63
7
421
16777215
470
LINEAR
1001
ACAD
1010
0
1020
0
1030
0
  0
CIRCLE
  5
928
330
1F
100
AcDbEntity
  8
BottomSolderMaskLayer
100
AcDbCircle
 10
42.92700025400063
 20
22.440005080010224
 30
0.0
 40
0.5655353117157847
0
HATCH
5
92a
100
AcDbEntity
8
BottomSolderMaskLayer
100
AcDbHatch
10
0
20
0
30
0
210
0
220
0
230
1
2
SOLID
70
1
71
0
91
1
92
7
72
0
73
1
93
4
10
43.852397437411355
20
21.51460717975192
10
42.001597335811084
20
21.51460717975192
10
42.001597335811084
20
23.36540728135219
10
43.852397437411355
20
23.36540728135219
97
1
330

75
0
76
1
47
0.4128176842155181
98
1
10
34.90568961886538
20
22.81183545379326
450
0
451
0
460
0
461
0
452
1
462
1
453
2
463
0
63
5
421
255
463
1
63
7
421
16777215
470
LINEAR
1001
ACAD
1010
0
1020
0
1030
0
  0
CIRCLE
  5
92b
330
1F
100
AcDbEntity
  8
Multi-Layer
100
AcDbCircle
 10
42.92700025400063
 20
22.440005080010224
 30
0.0
 40
0.5500127000254001
0
HATCH
5
92d
100
AcDbEntity
8
Multi-Layer
100
AcDbHatch
10
0
20
0
30
0
210
0
220
0
230
1
2
SOLID
70
1
71
0
91
1
92
7
72
0
73
1
93
4
10
43.827000254000495
20
21.540005080010133
10
42.02700025400054
20
21.540005080010133
10
42.02700025400054
20
23.3400050800102
10
43.827000254000495
20
23.3400050800102
97
1
330

75
0
76
1
47
0.4128176842155181
98
1
10
34.90568961886538
20
22.81183545379326
450
0
451
0
460
0
461
0
452
1
462
1
453
2
463
0
63
5
421
255
463
1
63
7
421
16777215
470
LINEAR
1001
ACAD
1010
0
1020
0
1030
0
0
HATCH
5
930
100
AcDbEntity
8
TopSolderMaskLayer
100
AcDbHatch
10
0
20
0
30
0
210
0
220
0
230
1
2
SOLID
70
1
71
0
91
1
92
7
72
0
73
1
93
4
10
12.841580391160733
20
29.2352557785116
10
20.512395732791447
20
29.2352557785116
10
20.512395732791447
20
24.10444551689102
10
12.841580391160733
20
24.10444551689102
97
1
330

75
0
76
1
47
0.4128176842155181
98
1
10
34.90568961886538
20
22.81183545379326
450
0
451
0
460
0
461
0
452
1
462
1
453
2
463
0
63
5
421
255
463
1
63
7
421
16777215
470
LINEAR
1001
ACAD
1010
0
1020
0
1030
0
0
HATCH
5
933
100
AcDbEntity
8
TopPasteMaskLayer
100
AcDbHatch
10
0
20
0
30
0
210
0
220
0
230
1
2
SOLID
70
1
71
0
91
1
92
7
72
0
73
1
93
4
10
12.866979933959783
20
29.209855219710448
10
20.486995173990408
20
29.209855219710448
10
20.486995173990408
20
24.129845059690183
10
12.866979933959783
20
24.129845059690183
97
1
330

75
0
76
1
47
0.4128176842155181
98
1
10
34.90568961886538
20
22.81183545379326
450
0
451
0
460
0
461
0
452
1
462
1
453
2
463
0
63
5
421
255
463
1
63
7
421
16777215
470
LINEAR
1001
ACAD
1010
0
1020
0
1030
0
0
HATCH
5
936
100
AcDbEntity
8
TopLayer
100
AcDbHatch
10
0
20
0
30
0
210
0
220
0
230
1
2
SOLID
70
1
71
0
91
1
92
7
72
0
73
1
93
4
10
12.866979933959783
20
29.209855219710448
10
20.486995173990408
20
29.209855219710448
10
20.486995173990408
20
24.129845059690183
10
12.866979933959783
20
24.129845059690183
97
1
330

75
0
76
1
47
0.4128176842155181
98
1
10
34.90568961886538
20
22.81183545379326
450
0
451
0
460
0
461
0
452
1
462
1
453
2
463
0
63
5
421
255
463
1
63
7
421
16777215
470
LINEAR
1001
ACAD
1010
0
1020
0
1030
0
0
HATCH
5
939
100
AcDbEntity
8
TopSolderMaskLayer
100
AcDbHatch
10
0
20
0
30
0
210
0
220
0
230
1
2
SOLID
70
1
71
0
91
1
92
7
72
0
73
1
93
4
10
12.841580391160733
20
111.86162103124207
10
20.512395732791447
20
111.86162103124207
10
20.512395732791447
20
106.73081076962148
10
12.841580391160733
20
106.73081076962148
97
1
330

75
0
76
1
47
0.4128176842155181
98
1
10
34.90568961886538
20
22.81183545379326
450
0
451
0
460
0
461
0
452
1
462
1
453
2
463
0
63
5
421
255
463
1
63
7
421
16777215
470
LINEAR
1001
ACAD
1010
0
1020
0
1030
0
0
HATCH
5
93c
100
AcDbEntity
8
TopPasteMaskLayer
100
AcDbHatch
10
0
20
0
30
0
210
0
220
0
230
1
2
SOLID
70
1
71
0
91
1
92
7
72
0
73
1
93
4
10
12.866979933959783
20
111.83622047244091
10
20.486995173990408
20
111.83622047244091
10
20.486995173990408
20
106.75621031242065
10
12.866979933959783
20
106.75621031242065
97
1
330

75
0
76
1
47
0.4128176842155181
98
1
10
34.90568961886538
20
22.81183545379326
450
0
451
0
460
0
461
0
452
1
462
1
453
2
463
0
63
5
421
255
463
1
63
7
421
16777215
470
LINEAR
1001
ACAD
1010
0
1020
0
1030
0
0
HATCH
5
93f
100
AcDbEntity
8
TopLayer
100
AcDbHatch
10
0
20
0
30
0
210
0
220
0
230
1
2
SOLID
70
1
71
0
91
1
92
7
72
0
73
1
93
4
10
12.866979933959783
20
111.83622047244091
10
20.486995173990408
20
111.83622047244091
10
20.486995173990408
20
106.75621031242065
10
12.866979933959783
20
106.75621031242065
97
1
330

75
0
76
1
47
0.4128176842155181
98
1
10
34.90568961886538
20
22.81183545379326
450
0
451
0
460
0
461
0
452
1
462
1
453
2
463
0
63
5
421
255
463
1
63
7
421
16777215
470
LINEAR
1001
ACAD
1010
0
1020
0
1030
0
0
HATCH
5
942
100
AcDbEntity
8
TopSolderMaskLayer
100
AcDbHatch
10
0
20
0
30
0
210
0
220
0
230
1
2
SOLID
70
1
71
0
91
1
92
7
72
0
73
1
93
4
10
43.38585234103812
20
109.2807731775464
10
35.7150369994074
20
109.2807731775464
10
35.7150369994074
20
114.41158343916686
10
43.38585234103812
20
114.41158343916686
97
1
330

75
0
76
1
47
0.4128176842155181
98
1
10
34.90568961886538
20
22.81183545379326
450
0
451
0
460
0
461
0
452
1
462
1
453
2
463
0
63
5
421
255
463
1
63
7
421
16777215
470
LINEAR
1001
ACAD
1010
0
1020
0
1030
0
0
HATCH
5
945
100
AcDbEntity
8
TopPasteMaskLayer
100
AcDbHatch
10
0
20
0
30
0
210
0
220
0
230
1
2
SOLID
70
1
71
0
91
1
92
7
72
0
73
1
93
4
10
43.360452120904256
20
109.30617221234445
10
35.74043688087386
20
109.30617221234445
10
35.74043688087386
20
114.38618237236483
10
43.360452120904256
20
114.38618237236483
97
1
330

75
0
76
1
47
0.4128176842155181
98
1
10
34.90568961886538
20
22.81183545379326
450
0
451
0
460
0
461
0
452
1
462
1
453
2
463
0
63
5
421
255
463
1
63
7
421
16777215
470
LINEAR
1001
ACAD
1010
0
1020
0
1030
0
0
HATCH
5
948
100
AcDbEntity
8
TopLayer
100
AcDbHatch
10
0
20
0
30
0
210
0
220
0
230
1
2
SOLID
70
1
71
0
91
1
92
7
72
0
73
1
93
4
10
43.360452120904256
20
109.30617221234445
10
35.74043688087386
20
109.30617221234445
10
35.74043688087386
20
114.38618237236483
10
43.360452120904256
20
114.38618237236483
97
1
330

75
0
76
1
47
0.4128176842155181
98
1
10
34.90568961886538
20
22.81183545379326
450
0
451
0
460
0
461
0
452
1
462
1
453
2
463
0
63
5
421
255
463
1
63
7
421
16777215
470
LINEAR
1001
ACAD
1010
0
1020
0
1030
0
0
HATCH
5
94b
100
AcDbEntity
8
TopSolderMaskLayer
100
AcDbHatch
10
0
20
0
30
0
210
0
220
0
230
1
2
SOLID
70
1
71
0
91
1
92
7
72
0
73
1
93
4
10
43.38585234103812
20
26.654407924815814
10
35.7150369994074
20
26.654407924815814
10
35.7150369994074
20
31.785218186436282
10
43.38585234103812
20
31.785218186436282
97
1
330

75
0
76
1
47
0.4128176842155181
98
1
10
34.90568961886538
20
22.81183545379326
450
0
451
0
460
0
461
0
452
1
462
1
453
2
463
0
63
5
421
255
463
1
63
7
421
16777215
470
LINEAR
1001
ACAD
1010
0
1020
0
1030
0
0
HATCH
5
94e
100
AcDbEntity
8
TopPasteMaskLayer
100
AcDbHatch
10
0
20
0
30
0
210
0
220
0
230
1
2
SOLID
70
1
71
0
91
1
92
7
72
0
73
1
93
4
10
43.360452120904256
20
26.67980695961387
10
35.74043688087386
20
26.67980695961387
10
35.74043688087386
20
31.75981711963425
10
43.360452120904256
20
31.75981711963425
97
1
330

75
0
76
1
47
0.4128176842155181
98
1
10
34.90568961886538
20
22.81183545379326
450
0
451
0
460
0
461
0
452
1
462
1
453
2
463
0
63
5
421
255
463
1
63
7
421
16777215
470
LINEAR
1001
ACAD
1010
0
1020
0
1030
0
0
HATCH
5
951
100
AcDbEntity
8
TopLayer
100
AcDbHatch
10
0
20
0
30
0
210
0
220
0
230
1
2
SOLID
70
1
71
0
91
1
92
7
72
0
73
1
93
4
10
43.360452120904256
20
26.67980695961387
10
35.74043688087386
20
26.67980695961387
10
35.74043688087386
20
31.75981711963425
10
43.360452120904256
20
31.75981711963425
97
1
330

75
0
76
1
47
0.4128176842155181
98
1
10
34.90568961886538
20
22.81183545379326
450
0
451
0
460
0
461
0
452
1
462
1
453
2
463
0
63
5
421
255
463
1
63
7
421
16777215
470
LINEAR
1001
ACAD
1010
0
1020
0
1030
0
0
HATCH
5
954
100
AcDbEntity
8
TopSolderMaskLayer
100
AcDbHatch
10
0
20
0
30
0
210
0
220
0
230
1
2
SOLID
70
1
71
0
91
1
92
7
72
0
73
1
93
4
10
58.58859588519181
20
29.235230124460145
10
66.25941122682252
20
29.235230124460145
10
66.25941122682252
20
24.104419862839677
10
58.58859588519181
20
24.104419862839677
97
1
330

75
0
76
1
47
0.4128176842155181
98
1
10
34.90568961886538
20
22.81183545379326
450
0
451
0
460
0
461
0
452
1
462
1
453
2
463
0
63
5
421
255
463
1
63
7
421
16777215
470
LINEAR
1001
ACAD
1010
0
1020
0
1030
0
0
HATCH
5
957
100
AcDbEntity
8
TopPasteMaskLayer
100
AcDbHatch
10
0
20
0
30
0
210
0
220
0
230
1
2
SOLID
70
1
71
0
91
1
92
7
72
0
73
1
93
4
10
58.61399542799086
20
29.209829819659603
10
66.23401066802126
20
29.209829819659603
10
66.23401066802126
20
24.129819659639338
10
58.61399542799086
20
24.129819659639338
97
1
330

75
0
76
1
47
0.4128176842155181
98
1
10
34.90568961886538
20
22.81183545379326
450
0
451
0
460
0
461
0
452
1
462
1
453
2
463
0
63
5
421
255
463
1
63
7
421
16777215
470
LINEAR
1001
ACAD
1010
0
1020
0
1030
0
0
HATCH
5
95a
100
AcDbEntity
8
TopLayer
100
AcDbHatch
10
0
20
0
30
0
210
0
220
0
230
1
2
SOLID
70
1
71
0
91
1
92
7
72
0
73
1
93
4
10
58.61399542799086
20
29.209829819659603
10
66.23401066802126
20
29.209829819659603
10
66.23401066802126
20
24.129819659639338
10
58.61399542799086
20
24.129819659639338
97
1
330

75
0
76
1
47
0.4128176842155181
98
1
10
34.90568961886538
20
22.81183545379326
450
0
451
0
460
0
461
0
452
1
462
1
453
2
463
0
63
5
421
255
463
1
63
7
421
16777215
470
LINEAR
1001
ACAD
1010
0
1020
0
1030
0
0
HATCH
5
95d
100
AcDbEntity
8
TopSolderMaskLayer
100
AcDbHatch
10
0
20
0
30
0
210
0
220
0
230
1
2
SOLID
70
1
71
0
91
1
92
7
72
0
73
1
93
4
10
58.58859588519181
20
111.86159537719072
10
66.25941122682252
20
111.86159537719072
10
66.25941122682252
20
106.73078511557026
10
58.58859588519181
20
106.73078511557026
97
1
330

75
0
76
1
47
0.4128176842155181
98
1
10
34.90568961886538
20
22.81183545379326
450
0
451
0
460
0
461
0
452
1
462
1
453
2
463
0
63
5
421
255
463
1
63
7
421
16777215
470
LINEAR
1001
ACAD
1010
0
1020
0
1030
0
0
HATCH
5
960
100
AcDbEntity
8
TopPasteMaskLayer
100
AcDbHatch
10
0
20
0
30
0
210
0
220
0
230
1
2
SOLID
70
1
71
0
91
1
92
7
72
0
73
1
93
4
10
58.61399542799086
20
111.83619507239018
10
66.23401066802126
20
111.83619507239018
10
66.23401066802126
20
106.75618491236992
10
58.61399542799086
20
106.75618491236992
97
1
330

75
0
76
1
47
0.4128176842155181
98
1
10
34.90568961886538
20
22.81183545379326
450
0
451
0
460
0
461
0
452
1
462
1
453
2
463
0
63
5
421
255
463
1
63
7
421
16777215
470
LINEAR
1001
ACAD
1010
0
1020
0
1030
0
0
HATCH
5
963
100
AcDbEntity
8
TopLayer
100
AcDbHatch
10
0
20
0
30
0
210
0
220
0
230
1
2
SOLID
70
1
71
0
91
1
92
7
72
0
73
1
93
4
10
58.61399542799086
20
111.83619507239018
10
66.23401066802126
20
111.83619507239018
10
66.23401066802126
20
106.75618491236992
10
58.61399542799086
20
106.75618491236992
97
1
330

75
0
76
1
47
0.4128176842155181
98
1
10
34.90568961886538
20
22.81183545379326
450
0
451
0
460
0
461
0
452
1
462
1
453
2
463
0
63
5
421
255
463
1
63
7
421
16777215
470
LINEAR
1001
ACAD
1010
0
1020
0
1030
0
0
HATCH
5
966
100
AcDbEntity
8
TopSolderMaskLayer
100
AcDbHatch
10
0
20
0
30
0
210
0
220
0
230
1
2
SOLID
70
1
71
0
91
1
92
7
72
0
73
1
93
4
10
36.739593034024665
20
122.98958745802793
10
36.739593034024665
20
122.14443181216109
10
35.78241590676748
20
122.14443181216109
10
35.78241590676748
20
122.98958745802793
97
1
330

75
0
76
1
47
0.4128176842155181
98
1
10
34.90568961886538
20
22.81183545379326
450
0
451
0
460
0
461
0
452
1
462
1
453
2
463
0
63
5
421
255
463
1
63
7
421
16777215
470
LINEAR
1001
ACAD
1010
0
1020
0
1030
0
0
HATCH
5
969
100
AcDbEntity
8
TopPasteMaskLayer
100
AcDbHatch
10
0
20
0
30
0
210
0
220
0
230
1
2
SOLID
70
1
71
0
91
1
92
7
72
0
73
1
93
4
10
36.71102362204715
20
122.96700533401065
10
36.71102362204715
20
122.1670053340107
10
35.81099822199644
20
122.1670053340107
10
35.81099822199644
20
122.96700533401065
97
1
330

75
0
76
1
47
0.4128176842155181
98
1
10
34.90568961886538
20
22.81183545379326
450
0
451
0
460
0
461
0
452
1
462
1
453
2
463
0
63
5
421
255
463
1
63
7
421
16777215
470
LINEAR
1001
ACAD
1010
0
1020
0
1030
0
0
HATCH
5
96c
100
AcDbEntity
8
TopLayer
100
AcDbHatch
10
0
20
0
30
0
210
0
220
0
230
1
2
SOLID
70
1
71
0
91
1
92
7
72
0
73
1
93
4
10
36.71102362204715
20
122.96700533401065
10
36.71102362204715
20
122.1670053340107
10
35.81099822199644
20
122.1670053340107
10
35.81099822199644
20
122.96700533401065
97
1
330

75
0
76
1
47
0.4128176842155181
98
1
10
34.90568961886538
20
22.81183545379326
450
0
451
0
460
0
461
0
452
1
462
1
453
2
463
0
63
5
421
255
463
1
63
7
421
16777215
470
LINEAR
1001
ACAD
1010
0
1020
0
1030
0
0
HATCH
5
96f
100
AcDbEntity
8
TopSolderMaskLayer
100
AcDbHatch
10
0
20
0
30
0
210
0
220
0
230
1
2
SOLID
70
1
71
0
91
1
92
7
72
0
73
1
93
4
10
36.739593034024665
20
124.38958459063872
10
36.739593034024665
20
123.54442894477188
10
35.78241590676748
20
123.54442894477188
10
35.78241590676748
20
124.38958459063872
97
1
330

75
0
76
1
47
0.4128176842155181
98
1
10
34.90568961886538
20
22.81183545379326
450
0
451
0
460
0
461
0
452
1
462
1
453
2
463
0
63
5
421
255
463
1
63
7
421
16777215
470
LINEAR
1001
ACAD
1010
0
1020
0
1030
0
0
HATCH
5
972
100
AcDbEntity
8
TopPasteMaskLayer
100
AcDbHatch
10
0
20
0
30
0
210
0
220
0
230
1
2
SOLID
70
1
71
0
91
1
92
7
72
0
73
1
93
4
10
36.71102362204715
20
124.36700533401074
10
36.71102362204715
20
123.56700533401067
10
35.81099822199644
20
123.56700533401067
10
35.81099822199644
20
124.36700533401074
97
1
330

75
0
76
1
47
0.4128176842155181
98
1
10
34.90568961886538
20
22.81183545379326
450
0
451
0
460
0
461
0
452
1
462
1
453
2
463
0
63
5
421
255
463
1
63
7
421
16777215
470
LINEAR
1001
ACAD
1010
0
1020
0
1030
0
0
HATCH
5
975
100
AcDbEntity
8
TopLayer
100
AcDbHatch
10
0
20
0
30
0
210
0
220
0
230
1
2
SOLID
70
1
71
0
91
1
92
7
72
0
73
1
93
4
10
36.71102362204715
20
124.36700533401074
10
36.71102362204715
20
123.56700533401067
10
35.81099822199644
20
123.56700533401067
10
35.81099822199644
20
124.36700533401074
97
1
330

75
0
76
1
47
0.4128176842155181
98
1
10
34.90568961886538
20
22.81183545379326
450
0
451
0
460
0
461
0
452
1
462
1
453
2
463
0
63
5
421
255
463
1
63
7
421
16777215
470
LINEAR
1001
ACAD
1010
0
1020
0
1030
0
0
HATCH
5
978
100
AcDbEntity
8
TopSolderMaskLayer
100
AcDbHatch
10
0
20
0
30
0
210
0
220
0
230
1
2
SOLID
70
1
71
0
91
1
92
7
72
0
73
1
93
4
10
53.448213039508346
20
121.14530243623051
10
52.5297809167821
20
121.14530243623051
10
52.5297809167821
20
121.99919695935353
10
53.448213039508346
20
121.99919695935353
97
1
330

75
0
76
1
47
0.4128176842155181
98
1
10
34.90568961886538
20
22.81183545379326
450
0
451
0
460
0
461
0
452
1
462
1
453
2
463
0
63
5
421
255
463
1
63
7
421
16777215
470
LINEAR
1001
ACAD
1010
0
1020
0
1030
0
0
HATCH
5
97b
100
AcDbEntity
8
TopLayer
100
AcDbHatch
10
0
20
0
30
0
210
0
220
0
230
1
2
SOLID
70
1
71
0
91
1
92
7
72
0
73
1
93
4
10
53.42100584201171
20
121.1690119380238
10
52.55699771399554
20
121.1690119380238
10
52.55699771399554
20
121.97548895097793
10
53.42100584201171
20
121.97548895097793
97
1
330

75
0
76
1
47
0.4128176842155181
98
1
10
34.90568961886538
20
22.81183545379326
450
0
451
0
460
0
461
0
452
1
462
1
453
2
463
0
63
5
421
255
463
1
63
7
421
16777215
470
LINEAR
1001
ACAD
1010
0
1020
0
1030
0
0
HATCH
5
97e
100
AcDbEntity
8
TopSolderMaskLayer
100
AcDbHatch
10
0
20
0
30
0
210
0
220
0
230
1
2
SOLID
70
1
71
0
91
1
92
7
72
0
73
1
93
4
10
53.448213039508346
20
120.4926930529308
10
52.5297809167821
20
120.4926930529308
10
52.5297809167821
20
119.63879852980779
10
53.448213039508346
20
119.63879852980779
97
1
330

75
0
76
1
47
0.4128176842155181
98
1
10
34.90568961886538
20
22.81183545379326
450
0
451
0
460
0
461
0
452
1
462
1
453
2
463
0
63
5
421
255
463
1
63
7
421
16777215
470
LINEAR
1001
ACAD
1010
0
1020
0
1030
0
0
HATCH
5
981
100
AcDbEntity
8
TopLayer
100
AcDbHatch
10
0
20
0
30
0
210
0
220
0
230
1
2
SOLID
70
1
71
0
91
1
92
7
72
0
73
1
93
4
10
53.42100584201171
20
120.46898653797302
10
52.55699771399554
20
120.46898653797302
10
52.55699771399554
20
119.66250952501912
10
53.42100584201171
20
119.66250952501912
97
1
330

75
0
76
1
47
0.4128176842155181
98
1
10
34.90568961886538
20
22.81183545379326
450
0
451
0
460
0
461
0
452
1
462
1
453
2
463
0
63
5
421
255
463
1
63
7
421
16777215
470
LINEAR
1001
ACAD
1010
0
1020
0
1030
0
0
HATCH
5
984
100
AcDbEntity
8
TopSolderMaskLayer
100
AcDbHatch
10
0
20
0
30
0
210
0
220
0
230
1
2
SOLID
70
1
71
0
91
1
92
7
72
0
73
1
93
4
10
31.67429951449776
20
128.03989138515908
10
31.67429951449776
20
131.6880848234814
10
32.89171669218899
20
131.6880848234814
10
32.89171669218899
20
128.03989138515908
97
1
330

75
0
76
1
47
0.4128176842155181
98
1
10
34.90568961886538
20
22.81183545379326
450
0
451
0
460
0
461
0
452
1
462
1
453
2
463
0
63
5
421
255
463
1
63
7
421
16777215
470
LINEAR
1001
ACAD
1010
0
1020
0
1030
0
0
HATCH
5
987
100
AcDbEntity
8
TopPasteMaskLayer
100
AcDbHatch
10
0
20
0
30
0
210
0
220
0
230
1
2
SOLID
70
1
71
0
91
1
92
7
72
0
73
1
93
4
10
31.683007366014635
20
128.11397002794013
10
31.683007366014635
20
131.61399542799086
10
32.88300736601468
20
131.61399542799086
10
32.88300736601468
20
128.11397002794013
97
1
330

75
0
76
1
47
0.4128176842155181
98
1
10
34.90568961886538
20
22.81183545379326
450
0
451
0
460
0
461
0
452
1
462
1
453
2
463
0
63
5
421
255
463
1
63
7
421
16777215
470
LINEAR
1001
ACAD
1010
0
1020
0
1030
0
0
HATCH
5
98a
100
AcDbEntity
8
TopLayer
100
AcDbHatch
10
0
20
0
30
0
210
0
220
0
230
1
2
SOLID
70
1
71
0
91
1
92
7
72
0
73
1
93
4
10
31.683007366014635
20
128.11397002794013
10
31.683007366014635
20
131.61399542799086
10
32.88300736601468
20
131.61399542799086
10
32.88300736601468
20
128.11397002794013
97
1
330

75
0
76
1
47
0.4128176842155181
98
1
10
34.90568961886538
20
22.81183545379326
450
0
451
0
460
0
461
0
452
1
462
1
453
2
463
0
63
5
421
255
463
1
63
7
421
16777215
470
LINEAR
1001
ACAD
1010
0
1020
0
1030
0
0
HATCH
5
98d
100
AcDbEntity
8
TopSolderMaskLayer
100
AcDbHatch
10
0
20
0
30
0
210
0
220
0
230
1
2
SOLID
70
1
71
0
91
1
92
7
72
0
73
1
93
4
10
31.67429951449776
20
122.69993280416668
10
31.67429951449776
20
126.348126242489
10
32.89171669218899
20
126.348126242489
10
32.89171669218899
20
122.69993280416668
97
1
330

75
0
76
1
47
0.4128176842155181
98
1
10
34.90568961886538
20
22.81183545379326
450
0
451
0
460
0
461
0
452
1
462
1
453
2
463
0
63
5
421
255
463
1
63
7
421
16777215
470
LINEAR
1001
ACAD
1010
0
1020
0
1030
0
0
HATCH
5
990
100
AcDbEntity
8
TopPasteMaskLayer
100
AcDbHatch
10
0
20
0
30
0
210
0
220
0
230
1
2
SOLID
70
1
71
0
91
1
92
7
72
0
73
1
93
4
10
31.683007366014635
20
122.7740157480315
10
31.683007366014635
20
126.27404114808223
10
32.88300736601468
20
126.27404114808223
10
32.88300736601468
20
122.7740157480315
97
1
330

75
0
76
1
47
0.4128176842155181
98
1
10
34.90568961886538
20
22.81183545379326
450
0
451
0
460
0
461
0
452
1
462
1
453
2
463
0
63
5
421
255
463
1
63
7
421
16777215
470
LINEAR
1001
ACAD
1010
0
1020
0
1030
0
0
HATCH
5
993
100
AcDbEntity
8
TopLayer
100
AcDbHatch
10
0
20
0
30
0
210
0
220
0
230
1
2
SOLID
70
1
71
0
91
1
92
7
72
0
73
1
93
4
10
31.683007366014635
20
122.7740157480315
10
31.683007366014635
20
126.27404114808223
10
32.88300736601468
20
126.27404114808223
10
32.88300736601468
20
122.7740157480315
97
1
330

75
0
76
1
47
0.4128176842155181
98
1
10
34.90568961886538
20
22.81183545379326
450
0
451
0
460
0
461
0
452
1
462
1
453
2
463
0
63
5
421
255
463
1
63
7
421
16777215
470
LINEAR
1001
ACAD
1010
0
1020
0
1030
0
0
HATCH
5
996
100
AcDbEntity
8
TopSolderMaskLayer
100
AcDbHatch
10
0
20
0
30
0
210
0
220
0
230
1
2
SOLID
70
1
71
0
91
1
92
7
72
0
73
1
93
4
10
54.40232010557702
20
24.13649251343668
10
53.0036688156963
20
24.13649251343668
10
53.0036688156963
20
25.599557804948176
10
54.40232010557702
20
25.599557804948176
97
1
330

75
0
76
1
47
0.4128176842155181
98
1
10
34.90568961886538
20
22.81183545379326
450
0
451
0
460
0
461
0
452
1
462
1
453
2
463
0
63
5
421
255
463
1
63
7
421
16777215
470
LINEAR
1001
ACAD
1010
0
1020
0
1030
0
0
HATCH
5
999
100
AcDbEntity
8
TopLayer
100
AcDbHatch
10
0
20
0
30
0
210
0
220
0
230
1
2
SOLID
70
1
71
0
91
1
92
7
72
0
73
1
93
4
10
54.378003556007116
20
24.163017526035105
10
53.02799085598167
20
24.163017526035105
10
53.02799085598167
20
25.573025146050327
10
54.378003556007116
20
25.573025146050327
97
1
330

75
0
76
1
47
0.4128176842155181
98
1
10
34.90568961886538
20
22.81183545379326
450
0
451
0
460
0
461
0
452
1
462
1
453
2
463
0
63
5
421
255
463
1
63
7
421
16777215
470
LINEAR
1001
ACAD
1010
0
1020
0
1030
0
0
HATCH
5
99c
100
AcDbEntity
8
TopSolderMaskLayer
100
AcDbHatch
10
0
20
0
30
0
210
0
220
0
230
1
2
SOLID
70
1
71
0
91
1
92
7
72
0
73
1
93
4
10
54.40232010557702
20
23.59950509327166
10
53.0036688156963
20
23.59950509327166
10
53.0036688156963
20
22.136439801760048
10
54.40232010557702
20
22.136439801760048
97
1
330

75
0
76
1
47
0.4128176842155181
98
1
10
34.90568961886538
20
22.81183545379326
450
0
451
0
460
0
461
0
452
1
462
1
453
2
463
0
63
5
421
255
463
1
63
7
421
16777215
470
LINEAR
1001
ACAD
1010
0
1020
0
1030
0
0
HATCH
5
99f
100
AcDbEntity
8
TopLayer
100
AcDbHatch
10
0
20
0
30
0
210
0
220
0
230
1
2
SOLID
70
1
71
0
91
1
92
7
72
0
73
1
93
4
10
54.378003556007116
20
23.572974345948637
10
53.02799085598167
20
23.572974345948637
10
53.02799085598167
20
22.162966725933416
10
54.378003556007116
20
22.162966725933416
97
1
330

75
0
76
1
47
0.4128176842155181
98
1
10
34.90568961886538
20
22.81183545379326
450
0
451
0
460
0
461
0
452
1
462
1
453
2
463
0
63
5
421
255
463
1
63
7
421
16777215
470
LINEAR
1001
ACAD
1010
0
1020
0
1030
0
0
HATCH
5
9a2
100
AcDbEntity
8
TopSolderMaskLayer
100
AcDbHatch
10
0
20
0
30
0
210
0
220
0
230
1
2
SOLID
70
1
71
0
91
1
92
7
72
0
73
1
93
4
10
48.0056106658692
20
21.025606118568817
10
48.0056106658692
20
22.42641892019435
10
49.46641838748451
20
22.42641892019435
10
49.46641838748451
20
21.025606118568817
97
1
330

75
0
76
1
47
0.4128176842155181
98
1
10
34.90568961886538
20
22.81183545379326
450
0
451
0
460
0
461
0
452
1
462
1
453
2
463
0
63
5
421
255
463
1
63
7
421
16777215
470
LINEAR
1001
ACAD
1010
0
1020
0
1030
0
0
HATCH
5
9a5
100
AcDbEntity
8
TopLayer
100
AcDbHatch
10
0
20
0
30
0
210
0
220
0
230
1
2
SOLID
70
1
71
0
91
1
92
7
72
0
73
1
93
4
10
48.031013462026976
20
21.05100330200662
10
48.031013462026976
20
22.40101600203195
10
49.4410210820422
20
22.40101600203195
10
49.4410210820422
20
21.05100330200662
97
1
330

75
0
76
1
47
0.4128176842155181
98
1
10
34.90568961886538
20
22.81183545379326
450
0
451
0
460
0
461
0
452
1
462
1
453
2
463
0
63
5
421
255
463
1
63
7
421
16777215
470
LINEAR
1001
ACAD
1010
0
1020
0
1030
0
0
HATCH
5
9a8
100
AcDbEntity
8
TopSolderMaskLayer
100
AcDbHatch
10
0
20
0
30
0
210
0
220
0
230
1
2
SOLID
70
1
71
0
91
1
92
7
72
0
73
1
93
4
10
47.46636575714433
20
21.025606118568817
10
47.46636575714433
20
22.42641892019435
10
46.00555803552902
20
22.42641892019435
10
46.00555803552902
20
21.025606118568817
97
1
330

75
0
76
1
47
0.4128176842155181
98
1
10
34.90568961886538
20
22.81183545379326
450
0
451
0
460
0
461
0
452
1
462
1
453
2
463
0
63
5
421
255
463
1
63
7
421
16777215
470
LINEAR
1001
ACAD
1010
0
1020
0
1030
0
0
HATCH
5
9ab
100
AcDbEntity
8
TopLayer
100
AcDbHatch
10
0
20
0
30
0
210
0
220
0
230
1
2
SOLID
70
1
71
0
91
1
92
7
72
0
73
1
93
4
10
47.44097028194051
20
21.05100330200662
10
47.44097028194051
20
22.40101600203195
10
46.03096266192529
20
22.40101600203195
10
46.03096266192529
20
21.05100330200662
97
1
330

75
0
76
1
47
0.4128176842155181
98
1
10
34.90568961886538
20
22.81183545379326
450
0
451
0
460
0
461
0
452
1
462
1
453
2
463
0
63
5
421
255
463
1
63
7
421
16777215
470
LINEAR
1001
ACAD
1010
0
1020
0
1030
0
0
HATCH
5
9ae
100
AcDbEntity
8
TopSolderMaskLayer
100
AcDbHatch
10
0
20
0
30
0
210
0
220
0
230
1
2
SOLID
70
1
71
0
91
1
92
7
72
0
73
1
93
4
10
59.43459164337696
20
22.915422848766866
10
60.285391744977005
20
22.915422848766866
10
60.285391744977005
20
21.964595913421135
10
59.43459164337696
20
21.964595913421135
97
1
330

75
0
76
1
47
0.4128176842155181
98
1
10
34.90568961886538
20
22.81183545379326
450
0
451
0
460
0
461
0
452
1
462
1
453
2
463
0
63
5
421
255
463
1
63
7
421
16777215
470
LINEAR
1001
ACAD
1010
0
1020
0
1030
0
0
HATCH
5
9b1
100
AcDbEntity
8
TopPasteMaskLayer
100
AcDbHatch
10
0
20
0
30
0
210
0
220
0
230
1
2
SOLID
70
1
71
0
91
1
92
7
72
0
73
1
93
4
10
59.45999491998987
20
22.890017780035578
10
60.25999491998982
20
22.890017780035578
10
60.25999491998982
20
21.989992379984756
10
59.45999491998987
20
21.989992379984756
97
1
330

75
0
76
1
47
0.4128176842155181
98
1
10
34.90568961886538
20
22.81183545379326
450
0
451
0
460
0
461
0
452
1
462
1
453
2
463
0
63
5
421
255
463
1
63
7
421
16777215
470
LINEAR
1001
ACAD
1010
0
1020
0
1030
0
0
HATCH
5
9b4
100
AcDbEntity
8
TopLayer
100
AcDbHatch
10
0
20
0
30
0
210
0
220
0
230
1
2
SOLID
70
1
71
0
91
1
92
7
72
0
73
1
93
4
10
59.45999491998987
20
22.890017780035578
10
60.25999491998982
20
22.890017780035578
10
60.25999491998982
20
21.989992379984756
10
59.45999491998987
20
21.989992379984756
97
1
330

75
0
76
1
47
0.4128176842155181
98
1
10
34.90568961886538
20
22.81183545379326
450
0
451
0
460
0
461
0
452
1
462
1
453
2
463
0
63
5
421
255
463
1
63
7
421
16777215
470
LINEAR
1001
ACAD
1010
0
1020
0
1030
0
0
HATCH
5
9b7
100
AcDbEntity
8
TopSolderMaskLayer
100
AcDbHatch
10
0
20
0
30
0
210
0
220
0
230
1
2
SOLID
70
1
71
0
91
1
92
7
72
0
73
1
93
4
10
58.03459486918973
20
22.915422848766866
10
58.88539497079
20
22.915422848766866
10
58.88539497079
20
21.964595913421135
10
58.03459486918973
20
21.964595913421135
97
1
330

75
0
76
1
47
0.4128176842155181
98
1
10
34.90568961886538
20
22.81183545379326
450
0
451
0
460
0
461
0
452
1
462
1
453
2
463
0
63
5
421
255
463
1
63
7
421
16777215
470
LINEAR
1001
ACAD
1010
0
1020
0
1030
0
0
HATCH
5
9ba
100
AcDbEntity
8
TopPasteMaskLayer
100
AcDbHatch
10
0
20
0
30
0
210
0
220
0
230
1
2
SOLID
70
1
71
0
91
1
92
7
72
0
73
1
93
4
10
58.05999491998978
20
22.890017780035578
10
58.85999491998973
20
22.890017780035578
10
58.85999491998973
20
21.989992379984756
10
58.05999491998978
20
21.989992379984756
97
1
330

75
0
76
1
47
0.4128176842155181
98
1
10
34.90568961886538
20
22.81183545379326
450
0
451
0
460
0
461
0
452
1
462
1
453
2
463
0
63
5
421
255
463
1
63
7
421
16777215
470
LINEAR
1001
ACAD
1010
0
1020
0
1030
0
0
HATCH
5
9bd
100
AcDbEntity
8
TopLayer
100
AcDbHatch
10
0
20
0
30
0
210
0
220
0
230
1
2
SOLID
70
1
71
0
91
1
92
7
72
0
73
1
93
4
10
58.05999491998978
20
22.890017780035578
10
58.85999491998973
20
22.890017780035578
10
58.85999491998973
20
21.989992379984756
10
58.05999491998978
20
21.989992379984756
97
1
330

75
0
76
1
47
0.4128176842155181
98
1
10
34.90568961886538
20
22.81183545379326
450
0
451
0
460
0
461
0
452
1
462
1
453
2
463
0
63
5
421
255
463
1
63
7
421
16777215
470
LINEAR
1001
ACAD
1010
0
1020
0
1030
0
0
HATCH
5
9c0
100
AcDbEntity
8
TopSolderMaskLayer
100
AcDbHatch
10
0
20
0
30
0
210
0
220
0
230
1
2
SOLID
70
1
71
0
91
1
92
7
72
0
73
1
93
4
10
61.58834417848084
20
19.28811988887685
10
61.219666459946666
20
19.28811988887685
10
61.219666459946666
20
19.714342410685504
10
61.58834417848084
20
19.714342410685504
97
1
330

75
0
76
1
47
0.4128176842155181
98
1
10
34.90568961886538
20
22.81183545379326
450
0
451
0
460
0
461
0
452
1
462
1
453
2
463
0
63
5
421
255
463
1
63
7
421
16777215
470
LINEAR
1001
ACAD
1010
0
1020
0
1030
0
0
HATCH
5
9c3
100
AcDbEntity
8
TopLayer
100
AcDbHatch
10
0
20
0
30
0
210
0
220
0
230
1
2
SOLID
70
1
71
0
91
1
92
7
72
0
73
1
93
4
10
61.5659893319787
20
19.31699263398525
10
61.241986283972665
20
19.31699263398525
10
61.241986283972665
20
19.685445770891533
10
61.5659893319787
20
19.685445770891533
97
1
330

75
0
76
1
47
0.4128176842155181
98
1
10
34.90568961886538
20
22.81183545379326
450
0
451
0
460
0
461
0
452
1
462
1
453
2
463
0
63
5
421
255
463
1
63
7
421
16777215
470
LINEAR
1001
ACAD
1010
0
1020
0
1030
0
0
HATCH
5
9c6
100
AcDbEntity
8
TopSolderMaskLayer
100
AcDbHatch
10
0
20
0
30
0
210
0
220
0
230
1
2
SOLID
70
1
71
0
91
1
92
7
72
0
73
1
93
4
10
61.58834417848084
20
19.165896548914475
10
61.219666459946666
20
19.165896548914475
10
61.219666459946666
20
18.739674027105934
10
61.58834417848084
20
18.739674027105934
97
1
330

75
0
76
1
47
0.4128176842155181
98
1
10
34.90568961886538
20
22.81183545379326
450
0
451
0
460
0
461
0
452
1
462
1
453
2
463
0
63
5
421
255
463
1
63
7
421
16777215
470
LINEAR
1001
ACAD
1010
0
1020
0
1030
0
0
HATCH
5
9c9
100
AcDbEntity
8
TopLayer
100
AcDbHatch
10
0
20
0
30
0
210
0
220
0
230
1
2
SOLID
70
1
71
0
91
1
92
7
72
0
73
1
93
4
10
61.5659893319787
20
19.137007874015694
10
61.241986283972665
20
19.137007874015694
10
61.241986283972665
20
18.76855473710941
10
61.5659893319787
20
18.76855473710941
97
1
330

75
0
76
1
47
0.4128176842155181
98
1
10
34.90568961886538
20
22.81183545379326
450
0
451
0
460
0
461
0
452
1
462
1
453
2
463
0
63
5
421
255
463
1
63
7
421
16777215
470
LINEAR
1001
ACAD
1010
0
1020
0
1030
0
0
HATCH
5
9cc
100
AcDbEntity
8
TopSolderMaskLayer
100
AcDbHatch
10
0
20
0
30
0
210
0
220
0
230
1
2
SOLID
70
1
71
0
91
1
92
7
72
0
73
1
93
4
10
48.0056106658692
20
23.065606419641767
10
48.0056106658692
20
24.466419221267415
10
49.46641838748451
20
24.466419221267415
10
49.46641838748451
20
23.065606419641767
97
1
330

75
0
76
1
47
0.4128176842155181
98
1
10
34.90568961886538
20
22.81183545379326
450
0
451
0
460
0
461
0
452
1
462
1
453
2
463
0
63
5
421
255
463
1
63
7
421
16777215
470
LINEAR
1001
ACAD
1010
0
1020
0
1030
0
0
HATCH
5
9cf
100
AcDbEntity
8
TopLayer
100
AcDbHatch
10
0
20
0
30
0
210
0
220
0
230
1
2
SOLID
70
1
71
0
91
1
92
7
72
0
73
1
93
4
10
48.031013462026976
20
23.091008382016753
10
48.031013462026976
20
24.441021082042084
10
49.4410210820422
20
24.441021082042084
10
49.4410210820422
20
23.091008382016753
97
1
330

75
0
76
1
47
0.4128176842155181
98
1
10
34.90568961886538
20
22.81183545379326
450
0
451
0
460
0
461
0
452
1
462
1
453
2
463
0
63
5
421
255
463
1
63
7
421
16777215
470
LINEAR
1001
ACAD
1010
0
1020
0
1030
0
0
HATCH
5
9d2
100
AcDbEntity
8
TopSolderMaskLayer
100
AcDbHatch
10
0
20
0
30
0
210
0
220
0
230
1
2
SOLID
70
1
71
0
91
1
92
7
72
0
73
1
93
4
10
47.46636575714433
20
23.065606419641767
10
47.46636575714433
20
24.466419221267415
10
46.00555803552902
20
24.466419221267415
10
46.00555803552902
20
23.065606419641767
97
1
330

75
0
76
1
47
0.4128176842155181
98
1
10
34.90568961886538
20
22.81183545379326
450
0
451
0
460
0
461
0
452
1
462
1
453
2
463
0
63
5
421
255
463
1
63
7
421
16777215
470
LINEAR
1001
ACAD
1010
0
1020
0
1030
0
0
HATCH
5
9d5
100
AcDbEntity
8
TopLayer
100
AcDbHatch
10
0
20
0
30
0
210
0
220
0
230
1
2
SOLID
70
1
71
0
91
1
92
7
72
0
73
1
93
4
10
47.44097028194051
20
23.091008382016753
10
47.44097028194051
20
24.441021082042084
10
46.03096266192529
20
24.441021082042084
10
46.03096266192529
20
23.091008382016753
97
1
330

75
0
76
1
47
0.4128176842155181
98
1
10
34.90568961886538
20
22.81183545379326
450
0
451
0
460
0
461
0
452
1
462
1
453
2
463
0
63
5
421
255
463
1
63
7
421
16777215
470
LINEAR
1001
ACAD
1010
0
1020
0
1030
0
0
HATCH
5
9d8
100
AcDbEntity
8
TopSolderMaskLayer
100
AcDbHatch
10
0
20
0
30
0
210
0
220
0
230
1
2
SOLID
70
1
71
0
91
1
92
7
72
0
73
1
93
4
10
47.704594183381914
20
18.2744185646078
10
48.555394284982185
20
18.2744185646078
10
48.555394284982185
20
17.32359162926207
10
47.704594183381914
20
17.32359162926207
97
1
330

75
0
76
1
47
0.4128176842155181
98
1
10
34.90568961886538
20
22.81183545379326
450
0
451
0
460
0
461
0
452
1
462
1
453
2
463
0
63
5
421
255
463
1
63
7
421
16777215
470
LINEAR
1001
ACAD
1010
0
1020
0
1030
0
0
HATCH
5
9db
100
AcDbEntity
8
TopPasteMaskLayer
100
AcDbHatch
10
0
20
0
30
0
210
0
220
0
230
1
2
SOLID
70
1
71
0
91
1
92
7
72
0
73
1
93
4
10
47.72999745999482
20
18.24902209804418
10
48.529997459995
20
18.24902209804418
10
48.529997459995
20
17.348996697993357
10
47.72999745999482
20
17.348996697993357
97
1
330

75
0
76
1
47
0.4128176842155181
98
1
10
34.90568961886538
20
22.81183545379326
450
0
451
0
460
0
461
0
452
1
462
1
453
2
463
0
63
5
421
255
463
1
63
7
421
16777215
470
LINEAR
1001
ACAD
1010
0
1020
0
1030
0
0
HATCH
5
9de
100
AcDbEntity
8
TopLayer
100
AcDbHatch
10
0
20
0
30
0
210
0
220
0
230
1
2
SOLID
70
1
71
0
91
1
92
7
72
0
73
1
93
4
10
47.72999745999482
20
18.24902209804418
10
48.529997459995
20
18.24902209804418
10
48.529997459995
20
17.348996697993357
10
47.72999745999482
20
17.348996697993357
97
1
330

75
0
76
1
47
0.4128176842155181
98
1
10
34.90568961886538
20
22.81183545379326
450
0
451
0
460
0
461
0
452
1
462
1
453
2
463
0
63
5
421
255
463
1
63
7
421
16777215
470
LINEAR
1001
ACAD
1010
0
1020
0
1030
0
0
HATCH
5
9e1
100
AcDbEntity
8
TopSolderMaskLayer
100
AcDbHatch
10
0
20
0
30
0
210
0
220
0
230
1
2
SOLID
70
1
71
0
91
1
92
7
72
0
73
1
93
4
10
46.30459740919491
20
18.2744185646078
10
47.15539751079518
20
18.2744185646078
10
47.15539751079518
20
17.32359162926207
10
46.30459740919491
20
17.32359162926207
97
1
330

75
0
76
1
47
0.4128176842155181
98
1
10
34.90568961886538
20
22.81183545379326
450
0
451
0
460
0
461
0
452
1
462
1
453
2
463
0
63
5
421
255
463
1
63
7
421
16777215
470
LINEAR
1001
ACAD
1010
0
1020
0
1030
0
0
HATCH
5
9e4
100
AcDbEntity
8
TopPasteMaskLayer
100
AcDbHatch
10
0
20
0
30
0
210
0
220
0
230
1
2
SOLID
70
1
71
0
91
1
92
7
72
0
73
1
93
4
10
46.329997459994956
20
18.24902209804418
10
47.12999745999491
20
18.24902209804418
10
47.12999745999491
20
17.348996697993357
10
46.329997459994956
20
17.348996697993357
97
1
330

75
0
76
1
47
0.4128176842155181
98
1
10
34.90568961886538
20
22.81183545379326
450
0
451
0
460
0
461
0
452
1
462
1
453
2
463
0
63
5
421
255
463
1
63
7
421
16777215
470
LINEAR
1001
ACAD
1010
0
1020
0
1030
0
0
HATCH
5
9e7
100
AcDbEntity
8
TopLayer
100
AcDbHatch
10
0
20
0
30
0
210
0
220
0
230
1
2
SOLID
70
1
71
0
91
1
92
7
72
0
73
1
93
4
10
46.329997459994956
20
18.24902209804418
10
47.12999745999491
20
18.24902209804418
10
47.12999745999491
20
17.348996697993357
10
46.329997459994956
20
17.348996697993357
97
1
330

75
0
76
1
47
0.4128176842155181
98
1
10
34.90568961886538
20
22.81183545379326
450
0
451
0
460
0
461
0
452
1
462
1
453
2
463
0
63
5
421
255
463
1
63
7
421
16777215
470
LINEAR
1001
ACAD
1010
0
1020
0
1030
0
0
HATCH
5
9ea
100
AcDbEntity
8
TopSolderMaskLayer
100
AcDbHatch
10
0
20
0
30
0
210
0
220
0
230
1
2
SOLID
70
1
71
0
91
1
92
7
72
0
73
1
93
4
10
60.72924278080268
20
16.80863066486245
10
60.72924278080268
20
16.189758068697756
10
60.14074151040086
20
16.189758068697756
10
60.14074151040086
20
16.80863066486245
97
1
330

75
0
76
1
47
0.4128176842155181
98
1
10
34.90568961886538
20
22.81183545379326
450
0
451
0
460
0
461
0
452
1
462
1
453
2
463
0
63
5
421
255
463
1
63
7
421
16777215
470
LINEAR
1001
ACAD
1010
0
1020
0
1030
0
0
HATCH
5
9ed
100
AcDbEntity
8
TopPasteMaskLayer
100
AcDbHatch
10
0
20
0
30
0
210
0
220
0
230
1
2
SOLID
70
1
71
0
91
1
92
7
72
0
73
1
93
4
10
60.70500381000761
20
16.78201676403353
10
60.70500381000761
20
16.216357632715244
10
60.16499872999748
20
16.216357632715244
10
60.16499872999748
20
16.78201676403353
97
1
330

75
0
76
1
47
0.4128176842155181
98
1
10
34.90568961886538
20
22.81183545379326
450
0
451
0
460
0
461
0
452
1
462
1
453
2
463
0
63
5
421
255
463
1
63
7
421
16777215
470
LINEAR
1001
ACAD
1010
0
1020
0
1030
0
0
HATCH
5
9f0
100
AcDbEntity
8
TopLayer
100
AcDbHatch
10
0
20
0
30
0
210
0
220
0
230
1
2
SOLID
70
1
71
0
91
1
92
7
72
0
73
1
93
4
10
60.70500381000761
20
16.78201676403353
10
60.70500381000761
20
16.216357632715244
10
60.16499872999748
20
16.216357632715244
10
60.16499872999748
20
16.78201676403353
97
1
330

75
0
76
1
47
0.4128176842155181
98
1
10
34.90568961886538
20
22.81183545379326
450
0
451
0
460
0
461
0
452
1
462
1
453
2
463
0
63
5
421
255
463
1
63
7
421
16777215
470
LINEAR
1001
ACAD
1010
0
1020
0
1030
0
0
HATCH
5
9f3
100
AcDbEntity
8
TopSolderMaskLayer
100
AcDbHatch
10
0
20
0
30
0
210
0
220
0
230
1
2
SOLID
70
1
71
0
91
1
92
7
72
0
73
1
93
4
10
60.72924278080268
20
17.674264396129843
10
60.72924278080268
20
17.05539179996515
10
60.14074151040086
20
17.05539179996515
10
60.14074151040086
20
17.674264396129843
97
1
330

75
0
76
1
47
0.4128176842155181
98
1
10
34.90568961886538
20
22.81183545379326
450
0
451
0
460
0
461
0
452
1
462
1
453
2
463
0
63
5
421
255
463
1
63
7
421
16777215
470
LINEAR
1001
ACAD
1010
0
1020
0
1030
0
0
HATCH
5
9f6
100
AcDbEntity
8
TopPasteMaskLayer
100
AcDbHatch
10
0
20
0
30
0
210
0
220
0
230
1
2
SOLID
70
1
71
0
91
1
92
7
72
0
73
1
93
4
10
60.70500381000761
20
17.647650495300923
10
60.70500381000761
20
17.081991363982752
10
60.16499872999748
20
17.081991363982752
10
60.16499872999748
20
17.647650495300923
97
1
330

75
0
76
1
47
0.4128176842155181
98
1
10
34.90568961886538
20
22.81183545379326
450
0
451
0
460
0
461
0
452
1
462
1
453
2
463
0
63
5
421
255
463
1
63
7
421
16777215
470
LINEAR
1001
ACAD
1010
0
1020
0
1030
0
0
HATCH
5
9f9
100
AcDbEntity
8
TopLayer
100
AcDbHatch
10
0
20
0
30
0
210
0
220
0
230
1
2
SOLID
70
1
71
0
91
1
92
7
72
0
73
1
93
4
10
60.70500381000761
20
17.647650495300923
10
60.70500381000761
20
17.081991363982752
10
60.16499872999748
20
17.081991363982752
10
60.16499872999748
20
17.647650495300923
97
1
330

75
0
76
1
47
0.4128176842155181
98
1
10
34.90568961886538
20
22.81183545379326
450
0
451
0
460
0
461
0
452
1
462
1
453
2
463
0
63
5
421
255
463
1
63
7
421
16777215
470
LINEAR
1001
ACAD
1010
0
1020
0
1030
0
0
HATCH
5
9fc
100
AcDbEntity
8
TopSolderMaskLayer
100
AcDbHatch
10
0
20
0
30
0
210
0
220
0
230
1
2
SOLID
70
1
71
0
91
1
92
7
72
0
73
1
93
4
10
63.750219643521405
20
18.890312819666065
10
62.83178752079539
20
18.890312819666065
10
62.83178752079539
20
19.744207342789082
10
63.750219643521405
20
19.744207342789082
97
1
330

75
0
76
1
47
0.4128176842155181
98
1
10
34.90568961886538
20
22.81183545379326
450
0
451
0
460
0
461
0
452
1
462
1
453
2
463
0
63
5
421
255
463
1
63
7
421
16777215
470
LINEAR
1001
ACAD
1010
0
1020
0
1030
0
0
HATCH
5
9ff
100
AcDbEntity
8
TopLayer
100
AcDbHatch
10
0
20
0
30
0
210
0
220
0
230
1
2
SOLID
70
1
71
0
91
1
92
7
72
0
73
1
93
4
10
63.72301244602477
20
18.914020828041657
10
62.85900431800883
20
18.914020828041657
10
62.85900431800883
20
19.720497840995677
10
63.72301244602477
20
19.720497840995677
97
1
330

75
0
76
1
47
0.4128176842155181
98
1
10
34.90568961886538
20
22.81183545379326
450
0
451
0
460
0
461
0
452
1
462
1
453
2
463
0
63
5
421
255
463
1
63
7
421
16777215
470
LINEAR
1001
ACAD
1010
0
1020
0
1030
0
0
HATCH
5
a02
100
AcDbEntity
8
TopSolderMaskLayer
100
AcDbHatch
10
0
20
0
30
0
210
0
220
0
230
1
2
SOLID
70
1
71
0
91
1
92
7
72
0
73
1
93
4
10
63.750219643521405
20
18.237703436366473
10
62.83178752079539
20
18.237703436366473
10
62.83178752079539
20
17.383808913243456
10
63.750219643521405
20
17.383808913243456
97
1
330

75
0
76
1
47
0.4128176842155181
98
1
10
34.90568961886538
20
22.81183545379326
450
0
451
0
460
0
461
0
452
1
462
1
453
2
463
0
63
5
421
255
463
1
63
7
421
16777215
470
LINEAR
1001
ACAD
1010
0
1020
0
1030
0
0
HATCH
5
a05
100
AcDbEntity
8
TopLayer
100
AcDbHatch
10
0
20
0
30
0
210
0
220
0
230
1
2
SOLID
70
1
71
0
91
1
92
7
72
0
73
1
93
4
10
63.72301244602477
20
18.21399542799088
10
62.85900431800883
20
18.21399542799088
10
62.85900431800883
20
17.407518415036748
10
63.72301244602477
20
17.407518415036748
97
1
330

75
0
76
1
47
0.4128176842155181
98
1
10
34.90568961886538
20
22.81183545379326
450
0
451
0
460
0
461
0
452
1
462
1
453
2
463
0
63
5
421
255
463
1
63
7
421
16777215
470
LINEAR
1001
ACAD
1010
0
1020
0
1030
0
0
HATCH
5
a08
100
AcDbEntity
8
TopSolderMaskLayer
100
AcDbHatch
10
0
20
0
30
0
210
0
220
0
230
1
2
SOLID
70
1
71
0
91
1
92
7
72
0
73
1
93
4
10
64.36179458050697
20
18.237703436366473
10
65.28022670323321
20
18.237703436366473
10
65.28022670323321
20
17.383808913243456
10
64.36179458050697
20
17.383808913243456
97
1
330

75
0
76
1
47
0.4128176842155181
98
1
10
34.90568961886538
20
22.81183545379326
450
0
451
0
460
0
461
0
452
1
462
1
453
2
463
0
63
5
421
255
463
1
63
7
421
16777215
470
LINEAR
1001
ACAD
1010
0
1020
0
1030
0
0
HATCH
5
a0b
100
AcDbEntity
8
TopLayer
100
AcDbHatch
10
0
20
0
30
0
210
0
220
0
230
1
2
SOLID
70
1
71
0
91
1
92
7
72
0
73
1
93
4
10
64.3890017780036
20
18.21399542799088
10
65.25300990601977
20
18.21399542799088
10
65.25300990601977
20
17.407518415036748
10
64.3890017780036
20
17.407518415036748
97
1
330

75
0
76
1
47
0.4128176842155181
98
1
10
34.90568961886538
20
22.81183545379326
450
0
451
0
460
0
461
0
452
1
462
1
453
2
463
0
63
5
421
255
463
1
63
7
421
16777215
470
LINEAR
1001
ACAD
1010
0
1020
0
1030
0
0
HATCH
5
a0e
100
AcDbEntity
8
TopSolderMaskLayer
100
AcDbHatch
10
0
20
0
30
0
210
0
220
0
230
1
2
SOLID
70
1
71
0
91
1
92
7
72
0
73
1
93
4
10
64.36179458050697
20
18.890312819666065
10
65.28022670323321
20
18.890312819666065
10
65.28022670323321
20
19.744207342789082
10
64.36179458050697
20
19.744207342789082
97
1
330

75
0
76
1
47
0.4128176842155181
98
1
10
34.90568961886538
20
22.81183545379326
450
0
451
0
460
0
461
0
452
1
462
1
453
2
463
0
63
5
421
255
463
1
63
7
421
16777215
470
LINEAR
1001
ACAD
1010
0
1020
0
1030
0
0
HATCH
5
a11
100
AcDbEntity
8
TopLayer
100
AcDbHatch
10
0
20
0
30
0
210
0
220
0
230
1
2
SOLID
70
1
71
0
91
1
92
7
72
0
73
1
93
4
10
64.3890017780036
20
18.914020828041657
10
65.25300990601977
20
18.914020828041657
10
65.25300990601977
20
19.720497840995677
10
64.3890017780036
20
19.720497840995677
97
1
330

75
0
76
1
47
0.4128176842155181
98
1
10
34.90568961886538
20
22.81183545379326
450
0
451
0
460
0
461
0
452
1
462
1
453
2
463
0
63
5
421
255
463
1
63
7
421
16777215
470
LINEAR
1001
ACAD
1010
0
1020
0
1030
0
0
HATCH
5
a14
100
AcDbEntity
8
TopSolderMaskLayer
100
AcDbHatch
10
0
20
0
30
0
210
0
220
0
230
1
2
SOLID
70
1
71
0
91
1
92
7
72
0
73
1
93
4
10
58.9725927184802
20
19.67359600393786
10
58.9725927184802
20
19.372667708550807
10
58.1692135163662
20
19.372667708550807
10
58.1692135163662
20
19.67359600393786
97
1
330

75
0
76
1
47
0.4128176842155181
98
1
10
34.90568961886538
20
22.81183545379326
450
0
451
0
460
0
461
0
452
1
462
1
453
2
463
0
63
5
421
255
463
1
63
7
421
16777215
470
LINEAR
1001
ACAD
1010
0
1020
0
1030
0
0
HATCH
5
a17
100
AcDbEntity
8
TopPasteMaskLayer
100
AcDbHatch
10
0
20
0
30
0
210
0
220
0
230
1
2
SOLID
70
1
71
0
91
1
92
7
72
0
73
1
93
4
10
58.91092202184427
20
19.66314452628899
10
58.91092202184427
20
19.38313436626879
10
58.23091186182387
20
19.38313436626879
10
58.23091186182387
20
19.66314452628899
97
1
330

75
0
76
1
47
0.4128176842155181
98
1
10
34.90568961886538
20
22.81183545379326
450
0
451
0
460
0
461
0
452
1
462
1
453
2
463
0
63
5
421
255
463
1
63
7
421
16777215
470
LINEAR
1001
ACAD
1010
0
1020
0
1030
0
0
HATCH
5
a1a
100
AcDbEntity
8
TopLayer
100
AcDbHatch
10
0
20
0
30
0
210
0
220
0
230
1
2
SOLID
70
1
71
0
91
1
92
7
72
0
73
1
93
4
10
58.91092202184427
20
19.66314452628899
10
58.91092202184427
20
19.38313436626879
10
58.23091186182387
20
19.38313436626879
10
58.23091186182387
20
19.66314452628899
97
1
330

75
0
76
1
47
0.4128176842155181
98
1
10
34.90568961886538
20
22.81183545379326
450
0
451
0
460
0
461
0
452
1
462
1
453
2
463
0
63
5
421
255
463
1
63
7
421
16777215
470
LINEAR
1001
ACAD
1010
0
1020
0
1030
0
0
HATCH
5
a1d
100
AcDbEntity
8
TopSolderMaskLayer
100
AcDbHatch
10
0
20
0
30
0
210
0
220
0
230
1
2
SOLID
70
1
71
0
91
1
92
7
72
0
73
1
93
4
10
58.9725927184802
20
19.173469003683977
10
58.9725927184802
20
18.872540708296697
10
58.1692135163662
20
18.872540708296697
10
58.1692135163662
20
19.173469003683977
97
1
330

75
0
76
1
47
0.4128176842155181
98
1
10
34.90568961886538
20
22.81183545379326
450
0
451
0
460
0
461
0
452
1
462
1
453
2
463
0
63
5
421
255
463
1
63
7
421
16777215
470
LINEAR
1001
ACAD
1010
0
1020
0
1030
0
0
HATCH
5
a20
100
AcDbEntity
8
TopPasteMaskLayer
100
AcDbHatch
10
0
20
0
30
0
210
0
220
0
230
1
2
SOLID
70
1
71
0
91
1
92
7
72
0
73
1
93
4
10
58.91092202184427
20
19.163017526035105
10
58.91092202184427
20
18.88300736601468
10
58.23091186182387
20
18.88300736601468
10
58.23091186182387
20
19.163017526035105
97
1
330

75
0
76
1
47
0.4128176842155181
98
1
10
34.90568961886538
20
22.81183545379326
450
0
451
0
460
0
461
0
452
1
462
1
453
2
463
0
63
5
421
255
463
1
63
7
421
16777215
470
LINEAR
1001
ACAD
1010
0
1020
0
1030
0
0
HATCH
5
a23
100
AcDbEntity
8
TopLayer
100
AcDbHatch
10
0
20
0
30
0
210
0
220
0
230
1
2
SOLID
70
1
71
0
91
1
92
7
72
0
73
1
93
4
10
58.91092202184427
20
19.163017526035105
10
58.91092202184427
20
18.88300736601468
10
58.23091186182387
20
18.88300736601468
10
58.23091186182387
20
19.163017526035105
97
1
330

75
0
76
1
47
0.4128176842155181
98
1
10
34.90568961886538
20
22.81183545379326
450
0
451
0
460
0
461
0
452
1
462
1
453
2
463
0
63
5
421
255
463
1
63
7
421
16777215
470
LINEAR
1001
ACAD
1010
0
1020
0
1030
0
0
HATCH
5
a26
100
AcDbEntity
8
TopSolderMaskLayer
100
AcDbHatch
10
0
20
0
30
0
210
0
220
0
230
1
2
SOLID
70
1
71
0
91
1
92
7
72
0
73
1
93
4
10
58.9725927184802
20
18.67359600393786
10
58.9725927184802
20
18.372667708550807
10
58.1692135163662
20
18.372667708550807
10
58.1692135163662
20
18.67359600393786
97
1
330

75
0
76
1
47
0.4128176842155181
98
1
10
34.90568961886538
20
22.81183545379326
450
0
451
0
460
0
461
0
452
1
462
1
453
2
463
0
63
5
421
255
463
1
63
7
421
16777215
470
LINEAR
1001
ACAD
1010
0
1020
0
1030
0
0
HATCH
5
a29
100
AcDbEntity
8
TopPasteMaskLayer
100
AcDbHatch
10
0
20
0
30
0
210
0
220
0
230
1
2
SOLID
70
1
71
0
91
1
92
7
72
0
73
1
93
4
10
58.91092202184427
20
18.66314452628899
10
58.91092202184427
20
18.38313436626879
10
58.23091186182387
20
18.38313436626879
10
58.23091186182387
20
18.66314452628899
97
1
330

75
0
76
1
47
0.4128176842155181
98
1
10
34.90568961886538
20
22.81183545379326
450
0
451
0
460
0
461
0
452
1
462
1
453
2
463
0
63
5
421
255
463
1
63
7
421
16777215
470
LINEAR
1001
ACAD
1010
0
1020
0
1030
0
0
HATCH
5
a2c
100
AcDbEntity
8
TopLayer
100
AcDbHatch
10
0
20
0
30
0
210
0
220
0
230
1
2
SOLID
70
1
71
0
91
1
92
7
72
0
73
1
93
4
10
58.91092202184427
20
18.66314452628899
10
58.91092202184427
20
18.38313436626879
10
58.23091186182387
20
18.38313436626879
10
58.23091186182387
20
18.66314452628899
97
1
330

75
0
76
1
47
0.4128176842155181
98
1
10
34.90568961886538
20
22.81183545379326
450
0
451
0
460
0
461
0
452
1
462
1
453
2
463
0
63
5
421
255
463
1
63
7
421
16777215
470
LINEAR
1001
ACAD
1010
0
1020
0
1030
0
0
HATCH
5
a2f
100
AcDbEntity
8
TopSolderMaskLayer
100
AcDbHatch
10
0
20
0
30
0
210
0
220
0
230
1
2
SOLID
70
1
71
0
91
1
92
7
72
0
73
1
93
4
10
60.25275527880535
20
18.67359600393786
10
60.25275527880535
20
18.372667708550807
10
59.44937607669135
20
18.372667708550807
10
59.44937607669135
20
18.67359600393786
97
1
330

75
0
76
1
47
0.4128176842155181
98
1
10
34.90568961886538
20
22.81183545379326
450
0
451
0
460
0
461
0
452
1
462
1
453
2
463
0
63
5
421
255
463
1
63
7
421
16777215
470
LINEAR
1001
ACAD
1010
0
1020
0
1030
0
0
HATCH
5
a32
100
AcDbEntity
8
TopPasteMaskLayer
100
AcDbHatch
10
0
20
0
30
0
210
0
220
0
230
1
2
SOLID
70
1
71
0
91
1
92
7
72
0
73
1
93
4
10
60.191084582169196
20
18.66314452628899
10
60.191084582169196
20
18.38313436626879
10
59.51107442214902
20
18.38313436626879
10
59.51107442214902
20
18.66314452628899
97
1
330

75
0
76
1
47
0.4128176842155181
98
1
10
34.90568961886538
20
22.81183545379326
450
0
451
0
460
0
461
0
452
1
462
1
453
2
463
0
63
5
421
255
463
1
63
7
421
16777215
470
LINEAR
1001
ACAD
1010
0
1020
0
1030
0
0
HATCH
5
a35
100
AcDbEntity
8
TopLayer
100
AcDbHatch
10
0
20
0
30
0
210
0
220
0
230
1
2
SOLID
70
1
71
0
91
1
92
7
72
0
73
1
93
4
10
60.191084582169196
20
18.66314452628899
10
60.191084582169196
20
18.38313436626879
10
59.51107442214902
20
18.38313436626879
10
59.51107442214902
20
18.66314452628899
97
1
330

75
0
76
1
47
0.4128176842155181
98
1
10
34.90568961886538
20
22.81183545379326
450
0
451
0
460
0
461
0
452
1
462
1
453
2
463
0
63
5
421
255
463
1
63
7
421
16777215
470
LINEAR
1001
ACAD
1010
0
1020
0
1030
0
0
HATCH
5
a38
100
AcDbEntity
8
TopSolderMaskLayer
100
AcDbHatch
10
0
20
0
30
0
210
0
220
0
230
1
2
SOLID
70
1
71
0
91
1
92
7
72
0
73
1
93
4
10
60.25275527880535
20
19.173469003683977
10
60.25275527880535
20
18.872540708296697
10
59.44937607669135
20
18.872540708296697
10
59.44937607669135
20
19.173469003683977
97
1
330

75
0
76
1
47
0.4128176842155181
98
1
10
34.90568961886538
20
22.81183545379326
450
0
451
0
460
0
461
0
452
1
462
1
453
2
463
0
63
5
421
255
463
1
63
7
421
16777215
470
LINEAR
1001
ACAD
1010
0
1020
0
1030
0
0
HATCH
5
a3b
100
AcDbEntity
8
TopPasteMaskLayer
100
AcDbHatch
10
0
20
0
30
0
210
0
220
0
230
1
2
SOLID
70
1
71
0
91
1
92
7
72
0
73
1
93
4
10
60.191084582169196
20
19.163017526035105
10
60.191084582169196
20
18.88300736601468
10
59.51107442214902
20
18.88300736601468
10
59.51107442214902
20
19.163017526035105
97
1
330

75
0
76
1
47
0.4128176842155181
98
1
10
34.90568961886538
20
22.81183545379326
450
0
451
0
460
0
461
0
452
1
462
1
453
2
463
0
63
5
421
255
463
1
63
7
421
16777215
470
LINEAR
1001
ACAD
1010
0
1020
0
1030
0
0
HATCH
5
a3e
100
AcDbEntity
8
TopLayer
100
AcDbHatch
10
0
20
0
30
0
210
0
220
0
230
1
2
SOLID
70
1
71
0
91
1
92
7
72
0
73
1
93
4
10
60.191084582169196
20
19.163017526035105
10
60.191084582169196
20
18.88300736601468
10
59.51107442214902
20
18.88300736601468
10
59.51107442214902
20
19.163017526035105
97
1
330

75
0
76
1
47
0.4128176842155181
98
1
10
34.90568961886538
20
22.81183545379326
450
0
451
0
460
0
461
0
452
1
462
1
453
2
463
0
63
5
421
255
463
1
63
7
421
16777215
470
LINEAR
1001
ACAD
1010
0
1020
0
1030
0
0
HATCH
5
a41
100
AcDbEntity
8
TopSolderMaskLayer
100
AcDbHatch
10
0
20
0
30
0
210
0
220
0
230
1
2
SOLID
70
1
71
0
91
1
92
7
72
0
73
1
93
4
10
60.25275527880535
20
19.67359600393786
10
60.25275527880535
20
19.372667708550807
10
59.44937607669135
20
19.372667708550807
10
59.44937607669135
20
19.67359600393786
97
1
330

75
0
76
1
47
0.4128176842155181
98
1
10
34.90568961886538
20
22.81183545379326
450
0
451
0
460
0
461
0
452
1
462
1
453
2
463
0
63
5
421
255
463
1
63
7
421
16777215
470
LINEAR
1001
ACAD
1010
0
1020
0
1030
0
0
HATCH
5
a44
100
AcDbEntity
8
TopPasteMaskLayer
100
AcDbHatch
10
0
20
0
30
0
210
0
220
0
230
1
2
SOLID
70
1
71
0
91
1
92
7
72
0
73
1
93
4
10
60.191084582169196
20
19.66314452628899
10
60.191084582169196
20
19.38313436626879
10
59.51107442214902
20
19.38313436626879
10
59.51107442214902
20
19.66314452628899
97
1
330

75
0
76
1
47
0.4128176842155181
98
1
10
34.90568961886538
20
22.81183545379326
450
0
451
0
460
0
461
0
452
1
462
1
453
2
463
0
63
5
421
255
463
1
63
7
421
16777215
470
LINEAR
1001
ACAD
1010
0
1020
0
1030
0
0
HATCH
5
a47
100
AcDbEntity
8
TopLayer
100
AcDbHatch
10
0
20
0
30
0
210
0
220
0
230
1
2
SOLID
70
1
71
0
91
1
92
7
72
0
73
1
93
4
10
60.191084582169196
20
19.66314452628899
10
60.191084582169196
20
19.38313436626879
10
59.51107442214902
20
19.38313436626879
10
59.51107442214902
20
19.66314452628899
97
1
330

75
0
76
1
47
0.4128176842155181
98
1
10
34.90568961886538
20
22.81183545379326
450
0
451
0
460
0
461
0
452
1
462
1
453
2
463
0
63
5
421
255
463
1
63
7
421
16777215
470
LINEAR
1001
ACAD
1010
0
1020
0
1030
0
0
HATCH
5
a4a
100
AcDbEntity
8
TopSolderMaskLayer
100
AcDbHatch
10
0
20
0
30
0
210
0
220
0
230
1
2
SOLID
70
1
71
0
91
1
92
7
72
0
73
1
93
4
10
55.64769891506012
20
20.74768285020434
10
55.64769891506012
20
18.614345283529246
10
52.37028923643106
20
18.614345283529246
10
52.37028923643106
20
20.74768285020434
97
1
330

75
0
76
1
47
0.4128176842155181
98
1
10
34.90568961886538
20
22.81183545379326
450
0
451
0
460
0
461
0
452
1
462
1
453
2
463
0
63
5
421
255
463
1
63
7
421
16777215
470
LINEAR
1001
ACAD
1010
0
1020
0
1030
0
0
HATCH
5
a4d
100
AcDbEntity
8
TopPasteMaskLayer
100
AcDbHatch
10
0
20
0
30
0
210
0
220
0
230
1
2
SOLID
70
1
71
0
91
1
92
7
72
0
73
1
93
4
10
55.60899161798329
20
20.731013462026908
10
55.60899161798329
20
18.631013462026885
10
52.40899161798325
20
18.631013462026885
10
52.40899161798325
20
20.731013462026908
97
1
330

75
0
76
1
47
0.4128176842155181
98
1
10
34.90568961886538
20
22.81183545379326
450
0
451
0
460
0
461
0
452
1
462
1
453
2
463
0
63
5
421
255
463
1
63
7
421
16777215
470
LINEAR
1001
ACAD
1010
0
1020
0
1030
0
0
HATCH
5
a50
100
AcDbEntity
8
TopLayer
100
AcDbHatch
10
0
20
0
30
0
210
0
220
0
230
1
2
SOLID
70
1
71
0
91
1
92
7
72
0
73
1
93
4
10
55.60899161798329
20
20.731013462026908
10
55.60899161798329
20
18.631013462026885
10
52.40899161798325
20
18.631013462026885
10
52.40899161798325
20
20.731013462026908
97
1
330

75
0
76
1
47
0.4128176842155181
98
1
10
34.90568961886538
20
22.81183545379326
450
0
451
0
460
0
461
0
452
1
462
1
453
2
463
0
63
5
421
255
463
1
63
7
421
16777215
470
LINEAR
1001
ACAD
1010
0
1020
0
1030
0
0
HATCH
5
a53
100
AcDbEntity
8
TopSolderMaskLayer
100
AcDbHatch
10
0
20
0
30
0
210
0
220
0
230
1
2
SOLID
70
1
71
0
91
1
92
7
72
0
73
1
93
4
10
55.64769891506012
20
15.147656240473793
10
55.64769891506012
20
13.014318673798584
10
52.37028923643106
20
13.014318673798584
10
52.37028923643106
20
15.147656240473793
97
1
330

75
0
76
1
47
0.4128176842155181
98
1
10
34.90568961886538
20
22.81183545379326
450
0
451
0
460
0
461
0
452
1
462
1
453
2
463
0
63
5
421
255
463
1
63
7
421
16777215
470
LINEAR
1001
ACAD
1010
0
1020
0
1030
0
0
HATCH
5
a56
100
AcDbEntity
8
TopPasteMaskLayer
100
AcDbHatch
10
0
20
0
30
0
210
0
220
0
230
1
2
SOLID
70
1
71
0
91
1
92
7
72
0
73
1
93
4
10
55.60899161798329
20
15.130988061976154
10
55.60899161798329
20
13.030988061976132
10
52.40899161798325
20
13.030988061976132
10
52.40899161798325
20
15.130988061976154
97
1
330

75
0
76
1
47
0.4128176842155181
98
1
10
34.90568961886538
20
22.81183545379326
450
0
451
0
460
0
461
0
452
1
462
1
453
2
463
0
63
5
421
255
463
1
63
7
421
16777215
470
LINEAR
1001
ACAD
1010
0
1020
0
1030
0
0
HATCH
5
a59
100
AcDbEntity
8
TopLayer
100
AcDbHatch
10
0
20
0
30
0
210
0
220
0
230
1
2
SOLID
70
1
71
0
91
1
92
7
72
0
73
1
93
4
10
55.60899161798329
20
15.130988061976154
10
55.60899161798329
20
13.030988061976132
10
52.40899161798325
20
13.030988061976132
10
52.40899161798325
20
15.130988061976154
97
1
330

75
0
76
1
47
0.4128176842155181
98
1
10
34.90568961886538
20
22.81183545379326
450
0
451
0
460
0
461
0
452
1
462
1
453
2
463
0
63
5
421
255
463
1
63
7
421
16777215
470
LINEAR
1001
ACAD
1010
0
1020
0
1030
0
0
HATCH
5
a5c
100
AcDbEntity
8
TopSolderMaskLayer
100
AcDbHatch
10
0
20
0
30
0
210
0
220
0
230
1
2
SOLID
70
1
71
0
91
1
92
7
72
0
73
1
93
4
10
50.490204123339254
20
122.31830367564783
10
49.57177200061324
20
122.31830367564783
10
49.57177200061324
20
123.17219819877073
10
50.490204123339254
20
123.17219819877073
97
1
330

75
0
76
1
47
0.4128176842155181
98
1
10
34.90568961886538
20
22.81183545379326
450
0
451
0
460
0
461
0
452
1
462
1
453
2
463
0
63
5
421
255
463
1
63
7
421
16777215
470
LINEAR
1001
ACAD
1010
0
1020
0
1030
0
0
HATCH
5
a5f
100
AcDbEntity
8
TopLayer
100
AcDbHatch
10
0
20
0
30
0
210
0
220
0
230
1
2
SOLID
70
1
71
0
91
1
92
7
72
0
73
1
93
4
10
50.46299212598433
20
122.34201168402342
10
49.59898399796816
20
122.34201168402342
10
49.59898399796816
20
123.14848869697732
10
50.46299212598433
20
123.14848869697732
97
1
330

75
0
76
1
47
0.4128176842155181
98
1
10
34.90568961886538
20
22.81183545379326
450
0
451
0
460
0
461
0
452
1
462
1
453
2
463
0
63
5
421
255
463
1
63
7
421
16777215
470
LINEAR
1001
ACAD
1010
0
1020
0
1030
0
0
HATCH
5
a62
100
AcDbEntity
8
TopSolderMaskLayer
100
AcDbHatch
10
0
20
0
30
0
210
0
220
0
230
1
2
SOLID
70
1
71
0
91
1
92
7
72
0
73
1
93
4
10
50.490204123339254
20
121.66569429234823
10
49.57177200061324
20
121.66569429234823
10
49.57177200061324
20
120.81179976922522
10
50.490204123339254
20
120.81179976922522
97
1
330

75
0
76
1
47
0.4128176842155181
98
1
10
34.90568961886538
20
22.81183545379326
450
0
451
0
460
0
461
0
452
1
462
1
453
2
463
0
63
5
421
255
463
1
63
7
421
16777215
470
LINEAR
1001
ACAD
1010
0
1020
0
1030
0
0
HATCH
5
a65
100
AcDbEntity
8
TopLayer
100
AcDbHatch
10
0
20
0
30
0
210
0
220
0
230
1
2
SOLID
70
1
71
0
91
1
92
7
72
0
73
1
93
4
10
50.46299212598433
20
121.64198628397264
10
49.59898399796816
20
121.64198628397264
10
49.59898399796816
20
120.83550927101862
10
50.46299212598433
20
120.83550927101862
97
1
330

75
0
76
1
47
0.4128176842155181
98
1
10
34.90568961886538
20
22.81183545379326
450
0
451
0
460
0
461
0
452
1
462
1
453
2
463
0
63
5
421
255
463
1
63
7
421
16777215
470
LINEAR
1001
ACAD
1010
0
1020
0
1030
0
0
HATCH
5
a68
100
AcDbEntity
8
TopSolderMaskLayer
100
AcDbHatch
10
0
20
0
30
0
210
0
220
0
230
1
2
SOLID
70
1
71
0
91
1
92
7
72
0
73
1
93
4
10
22.39659510286765
20
120.80439582169492
10
23.44739520446774
20
120.80439582169492
10
23.44739520446774
20
119.95359572009465
10
22.39659510286765
20
119.95359572009465
97
1
330

75
0
76
1
47
0.4128176842155181
98
1
10
34.90568961886538
20
22.81183545379326
450
0
451
0
460
0
461
0
452
1
462
1
453
2
463
0
63
5
421
255
463
1
63
7
421
16777215
470
LINEAR
1001
ACAD
1010
0
1020
0
1030
0
0
HATCH
5
a6b
100
AcDbEntity
8
TopPasteMaskLayer
100
AcDbHatch
10
0
20
0
30
0
210
0
220
0
230
1
2
SOLID
70
1
71
0
91
1
92
7
72
0
73
1
93
4
10
22.421996443993066
20
120.77899415798834
10
23.421996443993066
20
120.77899415798834
10
23.421996443993066
20
119.97899415798838
10
22.421996443993066
20
119.97899415798838
97
1
330

75
0
76
1
47
0.4128176842155181
98
1
10
34.90568961886538
20
22.81183545379326
450
0
451
0
460
0
461
0
452
1
462
1
453
2
463
0
63
5
421
255
463
1
63
7
421
16777215
470
LINEAR
1001
ACAD
1010
0
1020
0
1030
0
0
HATCH
5
a6e
100
AcDbEntity
8
TopLayer
100
AcDbHatch
10
0
20
0
30
0
210
0
220
0
230
1
2
SOLID
70
1
71
0
91
1
92
7
72
0
73
1
93
4
10
22.421996443993066
20
120.77899415798834
10
23.421996443993066
20
120.77899415798834
10
23.421996443993066
20
119.97899415798838
10
22.421996443993066
20
119.97899415798838
97
1
330

75
0
76
1
47
0.4128176842155181
98
1
10
34.90568961886538
20
22.81183545379326
450
0
451
0
460
0
461
0
452
1
462
1
453
2
463
0
63
5
421
255
463
1
63
7
421
16777215
470
LINEAR
1001
ACAD
1010
0
1020
0
1030
0
0
HATCH
5
a71
100
AcDbEntity
8
TopSolderMaskLayer
100
AcDbHatch
10
0
20
0
30
0
210
0
220
0
230
1
2
SOLID
70
1
71
0
91
1
92
7
72
0
73
1
93
4
10
24.696623083568966
20
121.7543577216187
10
25.747423185169055
20
121.7543577216187
10
25.747423185169055
20
120.90355762001843
10
24.696623083568966
20
120.90355762001843
97
1
330

75
0
76
1
47
0.4128176842155181
98
1
10
34.90568961886538
20
22.81183545379326
450
0
451
0
460
0
461
0
452
1
462
1
453
2
463
0
63
5
421
255
463
1
63
7
421
16777215
470
LINEAR
1001
ACAD
1010
0
1020
0
1030
0
0
HATCH
5
a74
100
AcDbEntity
8
TopPasteMaskLayer
100
AcDbHatch
10
0
20
0
30
0
210
0
220
0
230
1
2
SOLID
70
1
71
0
91
1
92
7
72
0
73
1
93
4
10
24.722021844043866
20
121.72895605791211
10
25.72202184404364
20
121.72895605791211
10
25.72202184404364
20
120.92895605791216
10
24.722021844043866
20
120.92895605791216
97
1
330

75
0
76
1
47
0.4128176842155181
98
1
10
34.90568961886538
20
22.81183545379326
450
0
451
0
460
0
461
0
452
1
462
1
453
2
463
0
63
5
421
255
463
1
63
7
421
16777215
470
LINEAR
1001
ACAD
1010
0
1020
0
1030
0
0
HATCH
5
a77
100
AcDbEntity
8
TopLayer
100
AcDbHatch
10
0
20
0
30
0
210
0
220
0
230
1
2
SOLID
70
1
71
0
91
1
92
7
72
0
73
1
93
4
10
24.722021844043866
20
121.72895605791211
10
25.72202184404364
20
121.72895605791211
10
25.72202184404364
20
120.92895605791216
10
24.722021844043866
20
120.92895605791216
97
1
330

75
0
76
1
47
0.4128176842155181
98
1
10
34.90568961886538
20
22.81183545379326
450
0
451
0
460
0
461
0
452
1
462
1
453
2
463
0
63
5
421
255
463
1
63
7
421
16777215
470
LINEAR
1001
ACAD
1010
0
1020
0
1030
0
0
HATCH
5
a7a
100
AcDbEntity
8
TopSolderMaskLayer
100
AcDbHatch
10
0
20
0
30
0
210
0
220
0
230
1
2
SOLID
70
1
71
0
91
1
92
7
72
0
73
1
93
4
10
22.396621793243412
20
122.70442767337136
10
23.44742189484373
20
122.70442767337136
10
23.44742189484373
20
121.85362757177131
10
22.396621793243412
20
121.85362757177131
97
1
330

75
0
76
1
47
0.4128176842155181
98
1
10
34.90568961886538
20
22.81183545379326
450
0
451
0
460
0
461
0
452
1
462
1
453
2
463
0
63
5
421
255
463
1
63
7
421
16777215
470
LINEAR
1001
ACAD
1010
0
1020
0
1030
0
0
HATCH
5
a7d
100
AcDbEntity
8
TopPasteMaskLayer
100
AcDbHatch
10
0
20
0
30
0
210
0
220
0
230
1
2
SOLID
70
1
71
0
91
1
92
7
72
0
73
1
93
4
10
22.422021844043684
20
122.67901955803904
10
23.422021844043684
20
122.67901955803904
10
23.422021844043684
20
121.87901955803909
10
22.422021844043684
20
121.87901955803909
97
1
330

75
0
76
1
47
0.4128176842155181
98
1
10
34.90568961886538
20
22.81183545379326
450
0
451
0
460
0
461
0
452
1
462
1
453
2
463
0
63
5
421
255
463
1
63
7
421
16777215
470
LINEAR
1001
ACAD
1010
0
1020
0
1030
0
0
HATCH
5
a80
100
AcDbEntity
8
TopLayer
100
AcDbHatch
10
0
20
0
30
0
210
0
220
0
230
1
2
SOLID
70
1
71
0
91
1
92
7
72
0
73
1
93
4
10
22.422021844043684
20
122.67901955803904
10
23.422021844043684
20
122.67901955803904
10
23.422021844043684
20
121.87901955803909
10
22.422021844043684
20
121.87901955803909
97
1
330

75
0
76
1
47
0.4128176842155181
98
1
10
34.90568961886538
20
22.81183545379326
450
0
451
0
460
0
461
0
452
1
462
1
453
2
463
0
63
5
421
255
463
1
63
7
421
16777215
470
LINEAR
1001
ACAD
1010
0
1020
0
1030
0
0
HATCH
5
a87
100
AcDbEntity
8
TopSolderMaskLayer
100
AcDbHatch
10
0
20
0
30
0
210
0
220
0
230
1
2
SOLID
70
1
71
0
91
1
92
7
72
1
73
1
93
4
10
20.03508152977406
20
115.99352298704596
42
-0.7853981633974483
10
20.03508152977406
20
116.63233426466851
42
0
10
21.617953776296417
20
116.63233426466851
42
-0.7853981633974483
10
21.617953776296417
20
115.99352298704596
42
0
97
1
330

75
0
76
1
47
0.4128176842155181
98
1
10
34.90568961886538
20
22.81183545379326
450
0
451
0
460
0
461
0
452
1
462
1
453
2
463
0
63
5
421
255
463
1
63
7
421
16777215
470
LINEAR
1001
ACAD
1010
0
1020
0
1030
0
0
HATCH
5
a8e
100
AcDbEntity
8
TopPasteMaskLayer
100
AcDbHatch
10
0
20
0
30
0
210
0
220
0
230
1
2
SOLID
70
1
71
0
91
1
92
7
72
1
73
1
93
4
10
20.098018796037422
20
116.01892303784606
42
-0.7853981633974483
10
20.098018796037422
20
116.60693421386841
42
0
10
21.555016510033056
20
116.60693421386841
42
-0.7853981633974483
10
21.555016510033056
20
116.01892303784606
42
0
97
1
330

75
0
76
1
47
0.4128176842155181
98
1
10
34.90568961886538
20
22.81183545379326
450
0
451
0
460
0
461
0
452
1
462
1
453
2
463
0
63
5
421
255
463
1
63
7
421
16777215
470
LINEAR
1001
ACAD
1010
0
1020
0
1030
0
0
HATCH
5
a95
100
AcDbEntity
8
TopLayer
100
AcDbHatch
10
0
20
0
30
0
210
0
220
0
230
1
2
SOLID
70
1
71
0
91
1
92
7
72
1
73
1
93
4
10
20.098018796037422
20
116.01892303784606
42
-0.7853981633974483
10
20.098018796037422
20
116.60693421386841
42
0
10
21.555016510033056
20
116.60693421386841
42
-0.7853981633974483
10
21.555016510033056
20
116.01892303784606
42
0
97
1
330

75
0
76
1
47
0.4128176842155181
98
1
10
34.90568961886538
20
22.81183545379326
450
0
451
0
460
0
461
0
452
1
462
1
453
2
463
0
63
5
421
255
463
1
63
7
421
16777215
470
LINEAR
1001
ACAD
1010
0
1020
0
1030
0
0
HATCH
5
a9c
100
AcDbEntity
8
TopSolderMaskLayer
100
AcDbHatch
10
0
20
0
30
0
210
0
220
0
230
1
2
SOLID
70
1
71
0
91
1
92
7
72
1
73
1
93
4
10
20.03508152977406
20
117.26352552705103
42
-0.7853981633974483
10
20.03508152977406
20
117.90233680467358
42
0
10
21.617953776296417
20
117.90233680467358
42
-0.7853981633974483
10
21.617953776296417
20
117.26352552705103
42
0
97
1
330

75
0
76
1
47
0.4128176842155181
98
1
10
34.90568961886538
20
22.81183545379326
450
0
451
0
460
0
461
0
452
1
462
1
453
2
463
0
63
5
421
255
463
1
63
7
421
16777215
470
LINEAR
1001
ACAD
1010
0
1020
0
1030
0
0
HATCH
5
aa3
100
AcDbEntity
8
TopPasteMaskLayer
100
AcDbHatch
10
0
20
0
30
0
210
0
220
0
230
1
2
SOLID
70
1
71
0
91
1
92
7
72
1
73
1
93
4
10
20.098018796037422
20
117.28892557785113
42
-0.7853981633974483
10
20.098018796037422
20
117.87693675387348
42
0
10
21.555016510033056
20
117.87693675387348
42
-0.7853981633974483
10
21.555016510033056
20
117.28892557785113
42
0
97
1
330

75
0
76
1
47
0.4128176842155181
98
1
10
34.90568961886538
20
22.81183545379326
450
0
451
0
460
0
461
0
452
1
462
1
453
2
463
0
63
5
421
255
463
1
63
7
421
16777215
470
LINEAR
1001
ACAD
1010
0
1020
0
1030
0
0
HATCH
5
aaa
100
AcDbEntity
8
TopLayer
100
AcDbHatch
10
0
20
0
30
0
210
0
220
0
230
1
2
SOLID
70
1
71
0
91
1
92
7
72
1
73
1
93
4
10
20.098018796037422
20
117.28892557785113
42
-0.7853981633974483
10
20.098018796037422
20
117.87693675387348
42
0
10
21.555016510033056
20
117.87693675387348
42
-0.7853981633974483
10
21.555016510033056
20
117.28892557785113
42
0
97
1
330

75
0
76
1
47
0.4128176842155181
98
1
10
34.90568961886538
20
22.81183545379326
450
0
451
0
460
0
461
0
452
1
462
1
453
2
463
0
63
5
421
255
463
1
63
7
421
16777215
470
LINEAR
1001
ACAD
1010
0
1020
0
1030
0
0
HATCH
5
ab1
100
AcDbEntity
8
TopSolderMaskLayer
100
AcDbHatch
10
0
20
0
30
0
210
0
220
0
230
1
2
SOLID
70
1
71
0
91
1
92
7
72
1
73
1
93
4
10
20.03508152977406
20
118.5335280670561
42
-0.7853981633974483
10
20.03508152977406
20
119.17233934467865
42
0
10
21.617953776296417
20
119.17233934467865
42
-0.7853981633974483
10
21.617953776296417
20
118.5335280670561
42
0
97
1
330

75
0
76
1
47
0.4128176842155181
98
1
10
34.90568961886538
20
22.81183545379326
450
0
451
0
460
0
461
0
452
1
462
1
453
2
463
0
63
5
421
255
463
1
63
7
421
16777215
470
LINEAR
1001
ACAD
1010
0
1020
0
1030
0
0
HATCH
5
ab8
100
AcDbEntity
8
TopPasteMaskLayer
100
AcDbHatch
10
0
20
0
30
0
210
0
220
0
230
1
2
SOLID
70
1
71
0
91
1
92
7
72
1
73
1
93
4
10
20.098018796037422
20
118.5589281178562
42
-0.7853981633974483
10
20.098018796037422
20
119.14693929387855
42
0
10
21.555016510033056
20
119.14693929387855
42
-0.7853981633974483
10
21.555016510033056
20
118.5589281178562
42
0
97
1
330

75
0
76
1
47
0.4128176842155181
98
1
10
34.90568961886538
20
22.81183545379326
450
0
451
0
460
0
461
0
452
1
462
1
453
2
463
0
63
5
421
255
463
1
63
7
421
16777215
470
LINEAR
1001
ACAD
1010
0
1020
0
1030
0
0
HATCH
5
abf
100
AcDbEntity
8
TopLayer
100
AcDbHatch
10
0
20
0
30
0
210
0
220
0
230
1
2
SOLID
70
1
71
0
91
1
92
7
72
1
73
1
93
4
10
20.098018796037422
20
118.5589281178562
42
-0.7853981633974483
10
20.098018796037422
20
119.14693929387855
42
0
10
21.555016510033056
20
119.14693929387855
42
-0.7853981633974483
10
21.555016510033056
20
118.5589281178562
42
0
97
1
330

75
0
76
1
47
0.4128176842155181
98
1
10
34.90568961886538
20
22.81183545379326
450
0
451
0
460
0
461
0
452
1
462
1
453
2
463
0
63
5
421
255
463
1
63
7
421
16777215
470
LINEAR
1001
ACAD
1010
0
1020
0
1030
0
0
HATCH
5
ac6
100
AcDbEntity
8
TopSolderMaskLayer
100
AcDbHatch
10
0
20
0
30
0
210
0
220
0
230
1
2
SOLID
70
1
71
0
91
1
92
7
72
1
73
1
93
4
10
20.03508152977406
20
119.80353060706128
42
-0.7853981633974483
10
20.03508152977406
20
120.44234188468383
42
0
10
21.617953776296417
20
120.44234188468383
42
-0.7853981633974483
10
21.617953776296417
20
119.80353060706128
42
0
97
1
330

75
0
76
1
47
0.4128176842155181
98
1
10
34.90568961886538
20
22.81183545379326
450
0
451
0
460
0
461
0
452
1
462
1
453
2
463
0
63
5
421
255
463
1
63
7
421
16777215
470
LINEAR
1001
ACAD
1010
0
1020
0
1030
0
0
HATCH
5
acd
100
AcDbEntity
8
TopPasteMaskLayer
100
AcDbHatch
10
0
20
0
30
0
210
0
220
0
230
1
2
SOLID
70
1
71
0
91
1
92
7
72
1
73
1
93
4
10
20.098018796037422
20
119.82893065786138
42
-0.7853981633974483
10
20.098018796037422
20
120.41694183388373
42
0
10
21.555016510033056
20
120.41694183388373
42
-0.7853981633974483
10
21.555016510033056
20
119.82893065786138
42
0
97
1
330

75
0
76
1
47
0.4128176842155181
98
1
10
34.90568961886538
20
22.81183545379326
450
0
451
0
460
0
461
0
452
1
462
1
453
2
463
0
63
5
421
255
463
1
63
7
421
16777215
470
LINEAR
1001
ACAD
1010
0
1020
0
1030
0
0
HATCH
5
ad4
100
AcDbEntity
8
TopLayer
100
AcDbHatch
10
0
20
0
30
0
210
0
220
0
230
1
2
SOLID
70
1
71
0
91
1
92
7
72
1
73
1
93
4
10
20.098018796037422
20
119.82893065786138
42
-0.7853981633974483
10
20.098018796037422
20
120.41694183388373
42
0
10
21.555016510033056
20
120.41694183388373
42
-0.7853981633974483
10
21.555016510033056
20
119.82893065786138
42
0
97
1
330

75
0
76
1
47
0.4128176842155181
98
1
10
34.90568961886538
20
22.81183545379326
450
0
451
0
460
0
461
0
452
1
462
1
453
2
463
0
63
5
421
255
463
1
63
7
421
16777215
470
LINEAR
1001
ACAD
1010
0
1020
0
1030
0
0
HATCH
5
adb
100
AcDbEntity
8
TopSolderMaskLayer
100
AcDbHatch
10
0
20
0
30
0
210
0
220
0
230
1
2
SOLID
70
1
71
0
91
1
92
7
72
1
73
1
93
4
10
14.49025044011205
20
115.99352298704596
42
-0.7853981633974483
10
14.49025044011205
20
116.63233426466851
42
0
10
16.07312268663418
20
116.63233426466851
42
-0.7853981633974483
10
16.07312268663418
20
115.99352298704596
42
0
97
1
330

75
0
76
1
47
0.4128176842155181
98
1
10
34.90568961886538
20
22.81183545379326
450
0
451
0
460
0
461
0
452
1
462
1
453
2
463
0
63
5
421
255
463
1
63
7
421
16777215
470
LINEAR
1001
ACAD
1010
0
1020
0
1030
0
0
HATCH
5
ae2
100
AcDbEntity
8
TopPasteMaskLayer
100
AcDbHatch
10
0
20
0
30
0
210
0
220
0
230
1
2
SOLID
70
1
71
0
91
1
92
7
72
1
73
1
93
4
10
14.553187706375411
20
116.01892303784606
42
-0.7853981633974483
10
14.553187706375411
20
116.60693421386841
42
0
10
16.010185420371045
20
116.60693421386841
42
-0.7853981633974483
10
16.010185420371045
20
116.01892303784606
42
0
97
1
330

75
0
76
1
47
0.4128176842155181
98
1
10
34.90568961886538
20
22.81183545379326
450
0
451
0
460
0
461
0
452
1
462
1
453
2
463
0
63
5
421
255
463
1
63
7
421
16777215
470
LINEAR
1001
ACAD
1010
0
1020
0
1030
0
0
HATCH
5
ae9
100
AcDbEntity
8
TopLayer
100
AcDbHatch
10
0
20
0
30
0
210
0
220
0
230
1
2
SOLID
70
1
71
0
91
1
92
7
72
1
73
1
93
4
10
14.553187706375411
20
116.01892303784606
42
-0.7853981633974483
10
14.553187706375411
20
116.60693421386841
42
0
10
16.010185420371045
20
116.60693421386841
42
-0.7853981633974483
10
16.010185420371045
20
116.01892303784606
42
0
97
1
330

75
0
76
1
47
0.4128176842155181
98
1
10
34.90568961886538
20
22.81183545379326
450
0
451
0
460
0
461
0
452
1
462
1
453
2
463
0
63
5
421
255
463
1
63
7
421
16777215
470
LINEAR
1001
ACAD
1010
0
1020
0
1030
0
0
HATCH
5
af0
100
AcDbEntity
8
TopSolderMaskLayer
100
AcDbHatch
10
0
20
0
30
0
210
0
220
0
230
1
2
SOLID
70
1
71
0
91
1
92
7
72
1
73
1
93
4
10
14.49025044011205
20
117.26352552705103
42
-0.7853981633974483
10
14.49025044011205
20
117.90233680467358
42
0
10
16.07312268663418
20
117.90233680467358
42
-0.7853981633974483
10
16.07312268663418
20
117.26352552705103
42
0
97
1
330

75
0
76
1
47
0.4128176842155181
98
1
10
34.90568961886538
20
22.81183545379326
450
0
451
0
460
0
461
0
452
1
462
1
453
2
463
0
63
5
421
255
463
1
63
7
421
16777215
470
LINEAR
1001
ACAD
1010
0
1020
0
1030
0
0
HATCH
5
af7
100
AcDbEntity
8
TopPasteMaskLayer
100
AcDbHatch
10
0
20
0
30
0
210
0
220
0
230
1
2
SOLID
70
1
71
0
91
1
92
7
72
1
73
1
93
4
10
14.553187706375411
20
117.28892557785113
42
-0.7853981633974483
10
14.553187706375411
20
117.87693675387348
42
0
10
16.010185420371045
20
117.87693675387348
42
-0.7853981633974483
10
16.010185420371045
20
117.28892557785113
42
0
97
1
330

75
0
76
1
47
0.4128176842155181
98
1
10
34.90568961886538
20
22.81183545379326
450
0
451
0
460
0
461
0
452
1
462
1
453
2
463
0
63
5
421
255
463
1
63
7
421
16777215
470
LINEAR
1001
ACAD
1010
0
1020
0
1030
0
0
HATCH
5
afe
100
AcDbEntity
8
TopLayer
100
AcDbHatch
10
0
20
0
30
0
210
0
220
0
230
1
2
SOLID
70
1
71
0
91
1
92
7
72
1
73
1
93
4
10
14.553187706375411
20
117.28892557785113
42
-0.7853981633974483
10
14.553187706375411
20
117.87693675387348
42
0
10
16.010185420371045
20
117.87693675387348
42
-0.7853981633974483
10
16.010185420371045
20
117.28892557785113
42
0
97
1
330

75
0
76
1
47
0.4128176842155181
98
1
10
34.90568961886538
20
22.81183545379326
450
0
451
0
460
0
461
0
452
1
462
1
453
2
463
0
63
5
421
255
463
1
63
7
421
16777215
470
LINEAR
1001
ACAD
1010
0
1020
0
1030
0
0
HATCH
5
b05
100
AcDbEntity
8
TopSolderMaskLayer
100
AcDbHatch
10
0
20
0
30
0
210
0
220
0
230
1
2
SOLID
70
1
71
0
91
1
92
7
72
1
73
1
93
4
10
14.49025044011205
20
118.5335280670561
42
-0.7853981633974483
10
14.49025044011205
20
119.17233934467865
42
0
10
16.07312268663418
20
119.17233934467865
42
-0.7853981633974483
10
16.07312268663418
20
118.5335280670561
42
0
97
1
330

75
0
76
1
47
0.4128176842155181
98
1
10
34.90568961886538
20
22.81183545379326
450
0
451
0
460
0
461
0
452
1
462
1
453
2
463
0
63
5
421
255
463
1
63
7
421
16777215
470
LINEAR
1001
ACAD
1010
0
1020
0
1030
0
0
HATCH
5
b0c
100
AcDbEntity
8
TopPasteMaskLayer
100
AcDbHatch
10
0
20
0
30
0
210
0
220
0
230
1
2
SOLID
70
1
71
0
91
1
92
7
72
1
73
1
93
4
10
14.553187706375411
20
118.5589281178562
42
-0.7853981633974483
10
14.553187706375411
20
119.14693929387855
42
0
10
16.010185420371045
20
119.14693929387855
42
-0.7853981633974483
10
16.010185420371045
20
118.5589281178562
42
0
97
1
330

75
0
76
1
47
0.4128176842155181
98
1
10
34.90568961886538
20
22.81183545379326
450
0
451
0
460
0
461
0
452
1
462
1
453
2
463
0
63
5
421
255
463
1
63
7
421
16777215
470
LINEAR
1001
ACAD
1010
0
1020
0
1030
0
0
HATCH
5
b13
100
AcDbEntity
8
TopLayer
100
AcDbHatch
10
0
20
0
30
0
210
0
220
0
230
1
2
SOLID
70
1
71
0
91
1
92
7
72
1
73
1
93
4
10
14.553187706375411
20
118.5589281178562
42
-0.7853981633974483
10
14.553187706375411
20
119.14693929387855
42
0
10
16.010185420371045
20
119.14693929387855
42
-0.7853981633974483
10
16.010185420371045
20
118.5589281178562
42
0
97
1
330

75
0
76
1
47
0.4128176842155181
98
1
10
34.90568961886538
20
22.81183545379326
450
0
451
0
460
0
461
0
452
1
462
1
453
2
463
0
63
5
421
255
463
1
63
7
421
16777215
470
LINEAR
1001
ACAD
1010
0
1020
0
1030
0
0
HATCH
5
b1a
100
AcDbEntity
8
TopSolderMaskLayer
100
AcDbHatch
10
0
20
0
30
0
210
0
220
0
230
1
2
SOLID
70
1
71
0
91
1
92
7
72
1
73
1
93
4
10
14.49025044011205
20
119.80353060706128
42
-0.7853981633974483
10
14.49025044011205
20
120.44234188468383
42
0
10
16.07312268663418
20
120.44234188468383
42
-0.7853981633974483
10
16.07312268663418
20
119.80353060706128
42
0
97
1
330

75
0
76
1
47
0.4128176842155181
98
1
10
34.90568961886538
20
22.81183545379326
450
0
451
0
460
0
461
0
452
1
462
1
453
2
463
0
63
5
421
255
463
1
63
7
421
16777215
470
LINEAR
1001
ACAD
1010
0
1020
0
1030
0
0
HATCH
5
b21
100
AcDbEntity
8
TopPasteMaskLayer
100
AcDbHatch
10
0
20
0
30
0
210
0
220
0
230
1
2
SOLID
70
1
71
0
91
1
92
7
72
1
73
1
93
4
10
14.553187706375411
20
119.82893065786138
42
-0.7853981633974483
10
14.553187706375411
20
120.41694183388373
42
0
10
16.010185420371045
20
120.41694183388373
42
-0.7853981633974483
10
16.010185420371045
20
119.82893065786138
42
0
97
1
330

75
0
76
1
47
0.4128176842155181
98
1
10
34.90568961886538
20
22.81183545379326
450
0
451
0
460
0
461
0
452
1
462
1
453
2
463
0
63
5
421
255
463
1
63
7
421
16777215
470
LINEAR
1001
ACAD
1010
0
1020
0
1030
0
0
HATCH
5
b28
100
AcDbEntity
8
TopLayer
100
AcDbHatch
10
0
20
0
30
0
210
0
220
0
230
1
2
SOLID
70
1
71
0
91
1
92
7
72
1
73
1
93
4
10
14.553187706375411
20
119.82893065786138
42
-0.7853981633974483
10
14.553187706375411
20
120.41694183388373
42
0
10
16.010185420371045
20
120.41694183388373
42
-0.7853981633974483
10
16.010185420371045
20
119.82893065786138
42
0
97
1
330

75
0
76
1
47
0.4128176842155181
98
1
10
34.90568961886538
20
22.81183545379326
450
0
451
0
460
0
461
0
452
1
462
1
453
2
463
0
63
5
421
255
463
1
63
7
421
16777215
470
LINEAR
1001
ACAD
1010
0
1020
0
1030
0
0
HATCH
5
b2b
100
AcDbEntity
8
TopSolderMaskLayer
100
AcDbHatch
10
0
20
0
30
0
210
0
220
0
230
1
2
SOLID
70
1
71
0
91
1
92
7
72
0
73
1
93
4
10
45.49220912739975
20
120.83931250449518
10
44.57377700467373
20
120.83931250449518
10
44.57377700467373
20
121.6932070276182
10
45.49220912739975
20
121.6932070276182
97
1
330

75
0
76
1
47
0.4128176842155181
98
1
10
34.90568961886538
20
22.81183545379326
450
0
451
0
460
0
461
0
452
1
462
1
453
2
463
0
63
5
421
255
463
1
63
7
421
16777215
470
LINEAR
1001
ACAD
1010
0
1020
0
1030
0
0
HATCH
5
b2e
100
AcDbEntity
8
TopLayer
100
AcDbHatch
10
0
20
0
30
0
210
0
220
0
230
1
2
SOLID
70
1
71
0
91
1
92
7
72
0
73
1
93
4
10
45.46499872999766
20
120.86301752603504
10
44.600990601981266
20
120.86301752603504
10
44.600990601981266
20
121.66949453898906
10
45.46499872999766
20
121.66949453898906
97
1
330

75
0
76
1
47
0.4128176842155181
98
1
10
34.90568961886538
20
22.81183545379326
450
0
451
0
460
0
461
0
452
1
462
1
453
2
463
0
63
5
421
255
463
1
63
7
421
16777215
470
LINEAR
1001
ACAD
1010
0
1020
0
1030
0
0
HATCH
5
b31
100
AcDbEntity
8
TopSolderMaskLayer
100
AcDbHatch
10
0
20
0
30
0
210
0
220
0
230
1
2
SOLID
70
1
71
0
91
1
92
7
72
0
73
1
93
4
10
45.49220912739975
20
120.18670312119559
10
44.57377700467373
20
120.18670312119559
10
44.57377700467373
20
119.33280859807246
10
45.49220912739975
20
119.33280859807246
97
1
330

75
0
76
1
47
0.4128176842155181
98
1
10
34.90568961886538
20
22.81183545379326
450
0
451
0
460
0
461
0
452
1
462
1
453
2
463
0
63
5
421
255
463
1
63
7
421
16777215
470
LINEAR
1001
ACAD
1010
0
1020
0
1030
0
0
HATCH
5
b34
100
AcDbEntity
8
TopLayer
100
AcDbHatch
10
0
20
0
30
0
210
0
220
0
230
1
2
SOLID
70
1
71
0
91
1
92
7
72
0
73
1
93
4
10
45.46499872999766
20
120.16299212598426
10
44.600990601981266
20
120.16299212598426
10
44.600990601981266
20
119.35651511303024
10
45.46499872999766
20
119.35651511303024
97
1
330

75
0
76
1
47
0.4128176842155181
98
1
10
34.90568961886538
20
22.81183545379326
450
0
451
0
460
0
461
0
452
1
462
1
453
2
463
0
63
5
421
255
463
1
63
7
421
16777215
470
LINEAR
1001
ACAD
1010
0
1020
0
1030
0
0
HATCH
5
b37
100
AcDbEntity
8
TopSolderMaskLayer
100
AcDbHatch
10
0
20
0
30
0
210
0
220
0
230
1
2
SOLID
70
1
71
0
91
1
92
7
72
0
73
1
93
4
10
44.624777106774445
20
123.19568577867176
10
45.54320922950069
20
123.19568577867176
10
45.54320922950069
20
122.34179125554874
10
44.624777106774445
20
122.34179125554874
97
1
330

75
0
76
1
47
0.4128176842155181
98
1
10
34.90568961886538
20
22.81183545379326
450
0
451
0
460
0
461
0
452
1
462
1
453
2
463
0
63
5
421
255
463
1
63
7
421
16777215
470
LINEAR
1001
ACAD
1010
0
1020
0
1030
0
0
HATCH
5
b3a
100
AcDbEntity
8
TopLayer
100
AcDbHatch
10
0
20
0
30
0
210
0
220
0
230
1
2
SOLID
70
1
71
0
91
1
92
7
72
0
73
1
93
4
10
44.651993903987886
20
123.17198374396753
10
45.51600203200405
20
123.17198374396753
10
45.51600203200405
20
122.36550673101351
10
44.651993903987886
20
122.36550673101351
97
1
330

75
0
76
1
47
0.4128176842155181
98
1
10
34.90568961886538
20
22.81183545379326
450
0
451
0
460
0
461
0
452
1
462
1
453
2
463
0
63
5
421
255
463
1
63
7
421
16777215
470
LINEAR
1001
ACAD
1010
0
1020
0
1030
0
0
HATCH
5
b3d
100
AcDbEntity
8
TopSolderMaskLayer
100
AcDbHatch
10
0
20
0
30
0
210
0
220
0
230
1
2
SOLID
70
1
71
0
91
1
92
7
72
0
73
1
93
4
10
44.624777106774445
20
123.84829516197135
10
45.54320922950069
20
123.84829516197135
10
45.54320922950069
20
124.70218968509425
10
44.624777106774445
20
124.70218968509425
97
1
330

75
0
76
1
47
0.4128176842155181
98
1
10
34.90568961886538
20
22.81183545379326
450
0
451
0
460
0
461
0
452
1
462
1
453
2
463
0
63
5
421
255
463
1
63
7
421
16777215
470
LINEAR
1001
ACAD
1010
0
1020
0
1030
0
0
HATCH
5
b40
100
AcDbEntity
8
TopLayer
100
AcDbHatch
10
0
20
0
30
0
210
0
220
0
230
1
2
SOLID
70
1
71
0
91
1
92
7
72
0
73
1
93
4
10
44.651993903987886
20
123.8720091440183
10
45.51600203200405
20
123.8720091440183
10
45.51600203200405
20
124.67848615697233
10
44.651993903987886
20
124.67848615697233
97
1
330

75
0
76
1
47
0.4128176842155181
98
1
10
34.90568961886538
20
22.81183545379326
450
0
451
0
460
0
461
0
452
1
462
1
453
2
463
0
63
5
421
255
463
1
63
7
421
16777215
470
LINEAR
1001
ACAD
1010
0
1020
0
1030
0
0
HATCH
5
b43
100
AcDbEntity
8
TopSolderMaskLayer
100
AcDbHatch
10
0
20
0
30
0
210
0
220
0
230
1
2
SOLID
70
1
71
0
91
1
92
7
72
0
73
1
93
4
10
44.810387820801
20
129.69141926308316
10
44.810387820801
20
128.77661103346657
10
43.95311070624666
20
128.77661103346657
10
43.95311070624666
20
129.69141926308316
97
1
330

75
0
76
1
47
0.4128176842155181
98
1
10
34.90568961886538
20
22.81183545379326
450
0
451
0
460
0
461
0
452
1
462
1
453
2
463
0
63
5
421
255
463
1
63
7
421
16777215
470
LINEAR
1001
ACAD
1010
0
1020
0
1030
0
0
HATCH
5
b46
100
AcDbEntity
8
TopLayer
100
AcDbHatch
10
0
20
0
30
0
210
0
220
0
230
1
2
SOLID
70
1
71
0
91
1
92
7
72
0
73
1
93
4
10
44.78498856997726
20
129.66601473202945
10
44.78498856997726
20
128.80200660401317
10
43.97851155702301
20
128.80200660401317
10
43.97851155702301
20
129.66601473202945
97
1
330

75
0
76
1
47
0.4128176842155181
98
1
10
34.90568961886538
20
22.81183545379326
450
0
451
0
460
0
461
0
452
1
462
1
453
2
463
0
63
5
421
255
463
1
63
7
421
16777215
470
LINEAR
1001
ACAD
1010
0
1020
0
1030
0
0
HATCH
5
b49
100
AcDbEntity
8
TopSolderMaskLayer
100
AcDbHatch
10
0
20
0
30
0
210
0
220
0
230
1
2
SOLID
70
1
71
0
91
1
92
7
72
0
73
1
93
4
10
45.45961471920418
20
129.69141926308316
10
45.45961471920418
20
128.77661103346657
10
46.31689183375852
20
128.77661103346657
10
46.31689183375852
20
129.69141926308316
97
1
330

75
0
76
1
47
0.4128176842155181
98
1
10
34.90568961886538
20
22.81183545379326
450
0
451
0
460
0
461
0
452
1
462
1
453
2
463
0
63
5
421
255
463
1
63
7
421
16777215
470
LINEAR
1001
ACAD
1010
0
1020
0
1030
0
0
HATCH
5
b4c
100
AcDbEntity
8
TopLayer
100
AcDbHatch
10
0
20
0
30
0
210
0
220
0
230
1
2
SOLID
70
1
71
0
91
1
92
7
72
0
73
1
93
4
10
45.48501397002792
20
129.66601473202945
10
45.48501397002792
20
128.80200660401317
10
46.29149098298194
20
128.80200660401317
10
46.29149098298194
20
129.66601473202945
97
1
330

75
0
76
1
47
0.4128176842155181
98
1
10
34.90568961886538
20
22.81183545379326
450
0
451
0
460
0
461
0
452
1
462
1
453
2
463
0
63
5
421
255
463
1
63
7
421
16777215
470
LINEAR
1001
ACAD
1010
0
1020
0
1030
0
0
HATCH
5
b4f
100
AcDbEntity
8
TopSolderMaskLayer
100
AcDbHatch
10
0
20
0
30
0
210
0
220
0
230
1
2
SOLID
70
1
71
0
91
1
92
7
72
0
73
1
93
4
10
35.22237664477848
20
134.3324089714032
10
35.22237664477848
20
133.4176007417866
10
34.36509953022437
20
133.4176007417866
10
34.36509953022437
20
134.3324089714032
97
1
330

75
0
76
1
47
0.4128176842155181
98
1
10
34.90568961886538
20
22.81183545379326
450
0
451
0
460
0
461
0
452
1
462
1
453
2
463
0
63
5
421
255
463
1
63
7
421
16777215
470
LINEAR
1001
ACAD
1010
0
1020
0
1030
0
0
HATCH
5
b52
100
AcDbEntity
8
TopLayer
100
AcDbHatch
10
0
20
0
30
0
210
0
220
0
230
1
2
SOLID
70
1
71
0
91
1
92
7
72
0
73
1
93
4
10
35.19697739395474
20
134.30701041402085
10
35.19697739395474
20
133.44300228600457
10
34.39050038100095
20
133.44300228600457
10
34.39050038100095
20
134.30701041402085
97
1
330

75
0
76
1
47
0.4128176842155181
98
1
10
34.90568961886538
20
22.81183545379326
450
0
451
0
460
0
461
0
452
1
462
1
453
2
463
0
63
5
421
255
463
1
63
7
421
16777215
470
LINEAR
1001
ACAD
1010
0
1020
0
1030
0
0
HATCH
5
b55
100
AcDbEntity
8
TopSolderMaskLayer
100
AcDbHatch
10
0
20
0
30
0
210
0
220
0
230
1
2
SOLID
70
1
71
0
91
1
92
7
72
0
73
1
93
4
10
35.87160354318189
20
134.3324089714032
10
35.87160354318189
20
133.4176007417866
10
36.728880657736
20
133.4176007417866
10
36.728880657736
20
134.3324089714032
97
1
330

75
0
76
1
47
0.4128176842155181
98
1
10
34.90568961886538
20
22.81183545379326
450
0
451
0
460
0
461
0
452
1
462
1
453
2
463
0
63
5
421
255
463
1
63
7
421
16777215
470
LINEAR
1001
ACAD
1010
0
1020
0
1030
0
0
HATCH
5
b58
100
AcDbEntity
8
TopLayer
100
AcDbHatch
10
0
20
0
30
0
210
0
220
0
230
1
2
SOLID
70
1
71
0
91
1
92
7
72
0
73
1
93
4
10
35.89700279400563
20
134.30701041402085
10
35.89700279400563
20
133.44300228600457
10
36.70347980695942
20
133.44300228600457
10
36.70347980695942
20
134.30701041402085
97
1
330

75
0
76
1
47
0.4128176842155181
98
1
10
34.90568961886538
20
22.81183545379326
450
0
451
0
460
0
461
0
452
1
462
1
453
2
463
0
63
5
421
255
463
1
63
7
421
16777215
470
LINEAR
1001
ACAD
1010
0
1020
0
1030
0
0
HATCH
5
b5b
100
AcDbEntity
8
TopSolderMaskLayer
100
AcDbHatch
10
0
20
0
30
0
210
0
220
0
230
1
2
SOLID
70
1
71
0
91
1
92
7
72
0
73
1
93
4
10
24.174227491385864
20
118.2893207242671
10
23.255795368659847
20
118.2893207242671
10
23.255795368659847
20
119.14321524739012
10
24.174227491385864
20
119.14321524739012
97
1
330

75
0
76
1
47
0.4128176842155181
98
1
10
34.90568961886538
20
22.81183545379326
450
0
451
0
460
0
461
0
452
1
462
1
453
2
463
0
63
5
421
255
463
1
63
7
421
16777215
470
LINEAR
1001
ACAD
1010
0
1020
0
1030
0
0
HATCH
5
b5e
100
AcDbEntity
8
TopLayer
100
AcDbHatch
10
0
20
0
30
0
210
0
220
0
230
1
2
SOLID
70
1
71
0
91
1
92
7
72
0
73
1
93
4
10
24.14701549403094
20
118.3130302260605
10
23.283007366014772
20
118.3130302260605
10
23.283007366014772
20
119.11950723901452
10
24.14701549403094
20
119.11950723901452
97
1
330

75
0
76
1
47
0.4128176842155181
98
1
10
34.90568961886538
20
22.81183545379326
450
0
451
0
460
0
461
0
452
1
462
1
453
2
463
0
63
5
421
255
463
1
63
7
421
16777215
470
LINEAR
1001
ACAD
1010
0
1020
0
1030
0
0
HATCH
5
b61
100
AcDbEntity
8
TopSolderMaskLayer
100
AcDbHatch
10
0
20
0
30
0
210
0
220
0
230
1
2
SOLID
70
1
71
0
91
1
92
7
72
0
73
1
93
4
10
24.174227491385864
20
117.63671134096728
10
23.255795368659847
20
117.63671134096728
10
23.255795368659847
20
116.78281681784438
10
24.174227491385864
20
116.78281681784438
97
1
330

75
0
76
1
47
0.4128176842155181
98
1
10
34.90568961886538
20
22.81183545379326
450
0
451
0
460
0
461
0
452
1
462
1
453
2
463
0
63
5
421
255
463
1
63
7
421
16777215
470
LINEAR
1001
ACAD
1010
0
1020
0
1030
0
0
HATCH
5
b64
100
AcDbEntity
8
TopLayer
100
AcDbHatch
10
0
20
0
30
0
210
0
220
0
230
1
2
SOLID
70
1
71
0
91
1
92
7
72
0
73
1
93
4
10
24.14701549403094
20
117.61300482600961
10
23.283007366014772
20
117.61300482600961
10
23.283007366014772
20
116.8065278130556
10
24.14701549403094
20
116.8065278130556
97
1
330

75
0
76
1
47
0.4128176842155181
98
1
10
34.90568961886538
20
22.81183545379326
450
0
451
0
460
0
461
0
452
1
462
1
453
2
463
0
63
5
421
255
463
1
63
7
421
16777215
470
LINEAR
1001
ACAD
1010
0
1020
0
1030
0
0
HATCH
5
b6b
100
AcDbEntity
8
TopSolderMaskLayer
100
AcDbHatch
10
0
20
0
30
0
210
0
220
0
230
1
2
SOLID
70
1
71
0
91
1
92
7
72
1
73
1
93
4
10
26.87211074422132
20
15.517995052643641
42
-0.7853981633974483
10
26.233299466598762
20
15.517995052643641
42
0
10
26.233299466598762
20
14.024804032954648
42
-0.7853981633974483
10
26.87211074422132
20
14.024804032954648
42
0
97
1
330

75
0
76
1
47
0.4128176842155181
98
1
10
34.90568961886538
20
22.81183545379326
450
0
451
0
460
0
461
0
452
1
462
1
453
2
463
0
63
5
421
255
463
1
63
7
421
16777215
470
LINEAR
1001
ACAD
1010
0
1020
0
1030
0
0
HATCH
5
b72
100
AcDbEntity
8
TopPasteMaskLayer
100
AcDbHatch
10
0
20
0
30
0
210
0
220
0
230
1
2
SOLID
70
1
71
0
91
1
92
7
72
1
73
1
93
4
10
26.846710693421215
20
15.499898399796848
42
-0.7853981633974483
10
26.258699517398867
20
15.499898399796848
42
0
10
26.258699517398867
20
14.042900685801442
42
-0.7853981633974483
10
26.846710693421215
20
14.042900685801442
42
0
97
1
330

75
0
76
1
47
0.4128176842155181
98
1
10
34.90568961886538
20
22.81183545379326
450
0
451
0
460
0
461
0
452
1
462
1
453
2
463
0
63
5
421
255
463
1
63
7
421
16777215
470
LINEAR
1001
ACAD
1010
0
1020
0
1030
0
0
HATCH
5
b79
100
AcDbEntity
8
TopLayer
100
AcDbHatch
10
0
20
0
30
0
210
0
220
0
230
1
2
SOLID
70
1
71
0
91
1
92
7
72
1
73
1
93
4
10
26.846710693421215
20
15.499898399796848
42
-0.7853981633974483
10
26.258699517398867
20
15.499898399796848
42
0
10
26.258699517398867
20
14.042900685801442
42
-0.7853981633974483
10
26.846710693421215
20
14.042900685801442
42
0
97
1
330

75
0
76
1
47
0.4128176842155181
98
1
10
34.90568961886538
20
22.81183545379326
450
0
451
0
460
0
461
0
452
1
462
1
453
2
463
0
63
5
421
255
463
1
63
7
421
16777215
470
LINEAR
1001
ACAD
1010
0
1020
0
1030
0
0
HATCH
5
b80
100
AcDbEntity
8
TopSolderMaskLayer
100
AcDbHatch
10
0
20
0
30
0
210
0
220
0
230
1
2
SOLID
70
1
71
0
91
1
92
7
72
1
73
1
93
4
10
28.1421132842265
20
15.517995052643641
42
-0.7853981633974483
10
27.503302006603942
20
15.517995052643641
42
0
10
27.503302006603942
20
14.024804032954648
42
-0.7853981633974483
10
28.1421132842265
20
14.024804032954648
42
0
97
1
330

75
0
76
1
47
0.4128176842155181
98
1
10
34.90568961886538
20
22.81183545379326
450
0
451
0
460
0
461
0
452
1
462
1
453
2
463
0
63
5
421
255
463
1
63
7
421
16777215
470
LINEAR
1001
ACAD
1010
0
1020
0
1030
0
0
HATCH
5
b87
100
AcDbEntity
8
TopPasteMaskLayer
100
AcDbHatch
10
0
20
0
30
0
210
0
220
0
230
1
2
SOLID
70
1
71
0
91
1
92
7
72
1
73
1
93
4
10
28.116713233426395
20
15.499898399796848
42
-0.7853981633974483
10
27.528702057404047
20
15.499898399796848
42
0
10
27.528702057404047
20
14.042900685801442
42
-0.7853981633974483
10
28.116713233426395
20
14.042900685801442
42
0
97
1
330

75
0
76
1
47
0.4128176842155181
98
1
10
34.90568961886538
20
22.81183545379326
450
0
451
0
460
0
461
0
452
1
462
1
453
2
463
0
63
5
421
255
463
1
63
7
421
16777215
470
LINEAR
1001
ACAD
1010
0
1020
0
1030
0
0
HATCH
5
b8e
100
AcDbEntity
8
TopLayer
100
AcDbHatch
10
0
20
0
30
0
210
0
220
0
230
1
2
SOLID
70
1
71
0
91
1
92
7
72
1
73
1
93
4
10
28.116713233426395
20
15.499898399796848
42
-0.7853981633974483
10
27.528702057404047
20
15.499898399796848
42
0
10
27.528702057404047
20
14.042900685801442
42
-0.7853981633974483
10
28.116713233426395
20
14.042900685801442
42
0
97
1
330

75
0
76
1
47
0.4128176842155181
98
1
10
34.90568961886538
20
22.81183545379326
450
0
451
0
460
0
461
0
452
1
462
1
453
2
463
0
63
5
421
255
463
1
63
7
421
16777215
470
LINEAR
1001
ACAD
1010
0
1020
0
1030
0
0
HATCH
5
b95
100
AcDbEntity
8
TopSolderMaskLayer
100
AcDbHatch
10
0
20
0
30
0
210
0
220
0
230
1
2
SOLID
70
1
71
0
91
1
92
7
72
1
73
1
93
4
10
29.412115824231453
20
15.517995052643641
42
-0.7853981633974483
10
28.773304546608895
20
15.517995052643641
42
0
10
28.773304546608895
20
14.024804032954648
42
-0.7853981633974483
10
29.412115824231453
20
14.024804032954648
42
0
97
1
330

75
0
76
1
47
0.4128176842155181
98
1
10
34.90568961886538
20
22.81183545379326
450
0
451
0
460
0
461
0
452
1
462
1
453
2
463
0
63
5
421
255
463
1
63
7
421
16777215
470
LINEAR
1001
ACAD
1010
0
1020
0
1030
0
0
HATCH
5
b9c
100
AcDbEntity
8
TopPasteMaskLayer
100
AcDbHatch
10
0
20
0
30
0
210
0
220
0
230
1
2
SOLID
70
1
71
0
91
1
92
7
72
1
73
1
93
4
10
29.386715773431348
20
15.499898399796848
42
-0.7853981633974483
10
28.798704597409
20
15.499898399796848
42
0
10
28.798704597409
20
14.042900685801442
42
-0.7853981633974483
10
29.386715773431348
20
14.042900685801442
42
0
97
1
330

75
0
76
1
47
0.4128176842155181
98
1
10
34.90568961886538
20
22.81183545379326
450
0
451
0
460
0
461
0
452
1
462
1
453
2
463
0
63
5
421
255
463
1
63
7
421
16777215
470
LINEAR
1001
ACAD
1010
0
1020
0
1030
0
0
HATCH
5
ba3
100
AcDbEntity
8
TopLayer
100
AcDbHatch
10
0
20
0
30
0
210
0
220
0
230
1
2
SOLID
70
1
71
0
91
1
92
7
72
1
73
1
93
4
10
29.386715773431348
20
15.499898399796848
42
-0.7853981633974483
10
28.798704597409
20
15.499898399796848
42
0
10
28.798704597409
20
14.042900685801442
42
-0.7853981633974483
10
29.386715773431348
20
14.042900685801442
42
0
97
1
330

75
0
76
1
47
0.4128176842155181
98
1
10
34.90568961886538
20
22.81183545379326
450
0
451
0
460
0
461
0
452
1
462
1
453
2
463
0
63
5
421
255
463
1
63
7
421
16777215
470
LINEAR
1001
ACAD
1010
0
1020
0
1030
0
0
HATCH
5
baa
100
AcDbEntity
8
TopSolderMaskLayer
100
AcDbHatch
10
0
20
0
30
0
210
0
220
0
230
1
2
SOLID
70
1
71
0
91
1
92
7
72
1
73
1
93
4
10
30.682118364236633
20
15.517995052643641
42
-0.7853981633974483
10
30.043307086614075
20
15.517995052643641
42
0
10
30.043307086614075
20
14.024804032954648
42
-0.7853981633974483
10
30.682118364236633
20
14.024804032954648
42
0
97
1
330

75
0
76
1
47
0.4128176842155181
98
1
10
34.90568961886538
20
22.81183545379326
450
0
451
0
460
0
461
0
452
1
462
1
453
2
463
0
63
5
421
255
463
1
63
7
421
16777215
470
LINEAR
1001
ACAD
1010
0
1020
0
1030
0
0
HATCH
5
bb1
100
AcDbEntity
8
TopPasteMaskLayer
100
AcDbHatch
10
0
20
0
30
0
210
0
220
0
230
1
2
SOLID
70
1
71
0
91
1
92
7
72
1
73
1
93
4
10
30.656718313436528
20
15.499898399796848
42
-0.7853981633974483
10
30.06870713741418
20
15.499898399796848
42
0
10
30.06870713741418
20
14.042900685801442
42
-0.7853981633974483
10
30.656718313436528
20
14.042900685801442
42
0
97
1
330

75
0
76
1
47
0.4128176842155181
98
1
10
34.90568961886538
20
22.81183545379326
450
0
451
0
460
0
461
0
452
1
462
1
453
2
463
0
63
5
421
255
463
1
63
7
421
16777215
470
LINEAR
1001
ACAD
1010
0
1020
0
1030
0
0
HATCH
5
bb8
100
AcDbEntity
8
TopLayer
100
AcDbHatch
10
0
20
0
30
0
210
0
220
0
230
1
2
SOLID
70
1
71
0
91
1
92
7
72
1
73
1
93
4
10
30.656718313436528
20
15.499898399796848
42
-0.7853981633974483
10
30.06870713741418
20
15.499898399796848
42
0
10
30.06870713741418
20
14.042900685801442
42
-0.7853981633974483
10
30.656718313436528
20
14.042900685801442
42
0
97
1
330

75
0
76
1
47
0.4128176842155181
98
1
10
34.90568961886538
20
22.81183545379326
450
0
451
0
460
0
461
0
452
1
462
1
453
2
463
0
63
5
421
255
463
1
63
7
421
16777215
470
LINEAR
1001
ACAD
1010
0
1020
0
1030
0
0
HATCH
5
bbf
100
AcDbEntity
8
TopSolderMaskLayer
100
AcDbHatch
10
0
20
0
30
0
210
0
220
0
230
1
2
SOLID
70
1
71
0
91
1
92
7
72
1
73
1
93
4
10
26.87211074422132
20
21.06282614230588
42
-0.7853981633974483
10
26.233299466598762
20
21.06282614230588
42
0
10
26.233299466598762
20
19.569635122616774
42
-0.7853981633974483
10
26.87211074422132
20
19.569635122616774
42
0
97
1
330

75
0
76
1
47
0.4128176842155181
98
1
10
34.90568961886538
20
22.81183545379326
450
0
451
0
460
0
461
0
452
1
462
1
453
2
463
0
63
5
421
255
463
1
63
7
421
16777215
470
LINEAR
1001
ACAD
1010
0
1020
0
1030
0
0
HATCH
5
bc6
100
AcDbEntity
8
TopPasteMaskLayer
100
AcDbHatch
10
0
20
0
30
0
210
0
220
0
230
1
2
SOLID
70
1
71
0
91
1
92
7
72
1
73
1
93
4
10
26.846710693421215
20
21.044729489459087
42
-0.7853981633974483
10
26.258699517398867
20
21.044729489459087
42
0
10
26.258699517398867
20
19.587731775463567
42
-0.7853981633974483
10
26.846710693421215
20
19.587731775463567
42
0
97
1
330

75
0
76
1
47
0.4128176842155181
98
1
10
34.90568961886538
20
22.81183545379326
450
0
451
0
460
0
461
0
452
1
462
1
453
2
463
0
63
5
421
255
463
1
63
7
421
16777215
470
LINEAR
1001
ACAD
1010
0
1020
0
1030
0
0
HATCH
5
bcd
100
AcDbEntity
8
TopLayer
100
AcDbHatch
10
0
20
0
30
0
210
0
220
0
230
1
2
SOLID
70
1
71
0
91
1
92
7
72
1
73
1
93
4
10
26.846710693421215
20
21.044729489459087
42
-0.7853981633974483
10
26.258699517398867
20
21.044729489459087
42
0
10
26.258699517398867
20
19.587731775463567
42
-0.7853981633974483
10
26.846710693421215
20
19.587731775463567
42
0
97
1
330

75
0
76
1
47
0.4128176842155181
98
1
10
34.90568961886538
20
22.81183545379326
450
0
451
0
460
0
461
0
452
1
462
1
453
2
463
0
63
5
421
255
463
1
63
7
421
16777215
470
LINEAR
1001
ACAD
1010
0
1020
0
1030
0
0
HATCH
5
bd4
100
AcDbEntity
8
TopSolderMaskLayer
100
AcDbHatch
10
0
20
0
30
0
210
0
220
0
230
1
2
SOLID
70
1
71
0
91
1
92
7
72
1
73
1
93
4
10
28.1421132842265
20
21.06282614230588
42
-0.7853981633974483
10
27.503302006603942
20
21.06282614230588
42
0
10
27.503302006603942
20
19.569635122616774
42
-0.7853981633974483
10
28.1421132842265
20
19.569635122616774
42
0
97
1
330

75
0
76
1
47
0.4128176842155181
98
1
10
34.90568961886538
20
22.81183545379326
450
0
451
0
460
0
461
0
452
1
462
1
453
2
463
0
63
5
421
255
463
1
63
7
421
16777215
470
LINEAR
1001
ACAD
1010
0
1020
0
1030
0
0
HATCH
5
bdb
100
AcDbEntity
8
TopPasteMaskLayer
100
AcDbHatch
10
0
20
0
30
0
210
0
220
0
230
1
2
SOLID
70
1
71
0
91
1
92
7
72
1
73
1
93
4
10
28.116713233426395
20
21.044729489459087
42
-0.7853981633974483
10
27.528702057404047
20
21.044729489459087
42
0
10
27.528702057404047
20
19.587731775463567
42
-0.7853981633974483
10
28.116713233426395
20
19.587731775463567
42
0
97
1
330

75
0
76
1
47
0.4128176842155181
98
1
10
34.90568961886538
20
22.81183545379326
450
0
451
0
460
0
461
0
452
1
462
1
453
2
463
0
63
5
421
255
463
1
63
7
421
16777215
470
LINEAR
1001
ACAD
1010
0
1020
0
1030
0
0
HATCH
5
be2
100
AcDbEntity
8
TopLayer
100
AcDbHatch
10
0
20
0
30
0
210
0
220
0
230
1
2
SOLID
70
1
71
0
91
1
92
7
72
1
73
1
93
4
10
28.116713233426395
20
21.044729489459087
42
-0.7853981633974483
10
27.528702057404047
20
21.044729489459087
42
0
10
27.528702057404047
20
19.587731775463567
42
-0.7853981633974483
10
28.116713233426395
20
19.587731775463567
42
0
97
1
330

75
0
76
1
47
0.4128176842155181
98
1
10
34.90568961886538
20
22.81183545379326
450
0
451
0
460
0
461
0
452
1
462
1
453
2
463
0
63
5
421
255
463
1
63
7
421
16777215
470
LINEAR
1001
ACAD
1010
0
1020
0
1030
0
0
HATCH
5
be9
100
AcDbEntity
8
TopSolderMaskLayer
100
AcDbHatch
10
0
20
0
30
0
210
0
220
0
230
1
2
SOLID
70
1
71
0
91
1
92
7
72
1
73
1
93
4
10
29.412115824231453
20
21.06282614230588
42
-0.7853981633974483
10
28.773304546608895
20
21.06282614230588
42
0
10
28.773304546608895
20
19.569635122616774
42
-0.7853981633974483
10
29.412115824231453
20
19.569635122616774
42
0
97
1
330

75
0
76
1
47
0.4128176842155181
98
1
10
34.90568961886538
20
22.81183545379326
450
0
451
0
460
0
461
0
452
1
462
1
453
2
463
0
63
5
421
255
463
1
63
7
421
16777215
470
LINEAR
1001
ACAD
1010
0
1020
0
1030
0
0
HATCH
5
bf0
100
AcDbEntity
8
TopPasteMaskLayer
100
AcDbHatch
10
0
20
0
30
0
210
0
220
0
230
1
2
SOLID
70
1
71
0
91
1
92
7
72
1
73
1
93
4
10
29.386715773431348
20
21.044729489459087
42
-0.7853981633974483
10
28.798704597409
20
21.044729489459087
42
0
10
28.798704597409
20
19.587731775463567
42
-0.7853981633974483
10
29.386715773431348
20
19.587731775463567
42
0
97
1
330

75
0
76
1
47
0.4128176842155181
98
1
10
34.90568961886538
20
22.81183545379326
450
0
451
0
460
0
461
0
452
1
462
1
453
2
463
0
63
5
421
255
463
1
63
7
421
16777215
470
LINEAR
1001
ACAD
1010
0
1020
0
1030
0
0
HATCH
5
bf7
100
AcDbEntity
8
TopLayer
100
AcDbHatch
10
0
20
0
30
0
210
0
220
0
230
1
2
SOLID
70
1
71
0
91
1
92
7
72
1
73
1
93
4
10
29.386715773431348
20
21.044729489459087
42
-0.7853981633974483
10
28.798704597409
20
21.044729489459087
42
0
10
28.798704597409
20
19.587731775463567
42
-0.7853981633974483
10
29.386715773431348
20
19.587731775463567
42
0
97
1
330

75
0
76
1
47
0.4128176842155181
98
1
10
34.90568961886538
20
22.81183545379326
450
0
451
0
460
0
461
0
452
1
462
1
453
2
463
0
63
5
421
255
463
1
63
7
421
16777215
470
LINEAR
1001
ACAD
1010
0
1020
0
1030
0
0
HATCH
5
bfe
100
AcDbEntity
8
TopSolderMaskLayer
100
AcDbHatch
10
0
20
0
30
0
210
0
220
0
230
1
2
SOLID
70
1
71
0
91
1
92
7
72
1
73
1
93
4
10
30.682118364236633
20
21.06282614230588
42
-0.7853981633974483
10
30.043307086614075
20
21.06282614230588
42
0
10
30.043307086614075
20
19.569635122616774
42
-0.7853981633974483
10
30.682118364236633
20
19.569635122616774
42
0
97
1
330

75
0
76
1
47
0.4128176842155181
98
1
10
34.90568961886538
20
22.81183545379326
450
0
451
0
460
0
461
0
452
1
462
1
453
2
463
0
63
5
421
255
463
1
63
7
421
16777215
470
LINEAR
1001
ACAD
1010
0
1020
0
1030
0
0
HATCH
5
c05
100
AcDbEntity
8
TopPasteMaskLayer
100
AcDbHatch
10
0
20
0
30
0
210
0
220
0
230
1
2
SOLID
70
1
71
0
91
1
92
7
72
1
73
1
93
4
10
30.656718313436528
20
21.044729489459087
42
-0.7853981633974483
10
30.06870713741418
20
21.044729489459087
42
0
10
30.06870713741418
20
19.587731775463567
42
-0.7853981633974483
10
30.656718313436528
20
19.587731775463567
42
0
97
1
330

75
0
76
1
47
0.4128176842155181
98
1
10
34.90568961886538
20
22.81183545379326
450
0
451
0
460
0
461
0
452
1
462
1
453
2
463
0
63
5
421
255
463
1
63
7
421
16777215
470
LINEAR
1001
ACAD
1010
0
1020
0
1030
0
0
HATCH
5
c0c
100
AcDbEntity
8
TopLayer
100
AcDbHatch
10
0
20
0
30
0
210
0
220
0
230
1
2
SOLID
70
1
71
0
91
1
92
7
72
1
73
1
93
4
10
30.656718313436528
20
21.044729489459087
42
-0.7853981633974483
10
30.06870713741418
20
21.044729489459087
42
0
10
30.06870713741418
20
19.587731775463567
42
-0.7853981633974483
10
30.656718313436528
20
19.587731775463567
42
0
97
1
330

75
0
76
1
47
0.4128176842155181
98
1
10
34.90568961886538
20
22.81183545379326
450
0
451
0
460
0
461
0
452
1
462
1
453
2
463
0
63
5
421
255
463
1
63
7
421
16777215
470
LINEAR
1001
ACAD
1010
0
1020
0
1030
0
0
HATCH
5
c0f
100
AcDbEntity
8
TopSolderMaskLayer
100
AcDbHatch
10
0
20
0
30
0
210
0
220
0
230
1
2
SOLID
70
1
71
0
91
1
92
7
72
0
73
1
93
4
10
32.76159915545645
20
19.510596167428844
10
32.76159915545645
20
18.665440521562005
10
31.804422028198815
20
18.665440521562005
10
31.804422028198815
20
19.510596167428844
97
1
330

75
0
76
1
47
0.4128176842155181
98
1
10
34.90568961886538
20
22.81183545379326
450
0
451
0
460
0
461
0
452
1
462
1
453
2
463
0
63
5
421
255
463
1
63
7
421
16777215
470
LINEAR
1001
ACAD
1010
0
1020
0
1030
0
0
HATCH
5
c12
100
AcDbEntity
8
TopPasteMaskLayer
100
AcDbHatch
10
0
20
0
30
0
210
0
220
0
230
1
2
SOLID
70
1
71
0
91
1
92
7
72
0
73
1
93
4
10
32.733020066040126
20
19.48801117602227
10
32.733020066040126
20
18.688011176022428
10
31.832994665989418
20
18.688011176022428
10
31.832994665989418
20
19.48801117602227
97
1
330

75
0
76
1
47
0.4128176842155181
98
1
10
34.90568961886538
20
22.81183545379326
450
0
451
0
460
0
461
0
452
1
462
1
453
2
463
0
63
5
421
255
463
1
63
7
421
16777215
470
LINEAR
1001
ACAD
1010
0
1020
0
1030
0
0
HATCH
5
c15
100
AcDbEntity
8
TopLayer
100
AcDbHatch
10
0
20
0
30
0
210
0
220
0
230
1
2
SOLID
70
1
71
0
91
1
92
7
72
0
73
1
93
4
10
32.733020066040126
20
19.48801117602227
10
32.733020066040126
20
18.688011176022428
10
31.832994665989418
20
18.688011176022428
10
31.832994665989418
20
19.48801117602227
97
1
330

75
0
76
1
47
0.4128176842155181
98
1
10
34.90568961886538
20
22.81183545379326
450
0
451
0
460
0
461
0
452
1
462
1
453
2
463
0
63
5
421
255
463
1
63
7
421
16777215
470
LINEAR
1001
ACAD
1010
0
1020
0
1030
0
0
HATCH
5
c18
100
AcDbEntity
8
TopSolderMaskLayer
100
AcDbHatch
10
0
20
0
30
0
210
0
220
0
230
1
2
SOLID
70
1
71
0
91
1
92
7
72
0
73
1
93
4
10
32.76159915545645
20
20.910593300039636
10
32.76159915545645
20
20.065437654172683
10
31.804422028198815
20
20.065437654172683
10
31.804422028198815
20
20.910593300039636
97
1
330

75
0
76
1
47
0.4128176842155181
98
1
10
34.90568961886538
20
22.81183545379326
450
0
451
0
460
0
461
0
452
1
462
1
453
2
463
0
63
5
421
255
463
1
63
7
421
16777215
470
LINEAR
1001
ACAD
1010
0
1020
0
1030
0
0
HATCH
5
c1b
100
AcDbEntity
8
TopPasteMaskLayer
100
AcDbHatch
10
0
20
0
30
0
210
0
220
0
230
1
2
SOLID
70
1
71
0
91
1
92
7
72
0
73
1
93
4
10
32.733020066040126
20
20.88801117602236
10
32.733020066040126
20
20.08801117602229
10
31.832994665989418
20
20.08801117602229
10
31.832994665989418
20
20.88801117602236
97
1
330

75
0
76
1
47
0.4128176842155181
98
1
10
34.90568961886538
20
22.81183545379326
450
0
451
0
460
0
461
0
452
1
462
1
453
2
463
0
63
5
421
255
463
1
63
7
421
16777215
470
LINEAR
1001
ACAD
1010
0
1020
0
1030
0
0
HATCH
5
c1e
100
AcDbEntity
8
TopLayer
100
AcDbHatch
10
0
20
0
30
0
210
0
220
0
230
1
2
SOLID
70
1
71
0
91
1
92
7
72
0
73
1
93
4
10
32.733020066040126
20
20.88801117602236
10
32.733020066040126
20
20.08801117602229
10
31.832994665989418
20
20.08801117602229
10
31.832994665989418
20
20.88801117602236
97
1
330

75
0
76
1
47
0.4128176842155181
98
1
10
34.90568961886538
20
22.81183545379326
450
0
451
0
460
0
461
0
452
1
462
1
453
2
463
0
63
5
421
255
463
1
63
7
421
16777215
470
LINEAR
1001
ACAD
1010
0
1020
0
1030
0
0
HATCH
5
c21
100
AcDbEntity
8
TopSolderMaskLayer
100
AcDbHatch
10
0
20
0
30
0
210
0
220
0
230
1
2
SOLID
70
1
71
0
91
1
92
7
72
0
73
1
93
4
10
69.49341735457665
20
123.64642981400664
10
69.49341735457665
20
124.49158545987359
10
70.45059448183429
20
124.49158545987359
10
70.45059448183429
20
123.64642981400664
97
1
330

75
0
76
1
47
0.4128176842155181
98
1
10
34.90568961886538
20
22.81183545379326
450
0
451
0
460
0
461
0
452
1
462
1
453
2
463
0
63
5
421
255
463
1
63
7
421
16777215
470
LINEAR
1001
ACAD
1010
0
1020
0
1030
0
0
HATCH
5
c24
100
AcDbEntity
8
TopPasteMaskLayer
100
AcDbHatch
10
0
20
0
30
0
210
0
220
0
230
1
2
SOLID
70
1
71
0
91
1
92
7
72
0
73
1
93
4
10
69.52199644399298
20
123.66901193802391
10
69.52199644399298
20
124.46901193802398
10
70.42202184404368
20
124.46901193802398
10
70.42202184404368
20
123.66901193802391
97
1
330

75
0
76
1
47
0.4128176842155181
98
1
10
34.90568961886538
20
22.81183545379326
450
0
451
0
460
0
461
0
452
1
462
1
453
2
463
0
63
5
421
255
463
1
63
7
421
16777215
470
LINEAR
1001
ACAD
1010
0
1020
0
1030
0
0
HATCH
5
c27
100
AcDbEntity
8
TopLayer
100
AcDbHatch
10
0
20
0
30
0
210
0
220
0
230
1
2
SOLID
70
1
71
0
91
1
92
7
72
0
73
1
93
4
10
69.52199644399298
20
123.66901193802391
10
69.52199644399298
20
124.46901193802398
10
70.42202184404368
20
124.46901193802398
10
70.42202184404368
20
123.66901193802391
97
1
330

75
0
76
1
47
0.4128176842155181
98
1
10
34.90568961886538
20
22.81183545379326
450
0
451
0
460
0
461
0
452
1
462
1
453
2
463
0
63
5
421
255
463
1
63
7
421
16777215
470
LINEAR
1001
ACAD
1010
0
1020
0
1030
0
0
HATCH
5
c2a
100
AcDbEntity
8
TopSolderMaskLayer
100
AcDbHatch
10
0
20
0
30
0
210
0
220
0
230
1
2
SOLID
70
1
71
0
91
1
92
7
72
0
73
1
93
4
10
69.49341735457665
20
122.24643268139585
10
69.49341735457665
20
123.09158832726268
10
70.45059448183429
20
123.09158832726268
10
70.45059448183429
20
122.24643268139585
97
1
330

75
0
76
1
47
0.4128176842155181
98
1
10
34.90568961886538
20
22.81183545379326
450
0
451
0
460
0
461
0
452
1
462
1
453
2
463
0
63
5
421
255
463
1
63
7
421
16777215
470
LINEAR
1001
ACAD
1010
0
1020
0
1030
0
0
HATCH
5
c2d
100
AcDbEntity
8
TopPasteMaskLayer
100
AcDbHatch
10
0
20
0
30
0
210
0
220
0
230
1
2
SOLID
70
1
71
0
91
1
92
7
72
0
73
1
93
4
10
69.52199644399298
20
122.26901193802382
10
69.52199644399298
20
123.06901193802389
10
70.42202184404368
20
123.06901193802389
10
70.42202184404368
20
122.26901193802382
97
1
330

75
0
76
1
47
0.4128176842155181
98
1
10
34.90568961886538
20
22.81183545379326
450
0
451
0
460
0
461
0
452
1
462
1
453
2
463
0
63
5
421
255
463
1
63
7
421
16777215
470
LINEAR
1001
ACAD
1010
0
1020
0
1030
0
0
HATCH
5
c30
100
AcDbEntity
8
TopLayer
100
AcDbHatch
10
0
20
0
30
0
210
0
220
0
230
1
2
SOLID
70
1
71
0
91
1
92
7
72
0
73
1
93
4
10
69.52199644399298
20
122.26901193802382
10
69.52199644399298
20
123.06901193802389
10
70.42202184404368
20
123.06901193802389
10
70.42202184404368
20
122.26901193802382
97
1
330

75
0
76
1
47
0.4128176842155181
98
1
10
34.90568961886538
20
22.81183545379326
450
0
451
0
460
0
461
0
452
1
462
1
453
2
463
0
63
5
421
255
463
1
63
7
421
16777215
470
LINEAR
1001
ACAD
1010
0
1020
0
1030
0
0
HATCH
5
c33
100
AcDbEntity
8
TopSolderMaskLayer
100
AcDbHatch
10
0
20
0
30
0
210
0
220
0
230
1
2
SOLID
70
1
71
0
91
1
92
7
72
0
73
1
93
4
10
32.9630477648052
20
133.50071281432884
10
32.9630477648052
20
134.3515129159291
10
33.81384786640547
20
134.3515129159291
10
33.81384786640547
20
133.50071281432884
97
1
330

75
0
76
1
47
0.4128176842155181
98
1
10
34.90568961886538
20
22.81183545379326
450
0
451
0
460
0
461
0
452
1
462
1
453
2
463
0
63
5
421
255
463
1
63
7
421
16777215
470
LINEAR
1001
ACAD
1010
0
1020
0
1030
0
0
HATCH
5
c36
100
AcDbEntity
8
TopPasteMaskLayer
100
AcDbHatch
10
0
20
0
30
0
210
0
220
0
230
1
2
SOLID
70
1
71
0
91
1
92
7
72
0
73
1
93
4
10
32.98844297688606
20
133.52611125222256
10
32.98844297688606
20
134.32611125222252
10
33.78844297688602
20
134.32611125222252
10
33.78844297688602
20
133.52611125222256
97
1
330

75
0
76
1
47
0.4128176842155181
98
1
10
34.90568961886538
20
22.81183545379326
450
0
451
0
460
0
461
0
452
1
462
1
453
2
463
0
63
5
421
255
463
1
63
7
421
16777215
470
LINEAR
1001
ACAD
1010
0
1020
0
1030
0
0
HATCH
5
c39
100
AcDbEntity
8
TopLayer
100
AcDbHatch
10
0
20
0
30
0
210
0
220
0
230
1
2
SOLID
70
1
71
0
91
1
92
7
72
0
73
1
93
4
10
32.98844297688606
20
133.52611125222256
10
32.98844297688606
20
134.32611125222252
10
33.78844297688602
20
134.32611125222252
10
33.78844297688602
20
133.52611125222256
97
1
330

75
0
76
1
47
0.4128176842155181
98
1
10
34.90568961886538
20
22.81183545379326
450
0
451
0
460
0
461
0
452
1
462
1
453
2
463
0
63
5
421
255
463
1
63
7
421
16777215
470
LINEAR
1001
ACAD
1010
0
1020
0
1030
0
0
HATCH
5
c3c
100
AcDbEntity
8
TopSolderMaskLayer
100
AcDbHatch
10
0
20
0
30
0
210
0
220
0
230
1
2
SOLID
70
1
71
0
91
1
92
7
72
0
73
1
93
4
10
31.36403352806701
20
133.50056686564983
10
31.36403352806701
20
134.3513669672501
10
32.21483362966728
20
134.3513669672501
10
32.21483362966728
20
133.50056686564983
97
1
330

75
0
76
1
47
0.4128176842155181
98
1
10
34.90568961886538
20
22.81183545379326
450
0
451
0
460
0
461
0
452
1
462
1
453
2
463
0
63
5
421
255
463
1
63
7
421
16777215
470
LINEAR
1001
ACAD
1010
0
1020
0
1030
0
0
HATCH
5
c3f
100
AcDbEntity
8
TopPasteMaskLayer
100
AcDbHatch
10
0
20
0
30
0
210
0
220
0
230
1
2
SOLID
70
1
71
0
91
1
92
7
72
0
73
1
93
4
10
31.389433578867283
20
133.52595885191772
10
31.389433578867283
20
134.32595885191768
10
32.18943357886724
20
134.32595885191768
10
32.18943357886724
20
133.52595885191772
97
1
330

75
0
76
1
47
0.4128176842155181
98
1
10
34.90568961886538
20
22.81183545379326
450
0
451
0
460
0
461
0
452
1
462
1
453
2
463
0
63
5
421
255
463
1
63
7
421
16777215
470
LINEAR
1001
ACAD
1010
0
1020
0
1030
0
0
HATCH
5
c42
100
AcDbEntity
8
TopLayer
100
AcDbHatch
10
0
20
0
30
0
210
0
220
0
230
1
2
SOLID
70
1
71
0
91
1
92
7
72
0
73
1
93
4
10
31.389433578867283
20
133.52595885191772
10
31.389433578867283
20
134.32595885191768
10
32.18943357886724
20
134.32595885191768
10
32.18943357886724
20
133.52595885191772
97
1
330

75
0
76
1
47
0.4128176842155181
98
1
10
34.90568961886538
20
22.81183545379326
450
0
451
0
460
0
461
0
452
1
462
1
453
2
463
0
63
5
421
255
463
1
63
7
421
16777215
470
LINEAR
1001
ACAD
1010
0
1020
0
1030
0
0
HATCH
5
c45
100
AcDbEntity
8
TopSolderMaskLayer
100
AcDbHatch
10
0
20
0
30
0
210
0
220
0
230
1
2
SOLID
70
1
71
0
91
1
92
7
72
0
73
1
93
4
10
42.50005886463373
20
128.8087073787051
10
42.50005886463373
20
129.65950748030525
10
43.35085896623423
20
129.65950748030525
10
43.35085896623423
20
128.8087073787051
97
1
330

75
0
76
1
47
0.4128176842155181
98
1
10
34.90568961886538
20
22.81183545379326
450
0
451
0
460
0
461
0
452
1
462
1
453
2
463
0
63
5
421
255
463
1
63
7
421
16777215
470
LINEAR
1001
ACAD
1010
0
1020
0
1030
0
0
HATCH
5
c48
100
AcDbEntity
8
TopPasteMaskLayer
100
AcDbHatch
10
0
20
0
30
0
210
0
220
0
230
1
2
SOLID
70
1
71
0
91
1
92
7
72
0
73
1
93
4
10
42.525450850901734
20
128.83411226822454
10
42.525450850901734
20
129.6341122682245
10
43.32545085090169
20
129.6341122682245
10
43.32545085090169
20
128.83411226822454
97
1
330

75
0
76
1
47
0.4128176842155181
98
1
10
34.90568961886538
20
22.81183545379326
450
0
451
0
460
0
461
0
452
1
462
1
453
2
463
0
63
5
421
255
463
1
63
7
421
16777215
470
LINEAR
1001
ACAD
1010
0
1020
0
1030
0
0
HATCH
5
c4b
100
AcDbEntity
8
TopLayer
100
AcDbHatch
10
0
20
0
30
0
210
0
220
0
230
1
2
SOLID
70
1
71
0
91
1
92
7
72
0
73
1
93
4
10
42.525450850901734
20
128.83411226822454
10
42.525450850901734
20
129.6341122682245
10
43.32545085090169
20
129.6341122682245
10
43.32545085090169
20
128.83411226822454
97
1
330

75
0
76
1
47
0.4128176842155181
98
1
10
34.90568961886538
20
22.81183545379326
450
0
451
0
460
0
461
0
452
1
462
1
453
2
463
0
63
5
421
255
463
1
63
7
421
16777215
470
LINEAR
1001
ACAD
1010
0
1020
0
1030
0
0
HATCH
5
c4e
100
AcDbEntity
8
TopSolderMaskLayer
100
AcDbHatch
10
0
20
0
30
0
210
0
220
0
230
1
2
SOLID
70
1
71
0
91
1
92
7
72
0
73
1
93
4
10
40.90104462789577
20
128.8085614300261
10
40.90104462789577
20
129.65936153162636
10
41.751844729495815
20
129.65936153162636
10
41.751844729495815
20
128.8085614300261
97
1
330

75
0
76
1
47
0.4128176842155181
98
1
10
34.90568961886538
20
22.81183545379326
450
0
451
0
460
0
461
0
452
1
462
1
453
2
463
0
63
5
421
255
463
1
63
7
421
16777215
470
LINEAR
1001
ACAD
1010
0
1020
0
1030
0
0
HATCH
5
c51
100
AcDbEntity
8
TopPasteMaskLayer
100
AcDbHatch
10
0
20
0
30
0
210
0
220
0
230
1
2
SOLID
70
1
71
0
91
1
92
7
72
0
73
1
93
4
10
40.926441452882955
20
128.83395986791982
10
40.926441452882955
20
129.63395986791977
10
41.72644145288291
20
129.63395986791977
10
41.72644145288291
20
128.83395986791982
97
1
330

75
0
76
1
47
0.4128176842155181
98
1
10
34.90568961886538
20
22.81183545379326
450
0
451
0
460
0
461
0
452
1
462
1
453
2
463
0
63
5
421
255
463
1
63
7
421
16777215
470
LINEAR
1001
ACAD
1010
0
1020
0
1030
0
0
HATCH
5
c54
100
AcDbEntity
8
TopLayer
100
AcDbHatch
10
0
20
0
30
0
210
0
220
0
230
1
2
SOLID
70
1
71
0
91
1
92
7
72
0
73
1
93
4
10
40.926441452882955
20
128.83395986791982
10
40.926441452882955
20
129.63395986791977
10
41.72644145288291
20
129.63395986791977
10
41.72644145288291
20
128.83395986791982
97
1
330

75
0
76
1
47
0.4128176842155181
98
1
10
34.90568961886538
20
22.81183545379326
450
0
451
0
460
0
461
0
452
1
462
1
453
2
463
0
63
5
421
255
463
1
63
7
421
16777215
470
LINEAR
1001
ACAD
1010
0
1020
0
1030
0
0
HATCH
5
c57
100
AcDbEntity
8
TopSolderMaskLayer
100
AcDbHatch
10
0
20
0
30
0
210
0
220
0
230
1
2
SOLID
70
1
71
0
91
1
92
7
72
0
73
1
93
4
10
42.75504836170967
20
133.50071281432884
10
42.75504836170967
20
134.3515129159291
10
43.60584846330994
20
134.3515129159291
10
43.60584846330994
20
133.50071281432884
97
1
330

75
0
76
1
47
0.4128176842155181
98
1
10
34.90568961886538
20
22.81183545379326
450
0
451
0
460
0
461
0
452
1
462
1
453
2
463
0
63
5
421
255
463
1
63
7
421
16777215
470
LINEAR
1001
ACAD
1010
0
1020
0
1030
0
0
HATCH
5
c5a
100
AcDbEntity
8
TopPasteMaskLayer
100
AcDbHatch
10
0
20
0
30
0
210
0
220
0
230
1
2
SOLID
70
1
71
0
91
1
92
7
72
0
73
1
93
4
10
42.78044196088399
20
133.52611125222256
10
42.78044196088399
20
134.32611125222252
10
43.580441960883945
20
134.32611125222252
10
43.580441960883945
20
133.52611125222256
97
1
330

75
0
76
1
47
0.4128176842155181
98
1
10
34.90568961886538
20
22.81183545379326
450
0
451
0
460
0
461
0
452
1
462
1
453
2
463
0
63
5
421
255
463
1
63
7
421
16777215
470
LINEAR
1001
ACAD
1010
0
1020
0
1030
0
0
HATCH
5
c5d
100
AcDbEntity
8
TopLayer
100
AcDbHatch
10
0
20
0
30
0
210
0
220
0
230
1
2
SOLID
70
1
71
0
91
1
92
7
72
0
73
1
93
4
10
42.78044196088399
20
133.52611125222256
10
42.78044196088399
20
134.32611125222252
10
43.580441960883945
20
134.32611125222252
10
43.580441960883945
20
133.52611125222256
97
1
330

75
0
76
1
47
0.4128176842155181
98
1
10
34.90568961886538
20
22.81183545379326
450
0
451
0
460
0
461
0
452
1
462
1
453
2
463
0
63
5
421
255
463
1
63
7
421
16777215
470
LINEAR
1001
ACAD
1010
0
1020
0
1030
0
0
HATCH
5
c60
100
AcDbEntity
8
TopSolderMaskLayer
100
AcDbHatch
10
0
20
0
30
0
210
0
220
0
230
1
2
SOLID
70
1
71
0
91
1
92
7
72
0
73
1
93
4
10
41.156034124971484
20
133.50056686564983
10
41.156034124971484
20
134.3513669672501
10
42.00683422657153
20
134.3513669672501
10
42.00683422657153
20
133.50056686564983
97
1
330

75
0
76
1
47
0.4128176842155181
98
1
10
34.90568961886538
20
22.81183545379326
450
0
451
0
460
0
461
0
452
1
462
1
453
2
463
0
63
5
421
255
463
1
63
7
421
16777215
470
LINEAR
1001
ACAD
1010
0
1020
0
1030
0
0
HATCH
5
c63
100
AcDbEntity
8
TopPasteMaskLayer
100
AcDbHatch
10
0
20
0
30
0
210
0
220
0
230
1
2
SOLID
70
1
71
0
91
1
92
7
72
0
73
1
93
4
10
41.18143256286521
20
133.52595885191772
10
41.18143256286521
20
134.32595885191768
10
41.981432562865166
20
134.32595885191768
10
41.981432562865166
20
133.52595885191772
97
1
330

75
0
76
1
47
0.4128176842155181
98
1
10
34.90568961886538
20
22.81183545379326
450
0
451
0
460
0
461
0
452
1
462
1
453
2
463
0
63
5
421
255
463
1
63
7
421
16777215
470
LINEAR
1001
ACAD
1010
0
1020
0
1030
0
0
HATCH
5
c66
100
AcDbEntity
8
TopLayer
100
AcDbHatch
10
0
20
0
30
0
210
0
220
0
230
1
2
SOLID
70
1
71
0
91
1
92
7
72
0
73
1
93
4
10
41.18143256286521
20
133.52595885191772
10
41.18143256286521
20
134.32595885191768
10
41.981432562865166
20
134.32595885191768
10
41.981432562865166
20
133.52595885191772
97
1
330

75
0
76
1
47
0.4128176842155181
98
1
10
34.90568961886538
20
22.81183545379326
450
0
451
0
460
0
461
0
452
1
462
1
453
2
463
0
63
5
421
255
463
1
63
7
421
16777215
470
LINEAR
1001
ACAD
1010
0
1020
0
1030
0
0
HATCH
5
c69
100
AcDbEntity
8
TopSolderMaskLayer
100
AcDbHatch
10
0
20
0
30
0
210
0
220
0
230
1
2
SOLID
70
1
71
0
91
1
92
7
72
0
73
1
93
4
10
46.10378406438531
20
121.76769492268988
10
47.022216187111326
20
121.76769492268988
10
47.022216187111326
20
120.91380039956698
10
46.10378406438531
20
120.91380039956698
97
1
330

75
0
76
1
47
0.4128176842155181
98
1
10
34.90568961886538
20
22.81183545379326
450
0
451
0
460
0
461
0
452
1
462
1
453
2
463
0
63
5
421
255
463
1
63
7
421
16777215
470
LINEAR
1001
ACAD
1010
0
1020
0
1030
0
0
HATCH
5
c6c
100
AcDbEntity
8
TopLayer
100
AcDbHatch
10
0
20
0
30
0
210
0
220
0
230
1
2
SOLID
70
1
71
0
91
1
92
7
72
0
73
1
93
4
10
46.13098806197604
20
121.74399288798577
10
46.994996189992435
20
121.74399288798577
10
46.994996189992435
20
120.93751587503175
10
46.13098806197604
20
120.93751587503175
97
1
330

75
0
76
1
47
0.4128176842155181
98
1
10
34.90568961886538
20
22.81183545379326
450
0
451
0
460
0
461
0
452
1
462
1
453
2
463
0
63
5
421
255
463
1
63
7
421
16777215
470
LINEAR
1001
ACAD
1010
0
1020
0
1030
0
0
HATCH
5
c6f
100
AcDbEntity
8
TopSolderMaskLayer
100
AcDbHatch
10
0
20
0
30
0
210
0
220
0
230
1
2
SOLID
70
1
71
0
91
1
92
7
72
0
73
1
93
4
10
46.10378406438531
20
122.42030430598959
10
47.022216187111326
20
122.42030430598959
10
47.022216187111326
20
123.2741988291126
10
46.10378406438531
20
123.2741988291126
97
1
330

75
0
76
1
47
0.4128176842155181
98
1
10
34.90568961886538
20
22.81183545379326
450
0
451
0
460
0
461
0
452
1
462
1
453
2
463
0
63
5
421
255
463
1
63
7
421
16777215
470
LINEAR
1001
ACAD
1010
0
1020
0
1030
0
0
HATCH
5
c72
100
AcDbEntity
8
TopLayer
100
AcDbHatch
10
0
20
0
30
0
210
0
220
0
230
1
2
SOLID
70
1
71
0
91
1
92
7
72
0
73
1
93
4
10
46.13098806197604
20
122.44401828803666
10
46.994996189992435
20
122.44401828803666
10
46.994996189992435
20
123.25049530099068
10
46.13098806197604
20
123.25049530099068
97
1
330

75
0
76
1
47
0.4128176842155181
98
1
10
34.90568961886538
20
22.81183545379326
450
0
451
0
460
0
461
0
452
1
462
1
453
2
463
0
63
5
421
255
463
1
63
7
421
16777215
470
LINEAR
1001
ACAD
1010
0
1020
0
1030
0
0
HATCH
5
c79
100
AcDbEntity
8
TopSolderMaskLayer
100
AcDbHatch
10
0
20
0
30
0
210
0
220
0
230
1
2
SOLID
70
1
71
0
91
1
92
7
72
1
73
1
93
4
10
66.39738379476759
20
115.3252086670708
42
-0.7853981633974483
10
65.75857251714504
20
115.3252086670708
42
0
10
65.75857251714504
20
113.8320176473818
42
-0.7853981633974483
10
66.39738379476759
20
113.8320176473818
42
0
97
1
330

75
0
76
1
47
0.4128176842155181
98
1
10
34.90568961886538
20
22.81183545379326
450
0
451
0
460
0
461
0
452
1
462
1
453
2
463
0
63
5
421
255
463
1
63
7
421
16777215
470
LINEAR
1001
ACAD
1010
0
1020
0
1030
0
0
HATCH
5
c80
100
AcDbEntity
8
TopPasteMaskLayer
100
AcDbHatch
10
0
20
0
30
0
210
0
220
0
230
1
2
SOLID
70
1
71
0
91
1
92
7
72
1
73
1
93
4
10
66.37198374396749
20
115.30711201422412
42
-0.7853981633974483
10
65.78397256794514
20
115.30711201422412
42
0
10
65.78397256794514
20
113.8501143002286
42
-0.7853981633974483
10
66.37198374396749
20
113.8501143002286
42
0
97
1
330

75
0
76
1
47
0.4128176842155181
98
1
10
34.90568961886538
20
22.81183545379326
450
0
451
0
460
0
461
0
452
1
462
1
453
2
463
0
63
5
421
255
463
1
63
7
421
16777215
470
LINEAR
1001
ACAD
1010
0
1020
0
1030
0
0
HATCH
5
c87
100
AcDbEntity
8
TopLayer
100
AcDbHatch
10
0
20
0
30
0
210
0
220
0
230
1
2
SOLID
70
1
71
0
91
1
92
7
72
1
73
1
93
4
10
66.37198374396749
20
115.30711201422412
42
-0.7853981633974483
10
65.78397256794514
20
115.30711201422412
42
0
10
65.78397256794514
20
113.8501143002286
42
-0.7853981633974483
10
66.37198374396749
20
113.8501143002286
42
0
97
1
330

75
0
76
1
47
0.4128176842155181
98
1
10
34.90568961886538
20
22.81183545379326
450
0
451
0
460
0
461
0
452
1
462
1
453
2
463
0
63
5
421
255
463
1
63
7
421
16777215
470
LINEAR
1001
ACAD
1010
0
1020
0
1030
0
0
HATCH
5
c8e
100
AcDbEntity
8
TopSolderMaskLayer
100
AcDbHatch
10
0
20
0
30
0
210
0
220
0
230
1
2
SOLID
70
1
71
0
91
1
92
7
72
1
73
1
93
4
10
67.66738633477277
20
115.3252086670708
42
-0.7853981633974483
10
67.02857505715022
20
115.3252086670708
42
0
10
67.02857505715022
20
113.8320176473818
42
-0.7853981633974483
10
67.66738633477277
20
113.8320176473818
42
0
97
1
330

75
0
76
1
47
0.4128176842155181
98
1
10
34.90568961886538
20
22.81183545379326
450
0
451
0
460
0
461
0
452
1
462
1
453
2
463
0
63
5
421
255
463
1
63
7
421
16777215
470
LINEAR
1001
ACAD
1010
0
1020
0
1030
0
0
HATCH
5
c95
100
AcDbEntity
8
TopPasteMaskLayer
100
AcDbHatch
10
0
20
0
30
0
210
0
220
0
230
1
2
SOLID
70
1
71
0
91
1
92
7
72
1
73
1
93
4
10
67.64198628397267
20
115.30711201422412
42
-0.7853981633974483
10
67.05397510795032
20
115.30711201422412
42
0
10
67.05397510795032
20
113.8501143002286
42
-0.7853981633974483
10
67.64198628397267
20
113.8501143002286
42
0
97
1
330

75
0
76
1
47
0.4128176842155181
98
1
10
34.90568961886538
20
22.81183545379326
450
0
451
0
460
0
461
0
452
1
462
1
453
2
463
0
63
5
421
255
463
1
63
7
421
16777215
470
LINEAR
1001
ACAD
1010
0
1020
0
1030
0
0
HATCH
5
c9c
100
AcDbEntity
8
TopLayer
100
AcDbHatch
10
0
20
0
30
0
210
0
220
0
230
1
2
SOLID
70
1
71
0
91
1
92
7
72
1
73
1
93
4
10
67.64198628397267
20
115.30711201422412
42
-0.7853981633974483
10
67.05397510795032
20
115.30711201422412
42
0
10
67.05397510795032
20
113.8501143002286
42
-0.7853981633974483
10
67.64198628397267
20
113.8501143002286
42
0
97
1
330

75
0
76
1
47
0.4128176842155181
98
1
10
34.90568961886538
20
22.81183545379326
450
0
451
0
460
0
461
0
452
1
462
1
453
2
463
0
63
5
421
255
463
1
63
7
421
16777215
470
LINEAR
1001
ACAD
1010
0
1020
0
1030
0
0
HATCH
5
ca3
100
AcDbEntity
8
TopSolderMaskLayer
100
AcDbHatch
10
0
20
0
30
0
210
0
220
0
230
1
2
SOLID
70
1
71
0
91
1
92
7
72
1
73
1
93
4
10
68.93738887477795
20
115.3252086670708
42
-0.7853981633974483
10
68.2985775971554
20
115.3252086670708
42
0
10
68.2985775971554
20
113.8320176473818
42
-0.7853981633974483
10
68.93738887477795
20
113.8320176473818
42
0
97
1
330

75
0
76
1
47
0.4128176842155181
98
1
10
34.90568961886538
20
22.81183545379326
450
0
451
0
460
0
461
0
452
1
462
1
453
2
463
0
63
5
421
255
463
1
63
7
421
16777215
470
LINEAR
1001
ACAD
1010
0
1020
0
1030
0
0
HATCH
5
caa
100
AcDbEntity
8
TopPasteMaskLayer
100
AcDbHatch
10
0
20
0
30
0
210
0
220
0
230
1
2
SOLID
70
1
71
0
91
1
92
7
72
1
73
1
93
4
10
68.91198882397785
20
115.30711201422412
42
-0.7853981633974483
10
68.3239776479555
20
115.30711201422412
42
0
10
68.3239776479555
20
113.8501143002286
42
-0.7853981633974483
10
68.91198882397785
20
113.8501143002286
42
0
97
1
330

75
0
76
1
47
0.4128176842155181
98
1
10
34.90568961886538
20
22.81183545379326
450
0
451
0
460
0
461
0
452
1
462
1
453
2
463
0
63
5
421
255
463
1
63
7
421
16777215
470
LINEAR
1001
ACAD
1010
0
1020
0
1030
0
0
HATCH
5
cb1
100
AcDbEntity
8
TopLayer
100
AcDbHatch
10
0
20
0
30
0
210
0
220
0
230
1
2
SOLID
70
1
71
0
91
1
92
7
72
1
73
1
93
4
10
68.91198882397785
20
115.30711201422412
42
-0.7853981633974483
10
68.3239776479555
20
115.30711201422412
42
0
10
68.3239776479555
20
113.8501143002286
42
-0.7853981633974483
10
68.91198882397785
20
113.8501143002286
42
0
97
1
330

75
0
76
1
47
0.4128176842155181
98
1
10
34.90568961886538
20
22.81183545379326
450
0
451
0
460
0
461
0
452
1
462
1
453
2
463
0
63
5
421
255
463
1
63
7
421
16777215
470
LINEAR
1001
ACAD
1010
0
1020
0
1030
0
0
HATCH
5
cb8
100
AcDbEntity
8
TopSolderMaskLayer
100
AcDbHatch
10
0
20
0
30
0
210
0
220
0
230
1
2
SOLID
70
1
71
0
91
1
92
7
72
1
73
1
93
4
10
70.2073914147829
20
115.3252086670708
42
-0.7853981633974483
10
69.56858013716035
20
115.3252086670708
42
0
10
69.56858013716035
20
113.8320176473818
42
-0.7853981633974483
10
70.2073914147829
20
113.8320176473818
42
0
97
1
330

75
0
76
1
47
0.4128176842155181
98
1
10
34.90568961886538
20
22.81183545379326
450
0
451
0
460
0
461
0
452
1
462
1
453
2
463
0
63
5
421
255
463
1
63
7
421
16777215
470
LINEAR
1001
ACAD
1010
0
1020
0
1030
0
0
HATCH
5
cbf
100
AcDbEntity
8
TopPasteMaskLayer
100
AcDbHatch
10
0
20
0
30
0
210
0
220
0
230
1
2
SOLID
70
1
71
0
91
1
92
7
72
1
73
1
93
4
10
70.1819913639828
20
115.30711201422412
42
-0.7853981633974483
10
69.59398018796045
20
115.30711201422412
42
0
10
69.59398018796045
20
113.8501143002286
42
-0.7853981633974483
10
70.1819913639828
20
113.8501143002286
42
0
97
1
330

75
0
76
1
47
0.4128176842155181
98
1
10
34.90568961886538
20
22.81183545379326
450
0
451
0
460
0
461
0
452
1
462
1
453
2
463
0
63
5
421
255
463
1
63
7
421
16777215
470
LINEAR
1001
ACAD
1010
0
1020
0
1030
0
0
HATCH
5
cc6
100
AcDbEntity
8
TopLayer
100
AcDbHatch
10
0
20
0
30
0
210
0
220
0
230
1
2
SOLID
70
1
71
0
91
1
92
7
72
1
73
1
93
4
10
70.1819913639828
20
115.30711201422412
42
-0.7853981633974483
10
69.59398018796045
20
115.30711201422412
42
0
10
69.59398018796045
20
113.8501143002286
42
-0.7853981633974483
10
70.1819913639828
20
113.8501143002286
42
0
97
1
330

75
0
76
1
47
0.4128176842155181
98
1
10
34.90568961886538
20
22.81183545379326
450
0
451
0
460
0
461
0
452
1
462
1
453
2
463
0
63
5
421
255
463
1
63
7
421
16777215
470
LINEAR
1001
ACAD
1010
0
1020
0
1030
0
0
HATCH
5
ccd
100
AcDbEntity
8
TopSolderMaskLayer
100
AcDbHatch
10
0
20
0
30
0
210
0
220
0
230
1
2
SOLID
70
1
71
0
91
1
92
7
72
1
73
1
93
4
10
66.39738379476759
20
120.86953175571705
42
-0.7853981633974483
10
65.75857251714504
20
120.86953175571705
42
0
10
65.75857251714504
20
119.37634073602794
42
-0.7853981633974483
10
66.39738379476759
20
119.37634073602794
42
0
97
1
330

75
0
76
1
47
0.4128176842155181
98
1
10
34.90568961886538
20
22.81183545379326
450
0
451
0
460
0
461
0
452
1
462
1
453
2
463
0
63
5
421
255
463
1
63
7
421
16777215
470
LINEAR
1001
ACAD
1010
0
1020
0
1030
0
0
HATCH
5
cd4
100
AcDbEntity
8
TopPasteMaskLayer
100
AcDbHatch
10
0
20
0
30
0
210
0
220
0
230
1
2
SOLID
70
1
71
0
91
1
92
7
72
1
73
1
93
4
10
66.37198374396749
20
120.85143510287025
42
-0.7853981633974483
10
65.78397256794514
20
120.85143510287025
42
0
10
65.78397256794514
20
119.39443738887474
42
-0.7853981633974483
10
66.37198374396749
20
119.39443738887474
42
0
97
1
330

75
0
76
1
47
0.4128176842155181
98
1
10
34.90568961886538
20
22.81183545379326
450
0
451
0
460
0
461
0
452
1
462
1
453
2
463
0
63
5
421
255
463
1
63
7
421
16777215
470
LINEAR
1001
ACAD
1010
0
1020
0
1030
0
0
HATCH
5
cdb
100
AcDbEntity
8
TopLayer
100
AcDbHatch
10
0
20
0
30
0
210
0
220
0
230
1
2
SOLID
70
1
71
0
91
1
92
7
72
1
73
1
93
4
10
66.37198374396749
20
120.85143510287025
42
-0.7853981633974483
10
65.78397256794514
20
120.85143510287025
42
0
10
65.78397256794514
20
119.39443738887474
42
-0.7853981633974483
10
66.37198374396749
20
119.39443738887474
42
0
97
1
330

75
0
76
1
47
0.4128176842155181
98
1
10
34.90568961886538
20
22.81183545379326
450
0
451
0
460
0
461
0
452
1
462
1
453
2
463
0
63
5
421
255
463
1
63
7
421
16777215
470
LINEAR
1001
ACAD
1010
0
1020
0
1030
0
0
HATCH
5
ce2
100
AcDbEntity
8
TopSolderMaskLayer
100
AcDbHatch
10
0
20
0
30
0
210
0
220
0
230
1
2
SOLID
70
1
71
0
91
1
92
7
72
1
73
1
93
4
10
67.66738633477277
20
120.86953175571705
42
-0.7853981633974483
10
67.02857505715022
20
120.86953175571705
42
0
10
67.02857505715022
20
119.37634073602794
42
-0.7853981633974483
10
67.66738633477277
20
119.37634073602794
42
0
97
1
330

75
0
76
1
47
0.4128176842155181
98
1
10
34.90568961886538
20
22.81183545379326
450
0
451
0
460
0
461
0
452
1
462
1
453
2
463
0
63
5
421
255
463
1
63
7
421
16777215
470
LINEAR
1001
ACAD
1010
0
1020
0
1030
0
0
HATCH
5
ce9
100
AcDbEntity
8
TopPasteMaskLayer
100
AcDbHatch
10
0
20
0
30
0
210
0
220
0
230
1
2
SOLID
70
1
71
0
91
1
92
7
72
1
73
1
93
4
10
67.64198628397267
20
120.85143510287025
42
-0.7853981633974483
10
67.05397510795032
20
120.85143510287025
42
0
10
67.05397510795032
20
119.39443738887474
42
-0.7853981633974483
10
67.64198628397267
20
119.39443738887474
42
0
97
1
330

75
0
76
1
47
0.4128176842155181
98
1
10
34.90568961886538
20
22.81183545379326
450
0
451
0
460
0
461
0
452
1
462
1
453
2
463
0
63
5
421
255
463
1
63
7
421
16777215
470
LINEAR
1001
ACAD
1010
0
1020
0
1030
0
0
HATCH
5
cf0
100
AcDbEntity
8
TopLayer
100
AcDbHatch
10
0
20
0
30
0
210
0
220
0
230
1
2
SOLID
70
1
71
0
91
1
92
7
72
1
73
1
93
4
10
67.64198628397267
20
120.85143510287025
42
-0.7853981633974483
10
67.05397510795032
20
120.85143510287025
42
0
10
67.05397510795032
20
119.39443738887474
42
-0.7853981633974483
10
67.64198628397267
20
119.39443738887474
42
0
97
1
330

75
0
76
1
47
0.4128176842155181
98
1
10
34.90568961886538
20
22.81183545379326
450
0
451
0
460
0
461
0
452
1
462
1
453
2
463
0
63
5
421
255
463
1
63
7
421
16777215
470
LINEAR
1001
ACAD
1010
0
1020
0
1030
0
0
HATCH
5
cf7
100
AcDbEntity
8
TopSolderMaskLayer
100
AcDbHatch
10
0
20
0
30
0
210
0
220
0
230
1
2
SOLID
70
1
71
0
91
1
92
7
72
1
73
1
93
4
10
68.93738887477795
20
120.86953175571705
42
-0.7853981633974483
10
68.2985775971554
20
120.86953175571705
42
0
10
68.2985775971554
20
119.37634073602794
42
-0.7853981633974483
10
68.93738887477795
20
119.37634073602794
42
0
97
1
330

75
0
76
1
47
0.4128176842155181
98
1
10
34.90568961886538
20
22.81183545379326
450
0
451
0
460
0
461
0
452
1
462
1
453
2
463
0
63
5
421
255
463
1
63
7
421
16777215
470
LINEAR
1001
ACAD
1010
0
1020
0
1030
0
0
HATCH
5
cfe
100
AcDbEntity
8
TopPasteMaskLayer
100
AcDbHatch
10
0
20
0
30
0
210
0
220
0
230
1
2
SOLID
70
1
71
0
91
1
92
7
72
1
73
1
93
4
10
68.91198882397785
20
120.85143510287025
42
-0.7853981633974483
10
68.3239776479555
20
120.85143510287025
42
0
10
68.3239776479555
20
119.39443738887474
42
-0.7853981633974483
10
68.91198882397785
20
119.39443738887474
42
0
97
1
330

75
0
76
1
47
0.4128176842155181
98
1
10
34.90568961886538
20
22.81183545379326
450
0
451
0
460
0
461
0
452
1
462
1
453
2
463
0
63
5
421
255
463
1
63
7
421
16777215
470
LINEAR
1001
ACAD
1010
0
1020
0
1030
0
0
HATCH
5
d05
100
AcDbEntity
8
TopLayer
100
AcDbHatch
10
0
20
0
30
0
210
0
220
0
230
1
2
SOLID
70
1
71
0
91
1
92
7
72
1
73
1
93
4
10
68.91198882397785
20
120.85143510287025
42
-0.7853981633974483
10
68.3239776479555
20
120.85143510287025
42
0
10
68.3239776479555
20
119.39443738887474
42
-0.7853981633974483
10
68.91198882397785
20
119.39443738887474
42
0
97
1
330

75
0
76
1
47
0.4128176842155181
98
1
10
34.90568961886538
20
22.81183545379326
450
0
451
0
460
0
461
0
452
1
462
1
453
2
463
0
63
5
421
255
463
1
63
7
421
16777215
470
LINEAR
1001
ACAD
1010
0
1020
0
1030
0
0
HATCH
5
d0c
100
AcDbEntity
8
TopSolderMaskLayer
100
AcDbHatch
10
0
20
0
30
0
210
0
220
0
230
1
2
SOLID
70
1
71
0
91
1
92
7
72
1
73
1
93
4
10
70.2073914147829
20
120.86953175571705
42
-0.7853981633974483
10
69.56858013716035
20
120.86953175571705
42
0
10
69.56858013716035
20
119.37634073602794
42
-0.7853981633974483
10
70.2073914147829
20
119.37634073602794
42
0
97
1
330

75
0
76
1
47
0.4128176842155181
98
1
10
34.90568961886538
20
22.81183545379326
450
0
451
0
460
0
461
0
452
1
462
1
453
2
463
0
63
5
421
255
463
1
63
7
421
16777215
470
LINEAR
1001
ACAD
1010
0
1020
0
1030
0
0
HATCH
5
d13
100
AcDbEntity
8
TopPasteMaskLayer
100
AcDbHatch
10
0
20
0
30
0
210
0
220
0
230
1
2
SOLID
70
1
71
0
91
1
92
7
72
1
73
1
93
4
10
70.1819913639828
20
120.85143510287025
42
-0.7853981633974483
10
69.59398018796045
20
120.85143510287025
42
0
10
69.59398018796045
20
119.39443738887474
42
-0.7853981633974483
10
70.1819913639828
20
119.39443738887474
42
0
97
1
330

75
0
76
1
47
0.4128176842155181
98
1
10
34.90568961886538
20
22.81183545379326
450
0
451
0
460
0
461
0
452
1
462
1
453
2
463
0
63
5
421
255
463
1
63
7
421
16777215
470
LINEAR
1001
ACAD
1010
0
1020
0
1030
0
0
HATCH
5
d1a
100
AcDbEntity
8
TopLayer
100
AcDbHatch
10
0
20
0
30
0
210
0
220
0
230
1
2
SOLID
70
1
71
0
91
1
92
7
72
1
73
1
93
4
10
70.1819913639828
20
120.85143510287025
42
-0.7853981633974483
10
69.59398018796045
20
120.85143510287025
42
0
10
69.59398018796045
20
119.39443738887474
42
-0.7853981633974483
10
70.1819913639828
20
119.39443738887474
42
0
97
1
330

75
0
76
1
47
0.4128176842155181
98
1
10
34.90568961886538
20
22.81183545379326
450
0
451
0
460
0
461
0
452
1
462
1
453
2
463
0
63
5
421
255
463
1
63
7
421
16777215
470
LINEAR
1001
ACAD
1010
0
1020
0
1030
0
0
HATCH
5
d41
100
AcDbEntity
8
TopSolderMaskLayer
100
AcDbHatch
10
0
20
0
30
0
210
0
220
0
230
1
2
SOLID
70
1
71
0
91
1
92
7
72
0
73
1
93
4
10
35.15368700643717
20
119.22449492010935
10
36.55233829631811
20
119.22449492010935
10
36.55233829631811
20
117.76142962859774
10
35.15368700643717
20
117.76142962859774
97
1
330

75
0
76
1
47
0.4128176842155181
98
1
10
34.90568961886538
20
22.81183545379326
450
0
451
0
460
0
461
0
452
1
462
1
453
2
463
0
63
5
421
255
463
1
63
7
421
16777215
470
LINEAR
1001
ACAD
1010
0
1020
0
1030
0
0
HATCH
5
d44
100
AcDbEntity
8
TopLayer
100
AcDbHatch
10
0
20
0
30
0
210
0
220
0
230
1
2
SOLID
70
1
71
0
91
1
92
7
72
0
73
1
93
4
10
35.17800355600707
20
119.19796799593598
10
36.528016256032515
20
119.19796799593598
10
36.528016256032515
20
117.78796037592076
10
35.17800355600707
20
117.78796037592076
97
1
330

75
0
76
1
47
0.4128176842155181
98
1
10
34.90568961886538
20
22.81183545379326
450
0
451
0
460
0
461
0
452
1
462
1
453
2
463
0
63
5
421
255
463
1
63
7
421
16777215
470
LINEAR
1001
ACAD
1010
0
1020
0
1030
0
0
HATCH
5
d47
100
AcDbEntity
8
TopSolderMaskLayer
100
AcDbHatch
10
0
20
0
30
0
210
0
220
0
230
1
2
SOLID
70
1
71
0
91
1
92
7
72
0
73
1
93
4
10
35.15368700643717
20
119.76148234027426
10
36.55233829631811
20
119.76148234027426
10
36.55233829631811
20
121.22454763178564
10
35.15368700643717
20
121.22454763178564
97
1
330

75
0
76
1
47
0.4128176842155181
98
1
10
34.90568961886538
20
22.81183545379326
450
0
451
0
460
0
461
0
452
1
462
1
453
2
463
0
63
5
421
255
463
1
63
7
421
16777215
470
LINEAR
1001
ACAD
1010
0
1020
0
1030
0
0
HATCH
5
d4a
100
AcDbEntity
8
TopLayer
100
AcDbHatch
10
0
20
0
30
0
210
0
220
0
230
1
2
SOLID
70
1
71
0
91
1
92
7
72
0
73
1
93
4
10
35.17800355600707
20
119.78801117602234
10
36.528016256032515
20
119.78801117602234
10
36.528016256032515
20
121.19801879603756
10
35.17800355600707
20
121.19801879603756
97
1
330

75
0
76
1
47
0.4128176842155181
98
1
10
34.90568961886538
20
22.81183545379326
450
0
451
0
460
0
461
0
452
1
462
1
453
2
463
0
63
5
421
255
463
1
63
7
421
16777215
470
LINEAR
1001
ACAD
1010
0
1020
0
1030
0
0
HATCH
5
d4d
100
AcDbEntity
8
TopSolderMaskLayer
100
AcDbHatch
10
0
20
0
30
0
210
0
220
0
230
1
2
SOLID
70
1
71
0
91
1
92
7
72
0
73
1
93
4
10
33.373604508499284
20
122.31440397934557
10
34.224404610099555
20
122.31440397934557
10
34.224404610099555
20
121.36357704399995
10
33.373604508499284
20
121.36357704399995
97
1
330

75
0
76
1
47
0.4128176842155181
98
1
10
34.90568961886538
20
22.81183545379326
450
0
451
0
460
0
461
0
452
1
462
1
453
2
463
0
63
5
421
255
463
1
63
7
421
16777215
470
LINEAR
1001
ACAD
1010
0
1020
0
1030
0
0
HATCH
5
d50
100
AcDbEntity
8
TopPasteMaskLayer
100
AcDbHatch
10
0
20
0
30
0
210
0
220
0
230
1
2
SOLID
70
1
71
0
91
1
92
7
72
0
73
1
93
4
10
33.399009398018734
20
122.28900177800358
10
34.19900939801869
20
122.28900177800358
10
34.19900939801869
20
121.38897637795276
10
33.399009398018734
20
121.38897637795276
97
1
330

75
0
76
1
47
0.4128176842155181
98
1
10
34.90568961886538
20
22.81183545379326
450
0
451
0
460
0
461
0
452
1
462
1
453
2
463
0
63
5
421
255
463
1
63
7
421
16777215
470
LINEAR
1001
ACAD
1010
0
1020
0
1030
0
0
HATCH
5
d53
100
AcDbEntity
8
TopLayer
100
AcDbHatch
10
0
20
0
30
0
210
0
220
0
230
1
2
SOLID
70
1
71
0
91
1
92
7
72
0
73
1
93
4
10
33.399009398018734
20
122.28900177800358
10
34.19900939801869
20
122.28900177800358
10
34.19900939801869
20
121.38897637795276
10
33.399009398018734
20
121.38897637795276
97
1
330

75
0
76
1
47
0.4128176842155181
98
1
10
34.90568961886538
20
22.81183545379326
450
0
451
0
460
0
461
0
452
1
462
1
453
2
463
0
63
5
421
255
463
1
63
7
421
16777215
470
LINEAR
1001
ACAD
1010
0
1020
0
1030
0
0
HATCH
5
d56
100
AcDbEntity
8
TopSolderMaskLayer
100
AcDbHatch
10
0
20
0
30
0
210
0
220
0
230
1
2
SOLID
70
1
71
0
91
1
92
7
72
0
73
1
93
4
10
31.97360773431228
20
122.31440397934557
10
32.82440783591255
20
122.31440397934557
10
32.82440783591255
20
121.36357704399995
10
31.97360773431228
20
121.36357704399995
97
1
330

75
0
76
1
47
0.4128176842155181
98
1
10
34.90568961886538
20
22.81183545379326
450
0
451
0
460
0
461
0
452
1
462
1
453
2
463
0
63
5
421
255
463
1
63
7
421
16777215
470
LINEAR
1001
ACAD
1010
0
1020
0
1030
0
0
HATCH
5
d59
100
AcDbEntity
8
TopPasteMaskLayer
100
AcDbHatch
10
0
20
0
30
0
210
0
220
0
230
1
2
SOLID
70
1
71
0
91
1
92
7
72
0
73
1
93
4
10
31.99900939801887
20
122.28900177800358
10
32.799009398018825
20
122.28900177800358
10
32.799009398018825
20
121.38897637795276
10
31.99900939801887
20
121.38897637795276
97
1
330

75
0
76
1
47
0.4128176842155181
98
1
10
34.90568961886538
20
22.81183545379326
450
0
451
0
460
0
461
0
452
1
462
1
453
2
463
0
63
5
421
255
463
1
63
7
421
16777215
470
LINEAR
1001
ACAD
1010
0
1020
0
1030
0
0
HATCH
5
d5c
100
AcDbEntity
8
TopLayer
100
AcDbHatch
10
0
20
0
30
0
210
0
220
0
230
1
2
SOLID
70
1
71
0
91
1
92
7
72
0
73
1
93
4
10
31.99900939801887
20
122.28900177800358
10
32.799009398018825
20
122.28900177800358
10
32.799009398018825
20
121.38897637795276
10
31.99900939801887
20
121.38897637795276
97
1
330

75
0
76
1
47
0.4128176842155181
98
1
10
34.90568961886538
20
22.81183545379326
450
0
451
0
460
0
461
0
452
1
462
1
453
2
463
0
63
5
421
255
463
1
63
7
421
16777215
470
LINEAR
1001
ACAD
1010
0
1020
0
1030
0
0
HATCH
5
d5f
100
AcDbEntity
8
TopSolderMaskLayer
100
AcDbHatch
10
0
20
0
30
0
210
0
220
0
230
1
2
SOLID
70
1
71
0
91
1
92
7
72
0
73
1
93
4
10
42.628067056134114
20
117.41041667737977
10
44.478893274632355
20
117.41041667737977
10
44.478893274632355
20
115.65959041671397
10
42.628067056134114
20
115.65959041671397
97
1
330

75
0
76
1
47
0.4128176842155181
98
1
10
34.90568961886538
20
22.81183545379326
450
0
451
0
460
0
461
0
452
1
462
1
453
2
463
0
63
5
421
255
463
1
63
7
421
16777215
470
LINEAR
1001
ACAD
1010
0
1020
0
1030
0
0
HATCH
5
d62
100
AcDbEntity
8
TopPasteMaskLayer
100
AcDbHatch
10
0
20
0
30
0
210
0
220
0
230
1
2
SOLID
70
1
71
0
91
1
92
7
72
0
73
1
93
4
10
42.65346710693416
20
117.38501397002801
10
44.45349250698496
20
117.38501397002801
10
44.45349250698496
20
115.68498856997712
10
42.65346710693416
20
115.68498856997712
97
1
330

75
0
76
1
47
0.4128176842155181
98
1
10
34.90568961886538
20
22.81183545379326
450
0
451
0
460
0
461
0
452
1
462
1
453
2
463
0
63
5
421
255
463
1
63
7
421
16777215
470
LINEAR
1001
ACAD
1010
0
1020
0
1030
0
0
HATCH
5
d65
100
AcDbEntity
8
TopLayer
100
AcDbHatch
10
0
20
0
30
0
210
0
220
0
230
1
2
SOLID
70
1
71
0
91
1
92
7
72
0
73
1
93
4
10
42.65346710693416
20
117.38501397002801
10
44.45349250698496
20
117.38501397002801
10
44.45349250698496
20
115.68498856997712
10
42.65346710693416
20
115.68498856997712
97
1
330

75
0
76
1
47
0.4128176842155181
98
1
10
34.90568961886538
20
22.81183545379326
450
0
451
0
460
0
461
0
452
1
462
1
453
2
463
0
63
5
421
255
463
1
63
7
421
16777215
470
LINEAR
1001
ACAD
1010
0
1020
0
1030
0
0
HATCH
5
d68
100
AcDbEntity
8
TopSolderMaskLayer
100
AcDbHatch
10
0
20
0
30
0
210
0
220
0
230
1
2
SOLID
70
1
71
0
91
1
92
7
72
0
73
1
93
4
10
38.2431257020221
20
117.41041667737977
10
40.09395192052034
20
117.41041667737977
10
40.09395192052034
20
115.65959041671397
10
38.2431257020221
20
115.65959041671397
97
1
330

75
0
76
1
47
0.4128176842155181
98
1
10
34.90568961886538
20
22.81183545379326
450
0
451
0
460
0
461
0
452
1
462
1
453
2
463
0
63
5
421
255
463
1
63
7
421
16777215
470
LINEAR
1001
ACAD
1010
0
1020
0
1030
0
0
HATCH
5
d6b
100
AcDbEntity
8
TopPasteMaskLayer
100
AcDbHatch
10
0
20
0
30
0
210
0
220
0
230
1
2
SOLID
70
1
71
0
91
1
92
7
72
0
73
1
93
4
10
38.26852933705868
20
117.38501397002801
10
40.06855473710948
20
117.38501397002801
10
40.06855473710948
20
115.68498856997712
10
38.26852933705868
20
115.68498856997712
97
1
330

75
0
76
1
47
0.4128176842155181
98
1
10
34.90568961886538
20
22.81183545379326
450
0
451
0
460
0
461
0
452
1
462
1
453
2
463
0
63
5
421
255
463
1
63
7
421
16777215
470
LINEAR
1001
ACAD
1010
0
1020
0
1030
0
0
HATCH
5
d6e
100
AcDbEntity
8
TopLayer
100
AcDbHatch
10
0
20
0
30
0
210
0
220
0
230
1
2
SOLID
70
1
71
0
91
1
92
7
72
0
73
1
93
4
10
38.26852933705868
20
117.38501397002801
10
40.06855473710948
20
117.38501397002801
10
40.06855473710948
20
115.68498856997712
10
38.26852933705868
20
115.68498856997712
97
1
330

75
0
76
1
47
0.4128176842155181
98
1
10
34.90568961886538
20
22.81183545379326
450
0
451
0
460
0
461
0
452
1
462
1
453
2
463
0
63
5
421
255
463
1
63
7
421
16777215
470
LINEAR
1001
ACAD
1010
0
1020
0
1030
0
0
HATCH
5
d71
100
AcDbEntity
8
TopSolderMaskLayer
100
AcDbHatch
10
0
20
0
30
0
210
0
220
0
230
1
2
SOLID
70
1
71
0
91
1
92
7
72
0
73
1
93
4
10
29.791945316507054
20
118.41358712964109
10
27.941119098008812
20
118.41358712964109
10
27.941119098008812
20
120.16441339030678
10
29.791945316507054
20
120.16441339030678
97
1
330

75
0
76
1
47
0.4128176842155181
98
1
10
34.90568961886538
20
22.81183545379326
450
0
451
0
460
0
461
0
452
1
462
1
453
2
463
0
63
5
421
255
463
1
63
7
421
16777215
470
LINEAR
1001
ACAD
1010
0
1020
0
1030
0
0
HATCH
5
d74
100
AcDbEntity
8
TopPasteMaskLayer
100
AcDbHatch
10
0
20
0
30
0
210
0
220
0
230
1
2
SOLID
70
1
71
0
91
1
92
7
72
0
73
1
93
4
10
29.766548133096194
20
118.43898907797814
10
27.966522733045394
20
118.43898907797814
10
27.966522733045394
20
120.13901447802891
10
29.766548133096194
20
120.13901447802891
97
1
330

75
0
76
1
47
0.4128176842155181
98
1
10
34.90568961886538
20
22.81183545379326
450
0
451
0
460
0
461
0
452
1
462
1
453
2
463
0
63
5
421
255
463
1
63
7
421
16777215
470
LINEAR
1001
ACAD
1010
0
1020
0
1030
0
0
HATCH
5
d77
100
AcDbEntity
8
TopLayer
100
AcDbHatch
10
0
20
0
30
0
210
0
220
0
230
1
2
SOLID
70
1
71
0
91
1
92
7
72
0
73
1
93
4
10
29.766548133096194
20
118.43898907797814
10
27.966522733045394
20
118.43898907797814
10
27.966522733045394
20
120.13901447802891
10
29.766548133096194
20
120.13901447802891
97
1
330

75
0
76
1
47
0.4128176842155181
98
1
10
34.90568961886538
20
22.81183545379326
450
0
451
0
460
0
461
0
452
1
462
1
453
2
463
0
63
5
421
255
463
1
63
7
421
16777215
470
LINEAR
1001
ACAD
1010
0
1020
0
1030
0
0
HATCH
5
d7a
100
AcDbEntity
8
TopSolderMaskLayer
100
AcDbHatch
10
0
20
0
30
0
210
0
220
0
230
1
2
SOLID
70
1
71
0
91
1
92
7
72
0
73
1
93
4
10
34.17688667061907
20
118.41358712964109
10
32.32606045212083
20
118.41358712964109
10
32.32606045212083
20
120.16441339030678
10
34.17688667061907
20
120.16441339030678
97
1
330

75
0
76
1
47
0.4128176842155181
98
1
10
34.90568961886538
20
22.81183545379326
450
0
451
0
460
0
461
0
452
1
462
1
453
2
463
0
63
5
421
255
463
1
63
7
421
16777215
470
LINEAR
1001
ACAD
1010
0
1020
0
1030
0
0
HATCH
5
d7d
100
AcDbEntity
8
TopPasteMaskLayer
100
AcDbHatch
10
0
20
0
30
0
210
0
220
0
230
1
2
SOLID
70
1
71
0
91
1
92
7
72
0
73
1
93
4
10
34.15148590297167
20
118.43898907797814
10
32.35146050292087
20
118.43898907797814
10
32.35146050292087
20
120.13901447802891
10
34.15148590297167
20
120.13901447802891
97
1
330

75
0
76
1
47
0.4128176842155181
98
1
10
34.90568961886538
20
22.81183545379326
450
0
451
0
460
0
461
0
452
1
462
1
453
2
463
0
63
5
421
255
463
1
63
7
421
16777215
470
LINEAR
1001
ACAD
1010
0
1020
0
1030
0
0
HATCH
5
d80
100
AcDbEntity
8
TopLayer
100
AcDbHatch
10
0
20
0
30
0
210
0
220
0
230
1
2
SOLID
70
1
71
0
91
1
92
7
72
0
73
1
93
4
10
34.15148590297167
20
118.43898907797814
10
32.35146050292087
20
118.43898907797814
10
32.35146050292087
20
120.13901447802891
10
34.15148590297167
20
120.13901447802891
97
1
330

75
0
76
1
47
0.4128176842155181
98
1
10
34.90568961886538
20
22.81183545379326
450
0
451
0
460
0
461
0
452
1
462
1
453
2
463
0
63
5
421
255
463
1
63
7
421
16777215
470
LINEAR
1001
ACAD
1010
0
1020
0
1030
0
0
HATCH
5
d83
100
AcDbEntity
8
TopSolderMaskLayer
100
AcDbHatch
10
0
20
0
30
0
210
0
220
0
230
1
2
SOLID
70
1
71
0
91
1
92
7
72
0
73
1
93
4
10
59.356988934049696
20
121.6255569334669
10
59.356988934049696
20
123.47937143540321
10
61.104992924681255
20
123.47937143540321
10
61.104992924681255
20
121.6255569334669
97
1
330

75
0
76
1
47
0.4128176842155181
98
1
10
34.90568961886538
20
22.81183545379326
450
0
451
0
460
0
461
0
452
1
462
1
453
2
463
0
63
5
421
255
463
1
63
7
421
16777215
470
LINEAR
1001
ACAD
1010
0
1020
0
1030
0
0
HATCH
5
d86
100
AcDbEntity
8
TopPasteMaskLayer
100
AcDbHatch
10
0
20
0
30
0
210
0
220
0
230
1
2
SOLID
70
1
71
0
91
1
92
7
72
0
73
1
93
4
10
59.38097536195073
20
121.6524511049023
10
59.38097536195073
20
123.45247650495298
10
61.08100076200162
20
123.45247650495298
10
61.08100076200162
20
121.6524511049023
97
1
330

75
0
76
1
47
0.4128176842155181
98
1
10
34.90568961886538
20
22.81183545379326
450
0
451
0
460
0
461
0
452
1
462
1
453
2
463
0
63
5
421
255
463
1
63
7
421
16777215
470
LINEAR
1001
ACAD
1010
0
1020
0
1030
0
0
HATCH
5
d89
100
AcDbEntity
8
TopLayer
100
AcDbHatch
10
0
20
0
30
0
210
0
220
0
230
1
2
SOLID
70
1
71
0
91
1
92
7
72
0
73
1
93
4
10
59.38097536195073
20
121.6524511049023
10
59.38097536195073
20
123.45247650495298
10
61.08100076200162
20
123.45247650495298
10
61.08100076200162
20
121.6524511049023
97
1
330

75
0
76
1
47
0.4128176842155181
98
1
10
34.90568961886538
20
22.81183545379326
450
0
451
0
460
0
461
0
452
1
462
1
453
2
463
0
63
5
421
255
463
1
63
7
421
16777215
470
LINEAR
1001
ACAD
1010
0
1020
0
1030
0
0
HATCH
5
d8c
100
AcDbEntity
8
TopSolderMaskLayer
100
AcDbHatch
10
0
20
0
30
0
210
0
220
0
230
1
2
SOLID
70
1
71
0
91
1
92
7
72
0
73
1
93
4
10
59.356988934049696
20
117.24061536851741
10
59.356988934049696
20
119.09442987045372
10
61.104992924681255
20
119.09442987045372
10
61.104992924681255
20
117.24061536851741
97
1
330

75
0
76
1
47
0.4128176842155181
98
1
10
34.90568961886538
20
22.81183545379326
450
0
451
0
460
0
461
0
452
1
462
1
453
2
463
0
63
5
421
255
463
1
63
7
421
16777215
470
LINEAR
1001
ACAD
1010
0
1020
0
1030
0
0
HATCH
5
d8f
100
AcDbEntity
8
TopPasteMaskLayer
100
AcDbHatch
10
0
20
0
30
0
210
0
220
0
230
1
2
SOLID
70
1
71
0
91
1
92
7
72
0
73
1
93
4
10
59.38097536195073
20
117.2675133350267
10
59.38097536195073
20
119.0675387350775
10
61.08100076200162
20
119.0675387350775
10
61.08100076200162
20
117.2675133350267
97
1
330

75
0
76
1
47
0.4128176842155181
98
1
10
34.90568961886538
20
22.81183545379326
450
0
451
0
460
0
461
0
452
1
462
1
453
2
463
0
63
5
421
255
463
1
63
7
421
16777215
470
LINEAR
1001
ACAD
1010
0
1020
0
1030
0
0
HATCH
5
d92
100
AcDbEntity
8
TopLayer
100
AcDbHatch
10
0
20
0
30
0
210
0
220
0
230
1
2
SOLID
70
1
71
0
91
1
92
7
72
0
73
1
93
4
10
59.38097536195073
20
117.2675133350267
10
59.38097536195073
20
119.0675387350775
10
61.08100076200162
20
119.0675387350775
10
61.08100076200162
20
117.2675133350267
97
1
330

75
0
76
1
47
0.4128176842155181
98
1
10
34.90568961886538
20
22.81183545379326
450
0
451
0
460
0
461
0
452
1
462
1
453
2
463
0
63
5
421
255
463
1
63
7
421
16777215
470
LINEAR
1001
ACAD
1010
0
1020
0
1030
0
0
HATCH
5
d95
100
AcDbEntity
8
TopSolderMaskLayer
100
AcDbHatch
10
0
20
0
30
0
210
0
220
0
230
1
2
SOLID
70
1
71
0
91
1
92
7
72
0
73
1
93
4
10
53.32849079246557
20
134.35676588772537
10
53.32849079246557
20
133.50596578612522
10
52.4776906908653
20
133.50596578612522
10
52.4776906908653
20
134.35676588772537
97
1
330

75
0
76
1
47
0.4128176842155181
98
1
10
34.90568961886538
20
22.81183545379326
450
0
451
0
460
0
461
0
452
1
462
1
453
2
463
0
63
5
421
255
463
1
63
7
421
16777215
470
LINEAR
1001
ACAD
1010
0
1020
0
1030
0
0
HATCH
5
d98
100
AcDbEntity
8
TopPasteMaskLayer
100
AcDbHatch
10
0
20
0
30
0
210
0
220
0
230
1
2
SOLID
70
1
71
0
91
1
92
7
72
0
73
1
93
4
10
53.30309880619757
20
134.33136906273808
10
53.30309880619757
20
133.53136906273824
10
52.50309880619761
20
133.53136906273824
10
52.50309880619761
20
134.33136906273808
97
1
330

75
0
76
1
47
0.4128176842155181
98
1
10
34.90568961886538
20
22.81183545379326
450
0
451
0
460
0
461
0
452
1
462
1
453
2
463
0
63
5
421
255
463
1
63
7
421
16777215
470
LINEAR
1001
ACAD
1010
0
1020
0
1030
0
0
HATCH
5
d9b
100
AcDbEntity
8
TopLayer
100
AcDbHatch
10
0
20
0
30
0
210
0
220
0
230
1
2
SOLID
70
1
71
0
91
1
92
7
72
0
73
1
93
4
10
53.30309880619757
20
134.33136906273808
10
53.30309880619757
20
133.53136906273824
10
52.50309880619761
20
133.53136906273824
10
52.50309880619761
20
134.33136906273808
97
1
330

75
0
76
1
47
0.4128176842155181
98
1
10
34.90568961886538
20
22.81183545379326
450
0
451
0
460
0
461
0
452
1
462
1
453
2
463
0
63
5
421
255
463
1
63
7
421
16777215
470
LINEAR
1001
ACAD
1010
0
1020
0
1030
0
0
HATCH
5
d9e
100
AcDbEntity
8
TopSolderMaskLayer
100
AcDbHatch
10
0
20
0
30
0
210
0
220
0
230
1
2
SOLID
70
1
71
0
91
1
92
7
72
0
73
1
93
4
10
55.03031032513695
20
134.35676588772537
10
55.03031032513695
20
133.50596578612522
10
54.179510223536454
20
133.50596578612522
10
54.179510223536454
20
134.35676588772537
97
1
330

75
0
76
1
47
0.4128176842155181
98
1
10
34.90568961886538
20
22.81183545379326
450
0
451
0
460
0
461
0
452
1
462
1
453
2
463
0
63
5
421
255
463
1
63
7
421
16777215
470
LINEAR
1001
ACAD
1010
0
1020
0
1030
0
0
HATCH
5
da1
100
AcDbEntity
8
TopPasteMaskLayer
100
AcDbHatch
10
0
20
0
30
0
210
0
220
0
230
1
2
SOLID
70
1
71
0
91
1
92
7
72
0
73
1
93
4
10
55.00490220980441
20
134.33136906273808
10
55.00490220980441
20
133.53136906273824
10
54.20490220980446
20
133.53136906273824
10
54.20490220980446
20
134.33136906273808
97
1
330

75
0
76
1
47
0.4128176842155181
98
1
10
34.90568961886538
20
22.81183545379326
450
0
451
0
460
0
461
0
452
1
462
1
453
2
463
0
63
5
421
255
463
1
63
7
421
16777215
470
LINEAR
1001
ACAD
1010
0
1020
0
1030
0
0
HATCH
5
da4
100
AcDbEntity
8
TopLayer
100
AcDbHatch
10
0
20
0
30
0
210
0
220
0
230
1
2
SOLID
70
1
71
0
91
1
92
7
72
0
73
1
93
4
10
55.00490220980441
20
134.33136906273808
10
55.00490220980441
20
133.53136906273824
10
54.20490220980446
20
133.53136906273824
10
54.20490220980446
20
134.33136906273808
97
1
330

75
0
76
1
47
0.4128176842155181
98
1
10
34.90568961886538
20
22.81183545379326
450
0
451
0
460
0
461
0
452
1
462
1
453
2
463
0
63
5
421
255
463
1
63
7
421
16777215
470
LINEAR
1001
ACAD
1010
0
1020
0
1030
0
0
HATCH
5
da7
100
AcDbEntity
8
TopSolderMaskLayer
100
AcDbHatch
10
0
20
0
30
0
210
0
220
0
230
1
2
SOLID
70
1
71
0
91
1
92
7
72
0
73
1
93
4
10
24.244268089041043
20
114.89296418213553
10
22.471717091520077
20
114.89296418213553
10
22.471717091520077
20
116.13654460840269
10
24.244268089041043
20
116.13654460840269
97
1
330

75
0
76
1
47
0.4128176842155181
98
1
10
34.90568961886538
20
22.81183545379326
450
0
451
0
460
0
461
0
452
1
462
1
453
2
463
0
63
5
421
255
463
1
63
7
421
16777215
470
LINEAR
1001
ACAD
1010
0
1020
0
1030
0
0
HATCH
5
daa
100
AcDbEntity
8
TopLayer
100
AcDbHatch
10
0
20
0
30
0
210
0
220
0
230
1
2
SOLID
70
1
71
0
91
1
92
7
72
0
73
1
93
4
10
24.208483616967214
20
114.91099822199646
10
22.50749301498604
20
114.91099822199646
10
22.50749301498604
20
116.1185166370334
10
24.208483616967214
20
116.1185166370334
97
1
330

75
0
76
1
47
0.4128176842155181
98
1
10
34.90568961886538
20
22.81183545379326
450
0
451
0
460
0
461
0
452
1
462
1
453
2
463
0
63
5
421
255
463
1
63
7
421
16777215
470
LINEAR
1001
ACAD
1010
0
1020
0
1030
0
0
HATCH
5
dad
100
AcDbEntity
8
TopSolderMaskLayer
100
AcDbHatch
10
0
20
0
30
0
210
0
220
0
230
1
2
SOLID
70
1
71
0
91
1
92
7
72
0
73
1
93
4
10
24.244268089041043
20
113.17901501046322
10
22.471717091520077
20
113.17901501046322
10
22.471717091520077
20
111.93543458419629
10
24.244268089041043
20
111.93543458419629
97
1
330

75
0
76
1
47
0.4128176842155181
98
1
10
34.90568961886538
20
22.81183545379326
450
0
451
0
460
0
461
0
452
1
462
1
453
2
463
0
63
5
421
255
463
1
63
7
421
16777215
470
LINEAR
1001
ACAD
1010
0
1020
0
1030
0
0
HATCH
5
db0
100
AcDbEntity
8
TopLayer
100
AcDbHatch
10
0
20
0
30
0
210
0
220
0
230
1
2
SOLID
70
1
71
0
91
1
92
7
72
0
73
1
93
4
10
24.208483616967214
20
113.16098552197104
10
22.50749301498604
20
113.16098552197104
10
22.50749301498604
20
111.95346710693423
10
24.208483616967214
20
111.95346710693423
97
1
330

75
0
76
1
47
0.4128176842155181
98
1
10
34.90568961886538
20
22.81183545379326
450
0
451
0
460
0
461
0
452
1
462
1
453
2
463
0
63
5
421
255
463
1
63
7
421
16777215
470
LINEAR
1001
ACAD
1010
0
1020
0
1030
0
  0
CIRCLE
  5
e10
330
1F
100
AcDbEntity
  8
Multi-Layer
100
AcDbCircle
 10
32.299212598425356
 20
120.98044196088404
 30
0.0
 40
0.30500381000762006
  0
CIRCLE
  5
e11
330
1F
100
AcDbEntity
  8
Hole
100
AcDbCircle
 10
32.299212598425356
 20
120.98044196088404
 30
0.0
 40
0.15250190500381003
  0
CIRCLE
  5
e12
330
1F
100
AcDbEntity
  8
Multi-Layer
100
AcDbCircle
 10
42.51714503429025
 20
124.55778511557025
 30
0.0
 40
0.30500381000762006
  0
CIRCLE
  5
e13
330
1F
100
AcDbEntity
  8
Hole
100
AcDbCircle
 10
42.51714503429025
 20
124.55778511557025
 30
0.0
 40
0.15250190500381003
  0
CIRCLE
  5
e14
330
1F
100
AcDbEntity
  8
Multi-Layer
100
AcDbCircle
 10
22.750063500127
 20
121.4168148336297
 30
0.0
 40
0.30500381000762006
  0
CIRCLE
  5
e15
330
1F
100
AcDbEntity
  8
Hole
100
AcDbCircle
 10
22.750063500127
 20
121.4168148336297
 30
0.0
 40
0.15250190500381003
  0
CIRCLE
  5
e16
330
1F
100
AcDbEntity
  8
Multi-Layer
100
AcDbCircle
 10
27.250952501905203
 20
21.861569723139382
 30
0.0
 40
0.30500381000762006
  0
CIRCLE
  5
e17
330
1F
100
AcDbEntity
  8
Hole
100
AcDbCircle
 10
27.250952501905203
 20
21.861569723139382
 30
0.0
 40
0.15250190500381003
  0
CIRCLE
  5
e18
330
1F
100
AcDbEntity
  8
Multi-Layer
100
AcDbCircle
 10
67.00609601219207
 20
38.442722885445846
 30
0.0
 40
0.30500381000762006
  0
CIRCLE
  5
e19
330
1F
100
AcDbEntity
  8
Hole
100
AcDbCircle
 10
67.00609601219207
 20
38.442722885445846
 30
0.0
 40
0.15250190500381003
  0
CIRCLE
  5
e1a
330
1F
100
AcDbEntity
  8
Multi-Layer
100
AcDbCircle
 10
31.642113284226525
 20
119.02082804165616
 30
0.0
 40
0.4500127000254001
  0
CIRCLE
  5
e1b
330
1F
100
AcDbEntity
  8
Hole
100
AcDbCircle
 10
31.642113284226525
 20
119.02082804165616
 30
0.0
 40
0.30000000000000004
  0
CIRCLE
  5
e1c
330
1F
100
AcDbEntity
  8
Multi-Layer
100
AcDbCircle
 10
43.1351282702567
 20
125.82727965455933
 30
0.0
 40
0.30500381000762006
  0
CIRCLE
  5
e1d
330
1F
100
AcDbEntity
  8
Hole
100
AcDbCircle
 10
43.1351282702567
 20
125.82727965455933
 30
0.0
 40
0.15250190500381003
  0
CIRCLE
  5
e1e
330
1F
100
AcDbEntity
  8
Multi-Layer
100
AcDbCircle
 10
39.25323850647692
 20
125.49276098552195
 30
0.0
 40
0.30500381000762006
  0
CIRCLE
  5
e1f
330
1F
100
AcDbEntity
  8
Hole
100
AcDbCircle
 10
39.25323850647692
 20
125.49276098552195
 30
0.0
 40
0.15250190500381003
  0
CIRCLE
  5
e20
330
1F
100
AcDbEntity
  8
Multi-Layer
100
AcDbCircle
 10
46.6621793243587
 20
124.21920243840486
 30
0.0
 40
0.30500381000762006
  0
CIRCLE
  5
e21
330
1F
100
AcDbEntity
  8
Hole
100
AcDbCircle
 10
46.6621793243587
 20
124.21920243840486
 30
0.0
 40
0.15250190500381003
  0
CIRCLE
  5
e22
330
1F
100
AcDbEntity
  8
Multi-Layer
100
AcDbCircle
 10
69.10109220218442
 20
122.40640081280173
 30
0.0
 40
0.30500381000762006
  0
CIRCLE
  5
e23
330
1F
100
AcDbEntity
  8
Hole
100
AcDbCircle
 10
69.10109220218442
 20
122.40640081280173
 30
0.0
 40
0.15250190500381003
  0
CIRCLE
  5
e24
330
1F
100
AcDbEntity
  8
Multi-Layer
100
AcDbCircle
 10
71.9304038608077
 20
84.17246634493279
 30
0.0
 40
0.30500381000762006
  0
CIRCLE
  5
e25
330
1F
100
AcDbEntity
  8
Hole
100
AcDbCircle
 10
71.9304038608077
 20
84.17246634493279
 30
0.0
 40
0.15250190500381003
  0
CIRCLE
  5
e26
330
1F
100
AcDbEntity
  8
Multi-Layer
100
AcDbCircle
 10
58.260096520192974
 20
23.46736093472191
 30
0.0
 40
0.4500127000254001
  0
CIRCLE
  5
e27
330
1F
100
AcDbEntity
  8
Hole
100
AcDbCircle
 10
58.260096520192974
 20
23.46736093472191
 30
0.0
 40
0.30000000000000004
  0
CIRCLE
  5
e28
330
1F
100
AcDbEntity
  8
Multi-Layer
100
AcDbCircle
 10
50.189738379476694
 20
17.22885445770885
 30
0.0
 40
0.4500127000254001
  0
CIRCLE
  5
e29
330
1F
100
AcDbEntity
  8
Hole
100
AcDbCircle
 10
50.189738379476694
 20
17.22885445770885
 30
0.0
 40
0.30000000000000004
  0
CIRCLE
  5
e2a
330
1F
100
AcDbEntity
  8
Multi-Layer
100
AcDbCircle
 10
21.19735839471673
 20
26.469646939293852
 30
0.0
 40
0.4900177800355601
  0
CIRCLE
  5
e2b
330
1F
100
AcDbEntity
  8
Hole
100
AcDbCircle
 10
21.19735839471673
 20
26.469646939293852
 30
0.0
 40
0.37500635001270005
  0
CIRCLE
  5
e2c
330
1F
100
AcDbEntity
  8
Multi-Layer
100
AcDbCircle
 10
34.93878587757172
 20
29.219964439928958
 30
0.0
 40
0.4900177800355601
  0
CIRCLE
  5
e2d
330
1F
100
AcDbEntity
  8
Hole
100
AcDbCircle
 10
34.93878587757172
 20
29.219964439928958
 30
0.0
 40
0.37500635001270005
  0
CIRCLE
  5
e2e
330
1F
100
AcDbEntity
  8
Multi-Layer
100
AcDbCircle
 10
71.70612141224274
 20
134.0789941579884
 30
0.0
 40
1.8750063500127003
  0
CIRCLE
  5
e2f
330
1F
100
AcDbEntity
  8
Multi-Layer
100
AcDbCircle
 10
6.221996443993021
 20
134.1811023622048
 30
0.0
 40
1.8750063500127003
  0
CIRCLE
  5
e30
330
1F
100
AcDbEntity
  8
Multi-Layer
100
AcDbCircle
 10
6.018034036068229
 20
17.69697739395474
 30
0.0
 40
1.8750063500127003
  0
CIRCLE
  5
e31
330
1F
100
AcDbEntity
  8
Multi-Layer
100
AcDbCircle
 10
72.21590043180095
 20
17.544069088138144
 30
0.0
 40
1.8750063500127003
  0
CIRCLE
  5
e32
330
1F
100
AcDbEntity
  8
Multi-Layer
100
AcDbCircle
 10
39.37211074422157
 20
9.588011176022405
 30
0.0
 40
2
  0
CIRCLE
  5
e33
330
1F
100
AcDbEntity
  8
Multi-Layer
100
AcDbCircle
 10
24.677165354330782
 20
103.82296164592333
 30
0.0
 40
1.2000000000000002
  0
CIRCLE
  5
e34
330
1F
100
AcDbEntity
  8
Multi-Layer
100
AcDbCircle
 10
31.5504191008381
 20
34.69291338582673
 30
0.0
 40
1.2000000000000002
  0
CIRCLE
  5
e35
330
1F
100
AcDbEntity
  8
Multi-Layer
100
AcDbCircle
 10
70.42418084836186
 20
103.82296164592333
 30
0.0
 40
1.2000000000000002
  0
LWPOLYLINE
  5
e36
330
1F
100
AcDbEntity
  8
Multi-Layer
100
AcDbPolyline
 90
439
 70
 1
 43
0
 10
-9.842138684277415
 20
6.775996951993989
 10
-9.839020488922756
 20
6.918627143308868
 10
-9.833856629936577
 20
7.0611979298577126
 10
-9.826648169939972
 20
7.203679973362455
 10
-9.817396592292994
 20
7.346043953806429
 10
-9.806103800789174
 20
7.488260575468075
 10
-9.792772119264328
 20
7.630300572949409
 10
-9.77740429111725
 20
7.772134717198355
 10
-9.760003478746512
 20
7.913733821523351
 10
-9.74057326289892
 20
8.055068747599421
 10
-9.719117641932371
 20
8.196110411464133
 10
-9.695641030994125
 20
8.336829789502985
 10
-9.670148261111194
 20
8.477197924421489
 10
-9.64264457819695
 20
8.617185931203949
 10
-9.613135641970871
 20
8.756765003057922
 10
-9.581627524794953
 20
8.895906417341507
 10
-9.548126710423048
 20
9.034581541474267
 10
-9.512640092667198
 20
9.172761838828933
 10
-9.475174973979051
 20
9.310418874604352
 10
-9.435739063946812
 20
9.447524321676042
 10
-9.394340477709193
 20
9.584049966425823
 10
-9.350987734285354
 20
9.719967714547352
 10
-9.305689754821401
 20
9.855249596827548
 10
-9.258455860755134
 20
9.989867774902223
 10
-9.2092957718977
 20
10.1237945469843
 10
-9.158219604433725
 20
10.257002353564758
 10
-9.105237868838799
 20
10.389463783083443
 10
-9.050361467717607
 20
10.521151577570208
 10
-8.993601693559413
 20
10.65203863825343
 10
-8.93497022641543
 20
10.782098031137366
 10
-8.874479131494127
 20
10.911302992543824
 10
-8.81214085667932
 20
11.039626934619719
 10
-8.747968229968137
 20
11.167043450808933
 10
-8.68197445683154
 20
11.293526321285526
 10
-8.614173117496648
 20
11.419049518349539
 10
-8.544578164152426
 20
11.543587211783347
 10
-8.473203918078525
 20
11.66711377416641
 10
-8.400065066698176
 20
11.789603786149314
 10
-8.32517666055594
 20
11.91103204168428
 10
-8.248554110220311
 20
12.031373553212347
 10
-8.170213183112992
 20
12.150603556805322
 10
-8.09017000026381
 20
12.268697517261216
 10
-8.008441032993574
 20
12.385631133153879
 10
-7.925043099524601
 20
12.501380341833283
 10
-7.839993361519646
 20
12.615921324377041
 10
-7.75330932055067
 20
12.729230510492243
 10
-7.6650088144972415
 20
12.84128458336545
 10
-7.57511001387536
 20
12.952060484461185
 10
-7.483631418099549
 20
13.061535418266544
 10
-7.390591851674685
 20
13.169686856982139
 10
-7.296010460322918
 20
13.276492545158249
 10
-7.199906707043965
 20
13.38193050427401
 10
-7.102300368109695
 20
13.485979037260563
 10
-7.0032115289950525
 20
13.588616732965875
 10
-6.90266058024406
 20
13.689822470560443
 10
-6.800668213274321
 20
13.789575423883662
 10
-6.697255416119447
 20
13.887855065729923
 10
-6.592443469109639
 20
13.984641172071633
 10
-6.486253940492588
 20
14.079913826222196
 10
-6.378708681995477
 20
14.173653422933398
 10
-6.2698298243282125
 20
14.265840672430727
 10
-6.159639772629134
 20
14.356456604381833
 10
-6.048161201854896
 20
14.445482571800994
 10
-5.935417052114076
 20
14.532900254886272
 10
-5.821430523946333
 20
14.618691664788912
 10
-5.706225073549149
 20
14.702839147315558
 10
-5.5898244079496635
 20
14.785325386560658
 10
-5.472252480127395
 20
14.866133408470318
 10
-5.353533484084551
 20
14.945246584334768
 10
-5.233691849867455
 20
15.022648634210555
 10
-5.112752238539542
 20
15.098323630270215
 10
-4.9907395371060375
 20
15.172256000080324
 10
-4.867678853394068
 20
15.244430529805754
 10
-4.743595510883779
 20
15.314832367340841
 10
-4.618515043499542
 20
15.383447025364603
 10
-4.492463190353874
 20
15.450260384323201
 10
-4.36546589045156
 20
15.51525869533475
 10
-4.2375492773522865
 20
15.578428583018649
 10
-4.108739673791774
 20
15.63975704824793
 10
-3.979063586266193
 20
15.699231470824543
 10
-3.8485476995766703
 20
15.756839612076192
 10
-3.717218871339128
 20
15.812569617374493
 10
-3.5851041264565993
 20
15.866410018575039
 10
-3.452230651558466
 20
15.918349736376513
 10
-3.318625789406042
 20
15.968378082601475
 10
-3.1843170332654154
 20
16.016484762394953
 10
-3.049332021250734
 20
16.062659876343787
 10
-2.913698530636111
 20
16.10689392251311
 10
-2.7774444721400187
 20
16.149177798401524
 10
-2.6405978841816022
 20
16.1895028028149
 10
-2.50318692711096
 20
16.227860637656136
 10
-2.3652398774142966
 20
16.264243409633764
 10
-2.226785121895091
 20
16.298643631884943
 10
-2.0878511518330924
 20
16.33105422551705
 10
-1.9484665571205824
 20
16.361468521064353
 10
-1.8086600203798753
 20
16.389880259859638
 10
-1.6684603110606986
 20
16.416283595323193
 10
-1.527896279519723
 20
16.440673094165163
 10
-1.3869968510844046
 20
16.463043737503767
 10
-1.2457910201000004
 20
16.483390921898604
 10
-1.104307843963511
 20
16.501710460297318
 10
-0.9625764371442074
 20
16.517998582896894
 10
-0.8206259651924483
 20
16.53225193792082
 10
-0.6784856387374703
 20
16.544467592307342
 10
-0.536184707477446
 20
16.554643032313948
 10
-0.3937524541595394
 20
16.562776164034176
 10
-0.2512181885543896
 20
16.568865313828724
 10
-0.10861124142502376
 20
16.57290922866946
 10
0.03403904150923154
 20
16.57490707639795
 10
0.17670330561168157
 20
16.574858445896325
 10
0.31935219336810405
 20
16.572763347171644
 10
0.46195635042852246
 20
16.568622211354295
 10
0.6044864316479561
 20
16.562435890609095
 10
0.7469131071246693
 20
16.554205657959756
 10
0.8892070682354642
 20
16.543933207026953
 10
1.0313390336677912
 20
16.531620651680328
 10
1.173279755444014
 20
16.517270525602612
 10
1.3150000249411278
 20
16.50088578176917
 10
1.456470678900473
 20
16.48246979183955
 10
1.5976626054299459
 20
16.46202634546421
 10
1.7385467499935885
 20
16.439559649504304
 10
1.8790941213912902
 20
16.41507432716628
 10
2.019275797724049
 20
16.388575417050447
 10
2.1590629323459325
 20
16.360068372113915
 10
2.2984267597996677
 20
16.329559058548853
 10
2.4373386017367693
 20
16.297053754574677
 10
2.5757698728182277
 20
16.262559149147364
 10
2.713692086597007
 20
16.226082340581456
 10
2.8510768613803066
 20
16.18763083509043
 10
2.9878959260697684
 20
16.147212545241928
 10
3.1241211259791726
 20
16.10483578832884
 10
3.259724428627578
 20
16.06050928465868
 10
3.3946779295090437
 20
16.014242155758666
 10
3.528953857833585
 20
15.966043922498443
 10
3.6625245822424404
 20
15.915924503131464
 10
3.7953626164942307
 20
15.863894211253296
 10
3.927440625120653
 20
15.809963753680222
 10
4.058731429052159
 20
15.754144228244968
 10
4.189208011209985
 20
15.696447121513529
 10
4.318843522067027
 20
15.636884306421734
 10
4.447611285171433
 20
15.575468039831549
 10
4.57548480263722
 20
15.512210960008588
 10
4.702437760596467
 20
15.447126084022102
 10
4.828444034614904
 20
15.380226805066286
 10
4.953477695066567
 20
15.311526889703714
 10
5.077513012470945
 20
15.241040475032491
 10
5.200524462786689
 20
15.168782065777691
 10
5.322486732664174
 20
15.094766531305936
 10
5.443374724654632
 20
15.019009102565974
 10
5.563163562375166
 20
14.941525368954444
 10
5.6818285956264845
 20
14.862331275107522
 10
5.799345405466738
 20
14.781443117619915
 10
5.915689809236255
 20
14.6988775416919
 10
6.030837865532931
 20
14.614651537703367
 10
6.144765879140095
 20
14.528782437717723
 10
6.257450405901636
 20
14.441287911915765
 10
6.368868257547092
 20
14.352185964958835
 10
6.478996506462636
 20
14.261494932283995
 10
6.587812490409306
 20
14.169233476331328
 10
6.695293817187121
 20
14.07542058270326
 10
6.801418369241901
 20
13.980075556257361
 10
6.906164308217512
 20
13.883218017134595
 10
7.009510079449456
 20
13.784867896721494
 10
7.1114344163997885
 20
13.685045433548112
 10
7.211916345034979
 20
13.583771169124248
 10
7.3109351881394105
 20
13.481065943711883
 10
7.40847056957341
 20
13.376950892036689
 10
7.504502418463744
 20
13.271447438939049
 10
7.599010973334771
 20
13.164577294965284
 10
7.6919767861754735
 20
13.056362451899986
 10
7.783380726440555
 20
12.946825178240147
 10
7.873203984987413
 20
12.83598801461335
 10
7.961428077947403
 20
12.723873769139345
 10
8.048034850527984
 20
12.61050551273604
 10
8.13300648075051
 20
12.495906574372157
 10
8.216325483115952
 20
12.38010053626681
 10
8.297974712203768
 20
12.263111229036895
 10
8.377937366200513
 20
12.144962726792528
 10
8.456196990356602
 20
12.025679342183594
 10
8.532737480372589
 20
11.905285621396729
 10
8.60754308571336
 20
11.783806339103648
 10
8.680598412848894
 20
11.66126649336411
 10
8.751888428422717
 20
11.537691300480219
 10
8.821398462344177
 20
11.413106189808786
 10
8.889114210808657
 20
11.28753679852764
 10
8.955021739240237
 20
11.161008966360782
 10
9.019107485158884
 20
11.033548730260122
 10
9.081358260972138
 20
10.905182319048208
 10
9.141761256688596
 20
10.775936148020719
 10
9.200304042553626
 20
10.645836813510527
 10
9.256974571607316
 20
10.514911087415271
 10
9.311761182163309
 20
10.383185911687406
 10
9.364652600209865
 20
10.250688392790494
 10
9.41563794172771
 20
10.117445796121501
 10
9.464706714931253
 20
9.983485540399556
 10
9.511848822427055
 20
9.848835192024012
 10
9.557054563292013
 20
9.71352245940193
 10
9.600314635069026
 20
9.577575187245884
 10
9.641620135681706
 20
9.441021350844494
 10
9.680962565266555
 20
9.303889050305429
 10
9.718333827921015
 20
9.166206504772617
 10
9.753726233370799
 20
9.028002046619804
 10
9.787132498551273
 20
8.889304115620575
 10
9.818545749106761
 20
8.750141253094966
 10
9.847959520805034
 20
8.610542096036966
 10
9.87536776086722
 20
8.470535371221786
 10
9.90076482921404
 20
8.330149889293693
 10
9.924145499625638
 20
8.189414538837923
 10
9.945504960817516
 20
8.048358280435878
 10
9.964838817430518
 20
7.907010140705438
 10
9.982143090935324
 20
7.76539920632797
 10
9.997414220450992
 20
7.623554618062826
 10
10.010649063478013
 20
7.481505564750705
 10
10.021844896544508
 20
7.339281277307464
 10
10.030999415767155
 20
7.196911022708491
 10
10.038110737325042
 20
7.054424097966148
 10
10.043177397847103
 20
6.9118498241017505
 10
10.046198354714306
 20
6.769217540111072
 10
10.047172986272244
 20
6.62655659692723
 10
10.046101092202207
 20
6.483896367792681
 10
10.042982896847661
 20
6.341266176477802
 10
10.037819037861254
 20
6.198695389928957
 10
10.030610577864763
 20
6.056213346424215
 10
10.021359000217899
 20
5.913849365980354
 10
10.010066208714079
 20
5.771632744318708
 10
9.996734527189119
 20
5.629592746837375
 10
9.981366699042155
 20
5.487758602588315
 10
9.963965886671303
 20
5.346159498263319
 10
9.944535670823825
 20
5.204824572187249
 10
9.923080049857163
 20
5.063782908322537
 10
9.89960343891903
 20
4.9230635302836845
 10
9.8741106690361
 20
4.782695395365295
 10
9.846606986121742
 20
4.642707388582721
 10
9.817098049895776
 20
4.503128316728748
 10
9.785589932719859
 20
4.363986902445163
 10
9.75208911834784
 20
4.225311778312516
 10
9.71660250059199
 20
4.087131480957737
 10
9.679137381903729
 20
3.949474445182318
 10
9.639701471871604
 20
3.812368998110628
 10
9.598302885633984
 20
3.6758433533609605
 10
9.554950142210146
 20
3.539925605239432
 10
9.509652162746079
 20
3.4046437229592357
 10
9.46241826868004
 20
3.270025544884561
 10
9.413258179822606
 20
3.13609877280237
 10
9.362182012358744
 20
3.002890966221912
 10
9.309200276763704
 20
2.8704295367032273
 10
9.254323875642285
 20
2.7387417422164617
 10
9.197564101484204
 20
2.60785468153324
 10
9.138932634340108
 20
2.477795288649304
 10
9.078441539418918
 20
2.348590327242846
 10
9.016103264604226
 20
2.220266385167065
 10
8.951930637892929
 20
2.092849868977737
 10
8.885936864756331
 20
1.9663669985012575
 10
8.81813552542144
 20
1.840843801437245
 10
8.748540572077218
 20
1.716306108003323
 10
8.677166326003316
 20
1.592779545620374
 10
8.60402747462308
 20
1.4702895336373558
 10
8.529139068480845
 20
1.348861278102504
 10
8.452516518145103
 20
1.2285197665743226
 10
8.374175591037783
 20
1.1092897629814615
 10
8.294132408188716
 20
0.9911958025254535
 10
8.212403440918479
 20
0.8742621866327909
 10
8.129005507449392
 20
0.7585129779535009
 10
8.043955769444437
 20
0.643971995409629
 10
7.957271728475462
 20
0.5306628092945402
 10
7.868971222422033
 20
0.4186087364212199
 10
7.779072421800265
 20
0.30783283532548467
 10
7.6875938260245675
 20
0.19835790152023947
 10
7.59455425959959
 20
0.09020646280464462
 10
7.4999728682478235
 20
-0.016599225371464854
 10
7.4038691149687565
 20
-0.12203718448722611
 10
7.3062627760346
 20
-0.22608571747389306
 10
7.207173936920071
 20
-0.32872341317909104
 10
7.106622988168965
 20
-0.4299291507736598
 10
7.004630621199112
 20
-0.5296821040969917
 10
6.901217824044352
 20
-0.6279617459431392
 10
6.796405877034431
 20
-0.7247478522849633
 10
6.690216348417607
 20
-0.8200205064354122
 10
6.582671089920495
 20
-0.9137601031466147
 10
6.473792232253118
 20
-1.0059473526438296
 10
6.363602180554153
 20
-1.0965632845950495
 10
6.252123609779801
 20
-1.1855892520142106
 10
6.139379460038981
 20
-1.2730069350994881
 10
6.025392931871238
 20
-1.358798345002242
 10
5.910187481474168
 20
-1.4429458275287743
 10
5.793786815874682
 20
-1.5254320667739876
 10
5.676214888052527
 20
-1.6062400886836485
 10
5.557495892009456
 20
-1.6853532645480982
 10
5.437654257792246
 20
-1.7627553144238846
 10
5.316714646464334
 20
-1.8384303104834316
 10
5.194701945031056
 20
-1.9123626802935405
 10
5.071641261318973
 20
-1.9845372100190843
 10
4.947557918808798
 20
-2.0549390475540577
 10
4.822477451424447
 20
-2.123553705577933
 10
4.696425598278665
 20
-2.190367064536531
 10
4.569428298376579
 20
-2.255365375548081
 10
4.441511685277192
 20
-2.3185352632318654
 10
4.3127020817166795
 20
-2.3798637284612596
 10
4.183025994190984
 20
-2.439338151037873
 10
4.0525101075015755
 20
-2.496946292289408
 10
3.9211812792641467
 20
-2.5526762975878228
 10
3.789066534381618
 20
-2.606516698788255
 10
3.656193059483485
 20
-2.658456416589729
 10
3.5225881973308333
 20
-2.708484762814578
 10
3.3882794411904342
 20
-2.756591442608169
 10
3.2532944291756394
 20
-2.8027665565570032
 10
3.11766093856113
 20
-2.8470006027263253
 10
2.981406880065151
 20
-2.8892844786147407
 10
2.844560292106621
 20
-2.9296094830280026
 10
2.7071493350359788
 20
-2.9679673178694657
 10
2.569202285339202
 20
-3.004350089847094
 10
2.430747529819996
 20
-3.038750312098273
 10
2.2918135597579976
 20
-3.0711609057303804
 10
2.152428965045601
 20
-3.101575201277683
 10
2.012622428304894
 20
-3.1299869400729676
 10
1.8724227189856038
 20
-3.1563902755365234
 10
1.7318586874446282
 20
-3.180779774378493
 10
1.5909592590094235
 20
-3.2031504177170973
 10
1.4497534280250193
 20
-3.2234976021119337
 10
1.3082702518884162
 20
-3.2418171405104204
 10
1.1665388450692262
 20
-3.258105263110224
 10
1.0245883731173535
 20
-3.272358618134035
 10
0.8824480466624891
 20
-3.284574272520672
 10
0.7401471154024648
 20
-3.2947497125272776
 10
0.5977148620845583
 20
-3.302882844247506
 10
0.45518059647952214
 20
-3.3089719940420537
 10
0.3125736493501563
 20
-3.3130159088827895
 10
0.1699233664157873
 20
-3.315013756611279
 10
0.027259102313450967
 20
-3.314965126109655
 10
-0.11538978544297152
 20
-3.3128700273849745
 10
-0.2579939425035036
 20
-3.3087288915676254
 10
-0.40052402372305096
 20
-3.3025425708224248
 10
-0.5429506991996504
 20
-3.2943123381730857
 10
-0.6852446603105591
 20
-3.284039887240283
 10
-0.8273766257428861
 20
-3.2717273318936577
 10
-0.9693173475189951
 20
-3.257377205815942
 10
-1.1110376170159952
 20
-3.2409924619825006
 10
-1.252508270975568
 20
-3.2225764720528787
 10
-1.3937001975048133
 20
-3.20213302567754
 10
-1.5345843420685696
 20
-3.1796663297176337
 10
-1.6751317134662713
 20
-3.1551810073796105
 10
-1.8153133897991438
 20
-3.128682097263777
 10
-1.9551005244209136
 20
-3.100175052327245
 10
-2.0944643518747625
 20
-3.069665738762069
 10
-2.233376193811864
 20
-3.0371604347881203
 10
-2.371807464893209
 20
-3.0026658293606943
 10
-2.509729678671988
 20
-2.9661890207949
 10
-2.6471144534554014
 20
-2.9277375153038747
 10
-2.7839335181447495
 20
-2.8873192254552578
 10
-2.9201587180541537
 20
-2.844942468542172
 10
-3.055762020702673
 20
-2.8006159648720086
 10
-3.190715521584025
 20
-2.754348835971996
 10
-3.3249914499084525
 20
-2.7061506027118867
 10
-3.458562174317308
 20
-2.656031183344794
 10
-3.591400208569098
 20
-2.604000891466626
 10
-3.7234782171957477
 20
-2.550070433893552
 10
-3.85476902112714
 20
-2.4942509084584117
 10
-3.9852456032851933
 20
-2.436553801726973
 10
-4.114881114142122
 20
-2.376990986635178
 10
-4.2436488772464145
 20
-2.3155747200448786
 10
-4.371522394712201
 20
-2.252317640221804
 10
-4.498475352671562
 20
-2.187232764235546
 10
-4.624481626689999
 20
-2.1203334852797298
 10
-4.749515287141662
 20
-2.051633569917044
 10
-4.87355060454604
 20
-1.9811471552459352
 10
-4.99656205486167
 20
-1.908888745991021
 10
-5.118524324739155
 20
-1.8348732115193798
 10
-5.239412316729727
 20
-1.7591157827794177
 10
-5.359201154450147
 20
-1.681632049167888
 10
-5.477866187701466
 20
-1.6024379553208519
 10
-5.595382997541947
 20
-1.5215497978333588
 10
-5.71172740131135
 20
-1.4389842219053435
 10
-5.8268754576080255
 20
-1.354758217916583
 10
-5.94080347121519
 20
-1.2688891179311668
 10
-6.0534879979769585
 20
-1.1813945921292088
 10
-6.164905849622187
 20
-1.092292645172165
 10
-6.275034098537617
 20
-1.0016016124974385
 10
-6.383850082484287
 20
-0.9093401565447721
 10
-6.491331409262102
 20
-0.815527262916703
 10
-6.597455961316996
 20
-0.720182236470805
 10
-6.702201900292607
 20
-0.6233246973480391
 10
-6.805547671524437
 20
-0.5249745769349374
 10
-6.907472008474997
 20
-0.4251521137614418
 10
-7.00795393710996
 20
-0.32387784933769126
 10
-7.106972780214619
 20
-0.22117262392532666
 10
-7.204508161648505
 20
-0.1170575722500189
 10
-7.300540010538725
 20
-0.011554119152492603
 10
-7.395048565409979
 20
0.09531602482127255
 10
-7.488014378250682
 20
0.20353086788668406
 10
-7.579418318515536
 20
0.3130681415465233
 10
-7.6692415770625075
 20
0.4239053051732071
 10
-7.757465670022384
 20
0.536019550647211
 10
-7.844072442603192
 20
0.6493878070506298
 10
-7.929044072825718
 20
0.7639867454145133
 10
-8.012363075191047
 20
0.879792783519747
 10
-8.094012304278863
 20
0.9967820907496616
 10
-8.173974958275608
 20
1.114930592994142
 10
-8.252234582431697
 20
1.2342139776030763
 10
-8.32877507244757
 20
1.354607698389941
 10
-8.40358067778834
 20
1.4760869806829078
 10
-8.47663600492399
 20
1.59862682642256
 10
-8.547926020497698
 20
1.7222020193063372
 10
-8.617436054419386
 20
1.8467871299778835
 10
-8.685151802883865
 20
1.9723565212589165
 10
-8.751059331315332
 20
2.0988843534258876
 10
-8.815145077234092
 20
2.226344589526434
 10
-8.877395853047346
 20
2.3547110007384617
 10
-8.937798848763805
 20
2.483957171765951
 10
-8.996341634628834
 20
2.614056506276029
 10
-9.053012163682297
 20
2.744982232371399
 10
-9.107798774238631
 20
2.8767074080992643
 10
-9.160690192285188
 20
3.0092049269961763
 10
-9.211675533802918
 20
3.1424475236651688
 10
-9.260744307006462
 20
3.276407779387114
 10
-9.307886414502264
 20
3.411058127762658
 10
-9.353092155367108
 20
3.546370860384741
 10
-9.39635222714412
 20
3.682318132540672
 10
-9.4376577277568
 20
3.8188719689420623
 10
-9.47700015734165
 20
3.956004269481241
 10
-9.514371419996223
 20
4.093686815014053
 10
-9.54976382544612
 20
4.231891273166752
 10
-9.583170090626481
 20
4.3705892041660945
 10
-9.61458334118197
 20
4.5097520666917035
 10
-9.643997112880243
 20
4.649351223749591
 10
-9.671405352942429
 20
4.789357948564884
 10
-9.696802421289135
 20
4.929743430492977
 10
-9.720183091700733
 20
5.070478780948747
 10
-9.74154255289261
 20
5.211535039350792
 10
-9.760876409505613
 20
5.352883179081232
 10
-9.778180683010419
 20
5.4944941134587
 10
-9.7934518125262
 20
5.636338701723844
 10
-9.806686655553221
 20
5.778387755035965
 10
-9.817882488619603
 20
5.920612042479206
 10
-9.82703700784225
 20
6.062982297078179
 10
-9.834148329400136
 20
6.205469221820522
 10
-9.839214989922311
 20
6.348043495684919
 10
-9.842235946789401
 20
6.490675779675598
 10
-9.843210578347453
 20
6.63333672285944
 10
-9.842138684036286
 20
6.775996968405934
  0
LWPOLYLINE
  5
e37
330
1F
100
AcDbEntity
  8
Multi-Layer
100
AcDbPolyline
 90
439
 70
 1
 43
0
 10
69.30406400812763
 20
7.004013208026436
 10
69.30718220348263
 20
7.146643399341201
 10
69.3123460624688
 20
7.28921418589016
 10
69.31955452246507
 20
7.431696229394788
 10
69.32880610011239
 20
7.574060209838763
 10
69.34009889161598
 20
7.716276831500409
 10
69.35343057314117
 20
7.858316828981856
 10
69.3687984012879
 20
8.000150973230802
 10
69.38619921365876
 20
8.141750077555798
 10
69.40562942950646
 20
8.283085003631754
 10
69.4270850504729
 20
8.424126667496466
 10
69.45056166141126
 20
8.564846045535319
 10
69.47605443129396
 20
8.705214180453936
 10
69.50355811420832
 20
8.845202187236396
 10
69.53306705043451
 20
8.984781259090369
 10
69.5645751676102
 20
9.12392267337384
 10
69.59807598198222
 20
9.2625977975066
 10
69.63356259973807
 20
9.40077809486138
 10
69.6710277184261
 20
9.538435130636685
 10
69.71046362845823
 20
9.675540577708375
 10
69.75186221469608
 20
9.81206622245827
 10
69.79521495811991
 20
9.947983970579685
 10
69.84051293758375
 20
10.083265852859881
 10
69.88774683165002
 20
10.217884030934556
 10
69.93690692050745
 20
10.351810803016633
 10
69.98798308797132
 20
10.485018609597091
 10
70.04096482356636
 20
10.61748003911589
 10
70.09584122468777
 20
10.749167833602542
 10
70.15260099884586
 20
10.880054894285877
 10
70.21123246598995
 20
11.010114287169813
 10
70.27172356091114
 20
11.139319248576157
 10
70.33406183572583
 20
11.267643190652166
 10
70.39823446243713
 20
11.395059706841266
 10
70.4642282355735
 20
11.52154257731786
 10
70.53202957490862
 20
11.647065774381986
 10
70.60162452825284
 20
11.77160346781568
 10
70.67299877432674
 20
11.895130030198857
 10
70.7461376257072
 20
12.017620042181647
 10
70.82102603184921
 20
12.139048297716727
 10
70.89764858218496
 20
12.259389809244794
 10
70.97598950929228
 20
12.378619812837655
 10
71.05603269214157
 20
12.49671377329355
 10
71.13776165941158
 20
12.613647389186326
 10
71.22115959288067
 20
12.72939659786573
 10
71.30620933088562
 20
12.843937580409374
 10
71.39289337185437
 20
12.957246766524577
 10
71.48119387790825
 20
13.069300839397783
 10
71.5710926785298
 20
13.180076740493519
 10
71.66257127430572
 20
13.289551674298991
 10
71.7556108407307
 20
13.397703113014586
 10
71.85019223208224
 20
13.504508801190582
 10
71.9462959853613
 20
13.609946760306457
 10
72.04390232429546
 20
13.713995293292896
 10
72.14299116341022
 20
13.816632988998322
 10
72.24354211216132
 20
13.917838726592777
 10
72.34553447913095
 20
14.017591679916109
 10
72.44894727628571
 20
14.11587132176237
 10
72.55375922329563
 20
14.212657428103967
 10
72.65994875191268
 20
14.30793008225453
 10
72.76749401040979
 20
14.401669678965845
 10
72.87637286807694
 20
14.49385692846306
 10
72.98656291977613
 20
14.584472860414166
 10
73.09804149055026
 20
14.673498827833328
 10
73.21078564029108
 20
14.760916510918719
 10
73.32477216845882
 20
14.846707920821245
 10
73.43997761885612
 20
14.930855403348005
 10
73.5563782844556
 20
15.01334164259299
 10
73.67395021227776
 20
15.094149664502766
 10
73.7926692083206
 20
15.173262840367215
 10
73.91251084253781
 20
15.250664890242888
 10
74.03345045386595
 20
15.326339886302662
 10
74.155463155299
 20
15.400272256112771
 10
74.27852383901131
 20
15.472446785838201
 10
74.40260718152149
 20
15.542848623373175
 10
74.52768764890584
 20
15.611463281396937
 10
74.6537395020514
 20
15.678276640355648
 10
74.78073680195371
 20
15.743274951367084
 10
74.90865341505287
 20
15.806444839050982
 10
75.03746301861338
 20
15.867773304280263
 10
75.16713910613908
 20
15.92724772685699
 10
75.29765499282871
 20
15.984855868108639
 10
75.42898382106591
 20
16.04058587340694
 10
75.56109856594867
 20
16.094426274607486
 10
75.69397204084657
 20
16.14636599240896
 10
75.82757690299923
 20
16.19639433863381
 10
75.96188565913985
 20
16.2445010184274
 10
76.09687067115442
 20
16.290676132376234
 10
76.23250416176916
 20
16.334910178545442
 10
76.36875822026514
 20
16.377194054433858
 10
76.50560480822355
 20
16.417519058847233
 10
76.6430157652942
 20
16.45587689368847
 10
76.78096281499097
 20
16.492259665666097
 10
76.91941757051018
 20
16.526659887917276
 10
77.05835154057218
 20
16.559070481549497
 10
77.19773613528469
 20
16.589484777096686
 10
77.33754267202539
 20
16.617896515892085
 10
77.47774238134457
 20
16.644299851355527
 10
77.61830641288566
 20
16.668689350197496
 10
77.75920584132086
 20
16.691059993536214
 10
77.90041167230515
 20
16.71140717793105
 10
78.04189484844187
 20
16.72972671632965
 10
78.18362625526083
 20
16.746014838929227
 10
78.32557672721305
 20
16.760268193953266
 10
78.46771705366768
 20
16.77248384833979
 10
78.61001798492771
 20
16.782659288346395
 10
78.75245023824573
 20
16.790792420066623
 10
78.89498450385076
 20
16.796881569861057
 10
79.03759145098002
 20
16.800925484701793
 10
79.1802417339145
 20
16.802923332430282
 10
79.32290599801695
 20
16.80287470192866
 10
79.46555488577337
 20
16.80077960320409
 10
79.6081590428339
 20
16.796638467386742
 10
79.75068912405322
 20
16.79045214664154
 10
79.89311579952982
 20
16.78222191399209
 10
80.03540976064096
 20
16.771949463059286
 10
80.17754172607306
 20
16.75963690771266
 10
80.31948244784917
 20
16.745286781634945
 10
80.4612027173464
 20
16.728902037801618
 10
80.60267337130585
 20
16.710486047871882
 10
80.7438652978351
 20
16.690042601496543
 10
80.88474944239874
 20
16.667575905536637
 10
81.02529681379656
 20
16.643090583198727
 10
81.16547849012932
 20
16.616591673082894
 10
81.30526562475097
 20
16.588084628146362
 10
81.44462945220494
 20
16.557575314581186
 10
81.58354129414192
 20
16.525070010607124
 10
81.72197256522327
 20
16.49057540517981
 10
81.85989477900216
 20
16.45409859661379
 10
81.99727955378535
 20
16.415647091122878
 10
82.13409861847504
 20
16.37522880127426
 10
82.27032381838421
 20
16.33285204436129
 10
82.40592712103285
 20
16.288525540691126
 10
82.54088062191431
 20
16.242258411791
 10
82.67515655023863
 20
16.194060178530776
 10
82.80872727464748
 20
16.143940759163797
 10
82.94156530889927
 20
16.091910467285743
 10
83.0736433175257
 20
16.037980009712555
 10
83.2049341214572
 20
15.982160484277301
 10
83.33541070361525
 20
15.924463377545976
 10
83.4650462144723
 20
15.864900562454181
 10
83.5938139775767
 20
15.803484295863882
 10
83.72168749504226
 20
15.740227216040921
 10
83.84864045300174
 20
15.675142340054549
 10
83.97464672702017
 20
15.608243061098733
 10
84.09968038747184
 20
15.539543145736047
 10
84.22371570487621
 20
15.469056731064825
 10
84.34672715519173
 20
15.396798321810024
 10
84.46868942506944
 20
15.32278278733827
 10
84.5895774170599
 20
15.247025358598421
 10
84.7093662547802
 20
15.169541624986891
 10
84.82803128803175
 20
15.090347531139855
 10
84.945548097872
 20
15.009459373652248
 10
85.06189250164152
 20
14.926893797724233
 10
85.1770405579382
 20
14.8426677937357
 10
85.29096857154536
 20
14.75679869375017
 10
85.40365309830713
 20
14.669304167948098
 10
85.51507094995259
 20
14.580202220991168
 10
85.6251991988679
 20
14.489511188316328
 10
85.73401518281457
 20
14.397249732363775
 10
85.84149650959216
 20
14.303436838735593
 10
85.94762106164717
 20
14.208091812289695
 10
86.05236700062301
 20
14.111234273167042
 10
86.15571277185472
 20
14.01288415275394
 10
86.25763710880528
 20
13.913061689580559
 10
86.35811903744002
 20
13.811787425156695
 10
86.45713788054468
 20
13.709082199744216
 10
86.55467326197868
 20
13.604967148069022
 10
86.65070511086901
 20
13.499463694971496
 10
86.74521366574004
 20
13.392593550997617
 10
86.83817947858074
 20
13.28437870793232
 10
86.92958341884582
 20
13.17484143427248
 10
87.01940667739268
 20
13.064004270645682
 10
87.10763077035244
 20
12.951890025171679
 10
87.19423754293325
 20
12.838521768768373
 10
87.27920917315578
 20
12.72392283040449
 10
87.36252817552099
 20
12.608116792299256
 10
87.44417740460904
 20
12.491127485069228
 10
87.52414005860578
 20
12.372978982824861
 10
87.60239968276187
 20
12.25369559821604
 10
87.67894017277763
 20
12.133301877429062
 10
87.7537457781184
 20
12.011822595136096
 10
87.82680110525416
 20
11.889282749396557
 10
87.89809112082776
 20
11.765707556512552
 10
87.96760115474945
 20
11.64112244584112
 10
88.03531690321392
 20
11.515553054560087
 10
88.1012244316455
 20
11.38902522239323
 10
88.16531017756415
 20
11.261564986292456
 10
88.2275609533774
 20
11.133198575080655
 10
88.28796394909386
 20
11.003952404053166
 10
88.34650673495867
 20
10.873853069542974
 10
88.40317726401236
 20
10.742927343447718
 10
88.45796387456858
 20
10.611202167719739
 10
88.51085529261513
 20
10.47870464882294
 10
88.56184063413298
 20
10.345462052153835
 10
88.61090940733652
 20
10.21150179643189
 10
88.65805151483232
 20
10.076851448056345
 10
88.70325725569728
 20
9.941538715434262
 10
88.7465173274743
 20
9.805591443278217
 10
88.78782282808697
 20
9.669037606876941
 10
88.8271652576716
 20
9.531905306337762
 10
88.86453652032628
 20
9.39422276080495
 10
88.89992892577607
 20
9.256018302652251
 10
88.93333519095677
 20
9.117320371653022
 10
88.96474844151226
 20
8.978157509127414
 10
88.99416221321007
 20
8.838558352069299
 10
89.02157045327249
 20
8.698551627254233
 10
89.04696752161908
 20
8.558166145326027
 10
89.07034819203068
 20
8.41743079487037
 10
89.09170765322278
 20
8.27637453646821
 10
89.11104150983579
 20
8.135026396737771
 10
89.12834578334059
 20
7.9934154623603035
 10
89.14361691285626
 20
7.8515708740951595
 10
89.15685175588328
 20
7.709521820783152
 10
89.16804758894978
 20
7.567297533339797
 10
89.1772021081722
 20
7.4249272787408245
 10
89.18431342973008
 20
7.282440353998595
 10
89.18938009025237
 20
7.1398660801341975
 10
89.19240104711957
 20
6.997233796143519
 10
89.19337567867751
 20
6.854572852959677
 10
89.19230378460747
 20
6.711912623825128
 10
89.1891855892527
 20
6.569282432510249
 10
89.18402173026652
 20
6.426711645961291
 10
89.17681327027003
 20
6.284229602456662
 10
89.16756169262294
 20
6.141865622012801
 10
89.15626890111935
 20
5.999649000351042
 10
89.14293721959416
 20
5.857609002869708
 10
89.12756939144742
 20
5.715774858620648
 10
89.11016857907657
 20
5.574175754295766
 10
89.09073836322887
 20
5.432840828219696
 10
89.06928274226243
 20
5.291799164354984
 10
89.04580613132407
 20
5.1510797863161315
 10
89.02031336144137
 20
5.010711651397628
 10
88.99280967852701
 20
4.870723644615055
 10
88.96330074230104
 20
4.731144572761082
 10
88.9317926251249
 20
4.59200315847761
 10
88.89829181075311
 20
4.453328034344963
 10
88.86280519299726
 20
4.31514773699007
 10
88.825340074309
 20
4.177490701214765
 10
88.78590416427687
 20
4.040385254143075
 10
88.74450557803925
 20
3.903859609393294
 10
88.70115283461541
 20
3.767941861271879
 10
88.65585485515157
 20
3.6326599789916827
 10
88.60862096108508
 20
3.498041800917008
 10
88.55946087222787
 20
3.364115028834817
 10
88.50838470476378
 20
3.230907222254359
 10
88.45540296916897
 20
3.0984457927355606
 10
88.40052656804755
 20
2.9667579982489087
 10
88.34376679388947
 20
2.8358709375655735
 10
88.2851353267456
 20
2.7058115446816373
 10
88.22464423182419
 20
2.576606583275293
 10
88.1623059570095
 20
2.4482826411993983
 10
88.09813333029842
 20
2.320866125010184
 10
88.0321395571616
 20
2.1943832545337045
 10
87.96433821782671
 20
2.0688600574695784
 10
87.89474326448249
 20
1.94432236403577
 10
87.82336901840858
 20
1.8207958016527073
 10
87.75023016702835
 20
1.6983057896698028
 10
87.67534176088611
 20
1.5768775341348373
 10
87.59871921055037
 20
1.456536022606656
 10
87.52037828344305
 20
1.3373060190139086
 10
87.44033510059376
 20
1.2192120585579005
 10
87.35860613332352
 20
1.1022784426651242
 10
87.27520819985466
 20
0.9865292339858343
 10
87.19015846184993
 20
0.871988251442076
 10
87.10347442088073
 20
0.7586790653269873
 10
87.0151739148273
 20
0.6466249924536669
 10
86.92527511420553
 20
0.5358490913579317
 10
86.83379651842961
 20
0.4263741575526865
 10
86.74075695200486
 20
0.31822271883709163
 10
86.64617556065286
 20
0.21141703066098216
 10
86.55007180737425
 20
0.1059790715452209
 10
86.4524654684401
 20
0.0019305385585539625
 10
86.35337662932534
 20
-0.10070715714675771
 10
86.25282568057423
 20
-0.20191289474121277
 10
86.15083331360461
 20
-0.30166584806465835
 10
86.04742051644962
 20
-0.3999454899108059
 10
85.94260856943993
 20
-0.4967315962525163
 10
85.83641904082288
 20
-0.5920042504029652
 10
85.72887378232554
 20
-0.6857438471142814
 10
85.61999492465839
 20
-0.7779310966114963
 10
85.50980487295942
 20
-0.8685470285626025
 10
85.39832630218507
 20
-0.9575729959817636
 10
85.28558215244402
 20
-1.0449906790671548
 10
85.1715956242765
 20
-1.130782088969795
 10
85.05639017387944
 20
-1.2149295714963273
 10
84.93998950827995
 20
-1.2974158107415406
 10
84.8224175804578
 20
-1.3782238326512015
 10
84.70369858441495
 20
-1.4573370085157649
 10
84.58385695019774
 20
-1.5347390583914375
 10
84.4629173388696
 20
-1.6104140544510983
 10
84.34090463743632
 20
-1.6843464242610935
 10
84.21784395372424
 20
-1.756520953986751
 10
84.09376061121407
 20
-1.8269227915216106
 10
83.96868014382972
 20
-1.8955374495454862
 10
83.84262829068393
 20
-1.962350808504084
 10
83.71563099078185
 20
-2.027349119515634
 10
83.58771437768246
 20
-2.0905190071994184
 10
83.45890477412195
 20
-2.1518474724288126
 10
83.32922868659648
 20
-2.2113218950055398
 10
83.19871279990684
 20
-2.268930036257075
 10
83.06738397166941
 20
-2.3246600415554894
 10
82.93526922678689
 20
-2.3785004427559215
 10
82.80239575188875
 20
-2.430440160557282
 10
82.6687908897361
 20
-2.4804685067822447
 10
82.5344821335957
 20
-2.5285751865758357
 10
82.39949712158091
 20
-2.57475030052467
 10
82.2638636309664
 20
-2.6189843466938783
 10
82.12760957247019
 20
-2.6612682225822937
 10
81.99076298451178
 20
-2.7015932269956693
 10
81.85335202744113
 20
-2.7399510618370186
 10
81.71540497774458
 20
-2.776333833814647
 10
81.57695022222538
 20
-2.810734056065826
 10
81.43801625216338
 20
-2.843144649698047
 10
81.29863165745087
 20
-2.873558945245236
 10
81.15882512070993
 20
-2.9019706840406343
 10
81.01862541139076
 20
-2.9283740195040764
 10
80.8780613798499
 20
-2.952763518346046
 10
80.73716195141469
 20
-2.975134161684764
 10
80.59595612043017
 20
-2.9954813460796004
 10
80.45447294429368
 20
-3.013800884478087
 10
80.31274153747427
 20
-3.030089007077777
 10
80.17079106552251
 20
-3.044342362101702
 10
80.02865073906764
 20
-3.0565580164883386
 10
79.88634980780762
 20
-3.066733456494944
 10
79.74391755448983
 20
-3.0748665882151727
 10
79.60138328888479
 20
-3.0809557380096066
 10
79.45877634175531
 20
-3.0849996528503425
 10
79.31612605882106
 20
-3.086997500578832
 10
79.1734617947186
 20
-3.086948870077208
 10
79.03081290696218
 20
-3.0848537713525275
 10
78.88820874990165
 20
-3.080712635535292
 10
78.74567866868233
 20
-3.0745263147900914
 10
78.6032519932055
 20
-3.0662960821406386
 10
78.4609580320946
 20
-3.056023631207836
 10
78.3188260666625
 20
-3.0437110758612107
 10
78.17688534488616
 20
-3.029360949783495
 10
78.03516507538916
 20
-3.0129762059500536
 10
77.8936944214297
 20
-2.9945602160204317
 10
77.75250249490023
 20
-2.974116769645093
 10
77.61161835033658
 20
-2.9516500736851867
 10
77.471070978939
 20
-2.927164751347277
 10
77.33088930260624
 20
-2.9006658412314437
 10
77.19110216798413
 20
-2.8721587962949116
 10
77.05173834053039
 20
-2.8416494827297356
 10
76.9128264985934
 20
-2.809144178755787
 10
76.77439522751206
 20
-2.774649573328361
 10
76.6364730137334
 20
-2.738172764762453
 10
76.49908823894975
 20
-2.6997212592715414
 10
76.36226917426029
 20
-2.6593029694228107
 10
76.22604397435089
 20
-2.616926212509725
 10
76.09044067170271
 20
-2.5725997088396753
 10
75.95548717082124
 20
-2.526332579939549
 10
75.8212112424967
 20
-2.4781343466794397
 10
75.68764051808785
 20
-2.428014927312347
 10
75.55480248383606
 20
-2.3759846354342926
 10
75.42272447520963
 20
-2.322054177861105
 10
75.2914336712779
 20
-2.2662346524259647
 10
75.1609570891203
 20
-2.2085375456946394
 10
75.03132157826303
 20
-2.148974730602845
 10
74.90255381515885
 20
-2.0875584640124316
 10
74.77468029769307
 20
-2.024301384189471
 10
74.64772733973359
 20
-1.9592165082032125
 10
74.52172106571538
 20
-1.8923172292473964
 10
74.39668740526372
 20
-1.8236173138847107
 10
74.27265208785911
 20
-1.7531308992134882
 10
74.1496406375436
 20
-1.680872489958574
 10
74.02767836766611
 20
-1.6068569554869327
 10
73.90679037567566
 20
-1.5310995267470844
 10
73.78700153795512
 20
-1.4536157931355547
 10
73.6683365047038
 20
-1.3744216992884049
 10
73.5508196948631
 20
-1.2935335418009117
 10
73.4344752910938
 20
-1.2109679658728965
 10
73.31932723479713
 20
-1.1267419618842496
 10
73.20539922118996
 20
-1.0408728618987197
 10
73.09271469442842
 20
-0.9533783360967618
 10
72.98129684278297
 20
-0.864276389139718
 10
72.87116859386765
 20
-0.7735853564649915
 10
72.76235260992098
 20
-0.6813239005124387
 10
72.65487128314294
 20
-0.587511006884256
 10
72.54874673108839
 20
-0.492165980438358
 10
72.44400079211255
 20
-0.39530844131570575
 10
72.34065502088083
 20
-0.2969583209024904
 10
72.23873068393027
 20
-0.19713585772910847
 10
72.13824875529508
 20
-0.09586159330535793
 10
72.03922991219042
 20
0.0068436321071203565
 10
71.94169453075665
 20
0.11095868378242812
 10
71.84566268186632
 20
0.21646213687995441
 10
71.75115412699529
 20
0.32333228085371957
 10
71.65818831415459
 20
0.4315471239191311
 10
71.56678437388973
 20
0.5410843975789703
 10
71.47696111534265
 20
0.6519215612056541
 10
71.38873702238266
 20
0.764035806679658
 10
71.30213024980208
 20
0.8774040630830768
 10
71.21715861957955
 20
0.9920030014469603
 10
71.13383961721411
 20
1.1078090395520803
 10
71.05219038812629
 20
1.2247983467821086
 10
70.97222773412955
 20
1.342946849026589
 10
70.89396810997346
 20
1.4622302336354096
 10
70.8174276199577
 20
1.5826239544223881
 10
70.7426220146167
 20
1.704103236715241
 10
70.66956668748116
 20
1.8266430824548934
 10
70.59827667190757
 20
1.9502182753387842
 10
70.52876663798611
 20
2.0748033860103305
 10
70.4610508895214
 20
2.20037277729125
 10
70.39514336108982
 20
2.326900609458221
 10
70.33105761517118
 20
2.454360845558881
 10
70.26880683935792
 20
2.582727256770795
 10
70.20840384364146
 20
2.711973427798398
 10
70.14986105777666
 20
2.842072762308362
 10
70.09319052872297
 20
2.972998488403732
 10
70.03840391816675
 20
3.1047236641317113
 10
69.9855125001202
 20
3.2372211830285096
 10
69.93452715860235
 20
3.370463779697616
 10
69.8854583853988
 20
3.504424035419561
 10
69.838316277903
 20
3.639074383795105
 10
69.79311053703805
 20
3.774387116417188
 10
69.74985046526103
 20
3.910334388573119
 10
69.70854496464835
 20
4.046888224974396
 10
69.66920253506373
 20
4.184020525513688
 10
69.63183127240904
 20
4.3217030710465
 10
69.59643886695926
 20
4.459907529199086
 10
69.56303260177856
 20
4.598605460198428
 10
69.53161935122307
 20
4.7377683227241505
 10
69.50220557952503
 20
4.877367479782038
 10
69.47479733946284
 20
5.017374204597218
 10
69.44940027111602
 20
5.157759686525424
 10
69.42601960070442
 20
5.29849503698108
 10
69.40466013951254
 20
5.4395512953832394
 10
69.38532628289954
 20
5.580899435113679
 10
69.36802200939474
 20
5.722510369491147
 10
69.35275087987907
 20
5.864354957756291
 10
69.33951603685182
 20
6.006404011068412
 10
69.32832020378555
 20
6.148628298511653
 10
69.3191656845629
 20
6.290998553110626
 10
69.31205436300525
 20
6.433485477852855
 10
69.30698770248296
 20
6.576059751717253
 10
69.30396674561575
 20
6.718692035707932
 10
69.30299211405782
 20
6.861352978891773
 10
69.30406400836887
 20
7.004013224438268
0
HATCH
5
e39
100
AcDbEntity
8
TopPasteMaskLayer
100
AcDbHatch
10
0
20
0
30
0
210
0
220
0
230
1
2
SOLID
70
1
71
0
91
1
92
7
72
0
73
1
93
8
10
67.14899669799343
20
20.731013462026908
10
67.14899669799343
20
21.191008382016776
10
67.18900177800356
20
21.231013462026908
10
67.68963677927354
20
21.231013462026908
10
67.72964185928367
20
21.191008382016776
10
67.72964185928367
20
20.731013462026908
10
67.68963677927354
20
20.691008382016776
10
67.18900177800356
20
20.691008382016776
97
1
330

75
0
76
1
47
0.4128176842155181
98
1
10
34.90568961886538
20
22.81183545379326
450
0
451
0
460
0
461
0
452
1
462
1
453
2
463
0
63
5
421
255
463
1
63
7
421
16777215
470
LINEAR
1001
ACAD
1010
0
1020
0
1030
0
0
HATCH
5
e3b
100
AcDbEntity
8
TopPasteMaskLayer
100
AcDbHatch
10
0
20
0
30
0
210
0
220
0
230
1
2
SOLID
70
1
71
0
91
1
92
7
72
0
73
1
93
8
10
66.87899415798825
20
20.731013462026908
10
66.87899415798825
20
21.191008382016776
10
66.83898907797811
20
21.231013462026908
10
66.33835407670813
20
21.231013462026908
10
66.298348996698
20
21.191008382016776
10
66.298348996698
20
20.731013462026908
10
66.33835407670813
20
20.691008382016776
10
66.83898907797811
20
20.691008382016776
97
1
330

75
0
76
1
47
0.4128176842155181
98
1
10
34.90568961886538
20
22.81183545379326
450
0
451
0
460
0
461
0
452
1
462
1
453
2
463
0
63
5
421
255
463
1
63
7
421
16777215
470
LINEAR
1001
ACAD
1010
0
1020
0
1030
0
0
HATCH
5
e3d
100
AcDbEntity
8
TopPasteMaskLayer
100
AcDbHatch
10
0
20
0
30
0
210
0
220
0
230
1
2
SOLID
70
1
71
0
91
1
92
7
72
0
73
1
93
8
10
50.916002032004144
20
134.10497840995686
10
50.916002032004144
20
133.644983489967
10
50.875996951993784
20
133.60497840995686
10
50.37536195072403
20
133.60497840995686
10
50.33535687071367
20
133.644983489967
10
50.33535687071367
20
134.10497840995686
10
50.37536195072403
20
134.144983489967
10
50.875996951993784
20
134.144983489967
97
1
330

75
0
76
1
47
0.4128176842155181
98
1
10
34.90568961886538
20
22.81183545379326
450
0
451
0
460
0
461
0
452
1
462
1
453
2
463
0
63
5
421
255
463
1
63
7
421
16777215
470
LINEAR
1001
ACAD
1010
0
1020
0
1030
0
0
HATCH
5
e3f
100
AcDbEntity
8
TopPasteMaskLayer
100
AcDbHatch
10
0
20
0
30
0
210
0
220
0
230
1
2
SOLID
70
1
71
0
91
1
92
7
72
0
73
1
93
8
10
51.1860045720091
20
134.10497840995686
10
51.1860045720091
20
133.644983489967
10
51.22600965201946
20
133.60497840995686
10
51.72664465328921
20
133.60497840995686
10
51.76664973329957
20
133.644983489967
10
51.76664973329957
20
134.10497840995686
10
51.72664465328921
20
134.144983489967
10
51.22600965201946
20
134.144983489967
97
1
330

75
0
76
1
47
0.4128176842155181
98
1
10
34.90568961886538
20
22.81183545379326
450
0
451
0
460
0
461
0
452
1
462
1
453
2
463
0
63
5
421
255
463
1
63
7
421
16777215
470
LINEAR
1001
ACAD
1010
0
1020
0
1030
0
0
HATCH
5
e41
100
AcDbEntity
8
TopPasteMaskLayer
100
AcDbHatch
10
0
20
0
30
0
210
0
220
0
230
1
2
SOLID
70
1
71
0
91
1
92
7
72
0
73
1
93
12
10
65.31397002794006
20
123.85100330200657
10
65.31397002794006
20
125.13098806197615
10
65.36398272796532
20
125.18100076200153
10
66.51399542799095
20
125.18100076200153
10
66.56398272796537
20
125.13098806197615
10
66.56901193802378
20
124.7209550419102
10
66.11899923799842
20
124.7209550419102
10
66.11899923799842
20
124.27096774193558
10
66.55900431800865
20
124.27096774193558
10
66.56398272796537
20
123.85100330200657
10
66.51399542799095
20
123.8009906019812
10
65.36398272796532
20
123.8009906019812
97
1
330

75
0
76
1
47
0.4128176842155181
98
1
10
34.90568961886538
20
22.81183545379326
450
0
451
0
460
0
461
0
452
1
462
1
453
2
463
0
63
5
421
255
463
1
63
7
421
16777215
470
LINEAR
1001
ACAD
1010
0
1020
0
1030
0
0
HATCH
5
e43
100
AcDbEntity
8
TopPasteMaskLayer
100
AcDbHatch
10
0
20
0
30
0
210
0
220
0
230
1
2
SOLID
70
1
71
0
91
1
92
7
72
0
73
1
93
12
10
67.46398272796546
20
123.85100330200657
10
67.4640081280163
20
124.27096774193558
10
67.90899161798325
20
124.27096774193558
10
67.90899161798325
20
124.7209550419102
10
67.46901193802387
20
124.7209550419102
10
67.46398272796546
20
125.13098806197615
10
67.51399542799095
20
125.18100076200153
10
68.6639827279655
20
125.18100076200153
10
68.713995427991
20
125.13098806197615
10
68.713995427991
20
123.85100330200657
10
68.6639827279655
20
123.8009906019812
10
67.51399542799095
20
123.8009906019812
97
1
330

75
0
76
1
47
0.4128176842155181
98
1
10
34.90568961886538
20
22.81183545379326
450
0
451
0
460
0
461
0
452
1
462
1
453
2
463
0
63
5
421
255
463
1
63
7
421
16777215
470
LINEAR
1001
ACAD
1010
0
1020
0
1030
0
0
HATCH
5
e45
100
AcDbEntity
8
TopPasteMaskLayer
100
AcDbHatch
10
0
20
0
30
0
210
0
220
0
230
1
2
SOLID
70
1
71
0
91
1
92
7
72
0
73
1
93
12
10
64.84899669799324
20
117.28298196596393
10
63.569011938024005
20
117.28298196596393
10
63.518999237998514
20
117.3329946659893
10
63.518999237998514
20
118.4830073660147
10
63.569011938024005
20
118.53299466598935
10
63.97904495809007
20
118.53802387604776
10
63.97904495809007
20
118.08801117602229
10
64.42903225806458
20
118.08801117602229
10
64.42903225806458
20
118.52801625603252
10
64.84899669799324
20
118.53299466598935
10
64.89900939801896
20
118.4830073660147
10
64.89900939801896
20
117.3329946659893
97
1
330

75
0
76
1
47
0.4128176842155181
98
1
10
34.90568961886538
20
22.81183545379326
450
0
451
0
460
0
461
0
452
1
462
1
453
2
463
0
63
5
421
255
463
1
63
7
421
16777215
470
LINEAR
1001
ACAD
1010
0
1020
0
1030
0
0
HATCH
5
e47
100
AcDbEntity
8
TopPasteMaskLayer
100
AcDbHatch
10
0
20
0
30
0
210
0
220
0
230
1
2
SOLID
70
1
71
0
91
1
92
7
72
0
73
1
93
12
10
64.84899669799324
20
119.43299466598933
10
64.42903225806458
20
119.43302006604017
10
64.42903225806458
20
119.87800355600712
10
63.97904495809007
20
119.87800355600712
10
63.97904495809007
20
119.43802387604774
10
63.569011938024005
20
119.43299466598933
10
63.518999237998514
20
119.4830073660147
10
63.518999237998514
20
120.63299466598937
10
63.569011938024005
20
120.68300736601475
10
64.84899669799324
20
120.68300736601475
10
64.89900939801896
20
120.63299466598937
10
64.89900939801896
20
119.4830073660147
97
1
330

75
0
76
1
47
0.4128176842155181
98
1
10
34.90568961886538
20
22.81183545379326
450
0
451
0
460
0
461
0
452
1
462
1
453
2
463
0
63
5
421
255
463
1
63
7
421
16777215
470
LINEAR
1001
ACAD
1010
0
1020
0
1030
0
0
HATCH
5
e49
100
AcDbEntity
8
TopPasteMaskLayer
100
AcDbHatch
10
0
20
0
30
0
210
0
220
0
230
1
2
SOLID
70
1
71
0
91
1
92
7
72
0
73
1
93
16
10
57.513487426974734
20
122.2550165100331
10
57.152171704343345
20
122.2550165100331
10
57.052171704343436
20
122.35501651003301
10
57.052171704343436
20
122.56558293116586
10
56.9521717043433
20
122.66558293116589
10
56.57381254762504
20
122.66558293116589
10
56.47381254762513
20
122.56558293116586
10
56.47381254762513
20
122.35501651003301
10
56.37381254762499
20
122.2550165100331
10
56.012496824993605
20
122.2550165100331
10
55.91249682499347
20
122.35501651003301
10
55.91249682499347
20
123.3625349250699
10
56.012496824993605
20
123.46253492506992
10
57.513487426974734
20
123.46253492506992
10
57.61348742697487
20
123.3625349250699
10
57.61348742697487
20
122.35501651003301
97
1
330

75
0
76
1
47
0.4128176842155181
98
1
10
34.90568961886538
20
22.81183545379326
450
0
451
0
460
0
461
0
452
1
462
1
453
2
463
0
63
5
421
255
463
1
63
7
421
16777215
470
LINEAR
1001
ACAD
1010
0
1020
0
1030
0
0
HATCH
5
e4b
100
AcDbEntity
8
TopPasteMaskLayer
100
AcDbHatch
10
0
20
0
30
0
210
0
220
0
230
1
2
SOLID
70
1
71
0
91
1
92
7
72
0
73
1
93
16
10
57.513487426974734
20
120.50500381000757
10
57.152171704343345
20
120.50500381000757
10
57.052171704343436
20
120.40500381000766
10
57.052171704343436
20
120.1944373888748
10
56.9521717043433
20
120.09443738887478
10
56.57381254762504
20
120.09443738887478
10
56.47381254762513
20
120.1944373888748
10
56.47381254762513
20
120.40500381000766
10
56.37381254762499
20
120.50500381000757
10
56.012496824993605
20
120.50500381000757
10
55.91249682499347
20
120.40500381000766
10
55.91249682499347
20
119.39748539497077
10
56.012496824993605
20
119.29748539497075
10
57.513487426974734
20
119.29748539497075
10
57.61348742697487
20
119.39748539497077
10
57.61348742697487
20
120.40500381000766
97
1
330

75
0
76
1
47
0.4128176842155181
98
1
10
34.90568961886538
20
22.81183545379326
450
0
451
0
460
0
461
0
452
1
462
1
453
2
463
0
63
5
421
255
463
1
63
7
421
16777215
470
LINEAR
1001
ACAD
1010
0
1020
0
1030
0
0
HATCH
5
e4d
100
AcDbEntity
8
TopPasteMaskLayer
100
AcDbHatch
10
0
20
0
30
0
210
0
220
0
230
1
2
SOLID
70
1
71
0
91
1
92
7
72
0
73
1
93
12
10
29.240030480061023
20
25.477012954025895
10
29.240030480061023
20
24.19702819405643
10
29.190017780035532
20
24.147015494031052
10
28.040005080010133
20
24.147015494031052
10
27.990017780035714
20
24.19702819405643
10
27.984988569977304
20
24.607061214122496
10
28.43500127000243
20
24.607061214122496
10
28.43500127000243
20
25.05704851409712
10
27.994996189992435
20
25.05704851409712
10
27.990017780035714
20
25.477012954025895
10
28.040005080010133
20
25.527025654051272
10
29.190017780035532
20
25.527025654051272
97
1
330

75
0
76
1
47
0.4128176842155181
98
1
10
34.90568961886538
20
22.81183545379326
450
0
451
0
460
0
461
0
452
1
462
1
453
2
463
0
63
5
421
255
463
1
63
7
421
16777215
470
LINEAR
1001
ACAD
1010
0
1020
0
1030
0
0
HATCH
5
e4f
100
AcDbEntity
8
TopPasteMaskLayer
100
AcDbHatch
10
0
20
0
30
0
210
0
220
0
230
1
2
SOLID
70
1
71
0
91
1
92
7
72
0
73
1
93
12
10
27.090017780035623
20
25.477012954025895
10
27.08999237998478
20
25.05704851409712
10
26.645008890017834
20
25.05704851409712
10
26.645008890017834
20
24.607061214122496
10
27.084988569977213
20
24.607061214122496
10
27.090017780035623
20
24.19702819405643
10
27.040005080010133
20
24.147015494031052
10
25.890017780035578
20
24.147015494031052
10
25.840005080010314
20
24.19702819405643
10
25.840005080010314
20
25.477012954025895
10
25.890017780035578
20
25.527025654051272
10
27.040005080010133
20
25.527025654051272
97
1
330

75
0
76
1
47
0.4128176842155181
98
1
10
34.90568961886538
20
22.81183545379326
450
0
451
0
460
0
461
0
452
1
462
1
453
2
463
0
63
5
421
255
463
1
63
7
421
16777215
470
LINEAR
1001
ACAD
1010
0
1020
0
1030
0
0
HATCH
5
e51
100
AcDbEntity
8
TopPasteMaskLayer
100
AcDbHatch
10
0
20
0
30
0
210
0
220
0
230
1
2
SOLID
70
1
71
0
91
1
92
7
72
0
73
1
93
16
10
31.832004064008288
20
26.5854965709932
10
31.832004064008288
20
26.94681229362459
10
31.932004064008197
20
27.046812293624612
10
32.14257048514082
20
27.046812293624612
10
32.24257048514096
20
27.146812293624635
10
32.24257048514096
20
27.525171450342896
10
32.14257048514082
20
27.62517145034292
10
31.932004064008197
20
27.62517145034292
10
31.832004064008288
20
27.72517145034294
10
31.832004064008288
20
28.08648717297433
10
31.932004064008197
20
28.186487172974353
10
32.939522479044854
20
28.186487172974353
10
33.03952247904499
20
28.08648717297433
10
33.03952247904499
20
26.5854965709932
10
32.939522479044854
20
26.485496570993178
10
31.932004064008197
20
26.485496570993178
97
1
330

75
0
76
1
47
0.4128176842155181
98
1
10
34.90568961886538
20
22.81183545379326
450
0
451
0
460
0
461
0
452
1
462
1
453
2
463
0
63
5
421
255
463
1
63
7
421
16777215
470
LINEAR
1001
ACAD
1010
0
1020
0
1030
0
0
HATCH
5
e53
100
AcDbEntity
8
TopPasteMaskLayer
100
AcDbHatch
10
0
20
0
30
0
210
0
220
0
230
1
2
SOLID
70
1
71
0
91
1
92
7
72
0
73
1
93
16
10
30.081991363982752
20
26.5854965709932
10
30.081991363982752
20
26.94681229362459
10
29.981991363982843
20
27.046812293624612
10
29.77142494284999
20
27.046812293624612
10
29.671424942849853
20
27.146812293624635
10
29.671424942849853
20
27.525171450342896
10
29.77142494284999
20
27.62517145034292
10
29.981991363982843
20
27.62517145034292
10
30.081991363982752
20
27.72517145034294
10
30.081991363982752
20
28.08648717297433
10
29.981991363982843
20
28.186487172974353
10
28.97447294894596
20
28.186487172974353
10
28.874472948945822
20
28.08648717297433
10
28.874472948945822
20
26.5854965709932
10
28.97447294894596
20
26.485496570993178
10
29.981991363982843
20
26.485496570993178
97
1
330

75
0
76
1
47
0.4128176842155181
98
1
10
34.90568961886538
20
22.81183545379326
450
0
451
0
460
0
461
0
452
1
462
1
453
2
463
0
63
5
421
255
463
1
63
7
421
16777215
470
LINEAR
1001
ACAD
1010
0
1020
0
1030
0
0
HATCH
5
e55
100
AcDbEntity
8
TopPasteMaskLayer
100
AcDbHatch
10
0
20
0
30
0
210
0
220
0
230
1
2
SOLID
70
1
71
0
91
1
92
7
72
0
73
1
93
12
10
32.50401320802666
20
23.335001270002522
10
32.50401320802666
20
22.055016510032942
10
32.454000508000945
20
22.005003810007565
10
31.303987807975773
20
22.005003810007565
10
31.2540005080009
20
22.055016510032942
10
31.248971297942717
20
22.46504953009901
10
31.69898399796807
20
22.46504953009901
10
31.69898399796807
20
22.915036830073632
10
31.258978917957847
20
22.915036830073632
10
31.2540005080009
20
23.335001270002522
10
31.303987807975773
20
23.385013970028012
10
32.454000508000945
20
23.385013970028012
97
1
330

75
0
76
1
47
0.4128176842155181
98
1
10
34.90568961886538
20
22.81183545379326
450
0
451
0
460
0
461
0
452
1
462
1
453
2
463
0
63
5
421
255
463
1
63
7
421
16777215
470
LINEAR
1001
ACAD
1010
0
1020
0
1030
0
0
HATCH
5
e57
100
AcDbEntity
8
TopPasteMaskLayer
100
AcDbHatch
10
0
20
0
30
0
210
0
220
0
230
1
2
SOLID
70
1
71
0
91
1
92
7
72
0
73
1
93
12
10
30.354000508001036
20
23.335001270002522
10
30.35397510795019
20
22.915036830073632
10
29.908991617983247
20
22.915036830073632
10
29.908991617983247
20
22.46504953009901
10
30.348971297942626
20
22.46504953009901
10
30.354000508001036
20
22.055016510032942
10
30.303987807975773
20
22.005003810007565
10
29.15400050800099
20
22.005003810007565
10
29.103987807975727
20
22.055016510032942
10
29.103987807975727
20
23.335001270002522
10
29.15400050800099
20
23.385013970028012
10
30.303987807975773
20
23.385013970028012
97
1
330

75
0
76
1
47
0.4128176842155181
98
1
10
34.90568961886538
20
22.81183545379326
450
0
451
0
460
0
461
0
452
1
462
1
453
2
463
0
63
5
421
255
463
1
63
7
421
16777215
470
LINEAR
1001
ACAD
1010
0
1020
0
1030
0
0
HATCH
5
e59
100
AcDbEntity
8
TopPasteMaskLayer
100
AcDbHatch
10
0
20
0
30
0
210
0
220
0
230
1
2
SOLID
70
1
71
0
91
1
92
7
72
0
73
1
93
12
10
38.833020066040035
20
126.11399542799086
10
38.03302006604008
20
126.11399542799086
10
37.98300736601482
20
126.06398272796548
10
37.98300736601482
20
125.83601727203461
10
38.35300990601968
20
125.83601727203461
10
38.35300990601968
20
125.50601981203965
10
37.98300736601482
20
125.50601981203965
10
37.98300736601482
20
125.26398272796541
10
38.03302006604008
20
125.21399542799088
10
38.833020066040035
20
125.21399542799088
10
38.88300736601491
20
125.26398272796541
10
38.88300736601491
20
126.06398272796548
97
1
330

75
0
76
1
47
0.4128176842155181
98
1
10
34.90568961886538
20
22.81183545379326
450
0
451
0
460
0
461
0
452
1
462
1
453
2
463
0
63
5
421
255
463
1
63
7
421
16777215
470
LINEAR
1001
ACAD
1010
0
1020
0
1030
0
0
HATCH
5
e5b
100
AcDbEntity
8
TopPasteMaskLayer
100
AcDbHatch
10
0
20
0
30
0
210
0
220
0
230
1
2
SOLID
70
1
71
0
91
1
92
7
72
0
73
1
93
12
10
36.44297688595361
20
125.21402082804161
10
37.242976885953794
20
125.21402082804161
10
37.292989585979285
20
125.26403352806699
10
37.292989585979285
20
125.49199898399797
10
36.92298704597397
20
125.49199898399797
10
36.92298704597397
20
125.82199644399282
10
37.292989585979285
20
125.82199644399282
10
37.292989585979285
20
126.06403352806706
10
37.242976885953794
20
126.1140208280417
10
36.44297688595361
20
126.1140208280417
10
36.392989585979194
20
126.06403352806706
10
36.392989585979194
20
125.26403352806699
97
1
330

75
0
76
1
47
0.4128176842155181
98
1
10
34.90568961886538
20
22.81183545379326
450
0
451
0
460
0
461
0
452
1
462
1
453
2
463
0
63
5
421
255
463
1
63
7
421
16777215
470
LINEAR
1001
ACAD
1010
0
1020
0
1030
0
0
HATCH
5
e5d
100
AcDbEntity
8
TopPasteMaskLayer
100
AcDbHatch
10
0
20
0
30
0
210
0
220
0
230
1
2
SOLID
70
1
71
0
91
1
92
7
72
0
73
1
93
8
10
44.33700787401585
20
125.94500889001779
10
44.33700787401585
20
125.48501397002804
10
44.29700279400549
20
125.44500889001779
10
43.79636779273574
20
125.44500889001779
10
43.75636271272538
20
125.48501397002804
10
43.75636271272538
20
125.94500889001779
10
43.79636779273574
20
125.98501397002804
10
44.29700279400549
20
125.98501397002804
97
1
330

75
0
76
1
47
0.4128176842155181
98
1
10
34.90568961886538
20
22.81183545379326
450
0
451
0
460
0
461
0
452
1
462
1
453
2
463
0
63
5
421
255
463
1
63
7
421
16777215
470
LINEAR
1001
ACAD
1010
0
1020
0
1030
0
0
HATCH
5
e5f
100
AcDbEntity
8
TopPasteMaskLayer
100
AcDbHatch
10
0
20
0
30
0
210
0
220
0
230
1
2
SOLID
70
1
71
0
91
1
92
7
72
0
73
1
93
8
10
44.607010414020806
20
125.94500889001779
10
44.607010414020806
20
125.48501397002804
10
44.647015494031166
20
125.44500889001779
10
45.14765049530092
20
125.44500889001779
10
45.18765557531128
20
125.48501397002804
10
45.18765557531128
20
125.94500889001779
10
45.14765049530092
20
125.98501397002804
10
44.647015494031166
20
125.98501397002804
97
1
330

75
0
76
1
47
0.4128176842155181
98
1
10
34.90568961886538
20
22.81183545379326
450
0
451
0
460
0
461
0
452
1
462
1
453
2
463
0
63
5
421
255
463
1
63
7
421
16777215
470
LINEAR
1001
ACAD
1010
0
1020
0
1030
0
0
HATCH
5
e61
100
AcDbEntity
8
TopPasteMaskLayer
100
AcDbHatch
10
0
20
0
30
0
210
0
220
0
230
1
2
SOLID
70
1
71
0
91
1
92
7
72
0
73
1
93
8
10
44.34401828803675
20
133.71717043434091
10
44.80401320802639
20
133.71717043434091
10
44.84401828803675
20
133.67716535433067
10
44.84401828803675
20
133.17653035306068
10
44.80401320802639
20
133.13652527305055
10
44.34401828803675
20
133.13652527305055
10
44.30401320802639
20
133.17653035306068
10
44.30401320802639
20
133.67716535433067
97
1
330

75
0
76
1
47
0.4128176842155181
98
1
10
34.90568961886538
20
22.81183545379326
450
0
451
0
460
0
461
0
452
1
462
1
453
2
463
0
63
5
421
255
463
1
63
7
421
16777215
470
LINEAR
1001
ACAD
1010
0
1020
0
1030
0
0
HATCH
5
e63
100
AcDbEntity
8
TopPasteMaskLayer
100
AcDbHatch
10
0
20
0
30
0
210
0
220
0
230
1
2
SOLID
70
1
71
0
91
1
92
7
72
0
73
1
93
8
10
44.34401828803675
20
133.98717297434598
10
44.80401320802639
20
133.98717297434598
10
44.84401828803675
20
134.0271780543561
10
44.84401828803675
20
134.5278130556261
10
44.80401320802639
20
134.56781813563634
10
44.34401828803675
20
134.56781813563634
10
44.30401320802639
20
134.5278130556261
10
44.30401320802639
20
134.0271780543561
97
1
330

75
0
76
1
47
0.4128176842155181
98
1
10
34.90568961886538
20
22.81183545379326
450
0
451
0
460
0
461
0
452
1
462
1
453
2
463
0
63
5
421
255
463
1
63
7
421
16777215
470
LINEAR
1001
ACAD
1010
0
1020
0
1030
0
0
HATCH
5
e65
100
AcDbEntity
8
TopPasteMaskLayer
100
AcDbHatch
10
0
20
0
30
0
210
0
220
0
230
1
2
SOLID
70
1
71
0
91
1
92
7
72
0
73
1
93
12
10
46.031013462026976
20
19.045999491999055
10
46.031013462026976
20
20.32598425196852
10
46.08102616205247
20
20.375996951993898
10
47.23103886207764
20
20.375996951993898
10
47.28102616205251
20
20.32598425196852
10
47.28605537211092
20
19.915951231902454
10
46.83604267208534
20
19.915951231902454
10
46.83604267208534
20
19.46596393192783
10
47.276047752095565
20
19.46596393192783
10
47.28102616205251
20
19.045999491999055
10
47.23103886207764
20
18.995986791973678
10
46.08102616205247
20
18.995986791973678
97
1
330

75
0
76
1
47
0.4128176842155181
98
1
10
34.90568961886538
20
22.81183545379326
450
0
451
0
460
0
461
0
452
1
462
1
453
2
463
0
63
5
421
255
463
1
63
7
421
16777215
470
LINEAR
1001
ACAD
1010
0
1020
0
1030
0
0
HATCH
5
e67
100
AcDbEntity
8
TopPasteMaskLayer
100
AcDbHatch
10
0
20
0
30
0
210
0
220
0
230
1
2
SOLID
70
1
71
0
91
1
92
7
72
0
73
1
93
12
10
49.44097028194051
20
20.326009652019252
10
49.44097028194051
20
19.046024892049786
10
49.39095758191502
20
18.99601219202441
10
48.240944881889845
20
18.99601219202441
10
48.1909575819152
20
19.046024892049786
10
48.18592837185656
20
19.456057912115853
10
48.635941071882144
20
19.456057912115853
10
48.635941071882144
20
19.906045212090476
10
48.19593599187215
20
19.906045212090476
10
48.1909575819152
20
20.326009652019252
10
48.240944881889845
20
20.376022352044743
10
49.39095758191502
20
20.376022352044743
97
1
330

75
0
76
1
47
0.4128176842155181
98
1
10
34.90568961886538
20
22.81183545379326
450
0
451
0
460
0
461
0
452
1
462
1
453
2
463
0
63
5
421
255
463
1
63
7
421
16777215
470
LINEAR
1001
ACAD
1010
0
1020
0
1030
0
0
HATCH
5
e69
100
AcDbEntity
8
TopSilkLayer
100
AcDbHatch
10
0
20
0
30
0
210
0
220
0
230
1
2
SOLID
70
1
71
0
91
1
92
7
72
0
73
1
93
4
10
51.00198120396226
20
127.29438658877314
10
51.00198120396226
20
126.76588773177548
10
50.54478028956078
20
126.76588773177548
10
50.54478028956078
20
127.29438658877314
97
1
330

75
0
76
1
47
0.4128176842155181
98
1
10
34.90568961886538
20
22.81183545379326
450
0
451
0
460
0
461
0
452
1
462
1
453
2
463
0
63
5
421
255
463
1
63
7
421
16777215
470
LINEAR
1001
ACAD
1010
0
1020
0
1030
0
0
HATCH
5
e6b
100
AcDbEntity
8
TopSilkLayer
100
AcDbHatch
10
0
20
0
30
0
210
0
220
0
230
1
2
SOLID
70
1
71
0
91
1
92
7
72
0
73
1
93
4
10
51.00198120396226
20
124.33959867919737
10
51.00198120396226
20
124.86809753619514
10
50.54478028956078
20
124.86809753619514
10
50.54478028956078
20
124.33959867919737
97
1
330

75
0
76
1
47
0.4128176842155181
98
1
10
34.90568961886538
20
22.81183545379326
450
0
451
0
460
0
461
0
452
1
462
1
453
2
463
0
63
5
421
255
463
1
63
7
421
16777215
470
LINEAR
1001
ACAD
1010
0
1020
0
1030
0
0
HATCH
5
e6d
100
AcDbEntity
8
Document
100
AcDbHatch
10
0
20
0
30
0
210
0
220
0
230
1
2
SOLID
70
1
71
0
91
1
92
7
72
0
73
1
93
4
10
51.20073660147318
20
125.71762763525533
10
51.20073660147318
20
125.91635763271529
10
51.99573279146557
20
125.91635763271529
10
51.99573279146557
20
125.71762763525533
97
1
330

75
0
76
1
47
0.4128176842155181
98
1
10
34.90568961886538
20
22.81183545379326
450
0
451
0
460
0
461
0
452
1
462
1
453
2
463
0
63
5
421
255
463
1
63
7
421
16777215
470
LINEAR
1001
ACAD
1010
0
1020
0
1030
0
0
HATCH
5
e6f
100
AcDbEntity
8
Document
100
AcDbHatch
10
0
20
0
30
0
210
0
220
0
230
1
2
SOLID
70
1
71
0
91
1
92
7
72
0
73
1
93
4
10
56.103251206502364
20
125.71762763525533
10
56.103251206502364
20
125.91635763271529
10
55.308255016509975
20
125.91635763271529
10
55.308255016509975
20
125.71762763525533
97
1
330

75
0
76
1
47
0.4128176842155181
98
1
10
34.90568961886538
20
22.81183545379326
450
0
451
0
460
0
461
0
452
1
462
1
453
2
463
0
63
5
421
255
463
1
63
7
421
16777215
470
LINEAR
1001
ACAD
1010
0
1020
0
1030
0
0
HATCH
5
e71
100
AcDbEntity
8
Document
100
AcDbHatch
10
0
20
0
30
0
210
0
220
0
230
1
2
SOLID
70
1
71
0
91
1
92
7
72
0
73
1
93
4
10
55.805130810261744
20
125.15448310896625
10
55.805130810261744
20
126.47950215900426
10
55.60637541275082
20
126.47950215900426
10
55.60637541275082
20
125.15448310896625
97
1
330

75
0
76
1
47
0.4128176842155181
98
1
10
34.90568961886538
20
22.81183545379326
450
0
451
0
460
0
461
0
452
1
462
1
453
2
463
0
63
5
421
255
463
1
63
7
421
16777215
470
LINEAR
1001
ACAD
1010
0
1020
0
1030
0
0
HATCH
5
e73
100
AcDbEntity
8
Document
100
AcDbHatch
10
0
20
0
30
0
210
0
220
0
230
1
2
SOLID
70
1
71
0
91
1
92
7
72
0
73
1
93
4
10
50.741986283972665
20
117.45298450596908
10
49.421996443993066
20
117.45298450596908
10
49.421996443993066
20
117.25499110998226
10
50.741986283972665
20
117.25499110998226
97
1
330

75
0
76
1
47
0.4128176842155181
98
1
10
34.90568961886538
20
22.81183545379326
450
0
451
0
460
0
461
0
452
1
462
1
453
2
463
0
63
5
421
255
463
1
63
7
421
16777215
470
LINEAR
1001
ACAD
1010
0
1020
0
1030
0
0
HATCH
5
e75
100
AcDbEntity
8
Document
100
AcDbHatch
10
0
20
0
30
0
210
0
220
0
230
1
2
SOLID
70
1
71
0
91
1
92
7
72
0
73
1
93
4
10
50.18100076200153
20
117.74998729997469
10
49.98298196596397
20
117.74998729997469
10
49.98298196596397
20
116.95798831597665
10
50.18100076200153
20
116.95798831597665
97
1
330

75
0
76
1
47
0.4128176842155181
98
1
10
34.90568961886538
20
22.81183545379326
450
0
451
0
460
0
461
0
452
1
462
1
453
2
463
0
63
5
421
255
463
1
63
7
421
16777215
470
LINEAR
1001
ACAD
1010
0
1020
0
1030
0
0
HATCH
5
e77
100
AcDbEntity
8
Document
100
AcDbHatch
10
0
20
0
30
0
210
0
220
0
230
1
2
SOLID
70
1
71
0
91
1
92
7
72
0
73
1
93
4
10
50.18100076200153
20
111.54597409194821
10
49.98298196596397
20
111.54597409194821
10
49.98298196596397
20
112.33797307594625
10
50.18100076200153
20
112.33797307594625
97
1
330

75
0
76
1
47
0.4128176842155181
98
1
10
34.90568961886538
20
22.81183545379326
450
0
451
0
460
0
461
0
452
1
462
1
453
2
463
0
63
5
421
255
463
1
63
7
421
16777215
470
LINEAR
1001
ACAD
1010
0
1020
0
1030
0
0
HATCH
5
e79
100
AcDbEntity
8
TopSilkLayer
100
AcDbHatch
10
0
20
0
30
0
210
0
220
0
230
1
2
SOLID
70
1
71
0
91
1
92
7
72
0
73
1
93
4
10
49.22397764795528
20
117.45298450596908
10
47.90398780797568
20
117.45298450596908
10
47.90398780797568
20
117.25499110998226
10
49.22397764795528
20
117.25499110998226
97
1
330

75
0
76
1
47
0.4128176842155181
98
1
10
34.90568961886538
20
22.81183545379326
450
0
451
0
460
0
461
0
452
1
462
1
453
2
463
0
63
5
421
255
463
1
63
7
421
16777215
470
LINEAR
1001
ACAD
1010
0
1020
0
1030
0
0
HATCH
5
e7b
100
AcDbEntity
8
TopSilkLayer
100
AcDbHatch
10
0
20
0
30
0
210
0
220
0
230
1
2
SOLID
70
1
71
0
91
1
92
7
72
0
73
1
93
4
10
48.66299212598415
20
117.74998729997469
10
48.46499872999743
20
117.74998729997469
10
48.46499872999743
20
116.95798831597665
10
48.66299212598415
20
116.95798831597665
97
1
330

75
0
76
1
47
0.4128176842155181
98
1
10
34.90568961886538
20
22.81183545379326
450
0
451
0
460
0
461
0
452
1
462
1
453
2
463
0
63
5
421
255
463
1
63
7
421
16777215
470
LINEAR
1001
ACAD
1010
0
1020
0
1030
0
0
HATCH
5
e7d
100
AcDbEntity
8
TopSilkLayer
100
AcDbHatch
10
0
20
0
30
0
210
0
220
0
230
1
2
SOLID
70
1
71
0
91
1
92
7
72
0
73
1
93
4
10
48.66299212598415
20
111.54597409194821
10
48.46499872999743
20
111.54597409194821
10
48.46499872999743
20
112.33797307594625
10
48.66299212598415
20
112.33797307594625
97
1
330

75
0
76
1
47
0.4128176842155181
98
1
10
34.90568961886538
20
22.81183545379326
450
0
451
0
460
0
461
0
452
1
462
1
453
2
463
0
63
5
421
255
463
1
63
7
421
16777215
470
LINEAR
1001
ACAD
1010
0
1020
0
1030
0
0
HATCH
5
e7f
100
AcDbEntity
8
TopPasteMaskLayer
100
AcDbHatch
10
0
20
0
30
0
210
0
220
0
230
1
2
SOLID
70
1
71
0
91
1
92
7
72
0
73
1
93
12
10
63.36403352806724
20
21.257988315976604
10
62.56403352806706
20
21.257988315976604
10
62.514020828041566
20
21.207975615951227
10
62.514020828041566
20
20.980010160020356
10
62.88402336804688
20
20.980010160020356
10
62.88402336804688
20
20.6500127000254
10
62.514020828041566
20
20.6500127000254
10
62.514020828041566
20
20.407975615951273
10
62.56403352806706
20
20.357988315976627
10
63.36403352806724
20
20.357988315976627
10
63.41402082804166
20
20.407975615951273
10
63.41402082804166
20
21.207975615951227
97
1
330

75
0
76
1
47
0.4128176842155181
98
1
10
34.90568961886538
20
22.81183545379326
450
0
451
0
460
0
461
0
452
1
462
1
453
2
463
0
63
5
421
255
463
1
63
7
421
16777215
470
LINEAR
1001
ACAD
1010
0
1020
0
1030
0
0
HATCH
5
e81
100
AcDbEntity
8
TopPasteMaskLayer
100
AcDbHatch
10
0
20
0
30
0
210
0
220
0
230
1
2
SOLID
70
1
71
0
91
1
92
7
72
0
73
1
93
12
10
60.973990347980816
20
20.35801371602747
10
61.77399034798077
20
20.35801371602747
10
61.824003048006034
20
20.40802641605285
10
61.824003048006034
20
20.63599187198372
10
61.45400050800117
20
20.63599187198372
10
61.45400050800117
20
20.965989331978676
10
61.824003048006034
20
20.965989331978676
10
61.824003048006034
20
21.208026416052803
10
61.77399034798077
20
21.258013716027335
10
60.973990347980816
20
21.258013716027335
10
60.92400304800617
20
21.208026416052803
10
60.92400304800617
20
20.40802641605285
97
1
330

75
0
76
1
47
0.4128176842155181
98
1
10
34.90568961886538
20
22.81183545379326
450
0
451
0
460
0
461
0
452
1
462
1
453
2
463
0
63
5
421
255
463
1
63
7
421
16777215
470
LINEAR
1001
ACAD
1010
0
1020
0
1030
0
0
HATCH
5
e83
100
AcDbEntity
8
TopPasteMaskLayer
100
AcDbHatch
10
0
20
0
30
0
210
0
220
0
230
1
2
SOLID
70
1
71
0
91
1
92
7
72
0
73
1
93
12
10
60.40601981203963
20
21.257988315976604
10
59.606019812039676
20
21.257988315976604
10
59.556007112014186
20
21.207975615951227
10
59.556007112014186
20
20.980010160020356
10
59.9260096520195
20
20.980010160020356
10
59.9260096520195
20
20.6500127000254
10
59.556007112014186
20
20.6500127000254
10
59.556007112014186
20
20.407975615951273
10
59.606019812039676
20
20.357988315976627
10
60.40601981203963
20
20.357988315976627
10
60.45600711201428
20
20.407975615951273
10
60.45600711201428
20
21.207975615951227
97
1
330

75
0
76
1
47
0.4128176842155181
98
1
10
34.90568961886538
20
22.81183545379326
450
0
451
0
460
0
461
0
452
1
462
1
453
2
463
0
63
5
421
255
463
1
63
7
421
16777215
470
LINEAR
1001
ACAD
1010
0
1020
0
1030
0
0
HATCH
5
e85
100
AcDbEntity
8
TopPasteMaskLayer
100
AcDbHatch
10
0
20
0
30
0
210
0
220
0
230
1
2
SOLID
70
1
71
0
91
1
92
7
72
0
73
1
93
12
10
58.015976631953436
20
20.35801371602747
10
58.81597663195339
20
20.35801371602747
10
58.86598933197865
20
20.40802641605285
10
58.86598933197865
20
20.63599187198372
10
58.49598679197379
20
20.63599187198372
10
58.49598679197379
20
20.965989331978676
10
58.86598933197865
20
20.965989331978676
10
58.86598933197865
20
21.208026416052803
10
58.81597663195339
20
21.258013716027335
10
58.015976631953436
20
21.258013716027335
10
57.96598933197856
20
21.208026416052803
10
57.96598933197856
20
20.40802641605285
97
1
330

75
0
76
1
47
0.4128176842155181
98
1
10
34.90568961886538
20
22.81183545379326
450
0
451
0
460
0
461
0
452
1
462
1
453
2
463
0
63
5
421
255
463
1
63
7
421
16777215
470
LINEAR
1001
ACAD
1010
0
1020
0
1030
0
0
HATCH
5
e87
100
AcDbEntity
8
Document
100
AcDbHatch
10
0
20
0
30
0
210
0
220
0
230
1
2
SOLID
70
1
71
0
91
1
92
7
72
0
73
1
93
4
10
17.93680467360946
20
95.41033782067575
10
17.93680467360946
20
95.66433832867676
10
15.396799593599326
20
95.66433832867676
10
15.396799593599326
20
95.41033782067575
97
1
330

75
0
76
1
47
0.4128176842155181
98
1
10
34.90568961886538
20
22.81183545379326
450
0
451
0
460
0
461
0
452
1
462
1
453
2
463
0
63
5
421
255
463
1
63
7
421
16777215
470
LINEAR
1001
ACAD
1010
0
1020
0
1030
0
0
HATCH
5
e89
100
AcDbEntity
8
Document
100
AcDbHatch
10
0
20
0
30
0
210
0
220
0
230
1
2
SOLID
70
1
71
0
91
1
92
7
72
0
73
1
93
4
10
16.814681229362577
20
96.81384302768606
10
16.56068072136145
20
96.81384302768606
10
16.56068072136145
20
94.27383794767593
10
16.814681229362577
20
94.27383794767593
97
1
330

75
0
76
1
47
0.4128176842155181
98
1
10
34.90568961886538
20
22.81183545379326
450
0
451
0
460
0
461
0
452
1
462
1
453
2
463
0
63
5
421
255
463
1
63
7
421
16777215
470
LINEAR
1001
ACAD
1010
0
1020
0
1030
0
0
HATCH
5
e8b
100
AcDbEntity
8
Document
100
AcDbHatch
10
0
20
0
30
0
210
0
220
0
230
1
2
SOLID
70
1
71
0
91
1
92
7
72
0
73
1
93
4
10
16.80345440690894
20
41.42501905003803
10
16.549453898907814
20
41.42501905003803
10
16.549453898907814
20
38.8850139700279
10
16.80345440690894
20
38.8850139700279
97
1
330

75
0
76
1
47
0.4128176842155181
98
1
10
34.90568961886538
20
22.81183545379326
450
0
451
0
460
0
461
0
452
1
462
1
453
2
463
0
63
5
421
255
463
1
63
7
421
16777215
470
LINEAR
1001
ACAD
1010
0
1020
0
1030
0
0
HATCH
5
e8d
100
AcDbEntity
8
Document
100
AcDbHatch
10
0
20
0
30
0
210
0
220
0
230
1
2
SOLID
70
1
71
0
91
1
92
7
72
0
73
1
93
4
10
38.29062738125481
20
43.10568961137926
10
38.29062738125481
20
42.85168910337825
10
40.83063246126494
20
42.85168910337825
10
40.83063246126494
20
43.10568961137926
97
1
330

75
0
76
1
47
0.4128176842155181
98
1
10
34.90568961886538
20
22.81183545379326
450
0
451
0
460
0
461
0
452
1
462
1
453
2
463
0
63
5
421
255
463
1
63
7
421
16777215
470
LINEAR
1001
ACAD
1010
0
1020
0
1030
0
0
HATCH
5
e8f
100
AcDbEntity
8
Document
100
AcDbHatch
10
0
20
0
30
0
210
0
220
0
230
1
2
SOLID
70
1
71
0
91
1
92
7
72
0
73
1
93
4
10
39.41275082550169
20
41.702184404368836
10
39.66675133350259
20
41.702184404368836
10
39.66675133350259
20
44.24218948437897
10
39.41275082550169
20
44.24218948437897
97
1
330

75
0
76
1
47
0.4128176842155181
98
1
10
34.90568961886538
20
22.81183545379326
450
0
451
0
460
0
461
0
452
1
462
1
453
2
463
0
63
5
421
255
463
1
63
7
421
16777215
470
LINEAR
1001
ACAD
1010
0
1020
0
1030
0
0
HATCH
5
e91
100
AcDbEntity
8
Document
100
AcDbHatch
10
0
20
0
30
0
210
0
220
0
230
1
2
SOLID
70
1
71
0
91
1
92
7
72
0
73
1
93
4
10
39.423977647955326
20
97.09100838201675
10
39.677978155956225
20
97.09100838201675
10
39.677978155956225
20
99.63101346202689
10
39.423977647955326
20
99.63101346202689
97
1
330

75
0
76
1
47
0.4128176842155181
98
1
10
34.90568961886538
20
22.81183545379326
450
0
451
0
460
0
461
0
452
1
462
1
453
2
463
0
63
5
421
255
463
1
63
7
421
16777215
470
LINEAR
1001
ACAD
1010
0
1020
0
1030
0
0
HATCH
5
e93
100
AcDbEntity
8
Document
100
AcDbHatch
10
0
20
0
30
0
210
0
220
0
230
1
2
SOLID
70
1
71
0
91
1
92
7
72
0
73
1
93
4
10
63.68382016764053
20
95.4103124206249
10
63.68382016764053
20
95.66431292862592
10
61.1438150876304
20
95.66431292862592
10
61.1438150876304
20
95.4103124206249
97
1
330

75
0
76
1
47
0.4128176842155181
98
1
10
34.90568961886538
20
22.81183545379326
450
0
451
0
460
0
461
0
452
1
462
1
453
2
463
0
63
5
421
255
463
1
63
7
421
16777215
470
LINEAR
1001
ACAD
1010
0
1020
0
1030
0
0
HATCH
5
e95
100
AcDbEntity
8
Document
100
AcDbHatch
10
0
20
0
30
0
210
0
220
0
230
1
2
SOLID
70
1
71
0
91
1
92
7
72
0
73
1
93
4
10
62.561696723393425
20
96.81381762763522
10
62.307696215392525
20
96.81381762763522
10
62.307696215392525
20
94.27381254762508
10
62.561696723393425
20
94.27381254762508
97
1
330

75
0
76
1
47
0.4128176842155181
98
1
10
34.90568961886538
20
22.81183545379326
450
0
451
0
460
0
461
0
452
1
462
1
453
2
463
0
63
5
421
255
463
1
63
7
421
16777215
470
LINEAR
1001
ACAD
1010
0
1020
0
1030
0
0
HATCH
5
e97
100
AcDbEntity
8
Document
100
AcDbHatch
10
0
20
0
30
0
210
0
220
0
230
1
2
SOLID
70
1
71
0
91
1
92
7
72
0
73
1
93
4
10
62.55046990093979
20
41.4249936499873
10
62.29646939293889
20
41.4249936499873
10
62.29646939293889
20
38.88498856997717
10
62.55046990093979
20
38.88498856997717
97
1
330

75
0
76
1
47
0.4128176842155181
98
1
10
34.90568961886538
20
22.81183545379326
450
0
451
0
460
0
461
0
452
1
462
1
453
2
463
0
63
5
421
255
463
1
63
7
421
16777215
470
LINEAR
1001
ACAD
1010
0
1020
0
1030
0
0
HATCH
5
e99
100
AcDbEntity
8
TopPasteMaskLayer
100
AcDbHatch
10
0
20
0
30
0
210
0
220
0
230
1
2
SOLID
70
1
71
0
91
1
92
7
72
0
73
1
93
12
10
52.539014478029
20
122.01402082804168
10
52.539014478029
20
121.21402082804161
10
52.589027178054266
20
121.16400812801623
10
52.81699263398514
20
121.16400812801623
10
52.81699263398514
20
121.53401066802144
10
53.14699009398032
20
121.53401066802144
10
53.14699009398032
20
121.16400812801623
10
53.38902717805445
20
121.16400812801623
10
53.439014478029094
20
121.21402082804161
10
53.439014478029094
20
122.01402082804168
10
53.38902717805445
20
122.06400812801621
10
52.589027178054266
20
122.06400812801621
97
1
330

75
0
76
1
47
0.4128176842155181
98
1
10
34.90568961886538
20
22.81183545379326
450
0
451
0
460
0
461
0
452
1
462
1
453
2
463
0
63
5
421
255
463
1
63
7
421
16777215
470
LINEAR
1001
ACAD
1010
0
1020
0
1030
0
0
HATCH
5
e9b
100
AcDbEntity
8
TopPasteMaskLayer
100
AcDbHatch
10
0
20
0
30
0
210
0
220
0
230
1
2
SOLID
70
1
71
0
91
1
92
7
72
0
73
1
93
12
10
53.43898907797802
20
119.62397764795537
10
53.43898907797802
20
120.42397764795533
10
53.38897637795276
20
120.4739903479807
10
53.16101092202189
20
120.4739903479807
10
53.16101092202189
20
120.10398780797561
10
52.83101346202716
20
120.10398780797561
10
52.83101346202716
20
120.4739903479807
10
52.588976377952804
20
120.4739903479807
10
52.53898907797816
20
120.42397764795533
10
52.53898907797816
20
119.62397764795537
10
52.588976377952804
20
119.57399034798073
10
53.38897637795276
20
119.57399034798073
97
1
330

75
0
76
1
47
0.4128176842155181
98
1
10
34.90568961886538
20
22.81183545379326
450
0
451
0
460
0
461
0
452
1
462
1
453
2
463
0
63
5
421
255
463
1
63
7
421
16777215
470
LINEAR
1001
ACAD
1010
0
1020
0
1030
0
0
HATCH
5
e9d
100
AcDbEntity
8
Document
100
AcDbHatch
10
0
20
0
30
0
210
0
220
0
230
1
2
SOLID
70
1
71
0
91
1
92
7
72
0
73
1
93
4
10
31.62301244602486
20
124.3890017780036
10
32.943002286004685
20
124.3890017780036
10
32.943002286004685
20
124.58699517399032
10
31.62301244602486
20
124.58699517399032
97
1
330

75
0
76
1
47
0.4128176842155181
98
1
10
34.90568961886538
20
22.81183545379326
450
0
451
0
460
0
461
0
452
1
462
1
453
2
463
0
63
5
421
255
463
1
63
7
421
16777215
470
LINEAR
1001
ACAD
1010
0
1020
0
1030
0
0
HATCH
5
e9f
100
AcDbEntity
8
Document
100
AcDbHatch
10
0
20
0
30
0
210
0
220
0
230
1
2
SOLID
70
1
71
0
91
1
92
7
72
0
73
1
93
4
10
32.18399796799599
20
124.091998983998
10
32.38201676403355
20
124.091998983998
10
32.38201676403355
20
124.88399796799592
10
32.18399796799599
20
124.88399796799592
97
1
330

75
0
76
1
47
0.4128176842155181
98
1
10
34.90568961886538
20
22.81183545379326
450
0
451
0
460
0
461
0
452
1
462
1
453
2
463
0
63
5
421
255
463
1
63
7
421
16777215
470
LINEAR
1001
ACAD
1010
0
1020
0
1030
0
0
HATCH
5
ea1
100
AcDbEntity
8
Document
100
AcDbHatch
10
0
20
0
30
0
210
0
220
0
230
1
2
SOLID
70
1
71
0
91
1
92
7
72
0
73
1
93
4
10
32.18399796799599
20
130.29601219202436
10
32.38201676403355
20
130.29601219202436
10
32.38201676403355
20
129.50401320802644
10
32.18399796799599
20
129.50401320802644
97
1
330

75
0
76
1
47
0.4128176842155181
98
1
10
34.90568961886538
20
22.81183545379326
450
0
451
0
460
0
461
0
452
1
462
1
453
2
463
0
63
5
421
255
463
1
63
7
421
16777215
470
LINEAR
1001
ACAD
1010
0
1020
0
1030
0
0
HATCH
5
ea3
100
AcDbEntity
8
TopSilkLayer
100
AcDbHatch
10
0
20
0
30
0
210
0
220
0
230
1
2
SOLID
70
1
71
0
91
1
92
7
72
0
73
1
93
4
10
33.14102108204224
20
124.3890017780036
10
34.46101092202184
20
124.3890017780036
10
34.46101092202184
20
124.58699517399032
10
33.14102108204224
20
124.58699517399032
97
1
330

75
0
76
1
47
0.4128176842155181
98
1
10
34.90568961886538
20
22.81183545379326
450
0
451
0
460
0
461
0
452
1
462
1
453
2
463
0
63
5
421
255
463
1
63
7
421
16777215
470
LINEAR
1001
ACAD
1010
0
1020
0
1030
0
0
HATCH
5
ea5
100
AcDbEntity
8
TopSilkLayer
100
AcDbHatch
10
0
20
0
30
0
210
0
220
0
230
1
2
SOLID
70
1
71
0
91
1
92
7
72
0
73
1
93
4
10
33.70200660401315
20
124.091998983998
10
33.899999999999864
20
124.091998983998
10
33.899999999999864
20
124.88399796799592
10
33.70200660401315
20
124.88399796799592
97
1
330

75
0
76
1
47
0.4128176842155181
98
1
10
34.90568961886538
20
22.81183545379326
450
0
451
0
460
0
461
0
452
1
462
1
453
2
463
0
63
5
421
255
463
1
63
7
421
16777215
470
LINEAR
1001
ACAD
1010
0
1020
0
1030
0
0
HATCH
5
ea7
100
AcDbEntity
8
TopSilkLayer
100
AcDbHatch
10
0
20
0
30
0
210
0
220
0
230
1
2
SOLID
70
1
71
0
91
1
92
7
72
0
73
1
93
4
10
33.70200660401315
20
130.29601219202436
10
33.899999999999864
20
130.29601219202436
10
33.899999999999864
20
129.50401320802644
10
33.70200660401315
20
129.50401320802644
97
1
330

75
0
76
1
47
0.4128176842155181
98
1
10
34.90568961886538
20
22.81183545379326
450
0
451
0
460
0
461
0
452
1
462
1
453
2
463
0
63
5
421
255
463
1
63
7
421
16777215
470
LINEAR
1001
ACAD
1010
0
1020
0
1030
0
0
HATCH
5
ea9
100
AcDbEntity
8
TopPasteMaskLayer
100
AcDbHatch
10
0
20
0
30
0
210
0
220
0
230
1
2
SOLID
70
1
71
0
91
1
92
7
72
0
73
1
93
12
10
54.34300228600455
20
22.16301752603499
10
53.06301752603508
20
22.16301752603499
10
53.01300482600959
20
22.21303022606037
10
53.01300482600959
20
23.363042926085882
10
53.06301752603508
20
23.413030226060414
10
53.47305054610115
20
23.418059436118824
10
53.47305054610115
20
22.96804673609347
10
53.92303784607566
20
22.96804673609347
10
53.92303784607566
20
23.40805181610358
10
54.34300228600455
20
23.413030226060414
10
54.39301498603004
20
23.363042926085882
10
54.39301498603004
20
22.21303022606037
97
1
330

75
0
76
1
47
0.4128176842155181
98
1
10
34.90568961886538
20
22.81183545379326
450
0
451
0
460
0
461
0
452
1
462
1
453
2
463
0
63
5
421
255
463
1
63
7
421
16777215
470
LINEAR
1001
ACAD
1010
0
1020
0
1030
0
0
HATCH
5
eab
100
AcDbEntity
8
TopPasteMaskLayer
100
AcDbHatch
10
0
20
0
30
0
210
0
220
0
230
1
2
SOLID
70
1
71
0
91
1
92
7
72
0
73
1
93
12
10
53.06299212598424
20
25.57297434594875
10
54.3429768859537
20
25.57297434594875
10
54.392989585979194
20
25.522961645923374
10
54.392989585979194
20
24.37294894589786
10
54.3429768859537
20
24.32296164592333
10
53.93294386588764
20
24.31793243586492
10
53.93294386588764
20
24.767945135890272
10
53.48295656591313
20
24.767945135890272
10
53.48295656591313
20
24.327940055880163
10
53.06299212598424
20
24.32296164592333
10
53.01297942595875
20
24.37294894589786
10
53.01297942595875
20
25.522961645923374
97
1
330

75
0
76
1
47
0.4128176842155181
98
1
10
34.90568961886538
20
22.81183545379326
450
0
451
0
460
0
461
0
452
1
462
1
453
2
463
0
63
5
421
255
463
1
63
7
421
16777215
470
LINEAR
1001
ACAD
1010
0
1020
0
1030
0
0
HATCH
5
ead
100
AcDbEntity
8
TopPasteMaskLayer
100
AcDbHatch
10
0
20
0
30
0
210
0
220
0
230
1
2
SOLID
70
1
71
0
91
1
92
7
72
0
73
1
93
12
10
46.031013462026976
20
21.086004572009188
10
46.031013462026976
20
22.365989331978653
10
46.08102616205247
20
22.41600203200403
10
47.23103886207764
20
22.41600203200403
10
47.28102616205251
20
22.365989331978653
10
47.28605537211092
20
21.955956311912587
10
46.83604267208534
20
21.955956311912587
10
46.83604267208534
20
21.505969011937964
10
47.276047752095565
20
21.505969011937964
10
47.28102616205251
20
21.086004572009188
10
47.23103886207764
20
21.035991871983697
10
46.08102616205247
20
21.035991871983697
97
1
330

75
0
76
1
47
0.4128176842155181
98
1
10
34.90568961886538
20
22.81183545379326
450
0
451
0
460
0
461
0
452
1
462
1
453
2
463
0
63
5
421
255
463
1
63
7
421
16777215
470
LINEAR
1001
ACAD
1010
0
1020
0
1030
0
0
HATCH
5
eaf
100
AcDbEntity
8
TopPasteMaskLayer
100
AcDbHatch
10
0
20
0
30
0
210
0
220
0
230
1
2
SOLID
70
1
71
0
91
1
92
7
72
0
73
1
93
12
10
49.44097028194051
20
22.366014732029385
10
49.44097028194051
20
21.08602997205992
10
49.39095758191502
20
21.03601727203454
10
48.240944881889845
20
21.03601727203454
10
48.1909575819152
20
21.08602997205992
10
48.18592837185656
20
21.496062992125985
10
48.635941071882144
20
21.496062992125985
10
48.635941071882144
20
21.946050292100608
10
48.19593599187215
20
21.946050292100608
10
48.1909575819152
20
22.366014732029385
10
48.240944881889845
20
22.416027432054875
10
49.39095758191502
20
22.416027432054875
97
1
330

75
0
76
1
47
0.4128176842155181
98
1
10
34.90568961886538
20
22.81183545379326
450
0
451
0
460
0
461
0
452
1
462
1
453
2
463
0
63
5
421
255
463
1
63
7
421
16777215
470
LINEAR
1001
ACAD
1010
0
1020
0
1030
0
0
HATCH
5
eb1
100
AcDbEntity
8
TopPasteMaskLayer
100
AcDbHatch
10
0
20
0
30
0
210
0
220
0
230
1
2
SOLID
70
1
71
0
91
1
92
7
72
0
73
1
93
8
10
61.54198628397262
20
19.308001016002095
10
61.265989331978744
20
19.308001016002095
10
61.241986283972665
20
19.33200406400806
10
61.241986283972665
20
19.661442722885454
10
61.265989331978744
20
19.685445770891533
10
61.54198628397262
20
19.685445770891533
10
61.5659893319787
20
19.661442722885454
10
61.5659893319787
20
19.33200406400806
97
1
330

75
0
76
1
47
0.4128176842155181
98
1
10
34.90568961886538
20
22.81183545379326
450
0
451
0
460
0
461
0
452
1
462
1
453
2
463
0
63
5
421
255
463
1
63
7
421
16777215
470
LINEAR
1001
ACAD
1010
0
1020
0
1030
0
0
HATCH
5
eb3
100
AcDbEntity
8
TopPasteMaskLayer
100
AcDbHatch
10
0
20
0
30
0
210
0
220
0
230
1
2
SOLID
70
1
71
0
91
1
92
7
72
0
73
1
93
8
10
61.54198628397262
20
19.145999491999078
10
61.265989331978744
20
19.145999491999078
10
61.241986283972665
20
19.121996443992884
10
61.241986283972665
20
18.792557785115605
10
61.265989331978744
20
18.76855473710941
10
61.54198628397262
20
18.76855473710941
10
61.5659893319787
20
18.792557785115605
10
61.5659893319787
20
19.121996443992884
97
1
330

75
0
76
1
47
0.4128176842155181
98
1
10
34.90568961886538
20
22.81183545379326
450
0
451
0
460
0
461
0
452
1
462
1
453
2
463
0
63
5
421
255
463
1
63
7
421
16777215
470
LINEAR
1001
ACAD
1010
0
1020
0
1030
0
0
HATCH
5
eb5
100
AcDbEntity
8
TopPasteMaskLayer
100
AcDbHatch
10
0
20
0
30
0
210
0
220
0
230
1
2
SOLID
70
1
71
0
91
1
92
7
72
0
73
1
93
12
10
46.031013462026976
20
23.126009652019206
10
46.031013462026976
20
24.4059944119889
10
46.08102616205247
20
24.456007112014277
10
47.23103886207764
20
24.456007112014277
10
47.28102616205251
20
24.4059944119889
10
47.28605537211092
20
23.99596139192272
10
46.83604267208534
20
23.99596139192272
10
46.83604267208534
20
23.54597409194821
10
47.276047752095565
20
23.54597409194821
10
47.28102616205251
20
23.126009652019206
10
47.23103886207764
20
23.07599695199383
10
46.08102616205247
20
23.07599695199383
97
1
330

75
0
76
1
47
0.4128176842155181
98
1
10
34.90568961886538
20
22.81183545379326
450
0
451
0
460
0
461
0
452
1
462
1
453
2
463
0
63
5
421
255
463
1
63
7
421
16777215
470
LINEAR
1001
ACAD
1010
0
1020
0
1030
0
0
HATCH
5
eb7
100
AcDbEntity
8
TopPasteMaskLayer
100
AcDbHatch
10
0
20
0
30
0
210
0
220
0
230
1
2
SOLID
70
1
71
0
91
1
92
7
72
0
73
1
93
12
10
49.44097028194051
20
24.40601981203963
10
49.44097028194051
20
23.12603505207005
10
49.39095758191502
20
23.076022352044674
10
48.240944881889845
20
23.076022352044674
10
48.1909575819152
20
23.12603505207005
10
48.18592837185656
20
23.53606807213623
10
48.635941071882144
20
23.53606807213623
10
48.635941071882144
20
23.98605537211074
10
48.19593599187215
20
23.98605537211074
10
48.1909575819152
20
24.40601981203963
10
48.240944881889845
20
24.456032512065008
10
49.39095758191502
20
24.456032512065008
97
1
330

75
0
76
1
47
0.4128176842155181
98
1
10
34.90568961886538
20
22.81183545379326
450
0
451
0
460
0
461
0
452
1
462
1
453
2
463
0
63
5
421
255
463
1
63
7
421
16777215
470
LINEAR
1001
ACAD
1010
0
1020
0
1030
0
0
HATCH
5
eb9
100
AcDbEntity
8
TopPasteMaskLayer
100
AcDbHatch
10
0
20
0
30
0
210
0
220
0
230
1
2
SOLID
70
1
71
0
91
1
92
7
72
0
73
1
93
9
10
60.20500381000761
20
16.797002794005607
10
60.66499872999748
20
16.797002794005607
10
60.70500381000761
20
16.75699771399536
10
60.70500381000761
20
16.256362712725377
10
60.66499872999748
20
16.216357632715244
10
60.20500381000761
20
16.216357632715244
10
60.16499872999748
20
16.256362712725377
10
60.16499872999748
20
16.75699771399536
10
60.20500381000761
20
16.797002794005607
97
1
330

75
0
76
1
47
0.4128176842155181
98
1
10
34.90568961886538
20
22.81183545379326
450
0
451
0
460
0
461
0
452
1
462
1
453
2
463
0
63
5
421
255
463
1
63
7
421
16777215
470
LINEAR
1001
ACAD
1010
0
1020
0
1030
0
0
HATCH
5
ebb
100
AcDbEntity
8
TopPasteMaskLayer
100
AcDbHatch
10
0
20
0
30
0
210
0
220
0
230
1
2
SOLID
70
1
71
0
91
1
92
7
72
0
73
1
93
9
10
60.20500381000761
20
17.067005334010673
10
60.66499872999748
20
17.067005334010673
10
60.70500381000761
20
17.107010414020806
10
60.70500381000761
20
17.607645415290904
10
60.66499872999748
20
17.647650495300923
10
60.20500381000761
20
17.647650495300923
10
60.16499872999748
20
17.607645415290904
10
60.16499872999748
20
17.107010414020806
10
60.20500381000761
20
17.067005334010673
97
1
330

75
0
76
1
47
0.4128176842155181
98
1
10
34.90568961886538
20
22.81183545379326
450
0
451
0
460
0
461
0
452
1
462
1
453
2
463
0
63
5
421
255
463
1
63
7
421
16777215
470
LINEAR
1001
ACAD
1010
0
1020
0
1030
0
0
HATCH
5
ebd
100
AcDbEntity
8
TopPasteMaskLayer
100
AcDbHatch
10
0
20
0
30
0
210
0
220
0
230
1
2
SOLID
70
1
71
0
91
1
92
7
72
0
73
1
93
12
10
62.84102108204206
20
19.759029718059423
10
62.84102108204206
20
18.95902971805947
10
62.89103378206755
20
18.909017018034092
10
63.11899923799842
20
18.909017018034092
10
63.11899923799842
20
19.279019558039067
10
63.44899669799338
20
19.279019558039067
10
63.44899669799338
20
18.909017018034092
10
63.69103378206751
20
18.909017018034092
10
63.74102108204215
20
18.95902971805947
10
63.74102108204215
20
19.759029718059423
10
63.69103378206751
20
19.80901701803407
10
62.89103378206755
20
19.80901701803407
97
1
330

75
0
76
1
47
0.4128176842155181
98
1
10
34.90568961886538
20
22.81183545379326
450
0
451
0
460
0
461
0
452
1
462
1
453
2
463
0
63
5
421
255
463
1
63
7
421
16777215
470
LINEAR
1001
ACAD
1010
0
1020
0
1030
0
0
HATCH
5
ebf
100
AcDbEntity
8
TopPasteMaskLayer
100
AcDbHatch
10
0
20
0
30
0
210
0
220
0
230
1
2
SOLID
70
1
71
0
91
1
92
7
72
0
73
1
93
12
10
63.74099568199131
20
17.368986537973
10
63.74099568199131
20
18.16898653797307
10
63.690982981966044
20
18.218999237998446
10
63.46301752603517
20
18.218999237998446
10
63.46301752603517
20
17.848996697993357
10
63.13302006603999
20
17.848996697993357
10
63.13302006603999
20
18.218999237998446
10
62.89098298196609
20
18.218999237998446
10
62.84099568199122
20
18.16898653797307
10
62.84099568199122
20
17.368986537973
10
62.89098298196609
20
17.318999237998582
10
63.690982981966044
20
17.318999237998582
97
1
330

75
0
76
1
47
0.4128176842155181
98
1
10
34.90568961886538
20
22.81183545379326
450
0
451
0
460
0
461
0
452
1
462
1
453
2
463
0
63
5
421
255
463
1
63
7
421
16777215
470
LINEAR
1001
ACAD
1010
0
1020
0
1030
0
0
HATCH
5
ec1
100
AcDbEntity
8
TopPasteMaskLayer
100
AcDbHatch
10
0
20
0
30
0
210
0
220
0
230
1
2
SOLID
70
1
71
0
91
1
92
7
72
0
73
1
93
12
10
65.27099314198608
20
17.368986537973
10
65.27099314198608
20
18.16898653797307
10
65.22098044196082
20
18.218999237998446
10
64.99301498602995
20
18.218999237998446
10
64.99301498602995
20
17.848996697993357
10
64.66301752603522
20
17.848996697993357
10
64.66301752603522
20
18.218999237998446
10
64.42098044196086
20
18.218999237998446
10
64.37099314198645
20
18.16898653797307
10
64.37099314198645
20
17.368986537973
10
64.42098044196086
20
17.318999237998582
10
65.22098044196082
20
17.318999237998582
97
1
330

75
0
76
1
47
0.4128176842155181
98
1
10
34.90568961886538
20
22.81183545379326
450
0
451
0
460
0
461
0
452
1
462
1
453
2
463
0
63
5
421
255
463
1
63
7
421
16777215
470
LINEAR
1001
ACAD
1010
0
1020
0
1030
0
0
HATCH
5
ec3
100
AcDbEntity
8
TopPasteMaskLayer
100
AcDbHatch
10
0
20
0
30
0
210
0
220
0
230
1
2
SOLID
70
1
71
0
91
1
92
7
72
0
73
1
93
12
10
64.37101854203729
20
19.759029718059423
10
64.37101854203729
20
18.95902971805947
10
64.42103124206255
20
18.909017018034092
10
64.64899669799343
20
18.909017018034092
10
64.64899669799343
20
19.279019558039067
10
64.97899415798838
20
19.279019558039067
10
64.97899415798838
20
18.909017018034092
10
65.22103124206251
20
18.909017018034092
10
65.27101854203715
20
18.95902971805947
10
65.27101854203715
20
19.759029718059423
10
65.22103124206251
20
19.80901701803407
10
64.42103124206255
20
19.80901701803407
97
1
330

75
0
76
1
47
0.4128176842155181
98
1
10
34.90568961886538
20
22.81183545379326
450
0
451
0
460
0
461
0
452
1
462
1
453
2
463
0
63
5
421
255
463
1
63
7
421
16777215
470
LINEAR
1001
ACAD
1010
0
1020
0
1030
0
0
HATCH
5
ec5
100
AcDbEntity
8
Document
100
AcDbHatch
10
0
20
0
30
0
210
0
220
0
230
1
2
SOLID
70
1
71
0
91
1
92
7
72
0
73
1
93
4
10
55.40899161798325
20
16.481000762001486
10
53.40899161798325
20
16.481000762001486
10
53.40899161798325
20
15.481000762001486
10
55.40899161798325
20
15.481000762001486
97
1
330

75
0
76
1
47
0.4128176842155181
98
1
10
34.90568961886538
20
22.81183545379326
450
0
451
0
460
0
461
0
452
1
462
1
453
2
463
0
63
5
421
255
463
1
63
7
421
16777215
470
LINEAR
1001
ACAD
1010
0
1020
0
1030
0
0
HATCH
5
ec7
100
AcDbEntity
8
TopSilkLayer
100
AcDbHatch
10
0
20
0
30
0
210
0
220
0
230
1
2
SOLID
70
1
71
0
91
1
92
7
72
0
73
1
93
4
10
55.40899161798325
20
16.481000762001486
10
53.40899161798325
20
16.481000762001486
10
53.40899161798325
20
15.481000762001486
10
55.40899161798325
20
15.481000762001486
97
1
330

75
0
76
1
47
0.4128176842155181
98
1
10
34.90568961886538
20
22.81183545379326
450
0
451
0
460
0
461
0
452
1
462
1
453
2
463
0
63
5
421
255
463
1
63
7
421
16777215
470
LINEAR
1001
ACAD
1010
0
1020
0
1030
0
0
HATCH
5
ec9
100
AcDbEntity
8
TopPasteMaskLayer
100
AcDbHatch
10
0
20
0
30
0
210
0
220
0
230
1
2
SOLID
70
1
71
0
91
1
92
7
72
0
73
1
93
12
10
49.581000762001395
20
123.18702057404107
10
49.581000762001395
20
122.38702057404112
10
49.631013462026885
20
122.33700787401574
10
49.85897891795776
20
122.33700787401574
10
49.85897891795776
20
122.70701041402083
10
50.18897637795271
20
122.70701041402083
10
50.18897637795271
20
122.33700787401574
10
50.43101346202707
20
122.33700787401574
10
50.481000762001486
20
122.38702057404112
10
50.481000762001486
20
123.18702057404107
10
50.43101346202707
20
123.23700787401572
10
49.631013462026885
20
123.23700787401572
97
1
330

75
0
76
1
47
0.4128176842155181
98
1
10
34.90568961886538
20
22.81183545379326
450
0
451
0
460
0
461
0
452
1
462
1
453
2
463
0
63
5
421
255
463
1
63
7
421
16777215
470
LINEAR
1001
ACAD
1010
0
1020
0
1030
0
0
HATCH
5
ecb
100
AcDbEntity
8
TopPasteMaskLayer
100
AcDbHatch
10
0
20
0
30
0
210
0
220
0
230
1
2
SOLID
70
1
71
0
91
1
92
7
72
0
73
1
93
12
10
50.48097536195064
20
120.79697739395476
10
50.48097536195064
20
121.59697739395483
10
50.43096266192538
20
121.64699009398021
10
50.20299720599451
20
121.64699009398021
10
50.20299720599451
20
121.27698755397512
10
49.87299974599955
20
121.27698755397512
10
49.87299974599955
20
121.64699009398021
10
49.63096266192542
20
121.64699009398021
10
49.58097536195078
20
121.59697739395483
10
49.58097536195078
20
120.79697739395476
10
49.63096266192542
20
120.74699009398023
10
50.43096266192538
20
120.74699009398023
97
1
330

75
0
76
1
47
0.4128176842155181
98
1
10
34.90568961886538
20
22.81183545379326
450
0
451
0
460
0
461
0
452
1
462
1
453
2
463
0
63
5
421
255
463
1
63
7
421
16777215
470
LINEAR
1001
ACAD
1010
0
1020
0
1030
0
0
HATCH
5
ecd
100
AcDbEntity
8
TopPasteMaskLayer
100
AcDbHatch
10
0
20
0
30
0
210
0
220
0
230
1
2
SOLID
70
1
71
0
91
1
92
7
72
0
73
1
93
12
10
44.583007366014726
20
121.7080264160528
10
44.583007366014726
20
120.90802641605285
10
44.63302006603999
20
120.85801371602747
10
44.86098552197109
20
120.85801371602747
10
44.86098552197109
20
121.22801625603256
10
45.190982981966044
20
121.22801625603256
10
45.190982981966044
20
120.85801371602747
10
45.43302006604017
20
120.85801371602747
10
45.48300736601482
20
120.90802641605285
10
45.48300736601482
20
121.7080264160528
10
45.43302006604017
20
121.75801371602745
10
44.63302006603999
20
121.75801371602745
97
1
330

75
0
76
1
47
0.4128176842155181
98
1
10
34.90568961886538
20
22.81183545379326
450
0
451
0
460
0
461
0
452
1
462
1
453
2
463
0
63
5
421
255
463
1
63
7
421
16777215
470
LINEAR
1001
ACAD
1010
0
1020
0
1030
0
0
HATCH
5
ecf
100
AcDbEntity
8
TopPasteMaskLayer
100
AcDbHatch
10
0
20
0
30
0
210
0
220
0
230
1
2
SOLID
70
1
71
0
91
1
92
7
72
0
73
1
93
12
10
45.48298196596397
20
119.3179832359665
10
45.48298196596397
20
120.11798323596656
10
45.43296926593848
20
120.16799593599194
10
45.20500381000761
20
120.16799593599194
10
45.20500381000761
20
119.79799339598674
10
44.875006350012654
20
119.79799339598674
10
44.875006350012654
20
120.16799593599194
10
44.63296926593853
20
120.16799593599194
10
44.58298196596388
20
120.11798323596656
10
44.58298196596388
20
119.3179832359665
10
44.63296926593853
20
119.26799593599196
10
45.43296926593848
20
119.26799593599196
97
1
330

75
0
76
1
47
0.4128176842155181
98
1
10
34.90568961886538
20
22.81183545379326
450
0
451
0
460
0
461
0
452
1
462
1
453
2
463
0
63
5
421
255
463
1
63
7
421
16777215
470
LINEAR
1001
ACAD
1010
0
1020
0
1030
0
0
HATCH
5
ed1
100
AcDbEntity
8
TopPasteMaskLayer
100
AcDbHatch
10
0
20
0
30
0
210
0
220
0
230
1
2
SOLID
70
1
71
0
91
1
92
7
72
0
73
1
93
12
10
45.53398526797059
20
122.32697485394965
10
45.53398526797059
20
123.12697485394972
10
45.4839725679451
20
123.1769875539751
10
45.25600711201423
20
123.1769875539751
10
45.25600711201423
20
122.80698501397012
10
44.926009652019275
20
122.80698501397012
10
44.926009652019275
20
123.1769875539751
10
44.68397256794515
20
123.1769875539751
10
44.6339852679705
20
123.12697485394972
10
44.6339852679705
20
122.32697485394965
10
44.68397256794515
20
122.27698755397512
10
45.4839725679451
20
122.27698755397512
97
1
330

75
0
76
1
47
0.4128176842155181
98
1
10
34.90568961886538
20
22.81183545379326
450
0
451
0
460
0
461
0
452
1
462
1
453
2
463
0
63
5
421
255
463
1
63
7
421
16777215
470
LINEAR
1001
ACAD
1010
0
1020
0
1030
0
0
HATCH
5
ed3
100
AcDbEntity
8
TopPasteMaskLayer
100
AcDbHatch
10
0
20
0
30
0
210
0
220
0
230
1
2
SOLID
70
1
71
0
91
1
92
7
72
0
73
1
93
12
10
44.63401066802135
20
124.71701803403619
10
44.63401066802135
20
123.91701803403612
10
44.68402336804684
20
123.86700533401074
10
44.91198882397771
20
123.86700533401074
10
44.91198882397771
20
124.23700787401572
10
45.24198628397244
20
124.23700787401572
10
45.24198628397244
20
123.86700533401074
10
45.48402336804679
20
123.86700533401074
10
45.53401066802121
20
123.91701803403612
10
45.53401066802121
20
124.71701803403619
10
45.48402336804679
20
124.76700533401072
10
44.68402336804684
20
124.76700533401072
97
1
330

75
0
76
1
47
0.4128176842155181
98
1
10
34.90568961886538
20
22.81183545379326
450
0
451
0
460
0
461
0
452
1
462
1
453
2
463
0
63
5
421
255
463
1
63
7
421
16777215
470
LINEAR
1001
ACAD
1010
0
1020
0
1030
0
0
HATCH
5
ed5
100
AcDbEntity
8
TopPasteMaskLayer
100
AcDbHatch
10
0
20
0
30
0
210
0
220
0
230
1
2
SOLID
70
1
71
0
91
1
92
7
72
0
73
1
93
12
10
43.93997967995938
20
128.78402336804675
10
44.73997967995933
20
128.78402336804675
10
44.789992379984824
20
128.83403606807212
10
44.789992379984824
20
129.062001524003
10
44.419989839979735
20
129.062001524003
10
44.419989839979735
20
129.39199898399795
10
44.789992379984824
20
129.39199898399795
10
44.789992379984824
20
129.6340360680722
10
44.73997967995933
20
129.68402336804672
10
43.93997967995938
20
129.68402336804672
10
43.88999237998473
20
129.6340360680722
10
43.88999237998473
20
128.83403606807212
97
1
330

75
0
76
1
47
0.4128176842155181
98
1
10
34.90568961886538
20
22.81183545379326
450
0
451
0
460
0
461
0
452
1
462
1
453
2
463
0
63
5
421
255
463
1
63
7
421
16777215
470
LINEAR
1001
ACAD
1010
0
1020
0
1030
0
0
HATCH
5
ed7
100
AcDbEntity
8
TopPasteMaskLayer
100
AcDbHatch
10
0
20
0
30
0
210
0
220
0
230
1
2
SOLID
70
1
71
0
91
1
92
7
72
0
73
1
93
12
10
46.3300228600458
20
129.683997967996
10
45.53002286004562
20
129.683997967996
10
45.480010160020356
20
129.63398526797062
10
45.480010160020356
20
129.40601981203963
10
45.85001270002522
20
129.40601981203963
10
45.85001270002522
20
129.0760223520448
10
45.480010160020356
20
129.0760223520448
10
45.480010160020356
20
128.83398526797055
10
45.53002286004562
20
128.7839979679959
10
46.3300228600458
20
128.7839979679959
10
46.38001016002045
20
128.83398526797055
10
46.38001016002045
20
129.63398526797062
97
1
330

75
0
76
1
47
0.4128176842155181
98
1
10
34.90568961886538
20
22.81183545379326
450
0
451
0
460
0
461
0
452
1
462
1
453
2
463
0
63
5
421
255
463
1
63
7
421
16777215
470
LINEAR
1001
ACAD
1010
0
1020
0
1030
0
0
HATCH
5
ed9
100
AcDbEntity
8
TopPasteMaskLayer
100
AcDbHatch
10
0
20
0
30
0
210
0
220
0
230
1
2
SOLID
70
1
71
0
91
1
92
7
72
0
73
1
93
12
10
34.35196850393709
20
133.42501905003814
10
35.15196850393704
20
133.42501905003814
10
35.201981203962305
20
133.47503175006352
10
35.201981203962305
20
133.7029972059944
10
34.831978663957216
20
133.7029972059944
10
34.831978663957216
20
134.03299466598935
10
35.201981203962305
20
134.03299466598935
10
35.201981203962305
20
134.2750317500636
10
35.15196850393704
20
134.32501905003812
10
34.35196850393709
20
134.32501905003812
10
34.30198120396244
20
134.2750317500636
10
34.30198120396244
20
133.47503175006352
97
1
330

75
0
76
1
47
0.4128176842155181
98
1
10
34.90568961886538
20
22.81183545379326
450
0
451
0
460
0
461
0
452
1
462
1
453
2
463
0
63
5
421
255
463
1
63
7
421
16777215
470
LINEAR
1001
ACAD
1010
0
1020
0
1030
0
0
HATCH
5
edb
100
AcDbEntity
8
TopPasteMaskLayer
100
AcDbHatch
10
0
20
0
30
0
210
0
220
0
230
1
2
SOLID
70
1
71
0
91
1
92
7
72
0
73
1
93
12
10
36.74201168402328
20
134.3249936499874
10
35.942011684023555
20
134.3249936499874
10
35.891998983998064
20
134.274980949962
10
35.891998983998064
20
134.04701549403103
10
36.26200152400315
20
134.04701549403103
10
36.26200152400315
20
133.7170180340362
10
35.891998983998064
20
133.7170180340362
10
35.891998983998064
20
133.47498094996195
10
35.942011684023555
20
133.4249936499873
10
36.74201168402328
20
133.4249936499873
10
36.79199898399793
20
133.47498094996195
10
36.79199898399793
20
134.274980949962
97
1
330

75
0
76
1
47
0.4128176842155181
98
1
10
34.90568961886538
20
22.81183545379326
450
0
451
0
460
0
461
0
452
1
462
1
453
2
463
0
63
5
421
255
463
1
63
7
421
16777215
470
LINEAR
1001
ACAD
1010
0
1020
0
1030
0
0
HATCH
5
edd
100
AcDbEntity
8
TopPasteMaskLayer
100
AcDbHatch
10
0
20
0
30
0
210
0
220
0
230
1
2
SOLID
70
1
71
0
91
1
92
7
72
0
73
1
93
12
10
23.265024130048232
20
119.15803911607827
10
23.265024130048232
20
118.35803911607832
10
23.315036830073723
20
118.30802641605283
10
23.543002286004594
20
118.30802641605283
10
23.543002286004594
20
118.67802895605791
10
23.87299974599955
20
118.67802895605791
10
23.87299974599955
20
118.30802641605283
10
24.115036830073677
20
118.30802641605283
10
24.165024130048323
20
118.35803911607832
10
24.165024130048323
20
119.15803911607827
10
24.115036830073677
20
119.20802641605292
10
23.315036830073723
20
119.20802641605292
97
1
330

75
0
76
1
47
0.4128176842155181
98
1
10
34.90568961886538
20
22.81183545379326
450
0
451
0
460
0
461
0
452
1
462
1
453
2
463
0
63
5
421
255
463
1
63
7
421
16777215
470
LINEAR
1001
ACAD
1010
0
1020
0
1030
0
0
HATCH
5
edf
100
AcDbEntity
8
TopPasteMaskLayer
100
AcDbHatch
10
0
20
0
30
0
210
0
220
0
230
1
2
SOLID
70
1
71
0
91
1
92
7
72
0
73
1
93
12
10
24.164998729997478
20
116.76799593599185
10
24.164998729997478
20
117.56799593599192
10
24.114986029972215
20
117.6180086360173
10
23.887020574041117
20
117.6180086360173
10
23.887020574041117
20
117.2480060960122
10
23.55702311404616
20
117.2480060960122
10
23.55702311404616
20
117.6180086360173
10
23.31498602997226
20
117.6180086360173
10
23.264998729997387
20
117.56799593599192
10
23.264998729997387
20
116.76799593599185
10
23.31498602997226
20
116.7180086360172
10
24.114986029972215
20
116.7180086360172
97
1
330

75
0
76
1
47
0.4128176842155181
98
1
10
34.90568961886538
20
22.81183545379326
450
0
451
0
460
0
461
0
452
1
462
1
453
2
463
0
63
5
421
255
463
1
63
7
421
16777215
470
LINEAR
1001
ACAD
1010
0
1020
0
1030
0
0
HATCH
5
ee1
100
AcDbEntity
8
Document
100
AcDbHatch
10
0
20
0
30
0
210
0
220
0
230
1
2
SOLID
70
1
71
0
91
1
92
7
72
0
73
1
93
4
10
31.518999237998514
20
133.98752857505713
10
32.05900431800865
20
133.98752857505713
10
32.05900431800865
20
133.85753111506222
10
31.518999237998514
20
133.85753111506222
97
1
330

75
0
76
1
47
0.4128176842155181
98
1
10
34.90568961886538
20
22.81183545379326
450
0
451
0
460
0
461
0
452
1
462
1
453
2
463
0
63
5
421
255
463
1
63
7
421
16777215
470
LINEAR
1001
ACAD
1010
0
1020
0
1030
0
0
HATCH
5
ee3
100
AcDbEntity
8
Document
100
AcDbHatch
10
0
20
0
30
0
210
0
220
0
230
1
2
SOLID
70
1
71
0
91
1
92
7
72
0
73
1
93
4
10
33.32357124714258
20
133.65892811785625
10
33.32357124714258
20
134.19893319786638
10
33.45354330708665
20
134.19893319786638
10
33.45354330708665
20
133.65892811785625
97
1
330

75
0
76
1
47
0.4128176842155181
98
1
10
34.90568961886538
20
22.81183545379326
450
0
451
0
460
0
461
0
452
1
462
1
453
2
463
0
63
5
421
255
463
1
63
7
421
16777215
470
LINEAR
1001
ACAD
1010
0
1020
0
1030
0
0
HATCH
5
ee5
100
AcDbEntity
8
Document
100
AcDbHatch
10
0
20
0
30
0
210
0
220
0
230
1
2
SOLID
70
1
71
0
91
1
92
7
72
0
73
1
93
4
10
33.11793243586476
20
133.99438658877318
10
33.65793751587512
20
133.99438658877318
10
33.65793751587512
20
133.86438912877827
10
33.11793243586476
20
133.86438912877827
97
1
330

75
0
76
1
47
0.4128176842155181
98
1
10
34.90568961886538
20
22.81183545379326
450
0
451
0
460
0
461
0
452
1
462
1
453
2
463
0
63
5
421
255
463
1
63
7
421
16777215
470
LINEAR
1001
ACAD
1010
0
1020
0
1030
0
0
HATCH
5
ee7
100
AcDbEntity
8
Document
100
AcDbHatch
10
0
20
0
30
0
210
0
220
0
230
1
2
SOLID
70
1
71
0
91
1
92
7
72
0
73
1
93
4
10
41.056007112014186
20
129.29552959105922
10
41.59601219202432
20
129.29552959105922
10
41.59601219202432
20
129.1655321310643
10
41.056007112014186
20
129.1655321310643
97
1
330

75
0
76
1
47
0.4128176842155181
98
1
10
34.90568961886538
20
22.81183545379326
450
0
451
0
460
0
461
0
452
1
462
1
453
2
463
0
63
5
421
255
463
1
63
7
421
16777215
470
LINEAR
1001
ACAD
1010
0
1020
0
1030
0
0
HATCH
5
ee9
100
AcDbEntity
8
Document
100
AcDbHatch
10
0
20
0
30
0
210
0
220
0
230
1
2
SOLID
70
1
71
0
91
1
92
7
72
0
73
1
93
4
10
42.86057912115825
20
128.96692913385823
10
42.86057912115825
20
129.50693421386848
10
42.990551181102546
20
129.50693421386848
10
42.990551181102546
20
128.96692913385823
97
1
330

75
0
76
1
47
0.4128176842155181
98
1
10
34.90568961886538
20
22.81183545379326
450
0
451
0
460
0
461
0
452
1
462
1
453
2
463
0
63
5
421
255
463
1
63
7
421
16777215
470
LINEAR
1001
ACAD
1010
0
1020
0
1030
0
0
HATCH
5
eeb
100
AcDbEntity
8
Document
100
AcDbHatch
10
0
20
0
30
0
210
0
220
0
230
1
2
SOLID
70
1
71
0
91
1
92
7
72
0
73
1
93
4
10
42.65494030988066
20
129.30238760477528
10
43.19494538989079
20
129.30238760477528
10
43.19494538989079
20
129.17239014478025
10
42.65494030988066
20
129.17239014478025
97
1
330

75
0
76
1
47
0.4128176842155181
98
1
10
34.90568961886538
20
22.81183545379326
450
0
451
0
460
0
461
0
452
1
462
1
453
2
463
0
63
5
421
255
463
1
63
7
421
16777215
470
LINEAR
1001
ACAD
1010
0
1020
0
1030
0
0
HATCH
5
eed
100
AcDbEntity
8
Document
100
AcDbHatch
10
0
20
0
30
0
210
0
220
0
230
1
2
SOLID
70
1
71
0
91
1
92
7
72
0
73
1
93
4
10
41.31099822199667
20
133.98752857505713
10
41.851003302006575
20
133.98752857505713
10
41.851003302006575
20
133.85753111506222
10
41.31099822199667
20
133.85753111506222
97
1
330

75
0
76
1
47
0.4128176842155181
98
1
10
34.90568961886538
20
22.81183545379326
450
0
451
0
460
0
461
0
452
1
462
1
453
2
463
0
63
5
421
255
463
1
63
7
421
16777215
470
LINEAR
1001
ACAD
1010
0
1020
0
1030
0
0
HATCH
5
eef
100
AcDbEntity
8
Document
100
AcDbHatch
10
0
20
0
30
0
210
0
220
0
230
1
2
SOLID
70
1
71
0
91
1
92
7
72
0
73
1
93
4
10
43.11557023114051
20
133.65892811785625
10
43.11557023114051
20
134.19893319786638
10
43.245542291084575
20
134.19893319786638
10
43.245542291084575
20
133.65892811785625
97
1
330

75
0
76
1
47
0.4128176842155181
98
1
10
34.90568961886538
20
22.81183545379326
450
0
451
0
460
0
461
0
452
1
462
1
453
2
463
0
63
5
421
255
463
1
63
7
421
16777215
470
LINEAR
1001
ACAD
1010
0
1020
0
1030
0
0
HATCH
5
ef1
100
AcDbEntity
8
Document
100
AcDbHatch
10
0
20
0
30
0
210
0
220
0
230
1
2
SOLID
70
1
71
0
91
1
92
7
72
0
73
1
93
4
10
42.90993141986269
20
133.99438658877318
10
43.44993649987305
20
133.99438658877318
10
43.44993649987305
20
133.86438912877827
10
42.90993141986269
20
133.86438912877827
97
1
330

75
0
76
1
47
0.4128176842155181
98
1
10
34.90568961886538
20
22.81183545379326
450
0
451
0
460
0
461
0
452
1
462
1
453
2
463
0
63
5
421
255
463
1
63
7
421
16777215
470
LINEAR
1001
ACAD
1010
0
1020
0
1030
0
0
HATCH
5
ef3
100
AcDbEntity
8
TopPasteMaskLayer
100
AcDbHatch
10
0
20
0
30
0
210
0
220
0
230
1
2
SOLID
70
1
71
0
91
1
92
7
72
0
73
1
93
12
10
47.012979425958974
20
120.898983997968
10
47.012979425958974
20
121.69898399796807
10
46.962966725933484
20
121.74899669799345
10
46.73500127000261
20
121.74899669799345
10
46.73500127000261
20
121.37899415798836
10
46.405003810007656
20
121.37899415798836
10
46.405003810007656
20
121.74899669799345
10
46.16296672593353
20
121.74899669799345
10
46.11297942595888
20
121.69898399796807
10
46.11297942595888
20
120.898983997968
10
46.16296672593353
20
120.84899669799336
10
46.962966725933484
20
120.84899669799336
97
1
330

75
0
76
1
47
0.4128176842155181
98
1
10
34.90568961886538
20
22.81183545379326
450
0
451
0
460
0
461
0
452
1
462
1
453
2
463
0
63
5
421
255
463
1
63
7
421
16777215
470
LINEAR
1001
ACAD
1010
0
1020
0
1030
0
0
HATCH
5
ef5
100
AcDbEntity
8
TopPasteMaskLayer
100
AcDbHatch
10
0
20
0
30
0
210
0
220
0
230
1
2
SOLID
70
1
71
0
91
1
92
7
72
0
73
1
93
12
10
46.11300482600973
20
123.28902717805431
10
46.11300482600973
20
122.48902717805447
10
46.16301752603522
20
122.43901447802898
10
46.39098298196609
20
122.43901447802898
10
46.39098298196609
20
122.80901701803407
10
46.72098044196082
20
122.80901701803407
10
46.72098044196082
20
122.43901447802898
10
46.963017526034946
20
122.43901447802898
10
47.01300482600959
20
122.48902717805447
10
47.01300482600959
20
123.28902717805431
10
46.963017526034946
20
123.33901447802896
10
46.16301752603522
20
123.33901447802896
97
1
330

75
0
76
1
47
0.4128176842155181
98
1
10
34.90568961886538
20
22.81183545379326
450
0
451
0
460
0
461
0
452
1
462
1
453
2
463
0
63
5
421
255
463
1
63
7
421
16777215
470
LINEAR
1001
ACAD
1010
0
1020
0
1030
0
0
HATCH
5
ef7
100
AcDbEntity
8
Document
100
AcDbHatch
10
0
20
0
30
0
210
0
220
0
230
1
2
SOLID
70
1
71
0
91
1
92
7
72
0
73
1
93
4
10
26.538989077978385
20
136.3949961899923
10
26.538989077978385
20
133.8949961899924
10
27.43898907797802
20
133.8949961899924
10
27.43898907797802
20
136.3949961899923
97
1
330

75
0
76
1
47
0.4128176842155181
98
1
10
34.90568961886538
20
22.81183545379326
450
0
451
0
460
0
461
0
452
1
462
1
453
2
463
0
63
5
421
255
463
1
63
7
421
16777215
470
LINEAR
1001
ACAD
1010
0
1020
0
1030
0
0
HATCH
5
ef9
100
AcDbEntity
8
Document
100
AcDbHatch
10
0
20
0
30
0
210
0
220
0
230
1
2
SOLID
70
1
71
0
91
1
92
7
72
0
73
1
93
4
10
22.43898907797825
20
136.4450088900179
10
22.43898907797825
20
133.94503429006863
10
23.339014478028957
20
133.94503429006863
10
23.339014478028957
20
136.4450088900179
97
1
330

75
0
76
1
47
0.4128176842155181
98
1
10
34.90568961886538
20
22.81183545379326
450
0
451
0
460
0
461
0
452
1
462
1
453
2
463
0
63
5
421
255
463
1
63
7
421
16777215
470
LINEAR
1001
ACAD
1010
0
1020
0
1030
0
0
HATCH
5
efb
100
AcDbEntity
8
Document
100
AcDbHatch
10
0
20
0
30
0
210
0
220
0
230
1
2
SOLID
70
1
71
0
91
1
92
7
72
0
73
1
93
4
10
62.545008890017925
20
136.64998729997467
10
62.545008890017925
20
134.14998729997455
10
63.44500889001779
20
134.14998729997455
10
63.44500889001779
20
136.64998729997467
97
1
330

75
0
76
1
47
0.4128176842155181
98
1
10
34.90568961886538
20
22.81183545379326
450
0
451
0
460
0
461
0
452
1
462
1
453
2
463
0
63
5
421
255
463
1
63
7
421
16777215
470
LINEAR
1001
ACAD
1010
0
1020
0
1030
0
0
HATCH
5
efd
100
AcDbEntity
8
Document
100
AcDbHatch
10
0
20
0
30
0
210
0
220
0
230
1
2
SOLID
70
1
71
0
91
1
92
7
72
0
73
1
93
4
10
58.44500889001779
20
136.70000000000005
10
58.44500889001779
20
134.20002540005078
10
59.345034290068725
20
134.20002540005078
10
59.345034290068725
20
136.70000000000005
97
1
330

75
0
76
1
47
0.4128176842155181
98
1
10
34.90568961886538
20
22.81183545379326
450
0
451
0
460
0
461
0
452
1
462
1
453
2
463
0
63
5
421
255
463
1
63
7
421
16777215
470
LINEAR
1001
ACAD
1010
0
1020
0
1030
0
0
HATCH
5
eff
100
AcDbEntity
8
TopPasteMaskLayer
100
AcDbHatch
10
0
20
0
30
0
210
0
220
0
230
1
2
SOLID
70
1
71
0
91
1
92
7
72
0
73
1
93
12
10
35.21300482600964
20
121.19796799593598
10
36.4929895859791
20
121.19796799593598
10
36.543002286004594
20
121.1479552959106
10
36.543002286004594
20
119.9979425958852
10
36.4929895859791
20
119.94795529591056
10
36.082956565913264
20
119.94292608585215
10
36.082956565913264
20
120.39293878587762
10
35.63296926593853
20
120.39293878587762
10
35.63296926593853
20
119.9529337058674
10
35.21300482600964
20
119.94795529591056
10
35.162992125984374
20
119.9979425958852
10
35.162992125984374
20
121.1479552959106
97
1
330

75
0
76
1
47
0.4128176842155181
98
1
10
34.90568961886538
20
22.81183545379326
450
0
451
0
460
0
461
0
452
1
462
1
453
2
463
0
63
5
421
255
463
1
63
7
421
16777215
470
LINEAR
1001
ACAD
1010
0
1020
0
1030
0
0
HATCH
5
f01
100
AcDbEntity
8
TopPasteMaskLayer
100
AcDbHatch
10
0
20
0
30
0
210
0
220
0
230
1
2
SOLID
70
1
71
0
91
1
92
7
72
0
73
1
93
12
10
36.49301498602995
20
117.78801117602245
10
35.21303022606048
20
117.78801117602245
10
35.16301752603522
20
117.83802387604783
10
35.16301752603522
20
118.98803657607311
10
35.21303022606048
20
119.03802387604776
10
35.62306324612632
20
119.04305308610617
10
35.62306324612632
20
118.5930403860807
10
36.07305054610106
20
118.5930403860807
10
36.07305054610106
20
119.03304546609093
10
36.49301498602995
20
119.03802387604776
10
36.54302768605521
20
118.98803657607311
10
36.54302768605521
20
117.83802387604783
97
1
330

75
0
76
1
47
0.4128176842155181
98
1
10
34.90568961886538
20
22.81183545379326
450
0
451
0
460
0
461
0
452
1
462
1
453
2
463
0
63
5
421
255
463
1
63
7
421
16777215
470
LINEAR
1001
ACAD
1010
0
1020
0
1030
0
0
HATCH
5
f03
100
AcDbEntity
8
TopSilkLayer
100
AcDbHatch
10
0
20
0
30
0
210
0
220
0
230
1
2
SOLID
70
1
71
0
91
1
92
7
72
0
73
1
93
4
10
38.71099822199653
20
118.01239522479045
10
38.71099822199653
20
117.48389636779268
10
38.253797307594596
20
117.48389636779268
10
38.253797307594596
20
118.01239522479045
97
1
330

75
0
76
1
47
0.4128176842155181
98
1
10
34.90568961886538
20
22.81183545379326
450
0
451
0
460
0
461
0
452
1
462
1
453
2
463
0
63
5
421
255
463
1
63
7
421
16777215
470
LINEAR
1001
ACAD
1010
0
1020
0
1030
0
0
HATCH
5
f05
100
AcDbEntity
8
TopSilkLayer
100
AcDbHatch
10
0
20
0
30
0
210
0
220
0
230
1
2
SOLID
70
1
71
0
91
1
92
7
72
0
73
1
93
4
10
38.71099822199653
20
115.05760731521468
10
38.71099822199653
20
115.58610617221234
10
38.253797307594596
20
115.58610617221234
10
38.253797307594596
20
115.05760731521468
97
1
330

75
0
76
1
47
0.4128176842155181
98
1
10
34.90568961886538
20
22.81183545379326
450
0
451
0
460
0
461
0
452
1
462
1
453
2
463
0
63
5
421
255
463
1
63
7
421
16777215
470
LINEAR
1001
ACAD
1010
0
1020
0
1030
0
0
HATCH
5
f07
100
AcDbEntity
8
Document
100
AcDbHatch
10
0
20
0
30
0
210
0
220
0
230
1
2
SOLID
70
1
71
0
91
1
92
7
72
0
73
1
93
4
10
38.909753619507455
20
116.43563627127253
10
38.909753619507455
20
116.63436626873249
10
39.70474980949962
20
116.63436626873249
10
39.70474980949962
20
116.43563627127253
97
1
330

75
0
76
1
47
0.4128176842155181
98
1
10
34.90568961886538
20
22.81183545379326
450
0
451
0
460
0
461
0
452
1
462
1
453
2
463
0
63
5
421
255
463
1
63
7
421
16777215
470
LINEAR
1001
ACAD
1010
0
1020
0
1030
0
0
HATCH
5
f09
100
AcDbEntity
8
Document
100
AcDbHatch
10
0
20
0
30
0
210
0
220
0
230
1
2
SOLID
70
1
71
0
91
1
92
7
72
0
73
1
93
4
10
43.81226822453664
20
116.43563627127253
10
43.81226822453664
20
116.63436626873249
10
43.01727203454425
20
116.63436626873249
10
43.01727203454425
20
116.43563627127253
97
1
330

75
0
76
1
47
0.4128176842155181
98
1
10
34.90568961886538
20
22.81183545379326
450
0
451
0
460
0
461
0
452
1
462
1
453
2
463
0
63
5
421
255
463
1
63
7
421
16777215
470
LINEAR
1001
ACAD
1010
0
1020
0
1030
0
0
HATCH
5
f0b
100
AcDbEntity
8
Document
100
AcDbHatch
10
0
20
0
30
0
210
0
220
0
230
1
2
SOLID
70
1
71
0
91
1
92
7
72
0
73
1
93
4
10
43.51414782829579
20
115.87249174498356
10
43.51414782829579
20
117.19751079502157
10
43.31539243078487
20
117.19751079502157
10
43.31539243078487
20
115.87249174498356
97
1
330

75
0
76
1
47
0.4128176842155181
98
1
10
34.90568961886538
20
22.81183545379326
450
0
451
0
460
0
461
0
452
1
462
1
453
2
463
0
63
5
421
255
463
1
63
7
421
16777215
470
LINEAR
1001
ACAD
1010
0
1020
0
1030
0
0
HATCH
5
f0d
100
AcDbEntity
8
TopSilkLayer
100
AcDbHatch
10
0
20
0
30
0
210
0
220
0
230
1
2
SOLID
70
1
71
0
91
1
92
7
72
0
73
1
93
4
10
33.70901701803405
20
117.8116078232157
10
33.70901701803405
20
118.34010668021347
10
34.16621793243576
20
118.34010668021347
10
34.16621793243576
20
117.8116078232157
97
1
330

75
0
76
1
47
0.4128176842155181
98
1
10
34.90568961886538
20
22.81183545379326
450
0
451
0
460
0
461
0
452
1
462
1
453
2
463
0
63
5
421
255
463
1
63
7
421
16777215
470
LINEAR
1001
ACAD
1010
0
1020
0
1030
0
0
HATCH
5
f0f
100
AcDbEntity
8
TopSilkLayer
100
AcDbHatch
10
0
20
0
30
0
210
0
220
0
230
1
2
SOLID
70
1
71
0
91
1
92
7
72
0
73
1
93
4
10
33.70901701803405
20
120.76639573279147
10
33.70901701803405
20
120.23789687579381
10
34.16621793243576
20
120.23789687579381
10
34.16621793243576
20
120.76639573279147
97
1
330

75
0
76
1
47
0.4128176842155181
98
1
10
34.90568961886538
20
22.81183545379326
450
0
451
0
460
0
461
0
452
1
462
1
453
2
463
0
63
5
421
255
463
1
63
7
421
16777215
470
LINEAR
1001
ACAD
1010
0
1020
0
1030
0
0
HATCH
5
f11
100
AcDbEntity
8
Document
100
AcDbHatch
10
0
20
0
30
0
210
0
220
0
230
1
2
SOLID
70
1
71
0
91
1
92
7
72
0
73
1
93
4
10
33.51026162052335
20
119.38836677673362
10
33.51026162052335
20
119.18963677927354
10
32.71526543053096
20
119.18963677927354
10
32.71526543053096
20
119.38836677673362
97
1
330

75
0
76
1
47
0.4128176842155181
98
1
10
34.90568961886538
20
22.81183545379326
450
0
451
0
460
0
461
0
452
1
462
1
453
2
463
0
63
5
421
255
463
1
63
7
421
16777215
470
LINEAR
1001
ACAD
1010
0
1020
0
1030
0
0
HATCH
5
f13
100
AcDbEntity
8
Document
100
AcDbHatch
10
0
20
0
30
0
210
0
220
0
230
1
2
SOLID
70
1
71
0
91
1
92
7
72
0
73
1
93
4
10
28.60774701549417
20
119.38836677673362
10
28.60774701549417
20
119.18963677927354
10
29.40274320548656
20
119.18963677927354
10
29.40274320548656
20
119.38836677673362
97
1
330

75
0
76
1
47
0.4128176842155181
98
1
10
34.90568961886538
20
22.81183545379326
450
0
451
0
460
0
461
0
452
1
462
1
453
2
463
0
63
5
421
255
463
1
63
7
421
16777215
470
LINEAR
1001
ACAD
1010
0
1020
0
1030
0
0
HATCH
5
f15
100
AcDbEntity
8
Document
100
AcDbHatch
10
0
20
0
30
0
210
0
220
0
230
1
2
SOLID
70
1
71
0
91
1
92
7
72
0
73
1
93
4
10
28.90586741173479
20
119.95151130302258
10
28.90586741173479
20
118.62649225298446
10
29.104622809245484
20
118.62649225298446
10
29.104622809245484
20
119.95151130302258
97
1
330

75
0
76
1
47
0.4128176842155181
98
1
10
34.90568961886538
20
22.81183545379326
450
0
451
0
460
0
461
0
452
1
462
1
453
2
463
0
63
5
421
255
463
1
63
7
421
16777215
470
LINEAR
1001
ACAD
1010
0
1020
0
1030
0
0
HATCH
5
f17
100
AcDbEntity
8
TopSilkLayer
100
AcDbHatch
10
0
20
0
30
0
210
0
220
0
230
1
2
SOLID
70
1
71
0
91
1
92
7
72
0
73
1
93
4
10
58.75359410718829
20
117.70998221996444
10
59.28209296418595
20
117.70998221996444
10
59.28209296418595
20
117.25278130556262
10
58.75359410718829
20
117.25278130556262
97
1
330

75
0
76
1
47
0.4128176842155181
98
1
10
34.90568961886538
20
22.81183545379326
450
0
451
0
460
0
461
0
452
1
462
1
453
2
463
0
63
5
421
255
463
1
63
7
421
16777215
470
LINEAR
1001
ACAD
1010
0
1020
0
1030
0
0
HATCH
5
f19
100
AcDbEntity
8
TopSilkLayer
100
AcDbHatch
10
0
20
0
30
0
210
0
220
0
230
1
2
SOLID
70
1
71
0
91
1
92
7
72
0
73
1
93
4
10
61.70838201676406
20
117.70998221996444
10
61.179883159766405
20
117.70998221996444
10
61.179883159766405
20
117.25278130556262
10
61.70838201676406
20
117.25278130556262
97
1
330

75
0
76
1
47
0.4128176842155181
98
1
10
34.90568961886538
20
22.81183545379326
450
0
451
0
460
0
461
0
452
1
462
1
453
2
463
0
63
5
421
255
463
1
63
7
421
16777215
470
LINEAR
1001
ACAD
1010
0
1020
0
1030
0
0
HATCH
5
f1b
100
AcDbEntity
8
Document
100
AcDbHatch
10
0
20
0
30
0
210
0
220
0
230
1
2
SOLID
70
1
71
0
91
1
92
7
72
0
73
1
93
4
10
60.3303530607061
20
117.90873761747525
10
60.131623063246025
20
117.90873761747525
10
60.131623063246025
20
118.70373380746764
10
60.3303530607061
20
118.70373380746764
97
1
330

75
0
76
1
47
0.4128176842155181
98
1
10
34.90568961886538
20
22.81183545379326
450
0
451
0
460
0
461
0
452
1
462
1
453
2
463
0
63
5
421
255
463
1
63
7
421
16777215
470
LINEAR
1001
ACAD
1010
0
1020
0
1030
0
0
HATCH
5
f1d
100
AcDbEntity
8
Document
100
AcDbHatch
10
0
20
0
30
0
210
0
220
0
230
1
2
SOLID
70
1
71
0
91
1
92
7
72
0
73
1
93
4
10
60.3303530607061
20
122.81125222250444
10
60.131623063246025
20
122.81125222250444
10
60.131623063246025
20
122.01625603251216
10
60.3303530607061
20
122.01625603251216
97
1
330

75
0
76
1
47
0.4128176842155181
98
1
10
34.90568961886538
20
22.81183545379326
450
0
451
0
460
0
461
0
452
1
462
1
453
2
463
0
63
5
421
255
463
1
63
7
421
16777215
470
LINEAR
1001
ACAD
1010
0
1020
0
1030
0
0
HATCH
5
f1f
100
AcDbEntity
8
Document
100
AcDbHatch
10
0
20
0
30
0
210
0
220
0
230
1
2
SOLID
70
1
71
0
91
1
92
7
72
0
73
1
93
4
10
60.89349758699518
20
122.51313182626359
10
59.56847853695717
20
122.51313182626359
10
59.56847853695717
20
122.3143764287529
10
60.89349758699518
20
122.3143764287529
97
1
330

75
0
76
1
47
0.4128176842155181
98
1
10
34.90568961886538
20
22.81183545379326
450
0
451
0
460
0
461
0
452
1
462
1
453
2
463
0
63
5
421
255
463
1
63
7
421
16777215
470
LINEAR
1001
ACAD
1010
0
1020
0
1030
0
0
HATCH
5
f21
100
AcDbEntity
8
Document
100
AcDbHatch
10
0
20
0
30
0
210
0
220
0
230
1
2
SOLID
70
1
71
0
91
1
92
7
72
0
73
1
93
4
10
53.09359918719838
20
133.8297688595377
10
52.43319786639586
20
133.8297688595377
10
52.43319786639586
20
133.9821691643383
10
53.09359918719838
20
133.9821691643383
97
1
330

75
0
76
1
47
0.4128176842155181
98
1
10
34.90568961886538
20
22.81183545379326
450
0
451
0
460
0
461
0
452
1
462
1
453
2
463
0
63
5
421
255
463
1
63
7
421
16777215
470
LINEAR
1001
ACAD
1010
0
1020
0
1030
0
0
HATCH
5
f23
100
AcDbEntity
8
Document
100
AcDbHatch
10
0
20
0
30
0
210
0
220
0
230
1
2
SOLID
70
1
71
0
91
1
92
7
72
0
73
1
93
4
10
52.81844043688102
20
134.20652781305557
10
52.81844043688102
20
133.54612649225294
10
52.6660401320803
20
133.54612649225294
10
52.6660401320803
20
134.20652781305557
97
1
330

75
0
76
1
47
0.4128176842155181
98
1
10
34.90568961886538
20
22.81183545379326
450
0
451
0
460
0
461
0
452
1
462
1
453
2
463
0
63
5
421
255
463
1
63
7
421
16777215
470
LINEAR
1001
ACAD
1010
0
1020
0
1030
0
0
HATCH
5
f25
100
AcDbEntity
8
Document
100
AcDbHatch
10
0
20
0
30
0
210
0
220
0
230
1
2
SOLID
70
1
71
0
91
1
92
7
72
0
73
1
93
4
10
54.94734569469142
20
133.8817373634747
10
54.2869443738889
20
133.8817373634747
10
54.2869443738889
20
134.03413766827532
10
54.94734569469142
20
134.03413766827532
97
1
330

75
0
76
1
47
0.4128176842155181
98
1
10
34.90568961886538
20
22.81183545379326
450
0
451
0
460
0
461
0
452
1
462
1
453
2
463
0
63
5
421
255
463
1
63
7
421
16777215
470
LINEAR
1001
ACAD
1010
0
1020
0
1030
0
0
HATCH
5
f27
100
AcDbEntity
8
TopPasteMaskLayer
100
AcDbHatch
10
0
20
0
30
0
210
0
220
0
230
1
2
SOLID
70
1
71
0
91
1
92
7
72
0
73
1
93
16
10
24.108483616967305
20
114.91099822199646
10
23.74716789433569
20
114.91099822199646
10
23.64716789433578
20
115.01099822199649
10
23.64716789433578
20
115.22156464312934
10
23.54716789433587
20
115.32156464312936
10
23.16880873761761
20
115.32156464312936
10
23.068808737617474
20
115.22156464312934
10
23.068808737617474
20
115.01099822199649
10
22.968808737617564
20
114.91099822199646
10
22.60749301498595
20
114.91099822199646
10
22.50749301498604
20
115.01099822199649
10
22.50749301498604
20
116.01851663703337
10
22.60749301498595
20
116.1185166370334
10
24.108483616967305
20
116.1185166370334
10
24.208483616967214
20
116.01851663703337
10
24.208483616967214
20
115.01099822199649
97
1
330

75
0
76
1
47
0.4128176842155181
98
1
10
34.90568961886538
20
22.81183545379326
450
0
451
0
460
0
461
0
452
1
462
1
453
2
463
0
63
5
421
255
463
1
63
7
421
16777215
470
LINEAR
1001
ACAD
1010
0
1020
0
1030
0
0
HATCH
5
f29
100
AcDbEntity
8
TopPasteMaskLayer
100
AcDbHatch
10
0
20
0
30
0
210
0
220
0
230
1
2
SOLID
70
1
71
0
91
1
92
7
72
0
73
1
93
16
10
24.108483616967305
20
113.16098552197104
10
23.74716789433569
20
113.16098552197104
10
23.64716789433578
20
113.06098552197102
10
23.64716789433578
20
112.85041910083828
10
23.54716789433587
20
112.75041910083826
10
23.16880873761761
20
112.75041910083826
10
23.068808737617474
20
112.85041910083828
10
23.068808737617474
20
113.06098552197102
10
22.968808737617564
20
113.16098552197104
10
22.60749301498595
20
113.16098552197104
10
22.50749301498604
20
113.06098552197102
10
22.50749301498604
20
112.05346710693425
10
22.60749301498595
20
111.95346710693423
10
24.108483616967305
20
111.95346710693423
10
24.208483616967214
20
112.05346710693425
10
24.208483616967214
20
113.06098552197102
97
1
330

75
0
76
1
47
0.4128176842155181
98
1
10
34.90568961886538
20
22.81183545379326
450
0
451
0
460
0
461
0
452
1
462
1
453
2
463
0
63
5
421
255
463
1
63
7
421
16777215
470
LINEAR
1001
ACAD
1010
0
1020
0
1030
0
  0
ENDSEC
  0
SECTION
  2
OBJECTS
  0
DICTIONARY
  5
C
330
0
100
AcDbDictionary
281
     1
  3
ACAD_CIP_PREVIOUS_PRODUCT_INFO
350
216
  3
ACAD_COLOR
350
6B
  3
ACAD_DETAILVIEWSTYLE
350
21B
  3
ACAD_GROUP
350
D
  3
ACAD_LAYOUT
350
1A
  3
ACAD_MATERIAL
350
6A
  3
ACAD_MLEADERSTYLE
350
12D
  3
ACAD_MLINESTYLE
350
17
  3
ACAD_PLOTSETTINGS
350
19
  3
ACAD_PLOTSTYLENAME
350
E
  3
ACAD_SCALELIST
350
10C
  3
ACAD_SECTIONVIEWSTYLE
350
219
  3
ACAD_TABLESTYLE
350
7E
  3
ACAD_VISUALSTYLE
350
EF
  3
ACDB_RECOMPOSE_DATA
350
27D
  3
AcDbVariableDictionary
350
5E
  3
AcDsDecomposeData
350
283
  0
DICTIONARY
  5
1FF
330
2
100
AcDbDictionary
280
     1
281
     1
  3
ACAD_LAYERSTATES
360
200
  0
DICTIONARY
  5
13C
330
10
100
AcDbDictionary
280
     1
281
     1
  0
DICTIONARY
  5
1CE
330
1F
100
AcDbDictionary
280
     1
281
     1
  0
XRECORD
  5
216
102
{ACAD_REACTORS
330
C
102
}
330
C
100
AcDbXrecord
280
     1
300
ACD
300
2017
300
ACD_F_S
  0
DICTIONARY
  5
6B
102
{ACAD_REACTORS
330
C
102
}
330
C
100
AcDbDictionary
281
     1
  0
DICTIONARY
  5
21B
102
{ACAD_REACTORS
330
C
102
}
330
C
100
AcDbDictionary
281
     1
  3
Metric50
350
21C
  0
DICTIONARY
  5
D
102
{ACAD_REACTORS
330
C
102
}
330
C
100
AcDbDictionary
281
     1
  0
DICTIONARY
  5
1A
102
{ACAD_REACTORS
330
C
102
}
330
C
100
AcDbDictionary
281
     1
  3
Model
350
22
  3
布局1
350
D3
  3
布局2
350
D7
  0
DICTIONARY
  5
6A
102
{ACAD_REACTORS
330
C
102
}
330
C
100
AcDbDictionary
281
     1
  3
ByBlock
350
ED
  3
ByLayer
350
EC
  3
Global
350
EE
  0
DICTIONARY
  5
12D
102
{ACAD_REACTORS
330
C
102
}
330
C
100
AcDbDictionary
281
     1
  3
Annotative
350
13B
  3
Standard
350
12E
  0
DICTIONARY
  5
17
102
{ACAD_REACTORS
330
C
102
}
330
C
100
AcDbDictionary
281
     1
  3
Standard
350
18
  0
DICTIONARY
  5
19
102
{ACAD_REACTORS
330
C
102
}
330
C
100
AcDbDictionary
281
     1
  0
ACDBDICTIONARYWDFLT
  5
E
102
{ACAD_REACTORS
330
C
102
}
330
C
100
AcDbDictionary
281
     1
  3
Normal
350
F
100
AcDbDictionaryWithDefault
340
F
  0
DICTIONARY
  5
10C
102
{ACAD_REACTORS
330
C
102
}
330
C
100
AcDbDictionary
281
     1
  3
A0
350
10D
  3
A1
350
1BE
  3
A2
350
1BF
  3
A3
350
1C0
  3
A4
350
1C1
  3
A5
350
1C2
  3
A6
350
1C3
  3
A7
350
1C4
  3
A8
350
1C5
  3
A9
350
1C6
  3
B0
350
1C7
  3
B1
350
1C8
  3
B2
350
1C9
  3
B3
350
1CA
  3
B4
350
1CB
  3
B5
350
1CC
  3
B6
350
1CD
  0
DICTIONARY
  5
219
102
{ACAD_REACTORS
330
C
102
}
330
C
100
AcDbDictionary
281
     1
  3
Metric50
350
21A
  0
DICTIONARY
  5
7E
102
{ACAD_REACTORS
330
C
102
}
330
C
100
AcDbDictionary
281
     1
  3
Standard
350
7F
  0
DICTIONARY
  5
EF
102
{ACAD_REACTORS
330
C
102
}
330
C
100
AcDbDictionary
281
     1
  3
2dWireframe
350
F5
  3
Basic
350
F4
  3
Brighten
350
FB
  3
ColorChange
350
FF
  3
Conceptual
350
F8
  3
Dim
350
FA
  3
EdgeColorOff
350
1E6
  3
Facepattern
350
FE
  3
Flat
350
F0
  3
FlatWithEdges
350
F1
  3
Gouraud
350
F2
  3
GouraudWithEdges
350
F3
  3
Hidden
350
F7
  3
JitterOff
350
1E4
  3
Linepattern
350
FD
  3
OverhangOff
350
1E5
  3
Realistic
350
F9
  3
Shaded
350
1F3
  3
Shaded with edges
350
1F2
  3
Shades of Gray
350
1EF
  3
Sketchy
350
1F0
  3
Thicken
350
FC
  3
Wireframe
350
F6
  3
X-Ray
350
1F1
  0
XRECORD
  5
27D
102
{ACAD_REACTORS
330
C
102
}
330
C
100
AcDbXrecord
280
     1
 90
        1
330
7F
  0
DICTIONARY
  5
5E
102
{ACAD_REACTORS
330
C
102
}
330
C
100
AcDbDictionary
281
     1
  3
CANNOSCALE
350
146
  3
CENTEREXE
350
259
  3
CENTERLTYPEFILE
350
25A
  3
CMLEADERSTYLE
350
145
  3
CTABLESTYLE
350
84
  3
CVIEWDETAILSTYLE
350
227
  3
CVIEWSECTIONSTYLE
350
228
  3
DIMASSOC
350
5F
  3
HIDETEXT
350
63
  3
LAYEREVAL
350
1AE
  3
LAYERNOTIFY
350
1AF
  3
XCLIPFRAME
350
27B
  0
DICTIONARY
  5
283
102
{ACAD_REACTORS
330
C
102
}
330
C
100
AcDbDictionary
281
     1
  3
AcDsRecords
350
285
  3
AcDsSchemas
350
284
1001
ACAD
1070
     2
  0
DICTIONARY
  5
200
102
{ACAD_REACTORS
330
1FF
102
}
330
1FF
100
AcDbDictionary
281
     1
  0
ACDBDETAILVIEWSTYLE
  5
21C
102
{ACAD_XDICTIONARY
360
236
102
}
102
{ACAD_REACTORS
330
21B
102
}
330
21B
100
AcDbModelDocViewStyle
 70
     0
  3
Metric50
290
     0
100
AcDbDetailViewStyle
 70
     0
 71
     0
 90
        3
 71
     1
340
11
 62
   256
 40
5.0
340
0
 62
   256
 40
5.0
300

 40
0.0
280
     1
 71
     2
340
16
 90
       25
 62
   256
 71
     3
340
11
 62
   256
 40
5.0
 90
        0
 40
15.0
 90
        1
300
%<AcVar ViewDetailId>% (%<AcVar ViewScale  "%sn">%)
 71
     4
340
16
 90
       25
 62
   256
340
16
 90
       25
 62
   256
280
     0
  0
LAYOUT
  5
22
102
{ACAD_XDICTIONARY
360
205
102
}
102
{ACAD_REACTORS
330
1A
102
}
330
1A
100
AcDbPlotSettings
  1

  2
none_device
  4
ISO_A4_(210.00_x_297.00_MM)
  6

 40
7.5
 41
20.0
 42
7.5
 43
20.0
 44
210.0
 45
297.0
 46
11.54999923706054
 47
-13.65000009536743
 48
0.0
 49
0.0
140
0.0
141
0.0
142
1.0
143
8.704084754739808
 70
 11952
 72
     1
 73
     0
 74
     0
  7

 75
     0
147
0.1148885871608098
 76
     0
 77
     2
 78
   300
148
0.0
149
0.0
100
AcDbLayout
  1
Model
 70
     1
 71
     0
 10
0.0
 20
0.0
 11
12.0
 21
9.0
 12
0.0
 22
0.0
 32
0.0
 14
0.0
 24
0.0
 34
0.0
 15
0.0
 25
0.0
 35
0.0
146
0.0
 13
0.0
 23
0.0
 33
0.0
 16
1.0
 26
0.0
 36
0.0
 17
0.0
 27
1.0
 37
0.0
 76
     0
330
1F
331
EA
1001
ACAD_PSEXT
1000
None
1000
None
1000
Not applicable
1000
The layout will not be plotted unless a new plotter configuration name is selected.
1070
     0
  0
LAYOUT
  5
D3
102
{ACAD_REACTORS
330
1A
102
}
330
1A
100
AcDbPlotSettings
  1

  2
C:Documents and SettingsasasApplication DataAutodeskAutoCAD 2005R16.1enuplottersDefault Windows System Printer.pc3
  4

  6

 40
0.0
 41
0.0
 42
0.0
 43
0.0
 44
0.0
 45
0.0
 46
0.0
 47
0.0
 48
0.0
 49
0.0
140
0.0
141
0.0
142
1.0
143
1.0
 70
   688
 72
     0
 73
     0
 74
     5
  7

 75
    16
147
1.0
 76
     0
 77
     2
 78
   300
148
0.0
149
0.0
100
AcDbLayout
  1
布局1
 70
     1
 71
     1
 10
0.0
 20
0.0
 11
12.0
 21
9.0
 12
0.0
 22
0.0
 32
0.0
 14
0.0
 24
0.0
 34
0.0
 15
0.0
 25
0.0
 35
0.0
146
0.0
 13
0.0
 23
0.0
 33
0.0
 16
1.0
 26
0.0
 36
0.0
 17
0.0
 27
1.0
 37
0.0
 76
     0
330
D2
  0
LAYOUT
  5
D7
102
{ACAD_REACTORS
330
1A
102
}
330
1A
100
AcDbPlotSettings
  1

  2
C:Documents and SettingsasasApplication DataAutodeskAutoCAD 2005R16.1enuplottersDefault Windows System Printer.pc3
  4

  6

 40
0.0
 41
0.0
 42
0.0
 43
0.0
 44
0.0
 45
0.0
 46
0.0
 47
0.0
 48
0.0
 49
0.0
140
0.0
141
0.0
142
1.0
143
1.0
 70
   688
 72
     0
 73
     0
 74
     5
  7

 75
    16
147
1.0
 76
     0
 77
     2
 78
   300
148
0.0
149
0.0
100
AcDbLayout
  1
布局2
 70
     1
 71
     2
 10
0.0
 20
0.0
 11
12.0
 21
9.0
 12
0.0
 22
0.0
 32
0.0
 14
0.0
 24
0.0
 34
0.0
 15
0.0
 25
0.0
 35
0.0
146
0.0
 13
0.0
 23
0.0
 33
0.0
 16
1.0
 26
0.0
 36
0.0
 17
0.0
 27
1.0
 37
0.0
 76
     0
330
D6
  0
MATERIAL
  5
ED
102
{ACAD_XDICTIONARY
360
1F9
102
}
102
{ACAD_REACTORS
330
6A
102
}
330
6A
100
AcDbMaterial
  1
ByBlock
 94
       63
  0
MATERIAL
  5
EC
102
{ACAD_XDICTIONARY
360
1F7
102
}
102
{ACAD_REACTORS
330
6A
102
}
330
6A
100
AcDbMaterial
  1
ByLayer
 94
       63
  0
MATERIAL
  5
EE
102
{ACAD_XDICTIONARY
360
173
102
}
102
{ACAD_REACTORS
330
6A
102
}
330
6A
100
AcDbMaterial
  1
Global
 43
0.0007999999797903
 43
0.0
 43
0.0
 43
0.0
 43
0.0
 43
0.0007999999797903
 43
0.0
 43
0.0
 43
0.0
 43
0.0
 43
1.0
 43
0.0
 43
0.0
 43
0.0
 43
0.0
 43
1.0
 49
0.0007999999797903
 49
0.0
 49
0.0
 49
0.0
 49
0.0
 49
0.0007999999797903
 49
0.0
 49
0.0
 49
0.0
 49
0.0
 49
1.0
 49
0.0
 49
0.0
 49
0.0
 49
0.0
 49
1.0
142
0.0007999999797903
142
0.0
142
0.0
142
0.0
142
0.0
142
0.0007999999797903
142
0.0
142
0.0
142
0.0
142
0.0
142
1.0
142
0.0
142
0.0
142
0.0
142
0.0
142
1.0
144
0.0007999999797903
144
0.0
144
0.0
144
0.0
144
0.0
144
0.0007999999797903
144
0.0
144
0.0
144
0.0
144
0.0
144
1.0
144
0.0
144
0.0
144
0.0
144
0.0
144
1.0
 94
       63
1001
ACAD
1070
    -1
1070
     3
1070
     0
1000

1071
        0
1070
     0
  0
MLEADERSTYLE
  5
13B
102
{ACAD_REACTORS
330
12D
102
}
330
12D
100
AcDbMLeaderStyle
170
     2
171
     1
172
     0
 90
        2
 40
0.0
 41
0.0
173
     1
 91
-1056964608
340
14
 92
       -2
290
     1
 42
2.0
291
     1
 43
8.0
  3
Standard
 44
4.0
300

342
11
174
     1
178
     1
175
     1
176
     0
 93
-1056964608
 45
4.0
292
     0
297
     0
 46
4.0
 94
-1056964608
 47
1.0
 49
1.0
140
1.0
293
     1
141
0.0
294
     1
177
     0
142
1.0
295
     0
296
     1
143
3.75
1001
ACAD_MLEADERVER
1070
     2
  0
MLEADERSTYLE
  5
12E
102
{ACAD_REACTORS
330
12D
102
}
330
12D
100
AcDbMLeaderStyle
170
     2
171
     1
172
     0
 90
        2
 40
0.0
 41
0.0
173
     1
 91
-1056964608
340
14
 92
       -2
290
     1
 42
2.0
291
     1
 43
8.0
  3
Standard
 44
4.0
300

342
11
174
     1
178
     1
175
     1
176
     0
 93
-1056964608
 45
4.0
292
     0
297
     0
 46
4.0
 94
-1056964608
 47
1.0
 49
1.0
140
1.0
293
     1
141
0.0
294
     1
177
     0
142
1.0
295
     0
296
     0
143
3.75
1001
ACAD_MLEADERVER
1070
     2
  0
MLINESTYLE
  5
18
102
{ACAD_REACTORS
330
17
102
}
330
17
100
AcDbMlineStyle
  2
STANDARD
 70
     0
  3

 62
   256
 51
90.0
 52
90.0
 71
     2
 49
0.5
 62
   256
  6
BYLAYER
 49
-0.5
 62
   256
  6
BYLAYER
  0
ACDBPLACEHOLDER
  5
F
102
{ACAD_REACTORS
330
E
102
}
330
E
  0
SCALE
  5
10D
102
{ACAD_REACTORS
330
10C
102
}
330
10C
100
AcDbScale
 70
     0
300
1:1
140
1.0
141
1.0
290
     1
  0
SCALE
  5
1BE
102
{ACAD_REACTORS
330
10C
102
}
330
10C
100
AcDbScale
 70
     0
300
1:2
140
1.0
141
2.0
290
     0
  0
SCALE
  5
1BF
102
{ACAD_REACTORS
330
10C
102
}
330
10C
100
AcDbScale
 70
     0
300
1:4
140
1.0
141
4.0
290
     0
  0
SCALE
  5
1C0
102
{ACAD_REACTORS
330
10C
102
}
330
10C
100
AcDbScale
 70
     0
300
1:5
140
1.0
141
5.0
290
     0
  0
SCALE
  5
1C1
102
{ACAD_REACTORS
330
10C
102
}
330
10C
100
AcDbScale
 70
     0
300
1:8
140
1.0
141
8.0
290
     0
  0
SCALE
  5
1C2
102
{ACAD_REACTORS
330
10C
102
}
330
10C
100
AcDbScale
 70
     0
300
1:10
140
1.0
141
10.0
290
     0
  0
SCALE
  5
1C3
102
{ACAD_REACTORS
330
10C
102
}
330
10C
100
AcDbScale
 70
     0
300
1:16
140
1.0
141
16.0
290
     0
  0
SCALE
  5
1C4
102
{ACAD_REACTORS
330
10C
102
}
330
10C
100
AcDbScale
 70
     0
300
1:20
140
1.0
141
20.0
290
     0
  0
SCALE
  5
1C5
102
{ACAD_REACTORS
330
10C
102
}
330
10C
100
AcDbScale
 70
     0
300
1:30
140
1.0
141
30.0
290
     0
  0
SCALE
  5
1C6
102
{ACAD_REACTORS
330
10C
102
}
330
10C
100
AcDbScale
 70
     0
300
1:40
140
1.0
141
40.0
290
     0
  0
SCALE
  5
1C7
102
{ACAD_REACTORS
330
10C
102
}
330
10C
100
AcDbScale
 70
     0
300
1:50
140
1.0
141
50.0
290
     0
  0
SCALE
  5
1C8
102
{ACAD_REACTORS
330
10C
102
}
330
10C
100
AcDbScale
 70
     0
300
1:100
140
1.0
141
100.0
290
     0
  0
SCALE
  5
1C9
102
{ACAD_REACTORS
330
10C
102
}
330
10C
100
AcDbScale
 70
     0
300
2:1
140
2.0
141
1.0
290
     0
  0
SCALE
  5
1CA
102
{ACAD_REACTORS
330
10C
102
}
330
10C
100
AcDbScale
 70
     0
300
4:1
140
4.0
141
1.0
290
     0
  0
SCALE
  5
1CB
102
{ACAD_REACTORS
330
10C
102
}
330
10C
100
AcDbScale
 70
     0
300
8:1
140
8.0
141
1.0
290
     0
  0
SCALE
  5
1CC
102
{ACAD_REACTORS
330
10C
102
}
330
10C
100
AcDbScale
 70
     0
300
10:1
140
10.0
141
1.0
290
     0
  0
SCALE
  5
1CD
102
{ACAD_REACTORS
330
10C
102
}
330
10C
100
AcDbScale
 70
     0
300
100:1
140
100.0
141
1.0
290
     0
  0
ACDBSECTIONVIEWSTYLE
  5
21A
102
{ACAD_XDICTIONARY
360
234
102
}
102
{ACAD_REACTORS
330
219
102
}
330
219
100
AcDbModelDocViewStyle
 70
     0
  3
Metric50
290
     0
100
AcDbSectionViewStyle
 70
     0
 71
     0
 90
      102
 71
     1
340
11
 62
   256
 40
5.0
340
0
340
0
 62
   256
 40
5.0
300
I, O, Q, S, X, Z
 40
10.0
 90
        0
 40
2.5
 90
        0
 71
     2
340
16
 90
       25
 62
   256
340
16
 90
       50
 62
   256
 40
5.0
 40
2.5
 40
5.0
 71
     3
340
11
 62
   256
 40
5.0
 90
        0
 40
15.0
 90
        1
300
%<AcVar ViewSectionStartId>%-%<AcVar ViewSectionEndId>% (%<AcVar ViewScale  "%sn">%)
 71
     4
 62
   256
 62
   257
300
ANSI31
 40
1.0
 90
        0
290
     0
290
     0
 90
        6
 40
0.0
 40
1.570796326794896
 40
0.2617993877991494
 40
1.308996938995747
 40
-0.2617993877991494
 40
1.832595714594046
  0
TABLESTYLE
  5
7F
102
{ACAD_XDICTIONARY
360
162
102
}
102
{ACAD_REACTORS
330
7E
102
}
330
7E
100
AcDbTableStyle
  3
Standard
 70
     0
 71
     0
 40
1.5
 41
1.5
280
     0
281
     0
  7
Standard
140
4.5
170
     2
 62
     0
 63
     7
283
     0
 90
      512
 91
        0
  1

274
    -2
284
     1
 64
     0
275
    -2
285
     1
 65
     0
276
    -2
286
     1
 66
     0
277
    -2
287
     1
 67
     0
278
    -2
288
     1
 68
     0
279
    -2
289
     1
 69
     0
  7
Standard
140
6.0
170
     5
 62
     0
 63
     7
283
     0
 90
      512
 91
        0
  1

274
    -2
284
     1
 64
     0
275
    -2
285
     1
 65
     0
276
    -2
286
     1
 66
     0
277
    -2
287
     1
 67
     0
278
    -2
288
     1
 68
     0
279
    -2
289
     1
 69
     0
  7
Standard
140
4.5
170
     5
 62
     0
 63
     7
283
     0
 90
      512
 91
        0
  1

274
    -2
284
     1
 64
     0
275
    -2
285
     1
 65
     0
276
    -2
286
     1
 66
     0
277
    -2
287
     1
 67
     0
278
    -2
288
     1
 68
     0
279
    -2
289
     1
 69
     0
  0
VISUALSTYLE
  5
F5
102
{ACAD_XDICTIONARY
360
290
102
}
102
{ACAD_REACTORS
330
EF
102
}
330
EF
100
AcDbVisualStyle
  2
2dWireframe
 70
     4
 71
     0
 72
     2
 73
     1
 90
        0
 40
-0.6
 41
-30.0
 62
     5
 63
     7
421
 16777215
 74
     1
 91
        4
 64
     7
 65
   257
 75
     1
175
     1
 42
1.0
 92
        0
 66
   257
 43
1.0
 76
     1
 77
     6
 78
     2
 67
     7
 79
     5
170
     0
171
     0
290
     0
174
     0
 93
        1
 44
0.0
173
     0
291
     0
 45
0.0
1001
ACAD
1000
AcDbSavedByObjectVersion
1070
     0
  0
VISUALSTYLE
  5
F4
102
{ACAD_XDICTIONARY
360
28E
102
}
102
{ACAD_REACTORS
330
EF
102
}
330
EF
100
AcDbVisualStyle
  2
Basic
 70
     7
 71
     1
 72
     0
 73
     1
 90
        0
 40
-0.6
 41
-30.0
 62
     5
 63
     7
421
 16777215
 74
     0
 91
        4
 64
     7
 65
   257
 75
     1
175
     1
 42
1.0
 92
        8
 66
     7
 43
1.0
 76
     1
 77
     6
 78
     2
 67
     7
 79
     5
170
     0
171
     0
290
     0
174
     0
 93
        1
 44
0.0
173
     0
291
     1
 45
0.0
1001
ACAD
1000
AcDbSavedByObjectVersion
1070
     0
  0
VISUALSTYLE
  5
FB
102
{ACAD_XDICTIONARY
360
29C
102
}
102
{ACAD_REACTORS
330
EF
102
}
330
EF
100
AcDbVisualStyle
  2
Brighten
 70
    12
 71
     2
 72
     2
 73
     1
 90
        0
 40
-0.6
 41
-30.0
 62
     5
 63
     7
421
 16777215
 74
     1
 91
        4
 64
     7
 65
   257
 75
     1
175
     1
 42
1.0
 92
        8
 66
     7
 43
1.0
 76
     1
 77
     6
 78
     2
 67
     7
 79
     5
170
     0
171
     0
290
     0
174
     0
 93
        1
 44
50.0
173
     0
291
     1
 45
0.0
1001
ACAD
1000
AcDbSavedByObjectVersion
1070
     0
  0
VISUALSTYLE
  5
FF
102
{ACAD_XDICTIONARY
360
2A4
102
}
102
{ACAD_REACTORS
330
EF
102
}
330
EF
100
AcDbVisualStyle
  2
ColorChange
 70
    16
 71
     2
 72
     2
 73
     3
 90
        0
 40
-0.6
 41
-30.0
 62
     5
 63
     8
421
  8421504
 74
     1
 91
        4
 64
     7
 65
   257
 75
     1
175
     1
 42
1.0
 92
        8
 66
     8
424
  8421504
 43
1.0
 76
     1
 77
     6
 78
     2
 67
     7
 79
     5
170
     0
171
     0
290
     0
174
     0
 93
        1
 44
0.0
173
     0
291
     1
 45
0.0
1001
ACAD
1000
AcDbSavedByObjectVersion
1070
     0
  0
VISUALSTYLE
  5
F8
102
{ACAD_XDICTIONARY
360
296
102
}
102
{ACAD_REACTORS
330
EF
102
}
330
EF
100
AcDbVisualStyle
  2
Conceptual
 70
     9
 71
     3
 72
     2
 73
     1
 90
        0
 40
-0.6
 41
-30.0
 62
     5
 63
     7
421
 16777215
 74
     2
 91
        2
 64
     7
 65
   257
 75
     1
175
     1
 42
40.0
 92
        8
 66
     7
 43
1.0
 76
     1
 77
     6
 78
     2
 67
     7
 79
     3
170
     0
171
     0
290
     0
174
     0
 93
        1
 44
0.0
173
     0
291
     0
 45
0.0
1001
ACAD
1000
AcDbSavedByObjectVersion
1070
     0
  0
VISUALSTYLE
  5
FA
102
{ACAD_XDICTIONARY
360
29A
102
}
102
{ACAD_REACTORS
330
EF
102
}
330
EF
100
AcDbVisualStyle
  2
Dim
 70
    11
 71
     2
 72
     2
 73
     1
 90
        0
 40
-0.6
 41
-30.0
 62
     5
 63
     7
421
 16777215
 74
     1
 91
        4
 64
     7
 65
   257
 75
     1
175
     1
 42
1.0
 92
        8
 66
     7
 43
1.0
 76
     1
 77
     6
 78
     2
 67
     7
 79
     5
170
     0
171
     0
290
     0
174
     0
 93
        1
 44
-50.0
173
     0
291
     1
 45
0.0
1001
ACAD
1000
AcDbSavedByObjectVersion
1070
     0
  0
VISUALSTYLE
  5
1E6
102
{ACAD_XDICTIONARY
360
2AA
102
}
102
{ACAD_REACTORS
330
EF
102
}
330
EF
100
AcDbVisualStyle
  2
EdgeColorOff
 70
    22
 71
     2
 72
     2
 73
     0
 90
        0
 40
-0.6
 41
-30.0
 62
     5
 63
     7
421
 16777215
 74
     1
 91
        4
 64
     7
 65
   257
 75
     1
175
     1
 42
1.0
 92
        8
 66
     7
 43
1.0
 76
     1
 77
     6
 78
     2
 67
     7
 79
     5
170
     0
171
     0
290
     0
174
     0
 93
        1
 44
0.0
173
     0
291
     1
 45
0.0
1001
ACAD
1000
AcDbSavedByObjectVersion
1070
     0
  0
VISUALSTYLE
  5
FE
102
{ACAD_XDICTIONARY
360
2A2
102
}
102
{ACAD_REACTORS
330
EF
102
}
330
EF
100
AcDbVisualStyle
  2
Facepattern
 70
    15
 71
     2
 72
     2
 73
     1
 90
        0
 40
-0.6
 41
-30.0
 62
     5
 63
     7
421
 16777215
 74
     1
 91
        4
 64
     7
 65
   257
 75
     1
175
     1
 42
1.0
 92
        8
 66
     7
 43
1.0
 76
     1
 77
     6
 78
     2
 67
     7
 79
     5
170
     0
171
     0
290
     0
174
     0
 93
        1
 44
0.0
173
     0
291
     1
 45
0.0
1001
ACAD
1000
AcDbSavedByObjectVersion
1070
     0
  0
VISUALSTYLE
  5
F0
102
{ACAD_XDICTIONARY
360
286
102
}
102
{ACAD_REACTORS
330
EF
102
}
330
EF
100
AcDbVisualStyle
  2
Flat
 70
     0
 71
     2
 72
     1
 73
     1
 90
        2
 40
-0.6
 41
30.0
 62
     5
 63
     7
421
 16777215
 74
     0
 91
        0
 64
     7
 65
   257
 75
     1
175
     1
 42
1.0
 92
        8
 66
     7
 43
1.0
 76
     1
 77
     6
 78
     2
 67
     7
 79
     5
170
     0
171
     0
290
     0
174
     0
 93
       13
 44
0.0
173
     0
291
     1
 45
0.0
1001
ACAD
1000
AcDbSavedByObjectVersion
1070
     0
  0
VISUALSTYLE
  5
F1
102
{ACAD_XDICTIONARY
360
288
102
}
102
{ACAD_REACTORS
330
EF
102
}
330
EF
100
AcDbVisualStyle
  2
FlatWithEdges
 70
     1
 71
     2
 72
     1
 73
     1
 90
        2
 40
-0.6
 41
30.0
 62
     5
 63
     7
421
 16777215
 74
     1
 91
        0
 64
     7
 65
   257
 75
     1
175
     1
 42
1.0
 92
        0
 66
   257
 43
1.0
 76
     1
 77
     6
 78
     2
 67
     7
 79
     5
170
     0
171
     0
290
     0
174
     0
 93
       13
 44
0.0
173
     0
291
     1
 45
0.0
1001
ACAD
1000
AcDbSavedByObjectVersion
1070
     0
  0
VISUALSTYLE
  5
F2
102
{ACAD_XDICTIONARY
360
28A
102
}
102
{ACAD_REACTORS
330
EF
102
}
330
EF
100
AcDbVisualStyle
  2
Gouraud
 70
     2
 71
     2
 72
     2
 73
     1
 90
        2
 40
-0.6
 41
30.0
 62
     5
 63
     7
421
 16777215
 74
     0
 91
        0
 64
     7
 65
   257
 75
     1
175
     1
 42
1.0
 92
        0
 66
     7
 43
1.0
 76
     1
 77
     6
 78
     2
 67
     7
 79
     5
170
     0
171
     0
290
     0
174
     0
 93
       13
 44
0.0
173
     0
291
     1
 45
0.0
1001
ACAD
1000
AcDbSavedByObjectVersion
1070
     0
  0
VISUALSTYLE
  5
F3
102
{ACAD_XDICTIONARY
360
28C
102
}
102
{ACAD_REACTORS
330
EF
102
}
330
EF
100
AcDbVisualStyle
  2
GouraudWithEdges
 70
     3
 71
     2
 72
     2
 73
     1
 90
        2
 40
-0.6
 41
30.0
 62
     5
 63
     7
421
 16777215
 74
     1
 91
        0
 64
     7
 65
   257
 75
     1
175
     1
 42
1.0
 92
        0
 66
   257
 43
1.0
 76
     1
 77
     6
 78
     2
 67
     7
 79
     5
170
     0
171
     0
290
     0
174
     0
 93
       13
 44
0.0
173
     0
291
     1
 45
0.0
1001
ACAD
1000
AcDbSavedByObjectVersion
1070
     0
  0
VISUALSTYLE
  5
F7
102
{ACAD_XDICTIONARY
360
294
102
}
102
{ACAD_REACTORS
330
EF
102
}
330
EF
100
AcDbVisualStyle
  2
Hidden
 70
     6
 71
     1
 72
     2
 73
     2
 90
        0
 40
-0.6
 41
-30.0
 62
     5
 63
     7
421
 16777215
 74
     2
 91
        2
 64
     7
 65
   257
 75
     2
175
     1
 42
40.0
 92
        0
 66
   257
 43
1.0
 76
     1
 77
     6
 78
     2
 67
     7
 79
     3
170
     0
171
     0
290
     0
174
     0
 93
        1
 44
0.0
173
     0
291
     0
 45
0.0
1001
ACAD
1000
AcDbSavedByObjectVersion
1070
     0
  0
VISUALSTYLE
  5
1E4
102
{ACAD_XDICTIONARY
360
2A6
102
}
102
{ACAD_REACTORS
330
EF
102
}
330
EF
100
AcDbVisualStyle
  2
JitterOff
 70
    20
 71
     2
 72
     2
 73
     0
 90
        0
 40
-0.6
 41
-30.0
 62
     5
 63
     7
421
 16777215
 74
     1
 91
        4
 64
     7
 65
   257
 75
     1
175
     1
 42
1.0
 92
       10
 66
     7
 43
1.0
 76
     1
 77
     6
 78
     2
 67
     7
 79
     5
170
     0
171
     0
290
     0
174
     0
 93
        1
 44
0.0
173
     0
291
     1
 45
0.0
1001
ACAD
1000
AcDbSavedByObjectVersion
1070
     0
  0
VISUALSTYLE
  5
FD
102
{ACAD_XDICTIONARY
360
2A0
102
}
102
{ACAD_REACTORS
330
EF
102
}
330
EF
100
AcDbVisualStyle
  2
Linepattern
 70
    14
 71
     2
 72
     2
 73
     1
 90
        0
 40
-0.6
 41
-30.0
 62
     5
 63
     7
421
 16777215
 74
     1
 91
        4
 64
     7
 65
   257
 75
     7
175
     7
 42
1.0
 92
        8
 66
     7
 43
1.0
 76
     1
 77
     6
 78
     2
 67
     7
 79
     5
170
     0
171
     0
290
     0
174
     0
 93
        1
 44
0.0
173
     0
291
     1
 45
0.0
1001
ACAD
1000
AcDbSavedByObjectVersion
1070
     0
  0
VISUALSTYLE
  5
1E5
102
{ACAD_XDICTIONARY
360
2A8
102
}
102
{ACAD_REACTORS
330
EF
102
}
330
EF
100
AcDbVisualStyle
  2
OverhangOff
 70
    21
 71
     2
 72
     2
 73
     0
 90
        0
 40
-0.6
 41
-30.0
 62
     5
 63
     7
421
 16777215
 74
     1
 91
        4
 64
     7
 65
   257
 75
     1
175
     1
 42
1.0
 92
        9
 66
     7
 43
1.0
 76
     1
 77
     6
 78
     2
 67
     7
 79
     5
170
     0
171
     0
290
     0
174
     0
 93
        1
 44
0.0
173
     0
291
     1
 45
0.0
1001
ACAD
1000
AcDbSavedByObjectVersion
1070
     0
  0
VISUALSTYLE
  5
F9
102
{ACAD_XDICTIONARY
360
298
102
}
102
{ACAD_REACTORS
330
EF
102
}
330
EF
100
AcDbVisualStyle
  2
Realistic
 70
     8
 71
     2
 72
     3
 73
     0
 90
        2
 40
-0.6
 41
30.0
 62
     5
 63
     7
421
 16777215
 74
     0
 91
        0
 64
     7
 65
   257
 75
     1
175
     1
 42
1.0
 92
        8
 66
   257
 43
1.0
 76
     1
 77
     6
 78
     2
 67
     7
 79
     3
170
     0
171
     0
290
     0
174
     0
 93
       13
 44
0.0
173
     0
291
     0
 45
0.0
1001
ACAD
1000
AcDbSavedByObjectVersion
1070
     0
  0
VISUALSTYLE
  5
1F3
102
{ACAD_XDICTIONARY
360
2B4
102
}
102
{ACAD_REACTORS
330
EF
102
}
330
EF
100
AcDbVisualStyle
  2
Shaded
 70
    27
 71
     2
 72
     2
 73
     1
 90
        2
 40
-0.6
 41
30.0
 62
     5
 63
     7
421
 16777215
 74
     0
 91
        4
 64
     7
 65
   257
 75
     1
175
     1
 42
1.0
 92
        8
 66
   257
 43
1.0
 76
     1
 77
     6
 78
     2
 67
     8
425
  7895160
 79
     3
170
     0
171
     0
290
     0
174
     0
 93
        5
 44
0.0
173
     0
291
     0
 45
0.0
1001
ACAD
1000
AcDbSavedByObjectVersion
1070
     0
  0
VISUALSTYLE
  5
1F2
102
{ACAD_XDICTIONARY
360
2B2
102
}
102
{ACAD_REACTORS
330
EF
102
}
330
EF
100
AcDbVisualStyle
  2
Shaded with edges
 70
    26
 71
     2
 72
     2
 73
     1
 90
        2
 40
-0.6
 41
30.0
 62
     5
 63
     7
421
 16777215
 74
     1
 91
        2
 64
     7
 65
   257
 75
     2
175
     1
 42
1.0
 92
        8
 66
   257
 43
1.0
 76
     1
 77
     6
 78
     2
 67
     7
 79
     3
170
     0
171
     0
290
     0
174
     0
 93
        5
 44
0.0
173
     0
291
     0
 45
0.0
1001
ACAD
1000
AcDbSavedByObjectVersion
1070
     0
  0
VISUALSTYLE
  5
1EF
102
{ACAD_XDICTIONARY
360
2AC
102
}
102
{ACAD_REACTORS
330
EF
102
}
330
EF
100
AcDbVisualStyle
  2
Shades of Gray
 70
    23
 71
     2
 72
     2
 73
     3
 90
        0
 40
-0.6
 41
-30.0
 62
     5
 63
     7
421
 16777215
 74
     2
 91
        2
 64
     7
 65
     7
 75
     1
175
     1
 42
40.0
 92
        8
 66
     7
 43
1.0
 76
     1
 77
     6
 78
     2
 67
     7
 79
     3
170
     0
171
     0
290
     0
174
     0
 93
        1
 44
0.0
173
     0
291
     0
 45
0.0
1001
ACAD
1000
AcDbSavedByObjectVersion
1070
     0
  0
VISUALSTYLE
  5
1F0
102
{ACAD_XDICTIONARY
360
2AE
102
}
102
{ACAD_REACTORS
330
EF
102
}
330
EF
100
AcDbVisualStyle
  2
Sketchy
 70
    24
 71
     1
 72
     2
 73
     2
 90
        0
 40
-0.6
 41
-30.0
 62
     5
 63
     7
421
 16777215
 74
     2
 91
        2
 64
     7
 65
     7
 75
     1
175
     1
 42
40.0
 92
       11
 66
     7
 43
1.0
 76
     1
 77
     6
 78
     2
 67
     7
 79
     6
170
     0
171
     0
290
     0
174
     0
 93
        1
 44
0.0
173
     0
291
     0
 45
0.0
1001
ACAD
1000
AcDbSavedByObjectVersion
1070
     0
  0
VISUALSTYLE
  5
FC
102
{ACAD_XDICTIONARY
360
29E
102
}
102
{ACAD_REACTORS
330
EF
102
}
330
EF
100
AcDbVisualStyle
  2
Thicken
 70
    13
 71
     2
 72
     2
 73
     1
 90
        0
 40
-0.6
 41
-30.0
 62
     5
 63
     7
421
 16777215
 74
     1
 91
        4
 64
     7
 65
   257
 75
     1
175
     1
 42
1.0
 92
       12
 66
     7
 43
1.0
 76
     1
 77
     6
 78
     2
 67
     7
 79
     5
170
     0
171
     0
290
     0
174
     0
 93
        1
 44
0.0
173
     0
291
     1
 45
0.0
1001
ACAD
1000
AcDbSavedByObjectVersion
1070
     0
  0
VISUALSTYLE
  5
F6
102
{ACAD_XDICTIONARY
360
292
102
}
102
{ACAD_REACTORS
330
EF
102
}
330
EF
100
AcDbVisualStyle
  2
Wireframe
 70
     5
 71
     0
 72
     2
 73
     0
 90
        0
 40
-0.6
 41
-30.0
 62
     5
 63
     7
421
 16777215
 74
     1
 91
        4
 64
     7
 65
   257
 75
     1
175
     1
 42
1.0
 92
        0
 66
   257
 43
1.0
 76
     1
 77
     6
 78
     2
 67
     7
 79
     3
170
     0
171
     0
290
     0
174
     0
 93
        1
 44
0.0
173
     0
291
     0
 45
0.0
1001
ACAD
1000
AcDbSavedByObjectVersion
1070
     0
  0
VISUALSTYLE
  5
1F1
102
{ACAD_XDICTIONARY
360
2B0
102
}
102
{ACAD_REACTORS
330
EF
102
}
330
EF
100
AcDbVisualStyle
  2
X-Ray
 70
    25
 71
     2
 72
     2
 73
     1
 90
        1
 40
0.5
 41
-30.0
 62
     5
 63
     7
421
 16777215
 74
     1
 91
        0
 64
     7
 65
   257
 75
     1
175
     1
 42
1.0
 92
        8
 66
     7
 43
1.0
 76
     1
 77
     6
 78
     2
 67
     7
 79
     3
170
     0
171
     0
290
     0
174
     0
 93
       13
 44
0.0
173
     0
291
     0
 45
0.0
1001
ACAD
1000
AcDbSavedByObjectVersion
1070
     0
  0
DICTIONARYVAR
  5
146
102
{ACAD_REACTORS
330
5E
102
}
330
5E
100
DictionaryVariables
280
     0
  1
1:1
  0
DICTIONARYVAR
  5
259
102
{ACAD_REACTORS
330
5E
102
}
330
5E
100
DictionaryVariables
280
     0
  1
3.500000
  0
DICTIONARYVAR
  5
25A
102
{ACAD_REACTORS
330
5E
102
}
330
5E
100
DictionaryVariables
280
     0
  1
acadiso.lin
  0
DICTIONARYVAR
  5
145
102
{ACAD_REACTORS
330
5E
102
}
330
5E
100
DictionaryVariables
280
     0
  1
STANDARD
  0
DICTIONARYVAR
  5
84
102
{ACAD_REACTORS
330
5E
102
}
330
5E
100
DictionaryVariables
280
     0
  1
STANDARD
  0
DICTIONARYVAR
  5
227
102
{ACAD_REACTORS
330
5E
102
}
330
5E
100
DictionaryVariables
280
     0
  1
Metric50
  0
DICTIONARYVAR
  5
228
102
{ACAD_REACTORS
330
5E
102
}
330
5E
100
DictionaryVariables
280
     0
  1
Metric50
  0
DICTIONARYVAR
  5
5F
102
{ACAD_REACTORS
330
5E
102
}
330
5E
100
DictionaryVariables
280
     0
  1
2
  0
DICTIONARYVAR
  5
63
102
{ACAD_REACTORS
330
5E
102
}
330
5E
100
DictionaryVariables
280
     0
  1
1
  0
DICTIONARYVAR
  5
1AE
102
{ACAD_REACTORS
330
5E
102
}
330
5E
100
DictionaryVariables
280
     0
  1
0
  0
DICTIONARYVAR
  5
1AF
102
{ACAD_REACTORS
330
5E
102
}
330
5E
100
DictionaryVariables
280
     0
  1
0
  0
DICTIONARYVAR
  5
27B
102
{ACAD_REACTORS
330
5E
102
}
330
5E
100
DictionaryVariables
280
     0
  1
2
  0
DICTIONARY
  5
285
102
{ACAD_REACTORS
330
283
102
}
330
283
100
AcDbDictionary
281
     1
  0
DICTIONARY
  5
284
102
{ACAD_REACTORS
330
283
102
}
330
283
100
AcDbDictionary
281
     1
  3
1923465580128
350
27E
  3
1923465580144
350
27F
  3
1923465580160
350
280
  3
1923465580176
350
281
  3
1923465580192
350
282
  0
DICTIONARY
  5
236
330
21C
100
AcDbDictionary
280
     1
281
     1
  3
ACAD_XREC_ROUNDTRIP
360
2B7
  0
DICTIONARY
  5
205
330
22
100
AcDbDictionary
280
     1
281
     1
  0
DICTIONARY
  5
1F9
330
ED
100
AcDbDictionary
280
     1
281
     1
  3
FBXASSET
360
1FA
  0
DICTIONARY
  5
1F7
330
EC
100
AcDbDictionary
280
     1
281
     1
  3
FBXASSET
360
1F8
  0
DICTIONARY
  5
173
330
EE
100
AcDbDictionary
280
     1
281
     1
  3
BUMPTILE
360
175
  3
DIFFUSETILE
360
174
  3
FBXASSET
360
1FB
  3
OPACITYTILE
360
176
  3
REFLECTIONTILE
360
177
  0
DICTIONARY
  5
234
330
21A
100
AcDbDictionary
280
     1
281
     1
  3
ACAD_XREC_ROUNDTRIP
360
2B6
  0
DICTIONARY
  5
162
330
7F
100
AcDbDictionary
280
     1
281
     1
  3
ACAD_ROUNDTRIP_2008_TABLESTYLE_CELLSTYLEMAP
360
27C
  0
DICTIONARY
  5
290
330
F5
100
AcDbDictionary
280
     1
281
     1
  3
ACAD_XREC_ROUNDTRIP
360
291
  0
DICTIONARY
  5
28E
330
F4
100
AcDbDictionary
280
     1
281
     1
  3
ACAD_XREC_ROUNDTRIP
360
28F
  0
DICTIONARY
  5
29C
330
FB
100
AcDbDictionary
280
     1
281
     1
  3
ACAD_XREC_ROUNDTRIP
360
29D
  0
DICTIONARY
  5
2A4
330
FF
100
AcDbDictionary
280
     1
281
     1
  3
ACAD_XREC_ROUNDTRIP
360
2A5
  0
DICTIONARY
  5
296
330
F8
100
AcDbDictionary
280
     1
281
     1
  3
ACAD_XREC_ROUNDTRIP
360
297
  0
DICTIONARY
  5
29A
330
FA
100
AcDbDictionary
280
     1
281
     1
  3
ACAD_XREC_ROUNDTRIP
360
29B
  0
DICTIONARY
  5
2AA
330
1E6
100
AcDbDictionary
280
     1
281
     1
  3
ACAD_XREC_ROUNDTRIP
360
2AB
  0
DICTIONARY
  5
2A2
330
FE
100
AcDbDictionary
280
     1
281
     1
  3
ACAD_XREC_ROUNDTRIP
360
2A3
  0
DICTIONARY
  5
286
330
F0
100
AcDbDictionary
280
     1
281
     1
  3
ACAD_XREC_ROUNDTRIP
360
287
  0
DICTIONARY
  5
288
330
F1
100
AcDbDictionary
280
     1
281
     1
  3
ACAD_XREC_ROUNDTRIP
360
289
  0
DICTIONARY
  5
28A
330
F2
100
AcDbDictionary
280
     1
281
     1
  3
ACAD_XREC_ROUNDTRIP
360
28B
  0
DICTIONARY
  5
28C
330
F3
100
AcDbDictionary
280
     1
281
     1
  3
ACAD_XREC_ROUNDTRIP
360
28D
  0
DICTIONARY
  5
294
330
F7
100
AcDbDictionary
280
     1
281
     1
  3
ACAD_XREC_ROUNDTRIP
360
295
  0
DICTIONARY
  5
2A6
330
1E4
100
AcDbDictionary
280
     1
281
     1
  3
ACAD_XREC_ROUNDTRIP
360
2A7
  0
DICTIONARY
  5
2A0
330
FD
100
AcDbDictionary
280
     1
281
     1
  3
ACAD_XREC_ROUNDTRIP
360
2A1
  0
DICTIONARY
  5
2A8
330
1E5
100
AcDbDictionary
280
     1
281
     1
  3
ACAD_XREC_ROUNDTRIP
360
2A9
  0
DICTIONARY
  5
298
330
F9
100
AcDbDictionary
280
     1
281
     1
  3
ACAD_XREC_ROUNDTRIP
360
299
  0
DICTIONARY
  5
2B4
330
1F3
100
AcDbDictionary
280
     1
281
     1
  3
ACAD_XREC_ROUNDTRIP
360
2B5
  0
DICTIONARY
  5
2B2
330
1F2
100
AcDbDictionary
280
     1
281
     1
  3
ACAD_XREC_ROUNDTRIP
360
2B3
  0
DICTIONARY
  5
2AC
330
1EF
100
AcDbDictionary
280
     1
281
     1
  3
ACAD_XREC_ROUNDTRIP
360
2AD
  0
DICTIONARY
  5
2AE
330
1F0
100
AcDbDictionary
280
     1
281
     1
  3
ACAD_XREC_ROUNDTRIP
360
2AF
  0
DICTIONARY
  5
29E
330
FC
100
AcDbDictionary
280
     1
281
     1
  3
ACAD_XREC_ROUNDTRIP
360
29F
  0
DICTIONARY
  5
292
330
F6
100
AcDbDictionary
280
     1
281
     1
  3
ACAD_XREC_ROUNDTRIP
360
293
  0
DICTIONARY
  5
2B0
330
1F1
100
AcDbDictionary
280
     1
281
     1
  3
ACAD_XREC_ROUNDTRIP
360
2B1
  0
XRECORD
  5
27E
102
{ACAD_REACTORS
330
284
102
}
330
284
100
AcDbXrecord
280
     1
  1
AcDb_Thumbnail_Schema
102
{ATTRRECORD
341
27F
  2
AcDbDs::TreatedAsObjectData
280
     1
291
     1
102
ATTRRECORD}
102
{ATTRRECORD
341
280
  2
AcDbDs::Legacy
280
     1
291
     1
102
ATTRRECORD}
  2
AcDbDs::ID
280
    10
 91
        8
102
{ATTRRECORD
341
281
  2
AcDs:Indexable
280
     1
291
     1
102
ATTRRECORD}
102
{ATTRRECORD
341
282
  2
AcDbDs::HandleAttribute
280
     7
282
     1
102
ATTRRECORD}
  2
Thumbnail_Data
280
    15
 91
        0
  0
XRECORD
  5
27F
102
{ACAD_REACTORS
330
284
102
}
330
284
100
AcDbXrecord
280
     1
  1
AcDbDs::TreatedAsObjectDataSchema
  2
AcDbDs::TreatedAsObjectData
280
     1
 91
        0
  0
XRECORD
  5
280
102
{ACAD_REACTORS
330
284
102
}
330
284
100
AcDbXrecord
280
     1
  1
AcDbDs::LegacySchema
  2
AcDbDs::Legacy
280
     1
 91
        0
  0
XRECORD
  5
281
102
{ACAD_REACTORS
330
284
102
}
330
284
100
AcDbXrecord
280
     1
  1
AcDbDs::IndexedPropertySchema
  2
AcDs:Indexable
280
     1
 91
        0
  0
XRECORD
  5
282
102
{ACAD_REACTORS
330
284
102
}
330
284
100
AcDbXrecord
280
     1
  1
AcDbDs::HandleAttributeSchema
  2
AcDbDs::HandleAttribute
280
     7
 91
        1
284
     1
  0
XRECORD
  5
2B7
102
{ACAD_REACTORS
330
236
102
}
330
236
100
AcDbXrecord
280
     1
102
DISPLAYNAME
  1
Metric50
102
FLAGS
 90
        0
  0
XRECORD
  5
1FA
102
{ACAD_REACTORS
330
1F9
102
}
330
1F9
100
AcDbXrecord
280
     1
 70
     1
 90
429727718
  1
D62C5603-E3A1-4AEA-B7FB-FE5D8D0755AF
310
504B03040A0000080000CC70623B3DEE336E79000000790000001B0000006175746F6465736B2D64657369676E2D7061636B6167652E786D6C3C3F786D6C2076657273696F6E3D22312E302220656E636F64696E673D227574662D3822203F3E3C666F726D6174733E3C666F726D61743E687474703A2F2F736368656D612E
310
6175746F6465736B2E636F6D2F64657369676E2D7061636B6167652F323030393C2F666F726D61743E3C2F666F726D6174733E504B0304140006080800CC70623BD486FD9CA0000000F4000000130000005B436F6E74656E745F54797065735D2E786D6C7D8EC10E82300C865F65E91D8A1E8C310C0EEA1BF002731658846E
310
D98AC1B77784ABF1D8FE5FBFBF75BBCE937A534CCEB38643598122B6FEE978D0B0485F9C41B54DDD7D022595594E1A469170414C76A4D9A4D207E29CF43ECE46F218070CC6BECC4078ACAA135ACF422C856C0E68EA1BF5669944DDD7BCDE7B1F8E415D77AECB980613C2E4AC91FC167A2B244592486606FC29C8FD7F045B9A
310
EF7053A7E60B504B0304140006080800CC70623B853B8169EB0000007C01000008000000636F72652E786D6C8D90416EC3201045AF62CDB6C206821CC7C244919D9CA01740401C94182C03558F5F9C3852BBEB6A467FFE9B197D7EFC9E1EC5975982F5AE035262288C535E5B377690E21535501C055FBC8FBF6C503839990E
310
5619041F179FE64D52DE45E362569DD7661365082642A11EB9E920A89B99642953CC8E702F67A9EE7234257977194EC9EAE275C4EABCCF5EAD5940D4AC6F0E35A568B8F43562CD7046CD199FD07E60174276A7BE677B5EADB0E0D14EEFFB6A31321A0D82627C4084204C3F096B71DD52F6819B16635EADF63F509AF53FA164
310
5DDCD1EDDD17164090FCC8732078B56691CB33A85CD7DCC40F504B0304140006080800CC70623B55019EA25F0000007C00000007000000636E782E786D6C4DCB3B0E80201045D1AD90E915ED2CF8AC45050C11660C8261F98AB1B07AC9C97D42D718D865D3E909258CFD00CCE24AC6E326A164D74DC0B4128928FF32603847
310
2BA13128B1252AC747C6BAB984FC68F0B87FE8960A5C09FE86CFB69FBA01504B0304140006080800CC70623BDBABAAF470010000D40300000C0000006662782F636F72652E786D6CC553D16E823014FD95A6AF4B694182CC941A83FA05FB810A9511A125A5257EFE2E82712ECEB8A7F100CD39F7F69E734AF9FADC366850B6
310
AF8DCE7018308C942E4C59EB2AC3DE1D498AD15A706B8CFB56869196ADCAF00863C12B6B7C374385D14E6907A836A59A41D9F7CA615434B0C8705F7CAA5606D23BA8E84F41278B93AC54100640439DE0BDB320004D43C63716C7C399D30917DCFBBA9CD9BA8469F5B156168B24CED3F7248AC8769F27244EB73B92EED8862C
310
B7F13E0C179B3C8F979C8ECD82BBBABDAA2BAC924E9558448CBD9330242CFA08E3154B5651FCC6D215639C8EE5774DBE2B5F6CF2B5768B68963BB5F5588420E442FC700B1139D4CB01F450C1E918227C2E09DF070D8140C84E1E9AAB8F1340832A9CB13130A5F1376A908D57309505ECF2A0DF179C4E9D30F5B239B87E3823
310
7A79C6F31DE1A8A5AEC08474B03C7837EAE4938639B44E5932B833D2C6B6B279CDC613877FA26EE21F4A2A4C63EC7F29A2F301D1F9F7A0E37D145F504B0304140006080800CC70623B9C113CC27E0000009D0000000B0000006662782F636E782E786D6C4DCCDF0A83201C86E15B91DFB94BFB330DD428C8FB886521330DA7
310
6397BF1A1DECE883878F57749FCDA1B7892F1BBC047A23808C7F84D9FA55424E0BE6803A256208E9EF06C84F9B91703228B1C690F78B66B34CD9A5439DF5CF0BFBF65E35BCA1B8D6A5C6F540381E886698B5741C695F9503EBA150A2F8958E3DC3EA0B504B0304140006080800CC70623B7DF2F77C2A010000120200003100
310
00006662782F41393633353835312D344632462D344230382D423046372D3739314545314133324237412F636F72652E786D6C8D51DB8EC22014FC15C2939B0D2DB4B45643319AE817EC0F6041255A68B86CFCFC856D4D76DF7CE190393373060EDB3DC707F856CE6B6B7A480A0C81328395DA5C7B18C3057510EC3873D686
310
3F34088C18550F330C39BB3A1BA7051AAC09CA84841A2BD5020AEF55806078A44B0FFD7053A328440C89E1EFC52486BBB8AA8214A99D789CF9E05200300FC927E4FB4D5B375D43103D5527440FB843077C5AA3F5861C8F645F5787F59E95B390B318B55CE45AA638FAA2957BD7248B390B7A7CC51F9C124149C82B8C378810
310
84AB2F42B7B8DD56F413775B8C5999E9FF4471926F8AA236A1AE96B8B3CC434E5839373893369E1FAF30EA395917409EB7F26AF8801C171837A4A6AC9C89E9F9C9B1A58BA30FD6A5EF5DDDCF894B9AD9B6A59C957943A9FCAE2FD5BC4DFE03504B0304140006080800CC70623BAD7543B64E01000033030000300000006662
310
782F41393633353835312D344632462D344230382D423046372D3739314545314133324237412F636E782E786D6CD593CD6EC32010845F0571AD6CE3D48AD20813A9873E410FBD12D82434182C7EAAE6EDBB2424CD25871E7B41D6EC30B3FA84F9E67BB2E40B4234DE8DB46F1925E094D7C6ED479AD3AE5951B2113C789FEE
310
6C943839C1488B4C05DF079FE72A69D8C96C13AAD6B8631503449F83828872B949AC57D26200B826A308D316B4064D6E46FCDA41C05550DC9E483A00797BFD207EFB092A45DE9514C1BBD22178396BD39D891265658C238DEA00936C654E5E433CB65A26D9F6EDB5EBC14EBF49A45CB856E66048291F6939A9A81BB5C89177
310
38143CA680F4AA299D66A042CEB3354A2684DC9D8D178FE0D9B8B41CAAD720F880EE7EF93C0C18769E099ECC04D5A102C8049A8A05632F4DDF376CF1DE0F6BB65C2F8627B65A33C6BB62177CEBBDAD973006829F89F22E814B54F4BC2BE347F8AA8F681390B50FA73F804400B5F542E796F19FF974E7F78DB802FE05E20750
310
4B0304140006080800CC70623BE75B7789680500003C100000340000006662782F41393633353835312D344632462D344230382D423046372D3739314545314133324237412F6F626A656374732E786D6CAD575B8F9B3818FD2B887D06C22499CB8AA1CA655245D5B455A356FB305264C061D8018C6C3393D95FBFC7600890
310
A4CD5EF210B0B1BFEBF98E3F7B1FF6596ABC522E1296DF9BAE3D320D9A872C4AF2F8DE2CE5CEBA358D0FBEC719939D65A691938CDE9B6ADAF4BD98B3B2D05311DD91329583D9D5FC0F438434A7A611A644887B5384CF34233629258BA878B12322891DEFF6B66BD70BFB62634E8AE781D082709A4B588AF91C528CDA28B73F
310
1C998EEF39EABBEFA97FBD6A7C7E9553F9D3D79FE442923C3C523610337627CB87ABE99D359D4CC6D6E4FACAB5E6ABF9D2726FC6A3C5F56271377BB88362213924694B38DD99FE47C48627A1E7D49F5A8BB5E1A74C0A599ED3B0F21F1E56366B89112D681E218F0915D0D6F17AD41FBA2A369DCF6335D62ABBD39779D5DDD1
310
11D4D8DE3CBB96B2E04FB8202E41051754A1AA8E8F76B4C6DFE810B580B1547F4B84911149794252234D024EF8BBE963A95AE27B3D310A9D5C215C7960FAEE415ED75694C6AFB17BCACA5D99A60A9AA65F217B0BFC53292ACB92BF283FAD0D3621576592CB5BED907C2FA8E9DF794E35E97BEA31BED21FEB401ABB94C44839
310
DCACBF0E1C5DA8DA5B2F4DFFD32AD86F543D9E565E7056502E157C00AD2671CD534549AB752FCA9CDA00677A313F04E51B22FF19E57B300579E3C97EB29F682D92935CEC18CF901B7B54FD8C51F362B56FC72FE0B3C1EAE335EDCCBF5AEC39ADB17DC238973F804BA5E6F6BFE7AF1FB32E523BE9F3BD571418E3631DCA4D48
310
5250CF639223210A9446CA30052EDF057BD35F8329C1ECD84552BF0DC8D18BE7BCE23BFE6BD960AB4A7DE79923A103BEBD80F911CBAA2C60DB19B01CF164A5583B772EE6D3FFA56666CBCDA74DC97724A48F9A58967497E489C4D979006FD7A05E227A1EBDD0F737C623387A9C844D3709995625106D157315F8B8392CD4E0
310
A0B9A720C4BE9829CEF37EA1E13111214D53925356365ADA634861B52519DD27A00AEB808EAF0628E6F435519D446F45CF2C9CF5214F0A15B2F6D06B79DA3EE3CBF7F56780D2F4E7EF73A0F5E5B02A38D07DC852C6B7C1FBB6664213E0C39E3EBA7FF4E1AD23EA2829407C85E586727488B751B2DB9502BC7B228A3FD68B6E
310
A65A22397E690AA8D158D7E404EC8CDA235CC3B7D1898680131CEC2CDF2638C65196279577750F15884AEE19F94199155B92B13297978469D4F8D358DF0AEF7631E28DC8F0D9F437D5D39A83B2231A1D52D543813A824EF8D44BCFF2FA6A31BD1E8DAD87F1CCB526B3879935BF59CDADD5C37479BB1CDD4CA7B3556B516589
310
EF352754B706114D9C885EC9131DE6EFEB43D99AFE2391C2F958179413D7CFEF6B1B6DB1E7600F00DE6E5C67454A339A4BA2E0FBA85ED26F045D454F463DBFCE484C2F90F2E5E3666003662ED8F755951A7D1BECD5B30B550B2785C8E7320B7292A4838DDA71BBC863ED7613CAF659337A3354231D4FF4A182A54904C2898C
310
98B28C4AD0CE056CCF332A80986E571EE9DBC305BB5FEB7E509220A58D25CF042D712A806AC0AD0C657FDEF80D2D9CEAA2EE4D1C76F60BFE74219A06527D6F82DF6412526107381E55E353090704D085B52408A8913C4ED159D79BDA71BB4BC506F4831350EB6F975CD22D69BF7AC49B91A2C0A9DDA3D5CA36AD20FC478E37
310
E61844E2352865EBCB61A275A65283CAAA9DD27703B4102F5AF51EF5F573B75CBB5AD38BC845F7A49F82A0966A49C2E3EA5EA0ECD326CD965F1DB402C6FA8B51A4658C5C5E2EC9E214602E55810345408596591009A82E7E7FFACA19EEA299B14A0081A705CB3296EBC14CDF658DCD336EA6D1136881AAEB87B81AB9EE53D5
310
F5EB8BC8362082DA24122F98680A4E7930C01A0079749CEA14382A0783E5EBA5A10F8C098456A03D6A4AEB6BB881E2513747552A5DB22C7EDAF83BD5528081A365F7FF06504B0304140006080000CC70623B000000000000000000000000350000006662782F41393633353835312D344632462D344230382D423046372D37
310
39314545314133324237412F76657274696365732E62696E504B0304140006080800CC70623BF270F1330600000004000000360000006662782F41393633353835312D344632462D344230382D423046372D3739314545314133324237412F747269616E676C65732E62696E636660600000504B0304140006080000CC7062
310
3B000000000000000000000000370000006662782F41393633353835312D344632462D344230382D423046372D3739314545314133324237412F617474726962757465732E62696E504B0304140006080800CC70623B08DA0BD19000000041010000360000006662782F41393633353835312D344632462D344230382D4230
310
46372D3739314545314133324237412F6469726563746F72792E786D6C858F410AC3201045AF22B36F53E9A60B35CBEEBAE80D244E44489C6234F4F835464A48035D0DF398FF9F8AF63D0E6CC63039F212F8F9020C7D47C6792B21C5FE7403D62A1188E2E60C98D7234A5830286103A55745067B9D86B8A3CF9C7F90C11DE6
310
07FB144396D7B6A82D282E9A152AD114D5EF2CB866EEE831B8EEA07A7BB5A8D7D61A2BAAEB7FD5F70921FF497D00504B0304140006080800CC70623BEDD1DC58FD000000A00100003B0000006662782F41393633353835312D344632462D344230382D423046372D3739314545314133324237412F7265736F75726365732F
310
636F72652E786D6C8D504B6E833010BD0A9A6D65B00922041947112427E8052C33A156828DFCA97AFC9A40A576D7CDCCE87D344F8F9FBFE667F689CE6B6B3A6039850C8DB2A336530731DC4903D95970676DF82583CCC8193B5861107C72362E3BA4AC096842428D1D7107A5F7182053CF7474E0D507CE32973124857FE48B
310
540F3961CEF244279DE03EB81420DB9EAC1384436FA353E879B1B182C7A8C75DA3C7F453DF353A1075D537A7BA6464B8F535A99AE14A9A2BBD90E350DD183B5CFABE3AF262350B1EF4FC9351399401471025A527C218A1E53BAB5A5AB765F5469B96525EACF23FA6B88CFF34456DC2A1DCE36E360F82A5202F42F062ED2BAD
310
579969AFDD8A6F504B010214000A0000080000CC70623B3DEE336E79000000790000001B00000000000000000000000000000000006175746F6465736B2D64657369676E2D7061636B6167652E786D6C504B01021400140006080800CC70623BD486FD9CA0000000F40000001300000000000000000000000000B20000005B
310
436F6E74656E745F54797065735D2E786D6C504B01021400140006080800CC70623B853B8169EB0000007C010000080000000000000000000000000083010000636F72652E786D6C504B01021400140006080800CC70623B55019EA25F0000007C000000070000000000000000000000000094020000636E782E786D6C504B
310
01021400140006080800CC70623BDBABAAF470010000D40300000C00000000000000000000000000180300006662782F636F72652E786D6C504B01021400140006080800CC70623B9C113CC27E0000009D0000000B00000000000000000000000000B20400006662782F636E782E786D6C504B01021400140006080800CC70
310
623B7DF2F77C2A010000120200003100000000000000000000000000590500006662782F41393633353835312D344632462D344230382D423046372D3739314545314133324237412F636F72652E786D6C504B01021400140006080800CC70623BAD7543B64E010000330300003000000000000000000000000000D2060000
310
6662782F41393633353835312D344632462D344230382D423046372D3739314545314133324237412F636E782E786D6C504B01021400140006080800CC70623BE75B7789680500003C10000034000000000000000000000000006E0800006662782F41393633353835312D344632462D344230382D423046372D3739314545
310
314133324237412F6F626A656374732E786D6C504B01021400140006080000CC70623B0000000000000000000000003500000000000000000000000000280E00006662782F41393633353835312D344632462D344230382D423046372D3739314545314133324237412F76657274696365732E62696E504B01021400140006
310
080800CC70623BF270F133060000000400000036000000000000000000000000007B0E00006662782F41393633353835312D344632462D344230382D423046372D3739314545314133324237412F747269616E676C65732E62696E504B01021400140006080000CC70623B0000000000000000000000003700000000000000
310
000000000000D50E00006662782F41393633353835312D344632462D344230382D423046372D3739314545314133324237412F617474726962757465732E62696E504B01021400140006080800CC70623B08DA0BD1900000004101000036000000000000000000000000002A0F00006662782F41393633353835312D344632
310
462D344230382D423046372D3739314545314133324237412F6469726563746F72792E786D6C504B01021400140006080800CC70623BEDD1DC58FD000000A00100003B000000000000000000000000000E1000006662782F41393633353835312D344632462D344230382D423046372D3739314545314133324237412F7265
310
736F75726365732F636F72652E786D6C504B0506000000000E000E0080040000641100000000
  0
XRECORD
  5
1F8
102
{ACAD_REACTORS
330
1F7
102
}
330
1F7
100
AcDbXrecord
280
     1
 70
     1
 90
429727718
  1
30362254-06B7-45E0-A893-8CFA70E3D6BC
310
504B03040A0000080000CC70623B3DEE336E79000000790000001B0000006175746F6465736B2D64657369676E2D7061636B6167652E786D6C3C3F786D6C2076657273696F6E3D22312E302220656E636F64696E673D227574662D3822203F3E3C666F726D6174733E3C666F726D61743E687474703A2F2F736368656D612E
310
6175746F6465736B2E636F6D2F64657369676E2D7061636B6167652F323030393C2F666F726D61743E3C2F666F726D6174733E504B0304140006080800CC70623BD486FD9CA0000000F4000000130000005B436F6E74656E745F54797065735D2E786D6C7D8EC10E82300C865F65E91D8A1E8C310C0EEA1BF002731658846E
310
D98AC1B77784ABF1D8FE5FBFBF75BBCE937A534CCEB38643598122B6FEE978D0B0485F9C41B54DDD7D022595594E1A469170414C76A4D9A4D207E29CF43ECE46F218070CC6BECC4078ACAA135ACF422C856C0E68EA1BF5669944DDD7BCDE7B1F8E415D77AECB980613C2E4AC91FC167A2B244592486606FC29C8FD7F045B9A
310
EF7053A7E60B504B0304140006080800CC70623B1EC5D7A3EB0000007C01000008000000636F72652E786D6C8D90416EC3201045AF82665B6103C6756C6122AB4D4ED00B204C5C94182C03558F5F9C3852BBEB6A467FFE9B197D71FC9E6FE8CBACC17AD7032D0820E3B41FAD9B7A48F1820F808E52ACDEC75F36404ECDA687
310
4D0629A6D5A76597B477D1B89855E747B38B2A041301E95B6E7A08FAD3CCAA50296647B8168BD2573599823EBB0CA76447F43862C7BCCF5EAC59410E4DDD9C7973C2755553CCCFA4C603E3040F1565ED3B1FDE4E432BCA0D9622DAF9795FAF464533826484B498524CD807E51D79ED187F21878E10516EF63F505AC67F42C9
310
BA58B1FDDD071640D2FCC87D2045B96591CB3DA85CB7DCE40F504B0304140006080800CC70623B55019EA25F0000007C00000007000000636E782E786D6C4DCB3B0E80201045D1AD90E915ED2CF8AC45050C11660C8261F98AB1B07AC9C97D42D718D865D3E909258CFD00CCE24AC6E326A164D74DC0B4128928FF32603847
310
2BA13128B1252AC747C6BAB984FC68F0B87FE8960A5C09FE86CFB69FBA01504B0304140006080800CC70623B8C9102E971010000D40300000C0000006662782F636F72652E786D6CC5535B6E833010BC8AE5DF0A6C08340F1947A84D4ED00B38C6A128602363A31CBFCB234A53A551FA553EC09AD9F5CE8C31DB9E9B1AF5CA
310
7695D1198E428A91D2D214952E33ECDD315861B4E5CC1AE3BE9561A445A3323CC098B3D21ADFCE9034DA29ED00D5A6503328BA4E398C640D8B0C77F253352214DE4145770A5B214FA2546114020D759C75CE8200340D19DE981F0F6746269C33EFAB6266AB02A655C74A59CCF365BADC27CB5D902ED22848F6340DF238A141
310
BE88E2F57B92BFEDF23523433367AE6A2EEAA455C2A902F398D2751045018D3FA264435F3771F242571B4A1919CA6F9A7C5B3CD9E42BED16F12C776AEB308F40C848FC700B1139D4891EF410CEC810227CC6846F8386402064270EF5C5C709A05E49676C024C61FC95EA45ED154CA5211D1FF4FB8291A913A68E9B83EBBB33
310
E2A7673CDE118E5AE8124C0807CB8377834E366998436B950D7A7746DAD846D4CFD978E0F04FD455FC5D49D2D4C6FE9722321F10997F0F32DC47FE05504B0304140006080800CC70623BFFEA85907E0000009D0000000B0000006662782F636E782E786D6C4DCCD10A83201886E15B91FFDC95D95A811AB6F23E625948A6C3
310
E9D8E5AF46073BFAE0E1E365ED67B3E8ADC3CB78C7815C7240DA3DFC64DCC221C519D7805AC182F7F1EF06C88D9BE6703008B6049F9E274D7A1E938DBB5AE3D6131B2589BA0D3D965551E0B2EA732C9B9A624AAEB41E3A557677029960D9AFB4EF11165F504B0304140006080800CC70623B4FEEA4082C0100001202000031
310
0000006662782F39464131463745442D413632322D343644302D413938332D3331353338454246344243312F636F72652E786D6C8D515B6EC32010BC0AE2AB55850DD871ED0813254D72825EC00192A2C460F1A872FC42ED48ED5F7E00CDCECCCEB26C731F6FE05B39AFADE921293004CA082BB5B9F43086336A21D870E6AC
310
0D7F68109861543DCC30E4ECE26C9C164858139409093556AA051CBC570102714B8F1E7AF1A5C6A11862480C7F2DA6415C878B2A4891CA89C7990F2E050073937C42DE1DB7E4F87ED8A36D4329AA9B3D46DBAEAD504556557BD81DEBDD0761E52CE42C462D17B996298E3E6BE59E35C962CE821E1FF18553435012728A7187
310
0841987E927A8D9B35ADDF70BBC6989599FE4F1427F9A4286A132ABAC49D651EF234CD5CE04CDA78BA3DC2A8FB645D00B9DF8B57E215725C60BCA2A463E54C4CE327C7A65E1C7DB02E7DEFCBF594B864C5CA6CDBD49C957943E9FA5D5FBAF336F90F504B0304140006080800CC70623BAD7543B64E01000033030000300000
310
006662782F39464131463745442D413632322D343644302D413938332D3331353338454246344243312F636E782E786D6CD593CD6EC32010845F0571AD6CE3D48AD20813A9873E410FBD12D82434182C7EAAE6EDBB2424CD25871E7B41D6EC30B3FA84F9E67BB2E40B4234DE8DB46F1925E094D7C6ED479AD3AE5951B2113C
310
789FEE6C943839C1488B4C05DF079FE72A69D8C96C13AAD6B8631503449F83828872B949AC57D26200B826A308D316B4064D6E46FCDA41C05550DC9E483A00797BFD207EFB092A45DE9514C1BBD22178396BD39D891265658C238DEA00936C654E5E433CB65A26D9F6EDB5EBC14EBF49A45CB856E66048291F6939A9A81BB5
310
C8917738143CA680F4AA299D66A042CEB3354A2684DC9D8D178FE0D9B8B41CAAD720F880EE7EF93C0C18769E099ECC04D5A102C8049A8A05632F4DDF376CF1DE0F6BB65C2F8627B65A33C6BB62177CEBBDAD973006829F89F22E814B54F4BC2BE347F8AA8F681390B50FA73F804400B5F542E796F19FF974E7F78DB802FE05
310
E207504B0304140006080800CC70623B16AB87BA640500003C100000340000006662782F39464131463745442D413632322D343644302D413938332D3331353338454246344243312F6F626A656374732E786D6CAD575B6FA33818FD2B887DE6924B3BED8A326A92B68A663B534DD4D13E548A0C38942D60649B369D5FBFC7
310
600890A493BDE42160637FD7F31D7FF63E6FB3D478A55C242CBF3247B66B1A340F5994E4F19559CA8D75611A9F7D8F33263BCB4C232719BD32D5B4E97B316765A1A722BA21652A07B3B7B33F0D11D29C9A46981221AE4C113ED38CD8A4942CA2E2C58E882476BCD9DA23BB5ED8171B73523C0F841684D35CC252CCE79062D4
310
468DFA43D7747CCF51DF7D4FFDEB5593E3AB9CCA9FBEFE241792E4E19EB28198C968BAB8199F5D5A67D3E9C49A9E8F47D6EC76B6B0469F26EEFC7C3EBFBCBEB98462213924694B38DD98FE1D62C393D073EA4FADC5DAF04326852CCF6958F90F0F2B9BB5C48816348F90C7840A68EB78EDF68723159BCEE7891A6B95DDE9D3
310
BCEAEEE8086A6C6F9E5D4B59F0175C10A7A0820BAA5055C7473B5AE3CFDD452D602CD5DF12616444529E90D448938013FE6EFA58AA96F85E4F8C42275708571E98FE6827AF6B2B4AE3D7D83D64E5A64C53054DD3AF90BD06FEA9149565C94FCA0F6B834DC85599E4F2423B24DF0B6AFA979E534DFA9E7A4CC6FA631D486393
310
921829879BF5D781A373557BCB85E97FB90DB62B558F8795179C15944B051F40AB495CF35451D26A4727654E6D8033BD98EF82F21D91FF8AF2DD9982BCF1643BDD4EB516C9492E368C67C88DED563FC36D5EACF66DFF057C3658BDBFA69DF9578B3DA735B64F18C7F20770A9D45CFCF7FCF563D6456A277DBEF78A02637CA2
310
43B90A490AEAB94F72244481D24819A6C0E59B606BFA4B3025981DBB48EAB701D97BF19C577CC77F2D1B6C55A9EF3C732474C0B727303F625995056C3B02963D9EAC146BE78EC5FCEC7FA999EBC5EACBAAE41B12D27B4D2C0BBA49F244E2ECDC81B76B502F113D8F5EE8FB1BE3111CDD4FC2AA9B844CAB1288B68AB90A7CDC
310
1C166AB0D3DC5310625FCC14E779BFD0709F8890A629C9292B1B2DED31A4B0DA928CEE135085754027E3018A397D4D5427D15BD1330B677DC8934285AC3DF45A9EB68FF8F2B8FC0A509AFEECFD0FF2DE25CC6047F7214B195F07EFEB9A094D800F7BFAE8FED187B78EA8A3A400F115961BCAD1215E47C966530AF0EE8128FE
310
58CEBB996A8964FFA529A046635D9353B0336A8F700DDF46271A024E70B0B37C9DE01847591E54DED53D54202AB947E4076556AC49C6CA5C9E1226B7F1A7B1BE15DEED62C41B91E1B3E9AFAAA735036547343A925075041DF0A9979E893B391F8FCFA6967B3EFB644DCF6E5CEBFAE272625DCC6FAF3FB93793C5F90CE1EF57
310
407342756B10D1C489E8953CD1617E5CEECAD6F4EF8914CE5D5D504E5C3F1F9736DA62CFC11E00BCDDB8CC8A9466349744C1F75EBDA4DF09BA8A9E8C7A7E9991989E20E5DBDD6A6003664ED8F7A04A8DBE0DF6EAD9B9AA858342E47399053949D2C146EDB85DE4B176BB0965FBAC19BD19AA918E27FA50C1D22402E144464C
310
59462568E704B6E71915404CB72B8FF4EDE184DDAF753F284990D2C6926782963815403548A70C657FDEF80D2D9CEAA2AE4C1C76F60BFE74219A06527D6582DF6412526107381E55E353090704D085B52408D0933C4ED159D79BDA71BB4BC506F4831350EB6F979CD22D69BF7AC49B91A2C0A9DDA3D5CA36AD20FC478E37E6
310
1844E2352865EBCB6EA275A652E3836BE04EFB400BF1A2556F515F1FBB35B2AB35BD889C744FFA1004B5544B121E57F70215746DD2F5E2C1412B602CBF19455AC6C8E5E9922C4E01E65215385004546899059180EAFCF7A707CE7017CD8CDB0410789AB32C63B91E5CEBBBACB17AC6CD347A022D5075FD106377347AAABA7E
310
7D11590744509B44E205134DC1290F06580320F78E537D3D73540E06CB970B431F185308AD40BBD794D6D77003C5A36E8EAA54BA64597CD8F83BD552A080A365F7FF06504B0304140006080000CC70623B000000000000000000000000350000006662782F39464131463745442D413632322D343644302D413938332D3331
310
353338454246344243312F76657274696365732E62696E504B0304140006080800CC70623BF270F1330600000004000000360000006662782F39464131463745442D413632322D343644302D413938332D3331353338454246344243312F747269616E676C65732E62696E636660600000504B0304140006080000CC70623B
310
000000000000000000000000370000006662782F39464131463745442D413632322D343644302D413938332D3331353338454246344243312F617474726962757465732E62696E504B0304140006080800CC70623B08DA0BD19000000041010000360000006662782F39464131463745442D413632322D343644302D413938
310
332D3331353338454246344243312F6469726563746F72792E786D6C858F410AC3201045AF22B36F53E9A60B35CBEEBAE80D244E44489C6234F4F835464A48035D0DF398FF9F8AF63D0E6CC63039F212F8F9020C7D47C6792B21C5FE7403D62A1188E2E60C98D7234A5830286103A55745067B9D86B8A3CF9C7F90C11DE607
310
FB144396D7B6A82D282E9A152AD114D5EF2CB866EEE831B8EEA07A7BB5A8D7D61A2BAAEB7FD5F70921FF497D00504B0304140006080800CC70623B0D6EF93BFE000000A00100003B0000006662782F39464131463745442D413632322D343644302D413938332D3331353338454246344243312F7265736F75726365732F63
310
6F72652E786D6C8D50596E833010BD0A9ADFCA60B334011947A8694ED00B586642AC041B79A97AFC9A40A5F6AF3F33A3B7689E1E3F7DCD8FEC139DD7D6F4C0720A191A65476DA61E62B892236427C19DB5E1970C322367EC618541F0C9D9B8EC90B226A009093576C41D94DE63804C3DD2D18357379C652E63480A7FCF17A9
310
EE72C29CE5894E3AC17D702940B63D59270887DE46A7D0F36263058F518FBB468FE9A7BE6A7420864373B8D4873369AA8691FA421B3294352543C5CAF65C0F6FEF43CB8BD52C78D0F34F46E550061C419494B6843142CB0F5677F4B52BEB177AEC28E5C52AFF638ACBF84F53D42654E51E77B379102C05791282176B5F693D
310
CB4C7BED567C03504B010214000A0000080000CC70623B3DEE336E79000000790000001B00000000000000000000000000000000006175746F6465736B2D64657369676E2D7061636B6167652E786D6C504B01021400140006080800CC70623BD486FD9CA0000000F40000001300000000000000000000000000B20000005B
310
436F6E74656E745F54797065735D2E786D6C504B01021400140006080800CC70623B1EC5D7A3EB0000007C010000080000000000000000000000000083010000636F72652E786D6C504B01021400140006080800CC70623B55019EA25F0000007C000000070000000000000000000000000094020000636E782E786D6C504B
310
01021400140006080800CC70623B8C9102E971010000D40300000C00000000000000000000000000180300006662782F636F72652E786D6C504B01021400140006080800CC70623BFFEA85907E0000009D0000000B00000000000000000000000000B30400006662782F636E782E786D6C504B01021400140006080800CC70
310
623B4FEEA4082C0100001202000031000000000000000000000000005A0500006662782F39464131463745442D413632322D343644302D413938332D3331353338454246344243312F636F72652E786D6C504B01021400140006080800CC70623BAD7543B64E010000330300003000000000000000000000000000D5060000
310
6662782F39464131463745442D413632322D343644302D413938332D3331353338454246344243312F636E782E786D6C504B01021400140006080800CC70623B16AB87BA640500003C1000003400000000000000000000000000710800006662782F39464131463745442D413632322D343644302D413938332D3331353338
310
454246344243312F6F626A656374732E786D6C504B01021400140006080000CC70623B0000000000000000000000003500000000000000000000000000270E00006662782F39464131463745442D413632322D343644302D413938332D3331353338454246344243312F76657274696365732E62696E504B01021400140006
310
080800CC70623BF270F133060000000400000036000000000000000000000000007A0E00006662782F39464131463745442D413632322D343644302D413938332D3331353338454246344243312F747269616E676C65732E62696E504B01021400140006080000CC70623B0000000000000000000000003700000000000000
310
000000000000D40E00006662782F39464131463745442D413632322D343644302D413938332D3331353338454246344243312F617474726962757465732E62696E504B01021400140006080800CC70623B08DA0BD190000000410100003600000000000000000000000000290F00006662782F39464131463745442D413632
310
322D343644302D413938332D3331353338454246344243312F6469726563746F72792E786D6C504B01021400140006080800CC70623B0D6EF93BFE000000A00100003B000000000000000000000000000D1000006662782F39464131463745442D413632322D343644302D413938332D3331353338454246344243312F7265
310
736F75726365732F636F72652E786D6C504B0506000000000E000E0080040000641100000000
  0
XRECORD
  5
175
102
{ACAD_REACTORS
330
173
102
}
330
173
100
AcDbXrecord
280
     1
270
     1
271
     1
  0
XRECORD
  5
174
102
{ACAD_REACTORS
330
173
102
}
330
173
100
AcDbXrecord
280
     1
270
     1
271
     1
  0
XRECORD
  5
1FB
102
{ACAD_REACTORS
330
173
102
}
330
173
100
AcDbXrecord
280
     1
 70
     0
 90
1673772943
  1
ECE7A1D2-D628-4531-984C-D00F80459256
310
504B03040A0000080000CC70623B3DEE336E79000000790000001B0000006175746F6465736B2D64657369676E2D7061636B6167652E786D6C3C3F786D6C2076657273696F6E3D22312E302220656E636F64696E673D227574662D3822203F3E3C666F726D6174733E3C666F726D61743E687474703A2F2F736368656D612E
310
6175746F6465736B2E636F6D2F64657369676E2D7061636B6167652F323030393C2F666F726D61743E3C2F666F726D6174733E504B0304140006080800CC70623BD486FD9CA0000000F4000000130000005B436F6E74656E745F54797065735D2E786D6C7D8EC10E82300C865F65E91D8A1E8C310C0EEA1BF002731658846E
310
D98AC1B77784ABF1D8FE5FBFBF75BBCE937A534CCEB38643598122B6FEE978D0B0485F9C41B54DDD7D022595594E1A469170414C76A4D9A4D207E29CF43ECE46F218070CC6BECC4078ACAA135ACF422C856C0E68EA1BF5669944DDD7BCDE7B1F8E415D77AECB980613C2E4AC91FC167A2B244592486606FC29C8FD7F045B9A
310
EF7053A7E60B504B0304140006080800CC70623BD9DDAED0EC0000007C01000008000000636F72652E786D6C8D90416EC3201045AF82665B61836D9CD8C2444DD39CA01740405C94182C03558F5F9C3852BBEB6A467FFE9B197D7EF89E6EE8CB2CC17A37002D0820E394D7D68D03A478C17B4007C117EFE32F1B20272733C0
310
2A83E0E3E2D3BC49CABB685CCCAAF3DA6CA20CC14440EA969B0182FA34932C648AD911AEC52CD5558EA6A0CF2EC329598D1E47ACCEFBECC59A050463A7EA5833865FEBDD0E37353BE3EE8DBDE3F6786A48D375FBF6CC78B9C282473B3DEFABC5C86834888A900E538A49F5419B9EB47DD5BC907D4F082F57FB1F28CDFA9F50
310
B22ED6D5F6EE030B20687EE43E10BC5CB3C8E51E54AE6B6EE207504B0304140006080800CC70623B55019EA25F0000007C00000007000000636E782E786D6C4DCB3B0E80201045D1AD90E915ED2CF8AC45050C11660C8261F98AB1B07AC9C97D42D718D865D3E909258CFD00CCE24AC6E326A164D74DC0B4128928FF326038
310
472BA13128B1252AC747C6BAB984FC68F0B87FE8960A5C09FE86CFB69FBA01504B0304140006080800CC70623BA24EB22D72010000D40300000C0000006662782F636F72652E786D6CC5535B6E833010BC8AE5DF0A6C5E49888CA3A6694ED00B38E05014B091B1518EDFE511A5A9D228FD2A1F60CDEC7A67C6986DCE4D8D7A
310
69BA4AAB0C073EC548AA5C17952A33ECECD15B61B4E1CC686DBF9561A44423333CC098B3D268D7CE50AE9595CA02AA74216750749DB418E5352C32DCE59FB211BE70162ABA93DF8AFC244AE9073ED050C759670D0840D390E18DF9F1706664C23973AE2A66B62A605A75ACA4C13C4976E1364A12EF355A2EBD384AF65EFA96
310
BC7B8BED2EA6719AAE16FB8491A199335B351775B991C2CA02F390D2D40B028F861F41BCA68B7518BFD0D59A524686F29B26D7164F36B94AD9289CE54E6D1DE6010819891F6E21228B3AD1831EC219194284CF98F06DD01008846CC5A1BEF83801D4CBDC6A1303536877A57A513B0953A94FC707FDBE6064EA84A9E3E6E0FA
310
EE8CF0E9198F7784A316AA0413C2C2F2E0ECA0934D1AE6D05A69BCDE9E91D2A611F573361E38FC1375157F5752AE6B6DFE4B11990F88CCBF0719EE23FF02504B0304140006080800CC70623B408A7D3B7C0000009D0000000B0000006662782F636E782E786D6C4DCCD10A83201886E15B91FFDC552A92A0064DBC8F581632
310
D3703A76F9ABD1C18E3E78F878E5F0D9027ABBFCF2292AE86E2D20171F69F6715550CB827B40839639A5F2770314A7CD293819B45C73AAFB45B35BA61ACAA1C1C7E7855C58C15BC331339661262CC762340413D68D77DA5B42298546CBE6573AF60CEB2F504B0304140006080800CC70623B449FB9BD290100001202000031
310
0000006662782F36394639363044362D344446342D343946362D394244322D3234314243333846323333332F636F72652E786D6C8D515B6EC32010BC0AE22B55850D98B871848994463E412FE002495162B07854397EA176A4F62F3F2C9A9D991D587EB84F37F0AD7D30CEF6905418026DA553C65E7A98E219ED203808EE9D
310
8B7F6810D871D23D2C3014FCE25D9A57483A1BB58D19B54EE9151C43D0110279CB971E06F9A5A7B11A53CC8C70ADE6515EC78BAE4895DB992778883E0700CB907242D17643D7E2538BD869608875438BBAE38922CAC8F1BDD90DB4691A5E2F42C153326A951B95E398B3D1FE599322163C9AE9115F7A3D46ADA0A018778810
310
84E907617BDCEE297BC5BB3DC6BC2EF47FA234AB2745C9D8D8D035EE220B50105E2F0DC1954B9FB747187D9F9D8FA0CCDB042D5FA0C015C65B42DF78BD10F3F3B363CB56C7109DCFDFBBB97E662ED92EB62D13BC2E1BCAE5777DB9966D8A1F504B0304140006080800CC70623BAD7543B64E01000033030000300000006662
310
782F36394639363044362D344446342D343946362D394244322D3234314243333846323333332F636E782E786D6CD593CD6EC32010845F0571AD6CE3D48AD20813A9873E410FBD12D82434182C7EAAE6EDBB2424CD25871E7B41D6EC30B3FA84F9E67BB2E40B4234DE8DB46F1925E094D7C6ED479AD3AE5951B2113C789FEE
310
6C943839C1488B4C05DF079FE72A69D8C96C13AAD6B8631503449F83828872B949AC57D26200B826A308D316B4064D6E46FCDA41C05550DC9E483A00797BFD207EFB092A45DE9514C1BBD22178396BD39D891265658C238DEA00936C654E5E433CB65A26D9F6EDB5EBC14EBF49A45CB856E66048291F6939A9A81BB5C89177
310
38143CA680F4AA299D66A042CEB3354A2684DC9D8D178FE0D9B8B41CAAD720F880EE7EF93C0C18769E099ECC04D5A102C8049A8A05632F4DDF376CF1DE0F6BB65C2F8627B65A33C6BB62177CEBBDAD973006829F89F22E814B54F4BC2BE347F8AA8F681390B50FA73F804400B5F542E796F19FF974E7F78DB802FE05E20750
310
4B0304140006080800CC70623B8D05915C650500003B100000340000006662782F36394639363044362D344446342D343946362D394244322D3234314243333846323333332F6F626A656374732E786D6CAD575B6FA33814FE2B887D06429276DA1565D4266D158D3A339A6846FB502932E050B66023DB74D2FDF5FB190C01
310
9276B2973C046C8ECFF53B17071F77456EBD502133CEAE6CDF9DD81665314F32965ED995DA3A17B6F5310C04E7AA47665B8C14F4CAD6DB7618A48257A5D94AE89654B91AEDDEDDFC61C998326A5B714EA4BCB265FC440BE2924AF184CA6737218AB8E976E7FA6E4338649B0A523E8D98964450A6A029F619B8588D52FE7039
310
B1BD30F0F4F730D0FF866AF6369557DB33949F31A9088B0F848DD8CCFCF9F2767A76E99CCDE733677E3EF59D9BBB9BA5E37F984D16E78BC5E5F5ED25044B25C0C96822E8D60EEFE11B91C581D77CEA34368A1F5329E68CD1B8B61F16D63A1B8E092D294B10C78C4A48EB593D192E7DED9BDEE7995E1B91FDEDD3ACEA9FE831
310
6A756F9F7D4D79F4274C90A7A04248AA51D5F8C718DAE06FB2F75AC4796EBE65D22A88A22223B995679120E2D50E41AA49C260C046A35368846B0BECD0DFF3EBEB8AD4F835768F69B9ADF25C43D30E6B646F807FAA64AD59F61715C7A54127C4AACA98BA3006A9D792DAE165E0D59B61A01FB3A9F9D838D2DAE62445C86166
310
F37564E842E7DE6A69879FEEA2DD5AE7E371E1A5E025154AC307D06A03D73EB5978C58FFA4C8E9033066E0F3BD53BEC1F39F91BE7B55103791EDE6BBB991A2046172CB4581D8B893FA674DDA17A77B3B7C413D1B511FD2743BFF8A38F03A658705E3ADF8015C3A3417FF3D7E439FF591DA0B5F18BC20C1B8981957AE6392A3
310
F43C640C01D1A0B4728E2DD4F26DB4B3C3152A252A3B4E913CEC1C72F012782FF88EFF8637AA552DBEF76408E8A8DE9E50F9E1CB3A2DA0DB1B6039A893B56063DC5B3E3FFB5F72E67AB9FEB4AEC496C4F4C1149625DD662C53E89D7BF0F6151A046260D1337DFDC94502430F83B0EE07A130A224BCAD7DAE1D9FB6CD422FF6
310
920702629C4BB9AE79C12F243C6432A6794E18E5552BA56B431AAB5D91317302B2B071E86C3A42B1A02F999E24061403B5D0EB639195DA655DD3EBEAB4FB862DDF579F014AD0E73C22F99E28DA57FB98E75C6CA2D74D53086D600F4786E0FE3144B771A8A7B900F03594DB8A633CBC49B2EDB69228BB479CF863B5E807AAAB
310
23872F6DFEB4129B949CA33823F58830E86D65621E10047D9DB34D862E8EAC3C2ABC2F7B2C40D67CDFE01F5545B92105AF983AC54D93D69E56FB8E797F88913F898A9FEC705D3F9D1B54EC8426FB500D40A03BD0119B06E1B95DDC7EB8F6975367793EBD70E66733DFB9BC982F9CE564727731999F5D4ECFCE3B8D6A4DC2A0
310
6D50FD148437D110834A64C6CDDF57FBACB5C307A2A477DFE4939736CFEF2B175371E0E10CF0DD1D5C15654E0BCA14D1E87DD02FF93782A162C0A3D95F1524A52770F972BF1EE9809D13CE7DD599467F8ECE9ADD85CE85A34CD45355448C64F9E8A031DC2D596ACC6E5DD93D9B82DE2EF5CAF81363A8E47996A0DE24564A79
310
4115AACE09C55E14540231FDA13C319787134EBF34E3A022514E5B4D9E0826E25C02D5805B15ABE1BEF51B26383D445DD9E875EE33FE4C22DA16427D65A3BCA92CA6D28DD01DF5DC53330704308475351050232CCD31583787BA75774AFB06E5070DD0C8EF484E19968C5D83BA5B90B244D31E54D55A372320FE4786B7EA58
310
44E135AA5467CB7EA333A61683CC6A8C3257034C10CF46F40EF9F5BE59BE5BD30C3C72D235E95D10345C1D45445A5F0BB47E46A5EBE5570F9380B5FA629579952296A773720405982B9DE04011506178964401AA8BDF1FBF0A8EAB6861DD6580C0E38217056766716DAEB2D6FA0917D3E4116581EADB879C4E7CFFB11EFACD
310
3D641311495D92C8676CB409A72D18610D803CE8A626049E8EC1887CB5B44CC39883690DDA8399B4B9855B481E7D71D4A9D22F96E5BB73BF5793020C02137BF837504B0304140006080000CC70623B000000000000000000000000350000006662782F36394639363044362D344446342D343946362D394244322D32343142
310
43333846323333332F76657274696365732E62696E504B0304140006080800CC70623BF270F1330600000004000000360000006662782F36394639363044362D344446342D343946362D394244322D3234314243333846323333332F747269616E676C65732E62696E636660600000504B0304140006080000CC70623B0000
310
00000000000000000000370000006662782F36394639363044362D344446342D343946362D394244322D3234314243333846323333332F617474726962757465732E62696E504B0304140006080800CC70623B08DA0BD19000000041010000360000006662782F36394639363044362D344446342D343946362D394244322D
310
3234314243333846323333332F6469726563746F72792E786D6C858F410AC3201045AF22B36F53E9A60B35CBEEBAE80D244E44489C6234F4F835464A48035D0DF398FF9F8AF63D0E6CC63039F212F8F9020C7D47C6792B21C5FE7403D62A1188E2E60C98D7234A5830286103A55745067B9D86B8A3CF9C7F90C11DE607FB14
310
4396D7B6A82D282E9A152AD114D5EF2CB866EEE831B8EEA07A7BB5A8D7D61A2BAAEB7FD5F70921FF497D00504B0304140006080800CC70623BCA768048FE000000A00100003B0000006662782F36394639363044362D344446342D343946362D394244322D3234314243333846323333332F7265736F75726365732F636F72
310
652E786D6C8D50596E833010BD0A9ADFCA60D600328E9AA639412F609909B1126CE4A5EAF16B0295DABFFECC8CDEA2797AECF8353F924FB44E193D409E5248504B332A3D0D10FC95B4901C39B3C6F85F3248B49871801506CE266BC2B243D2688FDA47549B11775038871E12F988C7004EDE7016A9083E2ADC3D5D84BC8B09
310
D33C8D74D471E6BC8D0192EDC93A815B742658898E651BCB59086ADC356A8C3FD555A1055ED7E7E254D615792D0F075295F585746FF53B694EE78A565DD736979A65AB9933AFE69F8CD2A2F038022F28ED489E135A7CE4554F9BBEA85E68DB53CAB255FEC71496F19FA6A0B42F8B3DEE6673C0F318E4497096AD7DC5F52C33
310
EEB55BFE0D504B010214000A0000080000CC70623B3DEE336E79000000790000001B00000000000000000000000000000000006175746F6465736B2D64657369676E2D7061636B6167652E786D6C504B01021400140006080800CC70623BD486FD9CA0000000F40000001300000000000000000000000000B20000005B436F
310
6E74656E745F54797065735D2E786D6C504B01021400140006080800CC70623BD9DDAED0EC0000007C010000080000000000000000000000000083010000636F72652E786D6C504B01021400140006080800CC70623B55019EA25F0000007C000000070000000000000000000000000095020000636E782E786D6C504B0102
310
1400140006080800CC70623BA24EB22D72010000D40300000C00000000000000000000000000190300006662782F636F72652E786D6C504B01021400140006080800CC70623B408A7D3B7C0000009D0000000B00000000000000000000000000B50400006662782F636E782E786D6C504B01021400140006080800CC70623B
310
449FB9BD290100001202000031000000000000000000000000005A0500006662782F36394639363044362D344446342D343946362D394244322D3234314243333846323333332F636F72652E786D6C504B01021400140006080800CC70623BAD7543B64E010000330300003000000000000000000000000000D20600006662
310
782F36394639363044362D344446342D343946362D394244322D3234314243333846323333332F636E782E786D6C504B01021400140006080800CC70623B8D05915C650500003B10000034000000000000000000000000006E0800006662782F36394639363044362D344446342D343946362D394244322D32343142433338
310
46323333332F6F626A656374732E786D6C504B01021400140006080000CC70623B0000000000000000000000003500000000000000000000000000250E00006662782F36394639363044362D344446342D343946362D394244322D3234314243333846323333332F76657274696365732E62696E504B010214001400060808
310
00CC70623BF270F13306000000040000003600000000000000000000000000780E00006662782F36394639363044362D344446342D343946362D394244322D3234314243333846323333332F747269616E676C65732E62696E504B01021400140006080000CC70623B00000000000000000000000037000000000000000000
310
00000000D20E00006662782F36394639363044362D344446342D343946362D394244322D3234314243333846323333332F617474726962757465732E62696E504B01021400140006080800CC70623B08DA0BD190000000410100003600000000000000000000000000270F00006662782F36394639363044362D344446342D
310
343946362D394244322D3234314243333846323333332F6469726563746F72792E786D6C504B01021400140006080800CC70623BCA768048FE000000A00100003B000000000000000000000000000B1000006662782F36394639363044362D344446342D343946362D394244322D3234314243333846323333332F7265736F
310
75726365732F636F72652E786D6C504B0506000000000E000E0080040000621100000000
  0
XRECORD
  5
176
102
{ACAD_REACTORS
330
173
102
}
330
173
100
AcDbXrecord
280
     1
270
     1
271
     1
  0
XRECORD
  5
177
102
{ACAD_REACTORS
330
173
102
}
330
173
100
AcDbXrecord
280
     1
270
     1
271
     1
  0
XRECORD
  5
2B6
102
{ACAD_REACTORS
330
234
102
}
330
234
100
AcDbXrecord
280
     1
102
DISPLAYNAME
  1
Metric50
102
FLAGS
 90
        0
  0
CELLSTYLEMAP
  5
27C
102
{ACAD_REACTORS
330
162
102
}
330
162
100
AcDbCellStyleMap
 90
        3
300
CELLSTYLE
  1
TABLEFORMAT_BEGIN
 90
        5
170
     1
 91
        0
 92
    32768
 62
   257
 93
        1
300
CONTENTFORMAT
  1
CONTENTFORMAT_BEGIN
 90
        0
 91
        0
 92
      512
 93
        0
300

 40
0.0
140
1.0
 94
        5
 62
     0
340
11
144
6.0
309
CONTENTFORMAT_END
171
     1
301
MARGIN
  1
CELLMARGIN_BEGIN
 40
1.5
 40
1.5
 40
1.5
 40
1.5
 40
4.5
 40
4.5
309
CELLMARGIN_END
 94
        6
 95
        1
302
GRIDFORMAT
  1
GRIDFORMAT_BEGIN
 90
        0
 91
        1
 62
     0
 92
       -2
340
14
 93
        0
 40
1.125
309
GRIDFORMAT_END
 95
        2
302
GRIDFORMAT
  1
GRIDFORMAT_BEGIN
 90
        0
 91
        1
 62
     0
 92
       -2
340
14
 93
        0
 40
1.125
309
GRIDFORMAT_END
 95
        4
302
GRIDFORMAT
  1
GRIDFORMAT_BEGIN
 90
        0
 91
        1
 62
     0
 92
       -2
340
14
 93
        0
 40
1.125
309
GRIDFORMAT_END
 95
        8
302
GRIDFORMAT
  1
GRIDFORMAT_BEGIN
 90
        0
 91
        1
 62
     0
 92
       -2
340
14
 93
        0
 40
1.125
309
GRIDFORMAT_END
 95
       16
302
GRIDFORMAT
  1
GRIDFORMAT_BEGIN
 90
        0
 91
        1
 62
     0
 92
       -2
340
14
 93
        0
 40
1.125
309
GRIDFORMAT_END
 95
       32
302
GRIDFORMAT
  1
GRIDFORMAT_BEGIN
 90
        0
 91
        1
 62
     0
 92
       -2
340
14
 93
        0
 40
1.125
309
GRIDFORMAT_END
309
TABLEFORMAT_END
  1
CELLSTYLE_BEGIN
 90
        1
 91
        1
300
_TITLE
309
CELLSTYLE_END
300
CELLSTYLE
  1
TABLEFORMAT_BEGIN
 90
        5
170
     1
 91
        0
 92
        0
 62
   257
 93
        1
300
CONTENTFORMAT
  1
CONTENTFORMAT_BEGIN
 90
        0
 91
        0
 92
      512
 93
        0
300

 40
0.0
140
1.0
 94
        5
 62
     0
340
11
144
4.5
309
CONTENTFORMAT_END
171
     1
301
MARGIN
  1
CELLMARGIN_BEGIN
 40
1.5
 40
1.5
 40
1.5
 40
1.5
 40
4.5
 40
4.5
309
CELLMARGIN_END
 94
        6
 95
        1
302
GRIDFORMAT
  1
GRIDFORMAT_BEGIN
 90
        0
 91
        1
 62
     0
 92
       -2
340
14
 93
        0
 40
1.125
309
GRIDFORMAT_END
 95
        2
302
GRIDFORMAT
  1
GRIDFORMAT_BEGIN
 90
        0
 91
        1
 62
     0
 92
       -2
340
14
 93
        0
 40
1.125
309
GRIDFORMAT_END
 95
        4
302
GRIDFORMAT
  1
GRIDFORMAT_BEGIN
 90
        0
 91
        1
 62
     0
 92
       -2
340
14
 93
        0
 40
1.125
309
GRIDFORMAT_END
 95
        8
302
GRIDFORMAT
  1
GRIDFORMAT_BEGIN
 90
        0
 91
        1
 62
     0
 92
       -2
340
14
 93
        0
 40
1.125
309
GRIDFORMAT_END
 95
       16
302
GRIDFORMAT
  1
GRIDFORMAT_BEGIN
 90
        0
 91
        1
 62
     0
 92
       -2
340
14
 93
        0
 40
1.125
309
GRIDFORMAT_END
 95
       32
302
GRIDFORMAT
  1
GRIDFORMAT_BEGIN
 90
        0
 91
        1
 62
     0
 92
       -2
340
14
 93
        0
 40
1.125
309
GRIDFORMAT_END
309
TABLEFORMAT_END
  1
CELLSTYLE_BEGIN
 90
        2
 91
        1
300
_HEADER
309
CELLSTYLE_END
300
CELLSTYLE
  1
TABLEFORMAT_BEGIN
 90
        5
170
     1
 91
        0
 92
        0
 62
   257
 93
        1
300
CONTENTFORMAT
  1
CONTENTFORMAT_BEGIN
 90
        0
 91
        0
 92
      512
 93
        0
300

 40
0.0
140
1.0
 94
        2
 62
     0
340
11
144
4.5
309
CONTENTFORMAT_END
171
     1
301
MARGIN
  1
CELLMARGIN_BEGIN
 40
1.5
 40
1.5
 40
1.5
 40
1.5
 40
4.5
 40
4.5
309
CELLMARGIN_END
 94
        6
 95
        1
302
GRIDFORMAT
  1
GRIDFORMAT_BEGIN
 90
        0
 91
        1
 62
     0
 92
       -2
340
14
 93
        0
 40
1.125
309
GRIDFORMAT_END
 95
        2
302
GRIDFORMAT
  1
GRIDFORMAT_BEGIN
 90
        0
 91
        1
 62
     0
 92
       -2
340
14
 93
        0
 40
1.125
309
GRIDFORMAT_END
 95
        4
302
GRIDFORMAT
  1
GRIDFORMAT_BEGIN
 90
        0
 91
        1
 62
     0
 92
       -2
340
14
 93
        0
 40
1.125
309
GRIDFORMAT_END
 95
        8
302
GRIDFORMAT
  1
GRIDFORMAT_BEGIN
 90
        0
 91
        1
 62
     0
 92
       -2
340
14
 93
        0
 40
1.125
309
GRIDFORMAT_END
 95
       16
302
GRIDFORMAT
  1
GRIDFORMAT_BEGIN
 90
        0
 91
        1
 62
     0
 92
       -2
340
14
 93
        0
 40
1.125
309
GRIDFORMAT_END
 95
       32
302
GRIDFORMAT
  1
GRIDFORMAT_BEGIN
 90
        0
 91
        1
 62
     0
 92
       -2
340
14
 93
        0
 40
1.125
309
GRIDFORMAT_END
309
TABLEFORMAT_END
  1
CELLSTYLE_BEGIN
 90
        3
 91
        2
300
_DATA
309
CELLSTYLE_END
  0
XRECORD
  5
291
102
{ACAD_REACTORS
330
290
102
}
330
290
100
AcDbXrecord
280
     1
102
RTVSPost2010Prop28
280
     1
102
RTVSPost2010PropOp28
 70
     1
102
RTVSPost2010Prop29
280
     1
102
RTVSPost2010PropOp29
 70
     1
102
RTVSPost2010Prop30
280
     0
102
RTVSPost2010PropOp30
 70
     1
102
RTVSPost2010Prop31
280
     0
102
RTVSPost2010PropOp31
 70
     1
102
RTVSPost2010Prop32
280
     0
102
RTVSPost2010PropOp32
 70
     1
102
RTVSPost2010Prop33
280
     0
102
RTVSPost2010PropOp33
 70
     1
102
RTVSPost2010Prop34
280
     0
102
RTVSPost2010PropOp34
 70
     1
102
RTVSPost2010Prop35
280
     0
102
RTVSPost2010PropOp35
 70
     1
102
RTVSPost2010Prop36
280
     0
102
RTVSPost2010PropOp36
 70
     1
102
RTVSPost2010Prop37
 90
       50
102
RTVSPost2010PropOp37
 70
     1
102
RTVSPost2010Prop38
140
0.0
102
RTVSPost2010PropOp38
 70
     1
102
RTVSPost2010Prop39
140
1.0
102
RTVSPost2010PropOp39
 70
     1
102
RTVSPost2010Prop40
 90
        0
102
RTVSPost2010PropOp40
 70
     1
102
RTVSPost2010Prop41ColorIndex
 90
       18
102
RTVSPost2010Prop41ColorRGB
 90
        0
102
RTVSPost2010PropOp41
 70
     1
102
RTVSPost2010Prop42
 90
       50
102
RTVSPost2010PropOp42
 70
     1
102
RTVSPost2010Prop43
 90
        3
102
RTVSPost2010PropOp43
 70
     1
102
RTVSPost2010Prop44ColorIndex
 90
        5
102
RTVSPost2010Prop44ColorRGB
 90
      255
102
RTVSPost2010PropOp44
 70
     1
102
RTVSPost2010Prop45
280
     0
102
RTVSPost2010PropOp45
 70
     1
102
RTVSPost2010Prop46
 90
       50
102
RTVSPost2010PropOp46
 70
     1
102
RTVSPost2010Prop47
 90
       50
102
RTVSPost2010PropOp47
 70
     1
102
RTVSPost2010Prop48
 90
       50
102
RTVSPost2010PropOp48
 70
     1
102
RTVSPost2010Prop49
280
     0
102
RTVSPost2010PropOp49
 70
     1
102
RTVSPost2010Prop50
 90
       50
102
RTVSPost2010PropOp50
 70
     1
102
RTVSPost2010Prop51ColorIndex
 90
      256
102
RTVSPost2010Prop51ColorRGB
 90
-16777216
102
RTVSPost2010PropOp51
 70
     0
102
RTVSPost2010Prop52
140
1.0
102
RTVSPost2010PropOp52
 70
     0
102
RTVSPost2010Prop53
 90
        2
102
RTVSPost2010PropOp53
 70
     1
102
RTVSPost2010Prop54
  1
strokes_ogs.tif
102
RTVSPost2010PropOp54
 70
     1
102
RTVSPost2010Prop55
280
     0
102
RTVSPost2010PropOp55
 70
     1
102
RTVSPost2010Prop56
140
1.0
102
RTVSPost2010PropOp56
 70
     1
102
RTVSPost2010Prop57
140
1.0
102
RTVSPost2010PropOp57
 70
     1
102
RTVSPropertyOp0
 70
     1
102
RTVSPropertyOp1
 70
     1
102
RTVSPropertyOp2
 70
     1
102
RTVSPropertyOp3
 70
     1
102
RTVSPropertyOp4
 70
     1
102
RTVSPropertyOp5
 70
     1
102
RTVSPropertyOp6
 70
     1
102
RTVSPropertyOp7
 70
     1
102
RTVSPropertyOp8
 70
     1
102
RTVSPropertyOp9
 70
     1
102
RTVSPropertyOp10
 70
     1
102
RTVSPropertyOp11
 70
     1
102
RTVSPropertyOp12
 70
     1
102
RTVSPropertyOp13
 70
     1
102
RTVSPropertyOp14
 70
     1
102
RTVSPropertyOp15
 70
     1
102
RTVSPropertyOp16
 70
     1
102
RTVSPropertyOp17
 70
     1
102
RTVSPropertyOp18
 70
     1
102
RTVSPropertyOp19
 70
     1
102
RTVSPropertyOp20
 70
     1
102
RTVSPropertyOp21
 70
     1
102
RTVSPropertyOp22
 70
     1
102
RTVSPropertyOp23
 70
     1
102
RTVSPropertyOp24
 70
     1
102
RTVSPropertyOp25
 70
     1
102
RTVSPropertyOp26
 70
     1
102
RTVSPropertyOp27
 70
     1
102
RTVSPropertyOp28
 70
     1
102
RTVSPropertyOp29
 70
     1
102
RTVSPropertyOp30
 70
     1
102
RTVSPropertyOp31
 70
     1
102
RTVSPropertyOp32
 70
     1
102
RTVSPropertyOp33
 70
     1
102
RTVSPropertyOp34
 70
     1
102
RTVSPropertyOp35
 70
     1
102
RTVSPropertyOp36
 70
     1
102
RTVSPropertyOp37
 70
     1
102
RTVSPropertyOp38
 70
     1
102
RTVSPropertyOp39
 70
     1
102
RTVSPropertyOp40
 70
     1
102
RTVSPropertyOp41
 70
     1
102
RTVSPropertyOp42
 70
     1
102
RTVSPropertyOp43
 70
     1
102
RTVSPropertyOp44
 70
     1
102
RTVSPropertyOp45
 70
     1
102
RTVSPropertyOp46
 70
     1
102
RTVSPropertyOp47
 70
     1
102
RTVSPropertyOp48
 70
     1
102
RTVSPropertyOp49
 70
     1
102
RTVSPropertyOp50
 70
     1
102
RTVSPropertyOp51
 70
     0
102
RTVSPropertyOp52
 70
     0
102
RTVSPropertyOp53
 70
     1
102
RTVSPropertyOp54
 70
     1
102
RTVSPropertyOp55
 70
     1
102
RTVSPropertyOp56
 70
     1
102
RTVSPropertyOp57
 70
     1
102
RTVSPropertyOp58
 70
     1
102
RTVSPropertyOp59
 70
     1
102
RTVSPropertyOp60
 70
     1
102
RTVSPropertyOp61
 70
     1
102
RTVSPropertyOp62
 70
     1
  0
XRECORD
  5
28F
102
{ACAD_REACTORS
330
28E
102
}
330
28E
100
AcDbXrecord
280
     1
102
RTVSPost2010Prop28
280
     0
102
RTVSPost2010PropOp28
 70
     1
102
RTVSPost2010Prop29
280
     1
102
RTVSPost2010PropOp29
 70
     1
102
RTVSPost2010Prop30
280
     1
102
RTVSPost2010PropOp30
 70
     1
102
RTVSPost2010Prop31
280
     0
102
RTVSPost2010PropOp31
 70
     1
102
RTVSPost2010Prop32
280
     0
102
RTVSPost2010PropOp32
 70
     1
102
RTVSPost2010Prop33
280
     0
102
RTVSPost2010PropOp33
 70
     1
102
RTVSPost2010Prop34
280
     0
102
RTVSPost2010PropOp34
 70
     1
102
RTVSPost2010Prop35
280
     0
102
RTVSPost2010PropOp35
 70
     1
102
RTVSPost2010Prop36
280
     0
102
RTVSPost2010PropOp36
 70
     1
102
RTVSPost2010Prop37
 90
       50
102
RTVSPost2010PropOp37
 70
     1
102
RTVSPost2010Prop38
140
0.0
102
RTVSPost2010PropOp38
 70
     1
102
RTVSPost2010Prop39
140
1.0
102
RTVSPost2010PropOp39
 70
     1
102
RTVSPost2010Prop40
 90
        0
102
RTVSPost2010PropOp40
 70
     1
102
RTVSPost2010Prop41ColorIndex
 90
       18
102
RTVSPost2010Prop41ColorRGB
 90
        0
102
RTVSPost2010PropOp41
 70
     1
102
RTVSPost2010Prop42
 90
       50
102
RTVSPost2010PropOp42
 70
     1
102
RTVSPost2010Prop43
 90
        3
102
RTVSPost2010PropOp43
 70
     1
102
RTVSPost2010Prop44ColorIndex
 90
        5
102
RTVSPost2010Prop44ColorRGB
 90
      255
102
RTVSPost2010PropOp44
 70
     1
102
RTVSPost2010Prop45
280
     0
102
RTVSPost2010PropOp45
 70
     1
102
RTVSPost2010Prop46
 90
       50
102
RTVSPost2010PropOp46
 70
     1
102
RTVSPost2010Prop47
 90
       50
102
RTVSPost2010PropOp47
 70
     1
102
RTVSPost2010Prop48
 90
       50
102
RTVSPost2010PropOp48
 70
     1
102
RTVSPost2010Prop49
280
     0
102
RTVSPost2010PropOp49
 70
     1
102
RTVSPost2010Prop50
 90
       50
102
RTVSPost2010PropOp50
 70
     1
102
RTVSPost2010Prop51ColorIndex
 90
      256
102
RTVSPost2010Prop51ColorRGB
 90
-16777216
102
RTVSPost2010PropOp51
 70
     0
102
RTVSPost2010Prop52
140
1.0
102
RTVSPost2010PropOp52
 70
     0
102
RTVSPost2010Prop53
 90
        2
102
RTVSPost2010PropOp53
 70
     1
102
RTVSPost2010Prop54
  1
strokes_ogs.tif
102
RTVSPost2010PropOp54
 70
     1
102
RTVSPost2010Prop55
280
     0
102
RTVSPost2010PropOp55
 70
     1
102
RTVSPost2010Prop56
140
1.0
102
RTVSPost2010PropOp56
 70
     1
102
RTVSPost2010Prop57
140
1.0
102
RTVSPost2010PropOp57
 70
     1
102
RTVSPropertyOp0
 70
     1
102
RTVSPropertyOp1
 70
     1
102
RTVSPropertyOp2
 70
     1
102
RTVSPropertyOp3
 70
     1
102
RTVSPropertyOp4
 70
     1
102
RTVSPropertyOp5
 70
     1
102
RTVSPropertyOp6
 70
     1
102
RTVSPropertyOp7
 70
     1
102
RTVSPropertyOp8
 70
     1
102
RTVSPropertyOp9
 70
     1
102
RTVSPropertyOp10
 70
     1
102
RTVSPropertyOp11
 70
     1
102
RTVSPropertyOp12
 70
     1
102
RTVSPropertyOp13
 70
     1
102
RTVSPropertyOp14
 70
     1
102
RTVSPropertyOp15
 70
     1
102
RTVSPropertyOp16
 70
     1
102
RTVSPropertyOp17
 70
     1
102
RTVSPropertyOp18
 70
     1
102
RTVSPropertyOp19
 70
     1
102
RTVSPropertyOp20
 70
     1
102
RTVSPropertyOp21
 70
     1
102
RTVSPropertyOp22
 70
     1
102
RTVSPropertyOp23
 70
     1
102
RTVSPropertyOp24
 70
     1
102
RTVSPropertyOp25
 70
     1
102
RTVSPropertyOp26
 70
     1
102
RTVSPropertyOp27
 70
     1
102
RTVSPropertyOp28
 70
     1
102
RTVSPropertyOp29
 70
     1
102
RTVSPropertyOp30
 70
     1
102
RTVSPropertyOp31
 70
     1
102
RTVSPropertyOp32
 70
     1
102
RTVSPropertyOp33
 70
     1
102
RTVSPropertyOp34
 70
     1
102
RTVSPropertyOp35
 70
     1
102
RTVSPropertyOp36
 70
     1
102
RTVSPropertyOp37
 70
     1
102
RTVSPropertyOp38
 70
     1
102
RTVSPropertyOp39
 70
     1
102
RTVSPropertyOp40
 70
     1
102
RTVSPropertyOp41
 70
     1
102
RTVSPropertyOp42
 70
     1
102
RTVSPropertyOp43
 70
     1
102
RTVSPropertyOp44
 70
     1
102
RTVSPropertyOp45
 70
     1
102
RTVSPropertyOp46
 70
     1
102
RTVSPropertyOp47
 70
     1
102
RTVSPropertyOp48
 70
     1
102
RTVSPropertyOp49
 70
     1
102
RTVSPropertyOp50
 70
     1
102
RTVSPropertyOp51
 70
     0
102
RTVSPropertyOp52
 70
     0
102
RTVSPropertyOp53
 70
     1
102
RTVSPropertyOp54
 70
     1
102
RTVSPropertyOp55
 70
     1
102
RTVSPropertyOp56
 70
     1
102
RTVSPropertyOp57
 70
     1
102
RTVSPropertyOp58
 70
     1
102
RTVSPropertyOp59
 70
     1
102
RTVSPropertyOp60
 70
     1
102
RTVSPropertyOp61
 70
     1
102
RTVSPropertyOp62
 70
     1
  0
XRECORD
  5
29D
102
{ACAD_REACTORS
330
29C
102
}
330
29C
100
AcDbXrecord
280
     1
102
RTVSPost2010Prop28
280
     0
102
RTVSPost2010PropOp28
 70
     1
102
RTVSPost2010Prop29
280
     1
102
RTVSPost2010PropOp29
 70
     1
102
RTVSPost2010Prop30
280
     1
102
RTVSPost2010PropOp30
 70
     1
102
RTVSPost2010Prop31
280
     0
102
RTVSPost2010PropOp31
 70
     1
102
RTVSPost2010Prop32
280
     0
102
RTVSPost2010PropOp32
 70
     1
102
RTVSPost2010Prop33
280
     0
102
RTVSPost2010PropOp33
 70
     1
102
RTVSPost2010Prop34
280
     0
102
RTVSPost2010PropOp34
 70
     1
102
RTVSPost2010Prop35
280
     0
102
RTVSPost2010PropOp35
 70
     1
102
RTVSPost2010Prop36
280
     0
102
RTVSPost2010PropOp36
 70
     1
102
RTVSPost2010Prop37
 90
       50
102
RTVSPost2010PropOp37
 70
     1
102
RTVSPost2010Prop38
140
0.0
102
RTVSPost2010PropOp38
 70
     1
102
RTVSPost2010Prop39
140
1.0
102
RTVSPost2010PropOp39
 70
     1
102
RTVSPost2010Prop40
 90
        0
102
RTVSPost2010PropOp40
 70
     1
102
RTVSPost2010Prop41ColorIndex
 90
       18
102
RTVSPost2010Prop41ColorRGB
 90
        0
102
RTVSPost2010PropOp41
 70
     1
102
RTVSPost2010Prop42
 90
       50
102
RTVSPost2010PropOp42
 70
     1
102
RTVSPost2010Prop43
 90
        3
102
RTVSPost2010PropOp43
 70
     1
102
RTVSPost2010Prop44ColorIndex
 90
        5
102
RTVSPost2010Prop44ColorRGB
 90
      255
102
RTVSPost2010PropOp44
 70
     1
102
RTVSPost2010Prop45
280
     0
102
RTVSPost2010PropOp45
 70
     1
102
RTVSPost2010Prop46
 90
       50
102
RTVSPost2010PropOp46
 70
     1
102
RTVSPost2010Prop47
 90
       50
102
RTVSPost2010PropOp47
 70
     1
102
RTVSPost2010Prop48
 90
       50
102
RTVSPost2010PropOp48
 70
     1
102
RTVSPost2010Prop49
280
     0
102
RTVSPost2010PropOp49
 70
     1
102
RTVSPost2010Prop50
 90
       50
102
RTVSPost2010PropOp50
 70
     1
102
RTVSPost2010Prop51ColorIndex
 90
      256
102
RTVSPost2010Prop51ColorRGB
 90
-16777216
102
RTVSPost2010PropOp51
 70
     0
102
RTVSPost2010Prop52
140
1.0
102
RTVSPost2010PropOp52
 70
     0
102
RTVSPost2010Prop53
 90
        2
102
RTVSPost2010PropOp53
 70
     1
102
RTVSPost2010Prop54
  1
strokes_ogs.tif
102
RTVSPost2010PropOp54
 70
     1
102
RTVSPost2010Prop55
280
     0
102
RTVSPost2010PropOp55
 70
     1
102
RTVSPost2010Prop56
140
1.0
102
RTVSPost2010PropOp56
 70
     1
102
RTVSPost2010Prop57
140
1.0
102
RTVSPost2010PropOp57
 70
     1
102
RTVSPropertyOp0
 70
     1
102
RTVSPropertyOp1
 70
     1
102
RTVSPropertyOp2
 70
     1
102
RTVSPropertyOp3
 70
     1
102
RTVSPropertyOp4
 70
     1
102
RTVSPropertyOp5
 70
     1
102
RTVSPropertyOp6
 70
     1
102
RTVSPropertyOp7
 70
     1
102
RTVSPropertyOp8
 70
     1
102
RTVSPropertyOp9
 70
     1
102
RTVSPropertyOp10
 70
     1
102
RTVSPropertyOp11
 70
     1
102
RTVSPropertyOp12
 70
     1
102
RTVSPropertyOp13
 70
     1
102
RTVSPropertyOp14
 70
     1
102
RTVSPropertyOp15
 70
     1
102
RTVSPropertyOp16
 70
     1
102
RTVSPropertyOp17
 70
     1
102
RTVSPropertyOp18
 70
     1
102
RTVSPropertyOp19
 70
     1
102
RTVSPropertyOp20
 70
     1
102
RTVSPropertyOp21
 70
     1
102
RTVSPropertyOp22
 70
     1
102
RTVSPropertyOp23
 70
     1
102
RTVSPropertyOp24
 70
     1
102
RTVSPropertyOp25
 70
     1
102
RTVSPropertyOp26
 70
     1
102
RTVSPropertyOp27
 70
     1
102
RTVSPropertyOp28
 70
     1
102
RTVSPropertyOp29
 70
     1
102
RTVSPropertyOp30
 70
     1
102
RTVSPropertyOp31
 70
     1
102
RTVSPropertyOp32
 70
     1
102
RTVSPropertyOp33
 70
     1
102
RTVSPropertyOp34
 70
     1
102
RTVSPropertyOp35
 70
     1
102
RTVSPropertyOp36
 70
     1
102
RTVSPropertyOp37
 70
     1
102
RTVSPropertyOp38
 70
     1
102
RTVSPropertyOp39
 70
     1
102
RTVSPropertyOp40
 70
     1
102
RTVSPropertyOp41
 70
     1
102
RTVSPropertyOp42
 70
     1
102
RTVSPropertyOp43
 70
     1
102
RTVSPropertyOp44
 70
     1
102
RTVSPropertyOp45
 70
     1
102
RTVSPropertyOp46
 70
     1
102
RTVSPropertyOp47
 70
     1
102
RTVSPropertyOp48
 70
     1
102
RTVSPropertyOp49
 70
     1
102
RTVSPropertyOp50
 70
     1
102
RTVSPropertyOp51
 70
     0
102
RTVSPropertyOp52
 70
     0
102
RTVSPropertyOp53
 70
     1
102
RTVSPropertyOp54
 70
     1
102
RTVSPropertyOp55
 70
     1
102
RTVSPropertyOp56
 70
     1
102
RTVSPropertyOp57
 70
     1
102
RTVSPropertyOp58
 70
     1
102
RTVSPropertyOp59
 70
     1
102
RTVSPropertyOp60
 70
     1
102
RTVSPropertyOp61
 70
     1
102
RTVSPropertyOp62
 70
     1
  0
XRECORD
  5
2A5
102
{ACAD_REACTORS
330
2A4
102
}
330
2A4
100
AcDbXrecord
280
     1
102
RTVSPost2010Prop28
280
     0
102
RTVSPost2010PropOp28
 70
     1
102
RTVSPost2010Prop29
280
     1
102
RTVSPost2010PropOp29
 70
     1
102
RTVSPost2010Prop30
280
     1
102
RTVSPost2010PropOp30
 70
     1
102
RTVSPost2010Prop31
280
     0
102
RTVSPost2010PropOp31
 70
     1
102
RTVSPost2010Prop32
280
     0
102
RTVSPost2010PropOp32
 70
     1
102
RTVSPost2010Prop33
280
     0
102
RTVSPost2010PropOp33
 70
     1
102
RTVSPost2010Prop34
280
     0
102
RTVSPost2010PropOp34
 70
     1
102
RTVSPost2010Prop35
280
     0
102
RTVSPost2010PropOp35
 70
     1
102
RTVSPost2010Prop36
280
     0
102
RTVSPost2010PropOp36
 70
     1
102
RTVSPost2010Prop37
 90
       50
102
RTVSPost2010PropOp37
 70
     1
102
RTVSPost2010Prop38
140
0.0
102
RTVSPost2010PropOp38
 70
     1
102
RTVSPost2010Prop39
140
1.0
102
RTVSPost2010PropOp39
 70
     1
102
RTVSPost2010Prop40
 90
        0
102
RTVSPost2010PropOp40
 70
     1
102
RTVSPost2010Prop41ColorIndex
 90
       18
102
RTVSPost2010Prop41ColorRGB
 90
        0
102
RTVSPost2010PropOp41
 70
     1
102
RTVSPost2010Prop42
 90
       50
102
RTVSPost2010PropOp42
 70
     1
102
RTVSPost2010Prop43
 90
        3
102
RTVSPost2010PropOp43
 70
     1
102
RTVSPost2010Prop44ColorIndex
 90
        5
102
RTVSPost2010Prop44ColorRGB
 90
      255
102
RTVSPost2010PropOp44
 70
     1
102
RTVSPost2010Prop45
280
     0
102
RTVSPost2010PropOp45
 70
     1
102
RTVSPost2010Prop46
 90
       50
102
RTVSPost2010PropOp46
 70
     1
102
RTVSPost2010Prop47
 90
       50
102
RTVSPost2010PropOp47
 70
     1
102
RTVSPost2010Prop48
 90
       50
102
RTVSPost2010PropOp48
 70
     1
102
RTVSPost2010Prop49
280
     0
102
RTVSPost2010PropOp49
 70
     1
102
RTVSPost2010Prop50
 90
       50
102
RTVSPost2010PropOp50
 70
     1
102
RTVSPost2010Prop51ColorIndex
 90
      256
102
RTVSPost2010Prop51ColorRGB
 90
-16777216
102
RTVSPost2010PropOp51
 70
     0
102
RTVSPost2010Prop52
140
1.0
102
RTVSPost2010PropOp52
 70
     0
102
RTVSPost2010Prop53
 90
        2
102
RTVSPost2010PropOp53
 70
     1
102
RTVSPost2010Prop54
  1
strokes_ogs.tif
102
RTVSPost2010PropOp54
 70
     1
102
RTVSPost2010Prop55
280
     0
102
RTVSPost2010PropOp55
 70
     1
102
RTVSPost2010Prop56
140
1.0
102
RTVSPost2010PropOp56
 70
     1
102
RTVSPost2010Prop57
140
1.0
102
RTVSPost2010PropOp57
 70
     1
102
RTVSPropertyOp0
 70
     1
102
RTVSPropertyOp1
 70
     1
102
RTVSPropertyOp2
 70
     1
102
RTVSPropertyOp3
 70
     1
102
RTVSPropertyOp4
 70
     1
102
RTVSPropertyOp5
 70
     1
102
RTVSPropertyOp6
 70
     1
102
RTVSPropertyOp7
 70
     1
102
RTVSPropertyOp8
 70
     1
102
RTVSPropertyOp9
 70
     1
102
RTVSPropertyOp10
 70
     1
102
RTVSPropertyOp11
 70
     1
102
RTVSPropertyOp12
 70
     1
102
RTVSPropertyOp13
 70
     1
102
RTVSPropertyOp14
 70
     1
102
RTVSPropertyOp15
 70
     1
102
RTVSPropertyOp16
 70
     1
102
RTVSPropertyOp17
 70
     1
102
RTVSPropertyOp18
 70
     1
102
RTVSPropertyOp19
 70
     1
102
RTVSPropertyOp20
 70
     1
102
RTVSPropertyOp21
 70
     1
102
RTVSPropertyOp22
 70
     1
102
RTVSPropertyOp23
 70
     1
102
RTVSPropertyOp24
 70
     1
102
RTVSPropertyOp25
 70
     1
102
RTVSPropertyOp26
 70
     1
102
RTVSPropertyOp27
 70
     1
102
RTVSPropertyOp28
 70
     1
102
RTVSPropertyOp29
 70
     1
102
RTVSPropertyOp30
 70
     1
102
RTVSPropertyOp31
 70
     1
102
RTVSPropertyOp32
 70
     1
102
RTVSPropertyOp33
 70
     1
102
RTVSPropertyOp34
 70
     1
102
RTVSPropertyOp35
 70
     1
102
RTVSPropertyOp36
 70
     1
102
RTVSPropertyOp37
 70
     1
102
RTVSPropertyOp38
 70
     1
102
RTVSPropertyOp39
 70
     1
102
RTVSPropertyOp40
 70
     1
102
RTVSPropertyOp41
 70
     1
102
RTVSPropertyOp42
 70
     1
102
RTVSPropertyOp43
 70
     1
102
RTVSPropertyOp44
 70
     1
102
RTVSPropertyOp45
 70
     1
102
RTVSPropertyOp46
 70
     1
102
RTVSPropertyOp47
 70
     1
102
RTVSPropertyOp48
 70
     1
102
RTVSPropertyOp49
 70
     1
102
RTVSPropertyOp50
 70
     1
102
RTVSPropertyOp51
 70
     0
102
RTVSPropertyOp52
 70
     0
102
RTVSPropertyOp53
 70
     1
102
RTVSPropertyOp54
 70
     1
102
RTVSPropertyOp55
 70
     1
102
RTVSPropertyOp56
 70
     1
102
RTVSPropertyOp57
 70
     1
102
RTVSPropertyOp58
 70
     1
102
RTVSPropertyOp59
 70
     1
102
RTVSPropertyOp60
 70
     1
102
RTVSPropertyOp61
 70
     1
102
RTVSPropertyOp62
 70
     1
  0
XRECORD
  5
297
102
{ACAD_REACTORS
330
296
102
}
330
296
100
AcDbXrecord
280
     1
102
RTVSPost2010Prop28
280
     0
102
RTVSPost2010PropOp28
 70
     1
102
RTVSPost2010Prop29
280
     1
102
RTVSPost2010PropOp29
 70
     1
102
RTVSPost2010Prop30
280
     1
102
RTVSPost2010PropOp30
 70
     1
102
RTVSPost2010Prop31
280
     0
102
RTVSPost2010PropOp31
 70
     1
102
RTVSPost2010Prop32
280
     0
102
RTVSPost2010PropOp32
 70
     1
102
RTVSPost2010Prop33
280
     0
102
RTVSPost2010PropOp33
 70
     1
102
RTVSPost2010Prop34
280
     0
102
RTVSPost2010PropOp34
 70
     1
102
RTVSPost2010Prop35
280
     0
102
RTVSPost2010PropOp35
 70
     1
102
RTVSPost2010Prop36
280
     0
102
RTVSPost2010PropOp36
 70
     1
102
RTVSPost2010Prop37
 90
       50
102
RTVSPost2010PropOp37
 70
     1
102
RTVSPost2010Prop38
140
0.0
102
RTVSPost2010PropOp38
 70
     1
102
RTVSPost2010Prop39
140
1.0
102
RTVSPost2010PropOp39
 70
     1
102
RTVSPost2010Prop40
 90
        0
102
RTVSPost2010PropOp40
 70
     1
102
RTVSPost2010Prop41ColorIndex
 90
       18
102
RTVSPost2010Prop41ColorRGB
 90
        0
102
RTVSPost2010PropOp41
 70
     1
102
RTVSPost2010Prop42
 90
       50
102
RTVSPost2010PropOp42
 70
     1
102
RTVSPost2010Prop43
 90
        3
102
RTVSPost2010PropOp43
 70
     1
102
RTVSPost2010Prop44ColorIndex
 90
        5
102
RTVSPost2010Prop44ColorRGB
 90
      255
102
RTVSPost2010PropOp44
 70
     1
102
RTVSPost2010Prop45
280
     0
102
RTVSPost2010PropOp45
 70
     1
102
RTVSPost2010Prop46
 90
       50
102
RTVSPost2010PropOp46
 70
     1
102
RTVSPost2010Prop47
 90
       50
102
RTVSPost2010PropOp47
 70
     1
102
RTVSPost2010Prop48
 90
       50
102
RTVSPost2010PropOp48
 70
     1
102
RTVSPost2010Prop49
280
     0
102
RTVSPost2010PropOp49
 70
     1
102
RTVSPost2010Prop50
 90
       50
102
RTVSPost2010PropOp50
 70
     1
102
RTVSPost2010Prop51ColorIndex
 90
      256
102
RTVSPost2010Prop51ColorRGB
 90
-16777216
102
RTVSPost2010PropOp51
 70
     0
102
RTVSPost2010Prop52
140
1.0
102
RTVSPost2010PropOp52
 70
     0
102
RTVSPost2010Prop53
 90
        2
102
RTVSPost2010PropOp53
 70
     1
102
RTVSPost2010Prop54
  1
strokes_ogs.tif
102
RTVSPost2010PropOp54
 70
     1
102
RTVSPost2010Prop55
280
     0
102
RTVSPost2010PropOp55
 70
     1
102
RTVSPost2010Prop56
140
1.0
102
RTVSPost2010PropOp56
 70
     1
102
RTVSPost2010Prop57
140
1.0
102
RTVSPost2010PropOp57
 70
     1
102
RTVSPropertyOp0
 70
     1
102
RTVSPropertyOp1
 70
     1
102
RTVSPropertyOp2
 70
     1
102
RTVSPropertyOp3
 70
     1
102
RTVSPropertyOp4
 70
     1
102
RTVSPropertyOp5
 70
     1
102
RTVSPropertyOp6
 70
     1
102
RTVSPropertyOp7
 70
     1
102
RTVSPropertyOp8
 70
     1
102
RTVSPropertyOp9
 70
     1
102
RTVSPropertyOp10
 70
     1
102
RTVSPropertyOp11
 70
     1
102
RTVSPropertyOp12
 70
     1
102
RTVSPropertyOp13
 70
     1
102
RTVSPropertyOp14
 70
     1
102
RTVSPropertyOp15
 70
     1
102
RTVSPropertyOp16
 70
     1
102
RTVSPropertyOp17
 70
     1
102
RTVSPropertyOp18
 70
     1
102
RTVSPropertyOp19
 70
     1
102
RTVSPropertyOp20
 70
     1
102
RTVSPropertyOp21
 70
     1
102
RTVSPropertyOp22
 70
     1
102
RTVSPropertyOp23
 70
     1
102
RTVSPropertyOp24
 70
     1
102
RTVSPropertyOp25
 70
     1
102
RTVSPropertyOp26
 70
     1
102
RTVSPropertyOp27
 70
     1
102
RTVSPropertyOp28
 70
     1
102
RTVSPropertyOp29
 70
     1
102
RTVSPropertyOp30
 70
     1
102
RTVSPropertyOp31
 70
     1
102
RTVSPropertyOp32
 70
     1
102
RTVSPropertyOp33
 70
     1
102
RTVSPropertyOp34
 70
     1
102
RTVSPropertyOp35
 70
     1
102
RTVSPropertyOp36
 70
     1
102
RTVSPropertyOp37
 70
     1
102
RTVSPropertyOp38
 70
     1
102
RTVSPropertyOp39
 70
     1
102
RTVSPropertyOp40
 70
     1
102
RTVSPropertyOp41
 70
     1
102
RTVSPropertyOp42
 70
     1
102
RTVSPropertyOp43
 70
     1
102
RTVSPropertyOp44
 70
     1
102
RTVSPropertyOp45
 70
     1
102
RTVSPropertyOp46
 70
     1
102
RTVSPropertyOp47
 70
     1
102
RTVSPropertyOp48
 70
     1
102
RTVSPropertyOp49
 70
     1
102
RTVSPropertyOp50
 70
     1
102
RTVSPropertyOp51
 70
     0
102
RTVSPropertyOp52
 70
     0
102
RTVSPropertyOp53
 70
     1
102
RTVSPropertyOp54
 70
     1
102
RTVSPropertyOp55
 70
     1
102
RTVSPropertyOp56
 70
     1
102
RTVSPropertyOp57
 70
     1
102
RTVSPropertyOp58
 70
     1
102
RTVSPropertyOp59
 70
     1
102
RTVSPropertyOp60
 70
     1
102
RTVSPropertyOp61
 70
     1
102
RTVSPropertyOp62
 70
     1
  0
XRECORD
  5
29B
102
{ACAD_REACTORS
330
29A
102
}
330
29A
100
AcDbXrecord
280
     1
102
RTVSPost2010Prop28
280
     0
102
RTVSPost2010PropOp28
 70
     1
102
RTVSPost2010Prop29
280
     1
102
RTVSPost2010PropOp29
 70
     1
102
RTVSPost2010Prop30
280
     1
102
RTVSPost2010PropOp30
 70
     1
102
RTVSPost2010Prop31
280
     0
102
RTVSPost2010PropOp31
 70
     1
102
RTVSPost2010Prop32
280
     0
102
RTVSPost2010PropOp32
 70
     1
102
RTVSPost2010Prop33
280
     0
102
RTVSPost2010PropOp33
 70
     1
102
RTVSPost2010Prop34
280
     0
102
RTVSPost2010PropOp34
 70
     1
102
RTVSPost2010Prop35
280
     0
102
RTVSPost2010PropOp35
 70
     1
102
RTVSPost2010Prop36
280
     0
102
RTVSPost2010PropOp36
 70
     1
102
RTVSPost2010Prop37
 90
       50
102
RTVSPost2010PropOp37
 70
     1
102
RTVSPost2010Prop38
140
0.0
102
RTVSPost2010PropOp38
 70
     1
102
RTVSPost2010Prop39
140
1.0
102
RTVSPost2010PropOp39
 70
     1
102
RTVSPost2010Prop40
 90
        0
102
RTVSPost2010PropOp40
 70
     1
102
RTVSPost2010Prop41ColorIndex
 90
       18
102
RTVSPost2010Prop41ColorRGB
 90
        0
102
RTVSPost2010PropOp41
 70
     1
102
RTVSPost2010Prop42
 90
       50
102
RTVSPost2010PropOp42
 70
     1
102
RTVSPost2010Prop43
 90
        3
102
RTVSPost2010PropOp43
 70
     1
102
RTVSPost2010Prop44ColorIndex
 90
        5
102
RTVSPost2010Prop44ColorRGB
 90
      255
102
RTVSPost2010PropOp44
 70
     1
102
RTVSPost2010Prop45
280
     0
102
RTVSPost2010PropOp45
 70
     1
102
RTVSPost2010Prop46
 90
       50
102
RTVSPost2010PropOp46
 70
     1
102
RTVSPost2010Prop47
 90
       50
102
RTVSPost2010PropOp47
 70
     1
102
RTVSPost2010Prop48
 90
       50
102
RTVSPost2010PropOp48
 70
     1
102
RTVSPost2010Prop49
280
     0
102
RTVSPost2010PropOp49
 70
     1
102
RTVSPost2010Prop50
 90
       50
102
RTVSPost2010PropOp50
 70
     1
102
RTVSPost2010Prop51ColorIndex
 90
      256
102
RTVSPost2010Prop51ColorRGB
 90
-16777216
102
RTVSPost2010PropOp51
 70
     0
102
RTVSPost2010Prop52
140
1.0
102
RTVSPost2010PropOp52
 70
     0
102
RTVSPost2010Prop53
 90
        2
102
RTVSPost2010PropOp53
 70
     1
102
RTVSPost2010Prop54
  1
strokes_ogs.tif
102
RTVSPost2010PropOp54
 70
     1
102
RTVSPost2010Prop55
280
     0
102
RTVSPost2010PropOp55
 70
     1
102
RTVSPost2010Prop56
140
1.0
102
RTVSPost2010PropOp56
 70
     1
102
RTVSPost2010Prop57
140
1.0
102
RTVSPost2010PropOp57
 70
     1
102
RTVSPropertyOp0
 70
     1
102
RTVSPropertyOp1
 70
     1
102
RTVSPropertyOp2
 70
     1
102
RTVSPropertyOp3
 70
     1
102
RTVSPropertyOp4
 70
     1
102
RTVSPropertyOp5
 70
     1
102
RTVSPropertyOp6
 70
     1
102
RTVSPropertyOp7
 70
     1
102
RTVSPropertyOp8
 70
     1
102
RTVSPropertyOp9
 70
     1
102
RTVSPropertyOp10
 70
     1
102
RTVSPropertyOp11
 70
     1
102
RTVSPropertyOp12
 70
     1
102
RTVSPropertyOp13
 70
     1
102
RTVSPropertyOp14
 70
     1
102
RTVSPropertyOp15
 70
     1
102
RTVSPropertyOp16
 70
     1
102
RTVSPropertyOp17
 70
     1
102
RTVSPropertyOp18
 70
     1
102
RTVSPropertyOp19
 70
     1
102
RTVSPropertyOp20
 70
     1
102
RTVSPropertyOp21
 70
     1
102
RTVSPropertyOp22
 70
     1
102
RTVSPropertyOp23
 70
     1
102
RTVSPropertyOp24
 70
     1
102
RTVSPropertyOp25
 70
     1
102
RTVSPropertyOp26
 70
     1
102
RTVSPropertyOp27
 70
     1
102
RTVSPropertyOp28
 70
     1
102
RTVSPropertyOp29
 70
     1
102
RTVSPropertyOp30
 70
     1
102
RTVSPropertyOp31
 70
     1
102
RTVSPropertyOp32
 70
     1
102
RTVSPropertyOp33
 70
     1
102
RTVSPropertyOp34
 70
     1
102
RTVSPropertyOp35
 70
     1
102
RTVSPropertyOp36
 70
     1
102
RTVSPropertyOp37
 70
     1
102
RTVSPropertyOp38
 70
     1
102
RTVSPropertyOp39
 70
     1
102
RTVSPropertyOp40
 70
     1
102
RTVSPropertyOp41
 70
     1
102
RTVSPropertyOp42
 70
     1
102
RTVSPropertyOp43
 70
     1
102
RTVSPropertyOp44
 70
     1
102
RTVSPropertyOp45
 70
     1
102
RTVSPropertyOp46
 70
     1
102
RTVSPropertyOp47
 70
     1
102
RTVSPropertyOp48
 70
     1
102
RTVSPropertyOp49
 70
     1
102
RTVSPropertyOp50
 70
     1
102
RTVSPropertyOp51
 70
     0
102
RTVSPropertyOp52
 70
     0
102
RTVSPropertyOp53
 70
     1
102
RTVSPropertyOp54
 70
     1
102
RTVSPropertyOp55
 70
     1
102
RTVSPropertyOp56
 70
     1
102
RTVSPropertyOp57
 70
     1
102
RTVSPropertyOp58
 70
     1
102
RTVSPropertyOp59
 70
     1
102
RTVSPropertyOp60
 70
     1
102
RTVSPropertyOp61
 70
     1
102
RTVSPropertyOp62
 70
     1
  0
XRECORD
  5
2AB
102
{ACAD_REACTORS
330
2AA
102
}
330
2AA
100
AcDbXrecord
280
     1
102
RTVSPost2010Prop28
280
     0
102
RTVSPost2010PropOp28
 70
     1
102
RTVSPost2010Prop29
280
     1
102
RTVSPost2010PropOp29
 70
     1
102
RTVSPost2010Prop30
280
     1
102
RTVSPost2010PropOp30
 70
     1
102
RTVSPost2010Prop31
280
     0
102
RTVSPost2010PropOp31
 70
     1
102
RTVSPost2010Prop32
280
     0
102
RTVSPost2010PropOp32
 70
     1
102
RTVSPost2010Prop33
280
     0
102
RTVSPost2010PropOp33
 70
     1
102
RTVSPost2010Prop34
280
     0
102
RTVSPost2010PropOp34
 70
     1
102
RTVSPost2010Prop35
280
     0
102
RTVSPost2010PropOp35
 70
     1
102
RTVSPost2010Prop36
280
     0
102
RTVSPost2010PropOp36
 70
     1
102
RTVSPost2010Prop37
 90
       50
102
RTVSPost2010PropOp37
 70
     1
102
RTVSPost2010Prop38
140
0.0
102
RTVSPost2010PropOp38
 70
     1
102
RTVSPost2010Prop39
140
1.0
102
RTVSPost2010PropOp39
 70
     1
102
RTVSPost2010Prop40
 90
        0
102
RTVSPost2010PropOp40
 70
     1
102
RTVSPost2010Prop41ColorIndex
 90
       18
102
RTVSPost2010Prop41ColorRGB
 90
        0
102
RTVSPost2010PropOp41
 70
     1
102
RTVSPost2010Prop42
 90
       50
102
RTVSPost2010PropOp42
 70
     1
102
RTVSPost2010Prop43
 90
        3
102
RTVSPost2010PropOp43
 70
     1
102
RTVSPost2010Prop44ColorIndex
 90
        5
102
RTVSPost2010Prop44ColorRGB
 90
      255
102
RTVSPost2010PropOp44
 70
     1
102
RTVSPost2010Prop45
280
     0
102
RTVSPost2010PropOp45
 70
     1
102
RTVSPost2010Prop46
 90
       50
102
RTVSPost2010PropOp46
 70
     1
102
RTVSPost2010Prop47
 90
       50
102
RTVSPost2010PropOp47
 70
     1
102
RTVSPost2010Prop48
 90
       50
102
RTVSPost2010PropOp48
 70
     1
102
RTVSPost2010Prop49
280
     0
102
RTVSPost2010PropOp49
 70
     1
102
RTVSPost2010Prop50
 90
       50
102
RTVSPost2010PropOp50
 70
     1
102
RTVSPost2010Prop51ColorIndex
 90
      256
102
RTVSPost2010Prop51ColorRGB
 90
-16777216
102
RTVSPost2010PropOp51
 70
     0
102
RTVSPost2010Prop52
140
1.0
102
RTVSPost2010PropOp52
 70
     0
102
RTVSPost2010Prop53
 90
        2
102
RTVSPost2010PropOp53
 70
     1
102
RTVSPost2010Prop54
  1
strokes_ogs.tif
102
RTVSPost2010PropOp54
 70
     1
102
RTVSPost2010Prop55
280
     0
102
RTVSPost2010PropOp55
 70
     1
102
RTVSPost2010Prop56
140
1.0
102
RTVSPost2010PropOp56
 70
     1
102
RTVSPost2010Prop57
140
1.0
102
RTVSPost2010PropOp57
 70
     1
102
RTVSPropertyOp0
 70
     0
102
RTVSPropertyOp1
 70
     0
102
RTVSPropertyOp2
 70
     0
102
RTVSPropertyOp3
 70
     0
102
RTVSPropertyOp4
 70
     0
102
RTVSPropertyOp5
 70
     0
102
RTVSPropertyOp6
 70
     0
102
RTVSPropertyOp7
 70
     0
102
RTVSPropertyOp8
 70
     0
102
RTVSPropertyOp9
 70
     0
102
RTVSPropertyOp10
 70
     0
102
RTVSPropertyOp11
 70
     0
102
RTVSPropertyOp12
 70
     0
102
RTVSPropertyOp13
 70
     0
102
RTVSPropertyOp14
 70
     2
102
RTVSPropertyOp15
 70
     0
102
RTVSPropertyOp16
 70
     0
102
RTVSPropertyOp17
 70
     0
102
RTVSPropertyOp18
 70
     0
102
RTVSPropertyOp19
 70
     0
102
RTVSPropertyOp20
 70
     0
102
RTVSPropertyOp21
 70
     0
102
RTVSPropertyOp22
 70
     0
102
RTVSPropertyOp23
 70
     0
102
RTVSPropertyOp24
 70
     0
102
RTVSPropertyOp25
 70
     0
102
RTVSPropertyOp26
 70
     0
102
RTVSPropertyOp27
 70
     0
102
RTVSPropertyOp28
 70
     1
102
RTVSPropertyOp29
 70
     1
102
RTVSPropertyOp30
 70
     1
102
RTVSPropertyOp31
 70
     1
102
RTVSPropertyOp32
 70
     1
102
RTVSPropertyOp33
 70
     1
102
RTVSPropertyOp34
 70
     1
102
RTVSPropertyOp35
 70
     1
102
RTVSPropertyOp36
 70
     1
102
RTVSPropertyOp37
 70
     1
102
RTVSPropertyOp38
 70
     1
102
RTVSPropertyOp39
 70
     1
102
RTVSPropertyOp40
 70
     1
102
RTVSPropertyOp41
 70
     1
102
RTVSPropertyOp42
 70
     1
102
RTVSPropertyOp43
 70
     1
102
RTVSPropertyOp44
 70
     1
102
RTVSPropertyOp45
 70
     1
102
RTVSPropertyOp46
 70
     1
102
RTVSPropertyOp47
 70
     1
102
RTVSPropertyOp48
 70
     1
102
RTVSPropertyOp49
 70
     1
102
RTVSPropertyOp50
 70
     1
102
RTVSPropertyOp51
 70
     0
102
RTVSPropertyOp52
 70
     0
102
RTVSPropertyOp53
 70
     1
102
RTVSPropertyOp54
 70
     1
102
RTVSPropertyOp55
 70
     1
102
RTVSPropertyOp56
 70
     1
102
RTVSPropertyOp57
 70
     1
102
RTVSPropertyOp58
 70
     1
102
RTVSPropertyOp59
 70
     1
102
RTVSPropertyOp60
 70
     1
102
RTVSPropertyOp61
 70
     1
102
RTVSPropertyOp62
 70
     1
  0
XRECORD
  5
2A3
102
{ACAD_REACTORS
330
2A2
102
}
330
2A2
100
AcDbXrecord
280
     1
102
RTVSPost2010Prop28
280
     0
102
RTVSPost2010PropOp28
 70
     1
102
RTVSPost2010Prop29
280
     1
102
RTVSPost2010PropOp29
 70
     1
102
RTVSPost2010Prop30
280
     1
102
RTVSPost2010PropOp30
 70
     1
102
RTVSPost2010Prop31
280
     0
102
RTVSPost2010PropOp31
 70
     1
102
RTVSPost2010Prop32
280
     0
102
RTVSPost2010PropOp32
 70
     1
102
RTVSPost2010Prop33
280
     0
102
RTVSPost2010PropOp33
 70
     1
102
RTVSPost2010Prop34
280
     0
102
RTVSPost2010PropOp34
 70
     1
102
RTVSPost2010Prop35
280
     0
102
RTVSPost2010PropOp35
 70
     1
102
RTVSPost2010Prop36
280
     0
102
RTVSPost2010PropOp36
 70
     1
102
RTVSPost2010Prop37
 90
       50
102
RTVSPost2010PropOp37
 70
     1
102
RTVSPost2010Prop38
140
0.0
102
RTVSPost2010PropOp38
 70
     1
102
RTVSPost2010Prop39
140
1.0
102
RTVSPost2010PropOp39
 70
     1
102
RTVSPost2010Prop40
 90
        0
102
RTVSPost2010PropOp40
 70
     1
102
RTVSPost2010Prop41ColorIndex
 90
       18
102
RTVSPost2010Prop41ColorRGB
 90
        0
102
RTVSPost2010PropOp41
 70
     1
102
RTVSPost2010Prop42
 90
       50
102
RTVSPost2010PropOp42
 70
     1
102
RTVSPost2010Prop43
 90
        3
102
RTVSPost2010PropOp43
 70
     1
102
RTVSPost2010Prop44ColorIndex
 90
        5
102
RTVSPost2010Prop44ColorRGB
 90
      255
102
RTVSPost2010PropOp44
 70
     1
102
RTVSPost2010Prop45
280
     0
102
RTVSPost2010PropOp45
 70
     1
102
RTVSPost2010Prop46
 90
       50
102
RTVSPost2010PropOp46
 70
     1
102
RTVSPost2010Prop47
 90
       50
102
RTVSPost2010PropOp47
 70
     1
102
RTVSPost2010Prop48
 90
       50
102
RTVSPost2010PropOp48
 70
     1
102
RTVSPost2010Prop49
280
     0
102
RTVSPost2010PropOp49
 70
     1
102
RTVSPost2010Prop50
 90
       50
102
RTVSPost2010PropOp50
 70
     1
102
RTVSPost2010Prop51ColorIndex
 90
      256
102
RTVSPost2010Prop51ColorRGB
 90
-16777216
102
RTVSPost2010PropOp51
 70
     0
102
RTVSPost2010Prop52
140
1.0
102
RTVSPost2010PropOp52
 70
     0
102
RTVSPost2010Prop53
 90
        2
102
RTVSPost2010PropOp53
 70
     1
102
RTVSPost2010Prop54
  1
strokes_ogs.tif
102
RTVSPost2010PropOp54
 70
     1
102
RTVSPost2010Prop55
280
     0
102
RTVSPost2010PropOp55
 70
     1
102
RTVSPost2010Prop56
140
1.0
102
RTVSPost2010PropOp56
 70
     1
102
RTVSPost2010Prop57
140
1.0
102
RTVSPost2010PropOp57
 70
     1
102
RTVSPropertyOp0
 70
     1
102
RTVSPropertyOp1
 70
     1
102
RTVSPropertyOp2
 70
     1
102
RTVSPropertyOp3
 70
     1
102
RTVSPropertyOp4
 70
     1
102
RTVSPropertyOp5
 70
     1
102
RTVSPropertyOp6
 70
     1
102
RTVSPropertyOp7
 70
     1
102
RTVSPropertyOp8
 70
     1
102
RTVSPropertyOp9
 70
     1
102
RTVSPropertyOp10
 70
     1
102
RTVSPropertyOp11
 70
     1
102
RTVSPropertyOp12
 70
     1
102
RTVSPropertyOp13
 70
     1
102
RTVSPropertyOp14
 70
     1
102
RTVSPropertyOp15
 70
     1
102
RTVSPropertyOp16
 70
     1
102
RTVSPropertyOp17
 70
     1
102
RTVSPropertyOp18
 70
     1
102
RTVSPropertyOp19
 70
     1
102
RTVSPropertyOp20
 70
     1
102
RTVSPropertyOp21
 70
     1
102
RTVSPropertyOp22
 70
     1
102
RTVSPropertyOp23
 70
     1
102
RTVSPropertyOp24
 70
     1
102
RTVSPropertyOp25
 70
     1
102
RTVSPropertyOp26
 70
     1
102
RTVSPropertyOp27
 70
     1
102
RTVSPropertyOp28
 70
     1
102
RTVSPropertyOp29
 70
     1
102
RTVSPropertyOp30
 70
     1
102
RTVSPropertyOp31
 70
     1
102
RTVSPropertyOp32
 70
     1
102
RTVSPropertyOp33
 70
     1
102
RTVSPropertyOp34
 70
     1
102
RTVSPropertyOp35
 70
     1
102
RTVSPropertyOp36
 70
     1
102
RTVSPropertyOp37
 70
     1
102
RTVSPropertyOp38
 70
     1
102
RTVSPropertyOp39
 70
     1
102
RTVSPropertyOp40
 70
     1
102
RTVSPropertyOp41
 70
     1
102
RTVSPropertyOp42
 70
     1
102
RTVSPropertyOp43
 70
     1
102
RTVSPropertyOp44
 70
     1
102
RTVSPropertyOp45
 70
     1
102
RTVSPropertyOp46
 70
     1
102
RTVSPropertyOp47
 70
     1
102
RTVSPropertyOp48
 70
     1
102
RTVSPropertyOp49
 70
     1
102
RTVSPropertyOp50
 70
     1
102
RTVSPropertyOp51
 70
     0
102
RTVSPropertyOp52
 70
     0
102
RTVSPropertyOp53
 70
     1
102
RTVSPropertyOp54
 70
     1
102
RTVSPropertyOp55
 70
     1
102
RTVSPropertyOp56
 70
     1
102
RTVSPropertyOp57
 70
     1
102
RTVSPropertyOp58
 70
     1
102
RTVSPropertyOp59
 70
     1
102
RTVSPropertyOp60
 70
     1
102
RTVSPropertyOp61
 70
     1
102
RTVSPropertyOp62
 70
     1
  0
XRECORD
  5
287
102
{ACAD_REACTORS
330
286
102
}
330
286
100
AcDbXrecord
280
     1
102
RTVSPost2010Prop28
280
     0
102
RTVSPost2010PropOp28
 70
     1
102
RTVSPost2010Prop29
280
     1
102
RTVSPost2010PropOp29
 70
     1
102
RTVSPost2010Prop30
280
     1
102
RTVSPost2010PropOp30
 70
     1
102
RTVSPost2010Prop31
280
     0
102
RTVSPost2010PropOp31
 70
     1
102
RTVSPost2010Prop32
280
     0
102
RTVSPost2010PropOp32
 70
     1
102
RTVSPost2010Prop33
280
     0
102
RTVSPost2010PropOp33
 70
     1
102
RTVSPost2010Prop34
280
     0
102
RTVSPost2010PropOp34
 70
     1
102
RTVSPost2010Prop35
280
     0
102
RTVSPost2010PropOp35
 70
     1
102
RTVSPost2010Prop36
280
     0
102
RTVSPost2010PropOp36
 70
     1
102
RTVSPost2010Prop37
 90
       50
102
RTVSPost2010PropOp37
 70
     1
102
RTVSPost2010Prop38
140
0.0
102
RTVSPost2010PropOp38
 70
     1
102
RTVSPost2010Prop39
140
1.0
102
RTVSPost2010PropOp39
 70
     1
102
RTVSPost2010Prop40
 90
        0
102
RTVSPost2010PropOp40
 70
     1
102
RTVSPost2010Prop41ColorIndex
 90
       18
102
RTVSPost2010Prop41ColorRGB
 90
        0
102
RTVSPost2010PropOp41
 70
     1
102
RTVSPost2010Prop42
 90
       50
102
RTVSPost2010PropOp42
 70
     1
102
RTVSPost2010Prop43
 90
        3
102
RTVSPost2010PropOp43
 70
     1
102
RTVSPost2010Prop44ColorIndex
 90
        5
102
RTVSPost2010Prop44ColorRGB
 90
      255
102
RTVSPost2010PropOp44
 70
     1
102
RTVSPost2010Prop45
280
     0
102
RTVSPost2010PropOp45
 70
     1
102
RTVSPost2010Prop46
 90
       50
102
RTVSPost2010PropOp46
 70
     1
102
RTVSPost2010Prop47
 90
       50
102
RTVSPost2010PropOp47
 70
     1
102
RTVSPost2010Prop48
 90
       50
102
RTVSPost2010PropOp48
 70
     1
102
RTVSPost2010Prop49
280
     0
102
RTVSPost2010PropOp49
 70
     1
102
RTVSPost2010Prop50
 90
       50
102
RTVSPost2010PropOp50
 70
     1
102
RTVSPost2010Prop51ColorIndex
 90
      256
102
RTVSPost2010Prop51ColorRGB
 90
-16777216
102
RTVSPost2010PropOp51
 70
     0
102
RTVSPost2010Prop52
140
1.0
102
RTVSPost2010PropOp52
 70
     0
102
RTVSPost2010Prop53
 90
        2
102
RTVSPost2010PropOp53
 70
     1
102
RTVSPost2010Prop54
  1
strokes_ogs.tif
102
RTVSPost2010PropOp54
 70
     1
102
RTVSPost2010Prop55
280
     0
102
RTVSPost2010PropOp55
 70
     1
102
RTVSPost2010Prop56
140
1.0
102
RTVSPost2010PropOp56
 70
     1
102
RTVSPost2010Prop57
140
1.0
102
RTVSPost2010PropOp57
 70
     1
102
RTVSPropertyOp0
 70
     1
102
RTVSPropertyOp1
 70
     1
102
RTVSPropertyOp2
 70
     1
102
RTVSPropertyOp3
 70
     1
102
RTVSPropertyOp4
 70
     1
102
RTVSPropertyOp5
 70
     1
102
RTVSPropertyOp6
 70
     1
102
RTVSPropertyOp7
 70
     1
102
RTVSPropertyOp8
 70
     1
102
RTVSPropertyOp9
 70
     1
102
RTVSPropertyOp10
 70
     1
102
RTVSPropertyOp11
 70
     1
102
RTVSPropertyOp12
 70
     1
102
RTVSPropertyOp13
 70
     1
102
RTVSPropertyOp14
 70
     1
102
RTVSPropertyOp15
 70
     1
102
RTVSPropertyOp16
 70
     1
102
RTVSPropertyOp17
 70
     1
102
RTVSPropertyOp18
 70
     1
102
RTVSPropertyOp19
 70
     1
102
RTVSPropertyOp20
 70
     1
102
RTVSPropertyOp21
 70
     1
102
RTVSPropertyOp22
 70
     1
102
RTVSPropertyOp23
 70
     1
102
RTVSPropertyOp24
 70
     1
102
RTVSPropertyOp25
 70
     1
102
RTVSPropertyOp26
 70
     1
102
RTVSPropertyOp27
 70
     1
102
RTVSPropertyOp28
 70
     1
102
RTVSPropertyOp29
 70
     1
102
RTVSPropertyOp30
 70
     1
102
RTVSPropertyOp31
 70
     1
102
RTVSPropertyOp32
 70
     1
102
RTVSPropertyOp33
 70
     1
102
RTVSPropertyOp34
 70
     1
102
RTVSPropertyOp35
 70
     1
102
RTVSPropertyOp36
 70
     1
102
RTVSPropertyOp37
 70
     1
102
RTVSPropertyOp38
 70
     1
102
RTVSPropertyOp39
 70
     1
102
RTVSPropertyOp40
 70
     1
102
RTVSPropertyOp41
 70
     1
102
RTVSPropertyOp42
 70
     1
102
RTVSPropertyOp43
 70
     1
102
RTVSPropertyOp44
 70
     1
102
RTVSPropertyOp45
 70
     1
102
RTVSPropertyOp46
 70
     1
102
RTVSPropertyOp47
 70
     1
102
RTVSPropertyOp48
 70
     1
102
RTVSPropertyOp49
 70
     1
102
RTVSPropertyOp50
 70
     1
102
RTVSPropertyOp51
 70
     0
102
RTVSPropertyOp52
 70
     0
102
RTVSPropertyOp53
 70
     1
102
RTVSPropertyOp54
 70
     1
102
RTVSPropertyOp55
 70
     1
102
RTVSPropertyOp56
 70
     1
102
RTVSPropertyOp57
 70
     1
102
RTVSPropertyOp58
 70
     1
102
RTVSPropertyOp59
 70
     1
102
RTVSPropertyOp60
 70
     1
102
RTVSPropertyOp61
 70
     1
102
RTVSPropertyOp62
 70
     1
  0
XRECORD
  5
289
102
{ACAD_REACTORS
330
288
102
}
330
288
100
AcDbXrecord
280
     1
102
RTVSPost2010Prop28
280
     0
102
RTVSPost2010PropOp28
 70
     1
102
RTVSPost2010Prop29
280
     1
102
RTVSPost2010PropOp29
 70
     1
102
RTVSPost2010Prop30
280
     1
102
RTVSPost2010PropOp30
 70
     1
102
RTVSPost2010Prop31
280
     0
102
RTVSPost2010PropOp31
 70
     1
102
RTVSPost2010Prop32
280
     0
102
RTVSPost2010PropOp32
 70
     1
102
RTVSPost2010Prop33
280
     0
102
RTVSPost2010PropOp33
 70
     1
102
RTVSPost2010Prop34
280
     0
102
RTVSPost2010PropOp34
 70
     1
102
RTVSPost2010Prop35
280
     0
102
RTVSPost2010PropOp35
 70
     1
102
RTVSPost2010Prop36
280
     0
102
RTVSPost2010PropOp36
 70
     1
102
RTVSPost2010Prop37
 90
       50
102
RTVSPost2010PropOp37
 70
     1
102
RTVSPost2010Prop38
140
0.0
102
RTVSPost2010PropOp38
 70
     1
102
RTVSPost2010Prop39
140
1.0
102
RTVSPost2010PropOp39
 70
     1
102
RTVSPost2010Prop40
 90
        0
102
RTVSPost2010PropOp40
 70
     1
102
RTVSPost2010Prop41ColorIndex
 90
       18
102
RTVSPost2010Prop41ColorRGB
 90
        0
102
RTVSPost2010PropOp41
 70
     1
102
RTVSPost2010Prop42
 90
       50
102
RTVSPost2010PropOp42
 70
     1
102
RTVSPost2010Prop43
 90
        3
102
RTVSPost2010PropOp43
 70
     1
102
RTVSPost2010Prop44ColorIndex
 90
        5
102
RTVSPost2010Prop44ColorRGB
 90
      255
102
RTVSPost2010PropOp44
 70
     1
102
RTVSPost2010Prop45
280
     0
102
RTVSPost2010PropOp45
 70
     1
102
RTVSPost2010Prop46
 90
       50
102
RTVSPost2010PropOp46
 70
     1
102
RTVSPost2010Prop47
 90
       50
102
RTVSPost2010PropOp47
 70
     1
102
RTVSPost2010Prop48
 90
       50
102
RTVSPost2010PropOp48
 70
     1
102
RTVSPost2010Prop49
280
     0
102
RTVSPost2010PropOp49
 70
     1
102
RTVSPost2010Prop50
 90
       50
102
RTVSPost2010PropOp50
 70
     1
102
RTVSPost2010Prop51ColorIndex
 90
      256
102
RTVSPost2010Prop51ColorRGB
 90
-16777216
102
RTVSPost2010PropOp51
 70
     0
102
RTVSPost2010Prop52
140
1.0
102
RTVSPost2010PropOp52
 70
     0
102
RTVSPost2010Prop53
 90
        2
102
RTVSPost2010PropOp53
 70
     1
102
RTVSPost2010Prop54
  1
strokes_ogs.tif
102
RTVSPost2010PropOp54
 70
     1
102
RTVSPost2010Prop55
280
     0
102
RTVSPost2010PropOp55
 70
     1
102
RTVSPost2010Prop56
140
1.0
102
RTVSPost2010PropOp56
 70
     1
102
RTVSPost2010Prop57
140
1.0
102
RTVSPost2010PropOp57
 70
     1
102
RTVSPropertyOp0
 70
     1
102
RTVSPropertyOp1
 70
     1
102
RTVSPropertyOp2
 70
     1
102
RTVSPropertyOp3
 70
     1
102
RTVSPropertyOp4
 70
     1
102
RTVSPropertyOp5
 70
     1
102
RTVSPropertyOp6
 70
     1
102
RTVSPropertyOp7
 70
     1
102
RTVSPropertyOp8
 70
     1
102
RTVSPropertyOp9
 70
     1
102
RTVSPropertyOp10
 70
     1
102
RTVSPropertyOp11
 70
     1
102
RTVSPropertyOp12
 70
     1
102
RTVSPropertyOp13
 70
     1
102
RTVSPropertyOp14
 70
     1
102
RTVSPropertyOp15
 70
     1
102
RTVSPropertyOp16
 70
     1
102
RTVSPropertyOp17
 70
     1
102
RTVSPropertyOp18
 70
     1
102
RTVSPropertyOp19
 70
     1
102
RTVSPropertyOp20
 70
     1
102
RTVSPropertyOp21
 70
     1
102
RTVSPropertyOp22
 70
     1
102
RTVSPropertyOp23
 70
     1
102
RTVSPropertyOp24
 70
     1
102
RTVSPropertyOp25
 70
     1
102
RTVSPropertyOp26
 70
     1
102
RTVSPropertyOp27
 70
     1
102
RTVSPropertyOp28
 70
     1
102
RTVSPropertyOp29
 70
     1
102
RTVSPropertyOp30
 70
     1
102
RTVSPropertyOp31
 70
     1
102
RTVSPropertyOp32
 70
     1
102
RTVSPropertyOp33
 70
     1
102
RTVSPropertyOp34
 70
     1
102
RTVSPropertyOp35
 70
     1
102
RTVSPropertyOp36
 70
     1
102
RTVSPropertyOp37
 70
     1
102
RTVSPropertyOp38
 70
     1
102
RTVSPropertyOp39
 70
     1
102
RTVSPropertyOp40
 70
     1
102
RTVSPropertyOp41
 70
     1
102
RTVSPropertyOp42
 70
     1
102
RTVSPropertyOp43
 70
     1
102
RTVSPropertyOp44
 70
     1
102
RTVSPropertyOp45
 70
     1
102
RTVSPropertyOp46
 70
     1
102
RTVSPropertyOp47
 70
     1
102
RTVSPropertyOp48
 70
     1
102
RTVSPropertyOp49
 70
     1
102
RTVSPropertyOp50
 70
     1
102
RTVSPropertyOp51
 70
     0
102
RTVSPropertyOp52
 70
     0
102
RTVSPropertyOp53
 70
     1
102
RTVSPropertyOp54
 70
     1
102
RTVSPropertyOp55
 70
     1
102
RTVSPropertyOp56
 70
     1
102
RTVSPropertyOp57
 70
     1
102
RTVSPropertyOp58
 70
     1
102
RTVSPropertyOp59
 70
     1
102
RTVSPropertyOp60
 70
     1
102
RTVSPropertyOp61
 70
     1
102
RTVSPropertyOp62
 70
     1
  0
XRECORD
  5
28B
102
{ACAD_REACTORS
330
28A
102
}
330
28A
100
AcDbXrecord
280
     1
102
RTVSPost2010Prop28
280
     0
102
RTVSPost2010PropOp28
 70
     1
102
RTVSPost2010Prop29
280
     1
102
RTVSPost2010PropOp29
 70
     1
102
RTVSPost2010Prop30
280
     1
102
RTVSPost2010PropOp30
 70
     1
102
RTVSPost2010Prop31
280
     0
102
RTVSPost2010PropOp31
 70
     1
102
RTVSPost2010Prop32
280
     0
102
RTVSPost2010PropOp32
 70
     1
102
RTVSPost2010Prop33
280
     0
102
RTVSPost2010PropOp33
 70
     1
102
RTVSPost2010Prop34
280
     0
102
RTVSPost2010PropOp34
 70
     1
102
RTVSPost2010Prop35
280
     0
102
RTVSPost2010PropOp35
 70
     1
102
RTVSPost2010Prop36
280
     0
102
RTVSPost2010PropOp36
 70
     1
102
RTVSPost2010Prop37
 90
       50
102
RTVSPost2010PropOp37
 70
     1
102
RTVSPost2010Prop38
140
0.0
102
RTVSPost2010PropOp38
 70
     1
102
RTVSPost2010Prop39
140
1.0
102
RTVSPost2010PropOp39
 70
     1
102
RTVSPost2010Prop40
 90
        0
102
RTVSPost2010PropOp40
 70
     1
102
RTVSPost2010Prop41ColorIndex
 90
       18
102
RTVSPost2010Prop41ColorRGB
 90
        0
102
RTVSPost2010PropOp41
 70
     1
102
RTVSPost2010Prop42
 90
       50
102
RTVSPost2010PropOp42
 70
     1
102
RTVSPost2010Prop43
 90
        3
102
RTVSPost2010PropOp43
 70
     1
102
RTVSPost2010Prop44ColorIndex
 90
        5
102
RTVSPost2010Prop44ColorRGB
 90
      255
102
RTVSPost2010PropOp44
 70
     1
102
RTVSPost2010Prop45
280
     0
102
RTVSPost2010PropOp45
 70
     1
102
RTVSPost2010Prop46
 90
       50
102
RTVSPost2010PropOp46
 70
     1
102
RTVSPost2010Prop47
 90
       50
102
RTVSPost2010PropOp47
 70
     1
102
RTVSPost2010Prop48
 90
       50
102
RTVSPost2010PropOp48
 70
     1
102
RTVSPost2010Prop49
280
     0
102
RTVSPost2010PropOp49
 70
     1
102
RTVSPost2010Prop50
 90
       50
102
RTVSPost2010PropOp50
 70
     1
102
RTVSPost2010Prop51ColorIndex
 90
      256
102
RTVSPost2010Prop51ColorRGB
 90
-16777216
102
RTVSPost2010PropOp51
 70
     0
102
RTVSPost2010Prop52
140
1.0
102
RTVSPost2010PropOp52
 70
     0
102
RTVSPost2010Prop53
 90
        2
102
RTVSPost2010PropOp53
 70
     1
102
RTVSPost2010Prop54
  1
strokes_ogs.tif
102
RTVSPost2010PropOp54
 70
     1
102
RTVSPost2010Prop55
280
     0
102
RTVSPost2010PropOp55
 70
     1
102
RTVSPost2010Prop56
140
1.0
102
RTVSPost2010PropOp56
 70
     1
102
RTVSPost2010Prop57
140
1.0
102
RTVSPost2010PropOp57
 70
     1
102
RTVSPropertyOp0
 70
     1
102
RTVSPropertyOp1
 70
     1
102
RTVSPropertyOp2
 70
     1
102
RTVSPropertyOp3
 70
     1
102
RTVSPropertyOp4
 70
     1
102
RTVSPropertyOp5
 70
     1
102
RTVSPropertyOp6
 70
     1
102
RTVSPropertyOp7
 70
     1
102
RTVSPropertyOp8
 70
     1
102
RTVSPropertyOp9
 70
     1
102
RTVSPropertyOp10
 70
     1
102
RTVSPropertyOp11
 70
     1
102
RTVSPropertyOp12
 70
     1
102
RTVSPropertyOp13
 70
     1
102
RTVSPropertyOp14
 70
     1
102
RTVSPropertyOp15
 70
     1
102
RTVSPropertyOp16
 70
     1
102
RTVSPropertyOp17
 70
     1
102
RTVSPropertyOp18
 70
     1
102
RTVSPropertyOp19
 70
     1
102
RTVSPropertyOp20
 70
     1
102
RTVSPropertyOp21
 70
     1
102
RTVSPropertyOp22
 70
     1
102
RTVSPropertyOp23
 70
     1
102
RTVSPropertyOp24
 70
     1
102
RTVSPropertyOp25
 70
     1
102
RTVSPropertyOp26
 70
     1
102
RTVSPropertyOp27
 70
     1
102
RTVSPropertyOp28
 70
     1
102
RTVSPropertyOp29
 70
     1
102
RTVSPropertyOp30
 70
     1
102
RTVSPropertyOp31
 70
     1
102
RTVSPropertyOp32
 70
     1
102
RTVSPropertyOp33
 70
     1
102
RTVSPropertyOp34
 70
     1
102
RTVSPropertyOp35
 70
     1
102
RTVSPropertyOp36
 70
     1
102
RTVSPropertyOp37
 70
     1
102
RTVSPropertyOp38
 70
     1
102
RTVSPropertyOp39
 70
     1
102
RTVSPropertyOp40
 70
     1
102
RTVSPropertyOp41
 70
     1
102
RTVSPropertyOp42
 70
     1
102
RTVSPropertyOp43
 70
     1
102
RTVSPropertyOp44
 70
     1
102
RTVSPropertyOp45
 70
     1
102
RTVSPropertyOp46
 70
     1
102
RTVSPropertyOp47
 70
     1
102
RTVSPropertyOp48
 70
     1
102
RTVSPropertyOp49
 70
     1
102
RTVSPropertyOp50
 70
     1
102
RTVSPropertyOp51
 70
     0
102
RTVSPropertyOp52
 70
     0
102
RTVSPropertyOp53
 70
     1
102
RTVSPropertyOp54
 70
     1
102
RTVSPropertyOp55
 70
     1
102
RTVSPropertyOp56
 70
     1
102
RTVSPropertyOp57
 70
     1
102
RTVSPropertyOp58
 70
     1
102
RTVSPropertyOp59
 70
     1
102
RTVSPropertyOp60
 70
     1
102
RTVSPropertyOp61
 70
     1
102
RTVSPropertyOp62
 70
     1
  0
XRECORD
  5
28D
102
{ACAD_REACTORS
330
28C
102
}
330
28C
100
AcDbXrecord
280
     1
102
RTVSPost2010Prop28
280
     0
102
RTVSPost2010PropOp28
 70
     1
102
RTVSPost2010Prop29
280
     1
102
RTVSPost2010PropOp29
 70
     1
102
RTVSPost2010Prop30
280
     1
102
RTVSPost2010PropOp30
 70
     1
102
RTVSPost2010Prop31
280
     0
102
RTVSPost2010PropOp31
 70
     1
102
RTVSPost2010Prop32
280
     0
102
RTVSPost2010PropOp32
 70
     1
102
RTVSPost2010Prop33
280
     0
102
RTVSPost2010PropOp33
 70
     1
102
RTVSPost2010Prop34
280
     0
102
RTVSPost2010PropOp34
 70
     1
102
RTVSPost2010Prop35
280
     0
102
RTVSPost2010PropOp35
 70
     1
102
RTVSPost2010Prop36
280
     0
102
RTVSPost2010PropOp36
 70
     1
102
RTVSPost2010Prop37
 90
       50
102
RTVSPost2010PropOp37
 70
     1
102
RTVSPost2010Prop38
140
0.0
102
RTVSPost2010PropOp38
 70
     1
102
RTVSPost2010Prop39
140
1.0
102
RTVSPost2010PropOp39
 70
     1
102
RTVSPost2010Prop40
 90
        0
102
RTVSPost2010PropOp40
 70
     1
102
RTVSPost2010Prop41ColorIndex
 90
       18
102
RTVSPost2010Prop41ColorRGB
 90
        0
102
RTVSPost2010PropOp41
 70
     1
102
RTVSPost2010Prop42
 90
       50
102
RTVSPost2010PropOp42
 70
     1
102
RTVSPost2010Prop43
 90
        3
102
RTVSPost2010PropOp43
 70
     1
102
RTVSPost2010Prop44ColorIndex
 90
        5
102
RTVSPost2010Prop44ColorRGB
 90
      255
102
RTVSPost2010PropOp44
 70
     1
102
RTVSPost2010Prop45
280
     0
102
RTVSPost2010PropOp45
 70
     1
102
RTVSPost2010Prop46
 90
       50
102
RTVSPost2010PropOp46
 70
     1
102
RTVSPost2010Prop47
 90
       50
102
RTVSPost2010PropOp47
 70
     1
102
RTVSPost2010Prop48
 90
       50
102
RTVSPost2010PropOp48
 70
     1
102
RTVSPost2010Prop49
280
     0
102
RTVSPost2010PropOp49
 70
     1
102
RTVSPost2010Prop50
 90
       50
102
RTVSPost2010PropOp50
 70
     1
102
RTVSPost2010Prop51ColorIndex
 90
      256
102
RTVSPost2010Prop51ColorRGB
 90
-16777216
102
RTVSPost2010PropOp51
 70
     0
102
RTVSPost2010Prop52
140
1.0
102
RTVSPost2010PropOp52
 70
     0
102
RTVSPost2010Prop53
 90
        2
102
RTVSPost2010PropOp53
 70
     1
102
RTVSPost2010Prop54
  1
strokes_ogs.tif
102
RTVSPost2010PropOp54
 70
     1
102
RTVSPost2010Prop55
280
     0
102
RTVSPost2010PropOp55
 70
     1
102
RTVSPost2010Prop56
140
1.0
102
RTVSPost2010PropOp56
 70
     1
102
RTVSPost2010Prop57
140
1.0
102
RTVSPost2010PropOp57
 70
     1
102
RTVSPropertyOp0
 70
     1
102
RTVSPropertyOp1
 70
     1
102
RTVSPropertyOp2
 70
     1
102
RTVSPropertyOp3
 70
     1
102
RTVSPropertyOp4
 70
     1
102
RTVSPropertyOp5
 70
     1
102
RTVSPropertyOp6
 70
     1
102
RTVSPropertyOp7
 70
     1
102
RTVSPropertyOp8
 70
     1
102
RTVSPropertyOp9
 70
     1
102
RTVSPropertyOp10
 70
     1
102
RTVSPropertyOp11
 70
     1
102
RTVSPropertyOp12
 70
     1
102
RTVSPropertyOp13
 70
     1
102
RTVSPropertyOp14
 70
     1
102
RTVSPropertyOp15
 70
     1
102
RTVSPropertyOp16
 70
     1
102
RTVSPropertyOp17
 70
     1
102
RTVSPropertyOp18
 70
     1
102
RTVSPropertyOp19
 70
     1
102
RTVSPropertyOp20
 70
     1
102
RTVSPropertyOp21
 70
     1
102
RTVSPropertyOp22
 70
     1
102
RTVSPropertyOp23
 70
     1
102
RTVSPropertyOp24
 70
     1
102
RTVSPropertyOp25
 70
     1
102
RTVSPropertyOp26
 70
     1
102
RTVSPropertyOp27
 70
     1
102
RTVSPropertyOp28
 70
     1
102
RTVSPropertyOp29
 70
     1
102
RTVSPropertyOp30
 70
     1
102
RTVSPropertyOp31
 70
     1
102
RTVSPropertyOp32
 70
     1
102
RTVSPropertyOp33
 70
     1
102
RTVSPropertyOp34
 70
     1
102
RTVSPropertyOp35
 70
     1
102
RTVSPropertyOp36
 70
     1
102
RTVSPropertyOp37
 70
     1
102
RTVSPropertyOp38
 70
     1
102
RTVSPropertyOp39
 70
     1
102
RTVSPropertyOp40
 70
     1
102
RTVSPropertyOp41
 70
     1
102
RTVSPropertyOp42
 70
     1
102
RTVSPropertyOp43
 70
     1
102
RTVSPropertyOp44
 70
     1
102
RTVSPropertyOp45
 70
     1
102
RTVSPropertyOp46
 70
     1
102
RTVSPropertyOp47
 70
     1
102
RTVSPropertyOp48
 70
     1
102
RTVSPropertyOp49
 70
     1
102
RTVSPropertyOp50
 70
     1
102
RTVSPropertyOp51
 70
     0
102
RTVSPropertyOp52
 70
     0
102
RTVSPropertyOp53
 70
     1
102
RTVSPropertyOp54
 70
     1
102
RTVSPropertyOp55
 70
     1
102
RTVSPropertyOp56
 70
     1
102
RTVSPropertyOp57
 70
     1
102
RTVSPropertyOp58
 70
     1
102
RTVSPropertyOp59
 70
     1
102
RTVSPropertyOp60
 70
     1
102
RTVSPropertyOp61
 70
     1
102
RTVSPropertyOp62
 70
     1
  0
XRECORD
  5
295
102
{ACAD_REACTORS
330
294
102
}
330
294
100
AcDbXrecord
280
     1
102
RTVSPost2010Prop28
280
     0
102
RTVSPost2010PropOp28
 70
     1
102
RTVSPost2010Prop29
280
     1
102
RTVSPost2010PropOp29
 70
     1
102
RTVSPost2010Prop30
280
     1
102
RTVSPost2010PropOp30
 70
     1
102
RTVSPost2010Prop31
280
     0
102
RTVSPost2010PropOp31
 70
     1
102
RTVSPost2010Prop32
280
     0
102
RTVSPost2010PropOp32
 70
     1
102
RTVSPost2010Prop33
280
     0
102
RTVSPost2010PropOp33
 70
     1
102
RTVSPost2010Prop34
280
     0
102
RTVSPost2010PropOp34
 70
     1
102
RTVSPost2010Prop35
280
     0
102
RTVSPost2010PropOp35
 70
     1
102
RTVSPost2010Prop36
280
     0
102
RTVSPost2010PropOp36
 70
     1
102
RTVSPost2010Prop37
 90
       50
102
RTVSPost2010PropOp37
 70
     1
102
RTVSPost2010Prop38
140
0.0
102
RTVSPost2010PropOp38
 70
     1
102
RTVSPost2010Prop39
140
1.0
102
RTVSPost2010PropOp39
 70
     1
102
RTVSPost2010Prop40
 90
        0
102
RTVSPost2010PropOp40
 70
     1
102
RTVSPost2010Prop41ColorIndex
 90
       18
102
RTVSPost2010Prop41ColorRGB
 90
        0
102
RTVSPost2010PropOp41
 70
     1
102
RTVSPost2010Prop42
 90
       50
102
RTVSPost2010PropOp42
 70
     1
102
RTVSPost2010Prop43
 90
        3
102
RTVSPost2010PropOp43
 70
     1
102
RTVSPost2010Prop44ColorIndex
 90
        5
102
RTVSPost2010Prop44ColorRGB
 90
      255
102
RTVSPost2010PropOp44
 70
     1
102
RTVSPost2010Prop45
280
     0
102
RTVSPost2010PropOp45
 70
     1
102
RTVSPost2010Prop46
 90
       50
102
RTVSPost2010PropOp46
 70
     1
102
RTVSPost2010Prop47
 90
       50
102
RTVSPost2010PropOp47
 70
     1
102
RTVSPost2010Prop48
 90
       50
102
RTVSPost2010PropOp48
 70
     1
102
RTVSPost2010Prop49
280
     0
102
RTVSPost2010PropOp49
 70
     1
102
RTVSPost2010Prop50
 90
       50
102
RTVSPost2010PropOp50
 70
     1
102
RTVSPost2010Prop51ColorIndex
 90
      256
102
RTVSPost2010Prop51ColorRGB
 90
-16777216
102
RTVSPost2010PropOp51
 70
     0
102
RTVSPost2010Prop52
140
1.0
102
RTVSPost2010PropOp52
 70
     0
102
RTVSPost2010Prop53
 90
        2
102
RTVSPost2010PropOp53
 70
     1
102
RTVSPost2010Prop54
  1
strokes_ogs.tif
102
RTVSPost2010PropOp54
 70
     1
102
RTVSPost2010Prop55
280
     0
102
RTVSPost2010PropOp55
 70
     1
102
RTVSPost2010Prop56
140
1.0
102
RTVSPost2010PropOp56
 70
     1
102
RTVSPost2010Prop57
140
1.0
102
RTVSPost2010PropOp57
 70
     1
102
RTVSPropertyOp0
 70
     1
102
RTVSPropertyOp1
 70
     1
102
RTVSPropertyOp2
 70
     1
102
RTVSPropertyOp3
 70
     1
102
RTVSPropertyOp4
 70
     1
102
RTVSPropertyOp5
 70
     1
102
RTVSPropertyOp6
 70
     1
102
RTVSPropertyOp7
 70
     1
102
RTVSPropertyOp8
 70
     1
102
RTVSPropertyOp9
 70
     1
102
RTVSPropertyOp10
 70
     1
102
RTVSPropertyOp11
 70
     1
102
RTVSPropertyOp12
 70
     1
102
RTVSPropertyOp13
 70
     1
102
RTVSPropertyOp14
 70
     1
102
RTVSPropertyOp15
 70
     1
102
RTVSPropertyOp16
 70
     1
102
RTVSPropertyOp17
 70
     1
102
RTVSPropertyOp18
 70
     1
102
RTVSPropertyOp19
 70
     1
102
RTVSPropertyOp20
 70
     1
102
RTVSPropertyOp21
 70
     1
102
RTVSPropertyOp22
 70
     1
102
RTVSPropertyOp23
 70
     1
102
RTVSPropertyOp24
 70
     1
102
RTVSPropertyOp25
 70
     1
102
RTVSPropertyOp26
 70
     1
102
RTVSPropertyOp27
 70
     1
102
RTVSPropertyOp28
 70
     1
102
RTVSPropertyOp29
 70
     1
102
RTVSPropertyOp30
 70
     1
102
RTVSPropertyOp31
 70
     1
102
RTVSPropertyOp32
 70
     1
102
RTVSPropertyOp33
 70
     1
102
RTVSPropertyOp34
 70
     1
102
RTVSPropertyOp35
 70
     1
102
RTVSPropertyOp36
 70
     1
102
RTVSPropertyOp37
 70
     1
102
RTVSPropertyOp38
 70
     1
102
RTVSPropertyOp39
 70
     1
102
RTVSPropertyOp40
 70
     1
102
RTVSPropertyOp41
 70
     1
102
RTVSPropertyOp42
 70
     1
102
RTVSPropertyOp43
 70
     1
102
RTVSPropertyOp44
 70
     1
102
RTVSPropertyOp45
 70
     1
102
RTVSPropertyOp46
 70
     1
102
RTVSPropertyOp47
 70
     1
102
RTVSPropertyOp48
 70
     1
102
RTVSPropertyOp49
 70
     1
102
RTVSPropertyOp50
 70
     1
102
RTVSPropertyOp51
 70
     0
102
RTVSPropertyOp52
 70
     0
102
RTVSPropertyOp53
 70
     1
102
RTVSPropertyOp54
 70
     1
102
RTVSPropertyOp55
 70
     1
102
RTVSPropertyOp56
 70
     1
102
RTVSPropertyOp57
 70
     1
102
RTVSPropertyOp58
 70
     1
102
RTVSPropertyOp59
 70
     1
102
RTVSPropertyOp60
 70
     1
102
RTVSPropertyOp61
 70
     1
102
RTVSPropertyOp62
 70
     1
  0
XRECORD
  5
2A7
102
{ACAD_REACTORS
330
2A6
102
}
330
2A6
100
AcDbXrecord
280
     1
102
RTVSPost2010Prop28
280
     0
102
RTVSPost2010PropOp28
 70
     1
102
RTVSPost2010Prop29
280
     1
102
RTVSPost2010PropOp29
 70
     1
102
RTVSPost2010Prop30
280
     1
102
RTVSPost2010PropOp30
 70
     1
102
RTVSPost2010Prop31
280
     0
102
RTVSPost2010PropOp31
 70
     1
102
RTVSPost2010Prop32
280
     0
102
RTVSPost2010PropOp32
 70
     1
102
RTVSPost2010Prop33
280
     0
102
RTVSPost2010PropOp33
 70
     1
102
RTVSPost2010Prop34
280
     0
102
RTVSPost2010PropOp34
 70
     1
102
RTVSPost2010Prop35
280
     0
102
RTVSPost2010PropOp35
 70
     1
102
RTVSPost2010Prop36
280
     0
102
RTVSPost2010PropOp36
 70
     1
102
RTVSPost2010Prop37
 90
       50
102
RTVSPost2010PropOp37
 70
     1
102
RTVSPost2010Prop38
140
0.0
102
RTVSPost2010PropOp38
 70
     1
102
RTVSPost2010Prop39
140
1.0
102
RTVSPost2010PropOp39
 70
     1
102
RTVSPost2010Prop40
 90
        0
102
RTVSPost2010PropOp40
 70
     1
102
RTVSPost2010Prop41ColorIndex
 90
       18
102
RTVSPost2010Prop41ColorRGB
 90
        0
102
RTVSPost2010PropOp41
 70
     1
102
RTVSPost2010Prop42
 90
       50
102
RTVSPost2010PropOp42
 70
     1
102
RTVSPost2010Prop43
 90
        3
102
RTVSPost2010PropOp43
 70
     1
102
RTVSPost2010Prop44ColorIndex
 90
        5
102
RTVSPost2010Prop44ColorRGB
 90
      255
102
RTVSPost2010PropOp44
 70
     1
102
RTVSPost2010Prop45
280
     0
102
RTVSPost2010PropOp45
 70
     1
102
RTVSPost2010Prop46
 90
       50
102
RTVSPost2010PropOp46
 70
     1
102
RTVSPost2010Prop47
 90
       50
102
RTVSPost2010PropOp47
 70
     1
102
RTVSPost2010Prop48
 90
       50
102
RTVSPost2010PropOp48
 70
     1
102
RTVSPost2010Prop49
280
     0
102
RTVSPost2010PropOp49
 70
     1
102
RTVSPost2010Prop50
 90
       50
102
RTVSPost2010PropOp50
 70
     1
102
RTVSPost2010Prop51ColorIndex
 90
      256
102
RTVSPost2010Prop51ColorRGB
 90
-16777216
102
RTVSPost2010PropOp51
 70
     0
102
RTVSPost2010Prop52
140
1.0
102
RTVSPost2010PropOp52
 70
     0
102
RTVSPost2010Prop53
 90
        2
102
RTVSPost2010PropOp53
 70
     1
102
RTVSPost2010Prop54
  1
strokes_ogs.tif
102
RTVSPost2010PropOp54
 70
     1
102
RTVSPost2010Prop55
280
     0
102
RTVSPost2010PropOp55
 70
     1
102
RTVSPost2010Prop56
140
1.0
102
RTVSPost2010PropOp56
 70
     1
102
RTVSPost2010Prop57
140
1.0
102
RTVSPost2010PropOp57
 70
     1
102
RTVSPropertyOp0
 70
     0
102
RTVSPropertyOp1
 70
     0
102
RTVSPropertyOp2
 70
     0
102
RTVSPropertyOp3
 70
     0
102
RTVSPropertyOp4
 70
     0
102
RTVSPropertyOp5
 70
     0
102
RTVSPropertyOp6
 70
     0
102
RTVSPropertyOp7
 70
     0
102
RTVSPropertyOp8
 70
     0
102
RTVSPropertyOp9
 70
     0
102
RTVSPropertyOp10
 70
     0
102
RTVSPropertyOp11
 70
     0
102
RTVSPropertyOp12
 70
     0
102
RTVSPropertyOp13
 70
     0
102
RTVSPropertyOp14
 70
     2
102
RTVSPropertyOp15
 70
     0
102
RTVSPropertyOp16
 70
     0
102
RTVSPropertyOp17
 70
     0
102
RTVSPropertyOp18
 70
     0
102
RTVSPropertyOp19
 70
     0
102
RTVSPropertyOp20
 70
     0
102
RTVSPropertyOp21
 70
     0
102
RTVSPropertyOp22
 70
     0
102
RTVSPropertyOp23
 70
     0
102
RTVSPropertyOp24
 70
     0
102
RTVSPropertyOp25
 70
     0
102
RTVSPropertyOp26
 70
     0
102
RTVSPropertyOp27
 70
     0
102
RTVSPropertyOp28
 70
     1
102
RTVSPropertyOp29
 70
     1
102
RTVSPropertyOp30
 70
     1
102
RTVSPropertyOp31
 70
     1
102
RTVSPropertyOp32
 70
     1
102
RTVSPropertyOp33
 70
     1
102
RTVSPropertyOp34
 70
     1
102
RTVSPropertyOp35
 70
     1
102
RTVSPropertyOp36
 70
     1
102
RTVSPropertyOp37
 70
     1
102
RTVSPropertyOp38
 70
     1
102
RTVSPropertyOp39
 70
     1
102
RTVSPropertyOp40
 70
     1
102
RTVSPropertyOp41
 70
     1
102
RTVSPropertyOp42
 70
     1
102
RTVSPropertyOp43
 70
     1
102
RTVSPropertyOp44
 70
     1
102
RTVSPropertyOp45
 70
     1
102
RTVSPropertyOp46
 70
     1
102
RTVSPropertyOp47
 70
     1
102
RTVSPropertyOp48
 70
     1
102
RTVSPropertyOp49
 70
     1
102
RTVSPropertyOp50
 70
     1
102
RTVSPropertyOp51
 70
     0
102
RTVSPropertyOp52
 70
     0
102
RTVSPropertyOp53
 70
     1
102
RTVSPropertyOp54
 70
     1
102
RTVSPropertyOp55
 70
     1
102
RTVSPropertyOp56
 70
     1
102
RTVSPropertyOp57
 70
     1
102
RTVSPropertyOp58
 70
     1
102
RTVSPropertyOp59
 70
     1
102
RTVSPropertyOp60
 70
     1
102
RTVSPropertyOp61
 70
     1
102
RTVSPropertyOp62
 70
     1
  0
XRECORD
  5
2A1
102
{ACAD_REACTORS
330
2A0
102
}
330
2A0
100
AcDbXrecord
280
     1
102
RTVSPost2010Prop28
280
     0
102
RTVSPost2010PropOp28
 70
     1
102
RTVSPost2010Prop29
280
     1
102
RTVSPost2010PropOp29
 70
     1
102
RTVSPost2010Prop30
280
     1
102
RTVSPost2010PropOp30
 70
     1
102
RTVSPost2010Prop31
280
     0
102
RTVSPost2010PropOp31
 70
     1
102
RTVSPost2010Prop32
280
     0
102
RTVSPost2010PropOp32
 70
     1
102
RTVSPost2010Prop33
280
     0
102
RTVSPost2010PropOp33
 70
     1
102
RTVSPost2010Prop34
280
     0
102
RTVSPost2010PropOp34
 70
     1
102
RTVSPost2010Prop35
280
     0
102
RTVSPost2010PropOp35
 70
     1
102
RTVSPost2010Prop36
280
     0
102
RTVSPost2010PropOp36
 70
     1
102
RTVSPost2010Prop37
 90
       50
102
RTVSPost2010PropOp37
 70
     1
102
RTVSPost2010Prop38
140
0.0
102
RTVSPost2010PropOp38
 70
     1
102
RTVSPost2010Prop39
140
1.0
102
RTVSPost2010PropOp39
 70
     1
102
RTVSPost2010Prop40
 90
        0
102
RTVSPost2010PropOp40
 70
     1
102
RTVSPost2010Prop41ColorIndex
 90
       18
102
RTVSPost2010Prop41ColorRGB
 90
        0
102
RTVSPost2010PropOp41
 70
     1
102
RTVSPost2010Prop42
 90
       50
102
RTVSPost2010PropOp42
 70
     1
102
RTVSPost2010Prop43
 90
        3
102
RTVSPost2010PropOp43
 70
     1
102
RTVSPost2010Prop44ColorIndex
 90
        5
102
RTVSPost2010Prop44ColorRGB
 90
      255
102
RTVSPost2010PropOp44
 70
     1
102
RTVSPost2010Prop45
280
     0
102
RTVSPost2010PropOp45
 70
     1
102
RTVSPost2010Prop46
 90
       50
102
RTVSPost2010PropOp46
 70
     1
102
RTVSPost2010Prop47
 90
       50
102
RTVSPost2010PropOp47
 70
     1
102
RTVSPost2010Prop48
 90
       50
102
RTVSPost2010PropOp48
 70
     1
102
RTVSPost2010Prop49
280
     0
102
RTVSPost2010PropOp49
 70
     1
102
RTVSPost2010Prop50
 90
       50
102
RTVSPost2010PropOp50
 70
     1
102
RTVSPost2010Prop51ColorIndex
 90
      256
102
RTVSPost2010Prop51ColorRGB
 90
-16777216
102
RTVSPost2010PropOp51
 70
     0
102
RTVSPost2010Prop52
140
1.0
102
RTVSPost2010PropOp52
 70
     0
102
RTVSPost2010Prop53
 90
        2
102
RTVSPost2010PropOp53
 70
     1
102
RTVSPost2010Prop54
  1
strokes_ogs.tif
102
RTVSPost2010PropOp54
 70
     1
102
RTVSPost2010Prop55
280
     0
102
RTVSPost2010PropOp55
 70
     1
102
RTVSPost2010Prop56
140
1.0
102
RTVSPost2010PropOp56
 70
     1
102
RTVSPost2010Prop57
140
1.0
102
RTVSPost2010PropOp57
 70
     1
102
RTVSPropertyOp0
 70
     1
102
RTVSPropertyOp1
 70
     1
102
RTVSPropertyOp2
 70
     1
102
RTVSPropertyOp3
 70
     1
102
RTVSPropertyOp4
 70
     1
102
RTVSPropertyOp5
 70
     1
102
RTVSPropertyOp6
 70
     1
102
RTVSPropertyOp7
 70
     1
102
RTVSPropertyOp8
 70
     1
102
RTVSPropertyOp9
 70
     1
102
RTVSPropertyOp10
 70
     1
102
RTVSPropertyOp11
 70
     1
102
RTVSPropertyOp12
 70
     1
102
RTVSPropertyOp13
 70
     1
102
RTVSPropertyOp14
 70
     1
102
RTVSPropertyOp15
 70
     1
102
RTVSPropertyOp16
 70
     1
102
RTVSPropertyOp17
 70
     1
102
RTVSPropertyOp18
 70
     1
102
RTVSPropertyOp19
 70
     1
102
RTVSPropertyOp20
 70
     1
102
RTVSPropertyOp21
 70
     1
102
RTVSPropertyOp22
 70
     1
102
RTVSPropertyOp23
 70
     1
102
RTVSPropertyOp24
 70
     1
102
RTVSPropertyOp25
 70
     1
102
RTVSPropertyOp26
 70
     1
102
RTVSPropertyOp27
 70
     1
102
RTVSPropertyOp28
 70
     1
102
RTVSPropertyOp29
 70
     1
102
RTVSPropertyOp30
 70
     1
102
RTVSPropertyOp31
 70
     1
102
RTVSPropertyOp32
 70
     1
102
RTVSPropertyOp33
 70
     1
102
RTVSPropertyOp34
 70
     1
102
RTVSPropertyOp35
 70
     1
102
RTVSPropertyOp36
 70
     1
102
RTVSPropertyOp37
 70
     1
102
RTVSPropertyOp38
 70
     1
102
RTVSPropertyOp39
 70
     1
102
RTVSPropertyOp40
 70
     1
102
RTVSPropertyOp41
 70
     1
102
RTVSPropertyOp42
 70
     1
102
RTVSPropertyOp43
 70
     1
102
RTVSPropertyOp44
 70
     1
102
RTVSPropertyOp45
 70
     1
102
RTVSPropertyOp46
 70
     1
102
RTVSPropertyOp47
 70
     1
102
RTVSPropertyOp48
 70
     1
102
RTVSPropertyOp49
 70
     1
102
RTVSPropertyOp50
 70
     1
102
RTVSPropertyOp51
 70
     0
102
RTVSPropertyOp52
 70
     0
102
RTVSPropertyOp53
 70
     1
102
RTVSPropertyOp54
 70
     1
102
RTVSPropertyOp55
 70
     1
102
RTVSPropertyOp56
 70
     1
102
RTVSPropertyOp57
 70
     1
102
RTVSPropertyOp58
 70
     1
102
RTVSPropertyOp59
 70
     1
102
RTVSPropertyOp60
 70
     1
102
RTVSPropertyOp61
 70
     1
102
RTVSPropertyOp62
 70
     1
  0
XRECORD
  5
2A9
102
{ACAD_REACTORS
330
2A8
102
}
330
2A8
100
AcDbXrecord
280
     1
102
RTVSPost2010Prop28
280
     0
102
RTVSPost2010PropOp28
 70
     1
102
RTVSPost2010Prop29
280
     1
102
RTVSPost2010PropOp29
 70
     1
102
RTVSPost2010Prop30
280
     1
102
RTVSPost2010PropOp30
 70
     1
102
RTVSPost2010Prop31
280
     0
102
RTVSPost2010PropOp31
 70
     1
102
RTVSPost2010Prop32
280
     0
102
RTVSPost2010PropOp32
 70
     1
102
RTVSPost2010Prop33
280
     0
102
RTVSPost2010PropOp33
 70
     1
102
RTVSPost2010Prop34
280
     0
102
RTVSPost2010PropOp34
 70
     1
102
RTVSPost2010Prop35
280
     0
102
RTVSPost2010PropOp35
 70
     1
102
RTVSPost2010Prop36
280
     0
102
RTVSPost2010PropOp36
 70
     1
102
RTVSPost2010Prop37
 90
       50
102
RTVSPost2010PropOp37
 70
     1
102
RTVSPost2010Prop38
140
0.0
102
RTVSPost2010PropOp38
 70
     1
102
RTVSPost2010Prop39
140
1.0
102
RTVSPost2010PropOp39
 70
     1
102
RTVSPost2010Prop40
 90
        0
102
RTVSPost2010PropOp40
 70
     1
102
RTVSPost2010Prop41ColorIndex
 90
       18
102
RTVSPost2010Prop41ColorRGB
 90
        0
102
RTVSPost2010PropOp41
 70
     1
102
RTVSPost2010Prop42
 90
       50
102
RTVSPost2010PropOp42
 70
     1
102
RTVSPost2010Prop43
 90
        3
102
RTVSPost2010PropOp43
 70
     1
102
RTVSPost2010Prop44ColorIndex
 90
        5
102
RTVSPost2010Prop44ColorRGB
 90
      255
102
RTVSPost2010PropOp44
 70
     1
102
RTVSPost2010Prop45
280
     0
102
RTVSPost2010PropOp45
 70
     1
102
RTVSPost2010Prop46
 90
       50
102
RTVSPost2010PropOp46
 70
     1
102
RTVSPost2010Prop47
 90
       50
102
RTVSPost2010PropOp47
 70
     1
102
RTVSPost2010Prop48
 90
       50
102
RTVSPost2010PropOp48
 70
     1
102
RTVSPost2010Prop49
280
     0
102
RTVSPost2010PropOp49
 70
     1
102
RTVSPost2010Prop50
 90
       50
102
RTVSPost2010PropOp50
 70
     1
102
RTVSPost2010Prop51ColorIndex
 90
      256
102
RTVSPost2010Prop51ColorRGB
 90
-16777216
102
RTVSPost2010PropOp51
 70
     0
102
RTVSPost2010Prop52
140
1.0
102
RTVSPost2010PropOp52
 70
     0
102
RTVSPost2010Prop53
 90
        2
102
RTVSPost2010PropOp53
 70
     1
102
RTVSPost2010Prop54
  1
strokes_ogs.tif
102
RTVSPost2010PropOp54
 70
     1
102
RTVSPost2010Prop55
280
     0
102
RTVSPost2010PropOp55
 70
     1
102
RTVSPost2010Prop56
140
1.0
102
RTVSPost2010PropOp56
 70
     1
102
RTVSPost2010Prop57
140
1.0
102
RTVSPost2010PropOp57
 70
     1
102
RTVSPropertyOp0
 70
     0
102
RTVSPropertyOp1
 70
     0
102
RTVSPropertyOp2
 70
     0
102
RTVSPropertyOp3
 70
     0
102
RTVSPropertyOp4
 70
     0
102
RTVSPropertyOp5
 70
     0
102
RTVSPropertyOp6
 70
     0
102
RTVSPropertyOp7
 70
     0
102
RTVSPropertyOp8
 70
     0
102
RTVSPropertyOp9
 70
     0
102
RTVSPropertyOp10
 70
     0
102
RTVSPropertyOp11
 70
     0
102
RTVSPropertyOp12
 70
     0
102
RTVSPropertyOp13
 70
     0
102
RTVSPropertyOp14
 70
     2
102
RTVSPropertyOp15
 70
     0
102
RTVSPropertyOp16
 70
     0
102
RTVSPropertyOp17
 70
     0
102
RTVSPropertyOp18
 70
     0
102
RTVSPropertyOp19
 70
     0
102
RTVSPropertyOp20
 70
     0
102
RTVSPropertyOp21
 70
     0
102
RTVSPropertyOp22
 70
     0
102
RTVSPropertyOp23
 70
     0
102
RTVSPropertyOp24
 70
     0
102
RTVSPropertyOp25
 70
     0
102
RTVSPropertyOp26
 70
     0
102
RTVSPropertyOp27
 70
     0
102
RTVSPropertyOp28
 70
     1
102
RTVSPropertyOp29
 70
     1
102
RTVSPropertyOp30
 70
     1
102
RTVSPropertyOp31
 70
     1
102
RTVSPropertyOp32
 70
     1
102
RTVSPropertyOp33
 70
     1
102
RTVSPropertyOp34
 70
     1
102
RTVSPropertyOp35
 70
     1
102
RTVSPropertyOp36
 70
     1
102
RTVSPropertyOp37
 70
     1
102
RTVSPropertyOp38
 70
     1
102
RTVSPropertyOp39
 70
     1
102
RTVSPropertyOp40
 70
     1
102
RTVSPropertyOp41
 70
     1
102
RTVSPropertyOp42
 70
     1
102
RTVSPropertyOp43
 70
     1
102
RTVSPropertyOp44
 70
     1
102
RTVSPropertyOp45
 70
     1
102
RTVSPropertyOp46
 70
     1
102
RTVSPropertyOp47
 70
     1
102
RTVSPropertyOp48
 70
     1
102
RTVSPropertyOp49
 70
     1
102
RTVSPropertyOp50
 70
     1
102
RTVSPropertyOp51
 70
     0
102
RTVSPropertyOp52
 70
     0
102
RTVSPropertyOp53
 70
     1
102
RTVSPropertyOp54
 70
     1
102
RTVSPropertyOp55
 70
     1
102
RTVSPropertyOp56
 70
     1
102
RTVSPropertyOp57
 70
     1
102
RTVSPropertyOp58
 70
     1
102
RTVSPropertyOp59
 70
     1
102
RTVSPropertyOp60
 70
     1
102
RTVSPropertyOp61
 70
     1
102
RTVSPropertyOp62
 70
     1
  0
XRECORD
  5
299
102
{ACAD_REACTORS
330
298
102
}
330
298
100
AcDbXrecord
280
     1
102
RTVSPost2010Prop28
280
     0
102
RTVSPost2010PropOp28
 70
     1
102
RTVSPost2010Prop29
280
     1
102
RTVSPost2010PropOp29
 70
     1
102
RTVSPost2010Prop30
280
     1
102
RTVSPost2010PropOp30
 70
     1
102
RTVSPost2010Prop31
280
     0
102
RTVSPost2010PropOp31
 70
     1
102
RTVSPost2010Prop32
280
     0
102
RTVSPost2010PropOp32
 70
     1
102
RTVSPost2010Prop33
280
     0
102
RTVSPost2010PropOp33
 70
     1
102
RTVSPost2010Prop34
280
     0
102
RTVSPost2010PropOp34
 70
     1
102
RTVSPost2010Prop35
280
     0
102
RTVSPost2010PropOp35
 70
     1
102
RTVSPost2010Prop36
280
     0
102
RTVSPost2010PropOp36
 70
     1
102
RTVSPost2010Prop37
 90
       50
102
RTVSPost2010PropOp37
 70
     1
102
RTVSPost2010Prop38
140
0.0
102
RTVSPost2010PropOp38
 70
     1
102
RTVSPost2010Prop39
140
1.0
102
RTVSPost2010PropOp39
 70
     1
102
RTVSPost2010Prop40
 90
        0
102
RTVSPost2010PropOp40
 70
     1
102
RTVSPost2010Prop41ColorIndex
 90
       18
102
RTVSPost2010Prop41ColorRGB
 90
        0
102
RTVSPost2010PropOp41
 70
     1
102
RTVSPost2010Prop42
 90
       50
102
RTVSPost2010PropOp42
 70
     1
102
RTVSPost2010Prop43
 90
        3
102
RTVSPost2010PropOp43
 70
     1
102
RTVSPost2010Prop44ColorIndex
 90
        5
102
RTVSPost2010Prop44ColorRGB
 90
      255
102
RTVSPost2010PropOp44
 70
     1
102
RTVSPost2010Prop45
280
     0
102
RTVSPost2010PropOp45
 70
     1
102
RTVSPost2010Prop46
 90
       50
102
RTVSPost2010PropOp46
 70
     1
102
RTVSPost2010Prop47
 90
       50
102
RTVSPost2010PropOp47
 70
     1
102
RTVSPost2010Prop48
 90
       50
102
RTVSPost2010PropOp48
 70
     1
102
RTVSPost2010Prop49
280
     0
102
RTVSPost2010PropOp49
 70
     1
102
RTVSPost2010Prop50
 90
       50
102
RTVSPost2010PropOp50
 70
     1
102
RTVSPost2010Prop51ColorIndex
 90
      256
102
RTVSPost2010Prop51ColorRGB
 90
-16777216
102
RTVSPost2010PropOp51
 70
     0
102
RTVSPost2010Prop52
140
1.0
102
RTVSPost2010PropOp52
 70
     0
102
RTVSPost2010Prop53
 90
        2
102
RTVSPost2010PropOp53
 70
     1
102
RTVSPost2010Prop54
  1
strokes_ogs.tif
102
RTVSPost2010PropOp54
 70
     1
102
RTVSPost2010Prop55
280
     0
102
RTVSPost2010PropOp55
 70
     1
102
RTVSPost2010Prop56
140
1.0
102
RTVSPost2010PropOp56
 70
     1
102
RTVSPost2010Prop57
140
1.0
102
RTVSPost2010PropOp57
 70
     1
102
RTVSPropertyOp0
 70
     1
102
RTVSPropertyOp1
 70
     1
102
RTVSPropertyOp2
 70
     1
102
RTVSPropertyOp3
 70
     1
102
RTVSPropertyOp4
 70
     1
102
RTVSPropertyOp5
 70
     1
102
RTVSPropertyOp6
 70
     1
102
RTVSPropertyOp7
 70
     1
102
RTVSPropertyOp8
 70
     1
102
RTVSPropertyOp9
 70
     1
102
RTVSPropertyOp10
 70
     1
102
RTVSPropertyOp11
 70
     1
102
RTVSPropertyOp12
 70
     1
102
RTVSPropertyOp13
 70
     1
102
RTVSPropertyOp14
 70
     1
102
RTVSPropertyOp15
 70
     1
102
RTVSPropertyOp16
 70
     1
102
RTVSPropertyOp17
 70
     1
102
RTVSPropertyOp18
 70
     1
102
RTVSPropertyOp19
 70
     1
102
RTVSPropertyOp20
 70
     1
102
RTVSPropertyOp21
 70
     1
102
RTVSPropertyOp22
 70
     1
102
RTVSPropertyOp23
 70
     1
102
RTVSPropertyOp24
 70
     1
102
RTVSPropertyOp25
 70
     1
102
RTVSPropertyOp26
 70
     1
102
RTVSPropertyOp27
 70
     1
102
RTVSPropertyOp28
 70
     1
102
RTVSPropertyOp29
 70
     1
102
RTVSPropertyOp30
 70
     1
102
RTVSPropertyOp31
 70
     1
102
RTVSPropertyOp32
 70
     1
102
RTVSPropertyOp33
 70
     1
102
RTVSPropertyOp34
 70
     1
102
RTVSPropertyOp35
 70
     1
102
RTVSPropertyOp36
 70
     1
102
RTVSPropertyOp37
 70
     1
102
RTVSPropertyOp38
 70
     1
102
RTVSPropertyOp39
 70
     1
102
RTVSPropertyOp40
 70
     1
102
RTVSPropertyOp41
 70
     1
102
RTVSPropertyOp42
 70
     1
102
RTVSPropertyOp43
 70
     1
102
RTVSPropertyOp44
 70
     1
102
RTVSPropertyOp45
 70
     1
102
RTVSPropertyOp46
 70
     1
102
RTVSPropertyOp47
 70
     1
102
RTVSPropertyOp48
 70
     1
102
RTVSPropertyOp49
 70
     1
102
RTVSPropertyOp50
 70
     1
102
RTVSPropertyOp51
 70
     0
102
RTVSPropertyOp52
 70
     0
102
RTVSPropertyOp53
 70
     1
102
RTVSPropertyOp54
 70
     1
102
RTVSPropertyOp55
 70
     1
102
RTVSPropertyOp56
 70
     1
102
RTVSPropertyOp57
 70
     1
102
RTVSPropertyOp58
 70
     1
102
RTVSPropertyOp59
 70
     1
102
RTVSPropertyOp60
 70
     1
102
RTVSPropertyOp61
 70
     1
102
RTVSPropertyOp62
 70
     1
  0
XRECORD
  5
2B5
102
{ACAD_REACTORS
330
2B4
102
}
330
2B4
100
AcDbXrecord
280
     1
102
RTVSPost2010Prop28
280
     0
102
RTVSPost2010PropOp28
 70
     1
102
RTVSPost2010Prop29
280
     1
102
RTVSPost2010PropOp29
 70
     1
102
RTVSPost2010Prop30
280
     1
102
RTVSPost2010PropOp30
 70
     1
102
RTVSPost2010Prop31
280
     0
102
RTVSPost2010PropOp31
 70
     1
102
RTVSPost2010Prop32
280
     0
102
RTVSPost2010PropOp32
 70
     1
102
RTVSPost2010Prop33
280
     0
102
RTVSPost2010PropOp33
 70
     1
102
RTVSPost2010Prop34
280
     0
102
RTVSPost2010PropOp34
 70
     1
102
RTVSPost2010Prop35
280
     0
102
RTVSPost2010PropOp35
 70
     1
102
RTVSPost2010Prop36
280
     0
102
RTVSPost2010PropOp36
 70
     1
102
RTVSPost2010Prop37
 90
       50
102
RTVSPost2010PropOp37
 70
     1
102
RTVSPost2010Prop38
140
0.0
102
RTVSPost2010PropOp38
 70
     1
102
RTVSPost2010Prop39
140
1.0
102
RTVSPost2010PropOp39
 70
     1
102
RTVSPost2010Prop40
 90
        0
102
RTVSPost2010PropOp40
 70
     1
102
RTVSPost2010Prop41ColorIndex
 90
       18
102
RTVSPost2010Prop41ColorRGB
 90
        0
102
RTVSPost2010PropOp41
 70
     1
102
RTVSPost2010Prop42
 90
       50
102
RTVSPost2010PropOp42
 70
     1
102
RTVSPost2010Prop43
 90
        3
102
RTVSPost2010PropOp43
 70
     1
102
RTVSPost2010Prop44ColorIndex
 90
        5
102
RTVSPost2010Prop44ColorRGB
 90
      255
102
RTVSPost2010PropOp44
 70
     1
102
RTVSPost2010Prop45
280
     0
102
RTVSPost2010PropOp45
 70
     1
102
RTVSPost2010Prop46
 90
       50
102
RTVSPost2010PropOp46
 70
     1
102
RTVSPost2010Prop47
 90
       50
102
RTVSPost2010PropOp47
 70
     1
102
RTVSPost2010Prop48
 90
       50
102
RTVSPost2010PropOp48
 70
     1
102
RTVSPost2010Prop49
280
     0
102
RTVSPost2010PropOp49
 70
     1
102
RTVSPost2010Prop50
 90
       50
102
RTVSPost2010PropOp50
 70
     1
102
RTVSPost2010Prop51ColorIndex
 90
      256
102
RTVSPost2010Prop51ColorRGB
 90
-16777216
102
RTVSPost2010PropOp51
 70
     0
102
RTVSPost2010Prop52
140
1.0
102
RTVSPost2010PropOp52
 70
     0
102
RTVSPost2010Prop53
 90
        2
102
RTVSPost2010PropOp53
 70
     1
102
RTVSPost2010Prop54
  1
strokes_ogs.tif
102
RTVSPost2010PropOp54
 70
     1
102
RTVSPost2010Prop55
280
     0
102
RTVSPost2010PropOp55
 70
     1
102
RTVSPost2010Prop56
140
1.0
102
RTVSPost2010PropOp56
 70
     1
102
RTVSPost2010Prop57
140
1.0
102
RTVSPost2010PropOp57
 70
     1
102
RTVSPropertyOp0
 70
     1
102
RTVSPropertyOp1
 70
     1
102
RTVSPropertyOp2
 70
     1
102
RTVSPropertyOp3
 70
     1
102
RTVSPropertyOp4
 70
     1
102
RTVSPropertyOp5
 70
     1
102
RTVSPropertyOp6
 70
     1
102
RTVSPropertyOp7
 70
     1
102
RTVSPropertyOp8
 70
     1
102
RTVSPropertyOp9
 70
     1
102
RTVSPropertyOp10
 70
     1
102
RTVSPropertyOp11
 70
     1
102
RTVSPropertyOp12
 70
     1
102
RTVSPropertyOp13
 70
     1
102
RTVSPropertyOp14
 70
     1
102
RTVSPropertyOp15
 70
     1
102
RTVSPropertyOp16
 70
     1
102
RTVSPropertyOp17
 70
     1
102
RTVSPropertyOp18
 70
     1
102
RTVSPropertyOp19
 70
     1
102
RTVSPropertyOp20
 70
     1
102
RTVSPropertyOp21
 70
     1
102
RTVSPropertyOp22
 70
     1
102
RTVSPropertyOp23
 70
     1
102
RTVSPropertyOp24
 70
     1
102
RTVSPropertyOp25
 70
     1
102
RTVSPropertyOp26
 70
     1
102
RTVSPropertyOp27
 70
     1
102
RTVSPropertyOp28
 70
     1
102
RTVSPropertyOp29
 70
     1
102
RTVSPropertyOp30
 70
     1
102
RTVSPropertyOp31
 70
     1
102
RTVSPropertyOp32
 70
     1
102
RTVSPropertyOp33
 70
     1
102
RTVSPropertyOp34
 70
     1
102
RTVSPropertyOp35
 70
     1
102
RTVSPropertyOp36
 70
     1
102
RTVSPropertyOp37
 70
     1
102
RTVSPropertyOp38
 70
     1
102
RTVSPropertyOp39
 70
     1
102
RTVSPropertyOp40
 70
     1
102
RTVSPropertyOp41
 70
     1
102
RTVSPropertyOp42
 70
     1
102
RTVSPropertyOp43
 70
     1
102
RTVSPropertyOp44
 70
     1
102
RTVSPropertyOp45
 70
     1
102
RTVSPropertyOp46
 70
     1
102
RTVSPropertyOp47
 70
     1
102
RTVSPropertyOp48
 70
     1
102
RTVSPropertyOp49
 70
     1
102
RTVSPropertyOp50
 70
     1
102
RTVSPropertyOp51
 70
     0
102
RTVSPropertyOp52
 70
     0
102
RTVSPropertyOp53
 70
     1
102
RTVSPropertyOp54
 70
     1
102
RTVSPropertyOp55
 70
     1
102
RTVSPropertyOp56
 70
     1
102
RTVSPropertyOp57
 70
     1
102
RTVSPropertyOp58
 70
     1
102
RTVSPropertyOp59
 70
     1
102
RTVSPropertyOp60
 70
     1
102
RTVSPropertyOp61
 70
     1
102
RTVSPropertyOp62
 70
     1
  0
XRECORD
  5
2B3
102
{ACAD_REACTORS
330
2B2
102
}
330
2B2
100
AcDbXrecord
280
     1
102
RTVSPost2010Prop28
280
     0
102
RTVSPost2010PropOp28
 70
     1
102
RTVSPost2010Prop29
280
     1
102
RTVSPost2010PropOp29
 70
     1
102
RTVSPost2010Prop30
280
     1
102
RTVSPost2010PropOp30
 70
     1
102
RTVSPost2010Prop31
280
     0
102
RTVSPost2010PropOp31
 70
     1
102
RTVSPost2010Prop32
280
     0
102
RTVSPost2010PropOp32
 70
     1
102
RTVSPost2010Prop33
280
     0
102
RTVSPost2010PropOp33
 70
     1
102
RTVSPost2010Prop34
280
     0
102
RTVSPost2010PropOp34
 70
     1
102
RTVSPost2010Prop35
280
     0
102
RTVSPost2010PropOp35
 70
     1
102
RTVSPost2010Prop36
280
     0
102
RTVSPost2010PropOp36
 70
     1
102
RTVSPost2010Prop37
 90
       50
102
RTVSPost2010PropOp37
 70
     1
102
RTVSPost2010Prop38
140
0.0
102
RTVSPost2010PropOp38
 70
     1
102
RTVSPost2010Prop39
140
1.0
102
RTVSPost2010PropOp39
 70
     1
102
RTVSPost2010Prop40
 90
        0
102
RTVSPost2010PropOp40
 70
     1
102
RTVSPost2010Prop41ColorIndex
 90
       18
102
RTVSPost2010Prop41ColorRGB
 90
        0
102
RTVSPost2010PropOp41
 70
     1
102
RTVSPost2010Prop42
 90
       50
102
RTVSPost2010PropOp42
 70
     1
102
RTVSPost2010Prop43
 90
        3
102
RTVSPost2010PropOp43
 70
     1
102
RTVSPost2010Prop44ColorIndex
 90
        5
102
RTVSPost2010Prop44ColorRGB
 90
      255
102
RTVSPost2010PropOp44
 70
     1
102
RTVSPost2010Prop45
280
     0
102
RTVSPost2010PropOp45
 70
     1
102
RTVSPost2010Prop46
 90
       50
102
RTVSPost2010PropOp46
 70
     1
102
RTVSPost2010Prop47
 90
       50
102
RTVSPost2010PropOp47
 70
     1
102
RTVSPost2010Prop48
 90
       50
102
RTVSPost2010PropOp48
 70
     1
102
RTVSPost2010Prop49
280
     0
102
RTVSPost2010PropOp49
 70
     1
102
RTVSPost2010Prop50
 90
       50
102
RTVSPost2010PropOp50
 70
     1
102
RTVSPost2010Prop51ColorIndex
 90
      256
102
RTVSPost2010Prop51ColorRGB
 90
-16777216
102
RTVSPost2010PropOp51
 70
     0
102
RTVSPost2010Prop52
140
1.0
102
RTVSPost2010PropOp52
 70
     0
102
RTVSPost2010Prop53
 90
        2
102
RTVSPost2010PropOp53
 70
     1
102
RTVSPost2010Prop54
  1
strokes_ogs.tif
102
RTVSPost2010PropOp54
 70
     1
102
RTVSPost2010Prop55
280
     0
102
RTVSPost2010PropOp55
 70
     1
102
RTVSPost2010Prop56
140
1.0
102
RTVSPost2010PropOp56
 70
     1
102
RTVSPost2010Prop57
140
1.0
102
RTVSPost2010PropOp57
 70
     1
102
RTVSPropertyOp0
 70
     1
102
RTVSPropertyOp1
 70
     1
102
RTVSPropertyOp2
 70
     1
102
RTVSPropertyOp3
 70
     1
102
RTVSPropertyOp4
 70
     1
102
RTVSPropertyOp5
 70
     1
102
RTVSPropertyOp6
 70
     1
102
RTVSPropertyOp7
 70
     1
102
RTVSPropertyOp8
 70
     1
102
RTVSPropertyOp9
 70
     1
102
RTVSPropertyOp10
 70
     1
102
RTVSPropertyOp11
 70
     1
102
RTVSPropertyOp12
 70
     1
102
RTVSPropertyOp13
 70
     1
102
RTVSPropertyOp14
 70
     1
102
RTVSPropertyOp15
 70
     1
102
RTVSPropertyOp16
 70
     1
102
RTVSPropertyOp17
 70
     1
102
RTVSPropertyOp18
 70
     1
102
RTVSPropertyOp19
 70
     1
102
RTVSPropertyOp20
 70
     1
102
RTVSPropertyOp21
 70
     1
102
RTVSPropertyOp22
 70
     1
102
RTVSPropertyOp23
 70
     1
102
RTVSPropertyOp24
 70
     1
102
RTVSPropertyOp25
 70
     1
102
RTVSPropertyOp26
 70
     1
102
RTVSPropertyOp27
 70
     1
102
RTVSPropertyOp28
 70
     1
102
RTVSPropertyOp29
 70
     1
102
RTVSPropertyOp30
 70
     1
102
RTVSPropertyOp31
 70
     1
102
RTVSPropertyOp32
 70
     1
102
RTVSPropertyOp33
 70
     1
102
RTVSPropertyOp34
 70
     1
102
RTVSPropertyOp35
 70
     1
102
RTVSPropertyOp36
 70
     1
102
RTVSPropertyOp37
 70
     1
102
RTVSPropertyOp38
 70
     1
102
RTVSPropertyOp39
 70
     1
102
RTVSPropertyOp40
 70
     1
102
RTVSPropertyOp41
 70
     1
102
RTVSPropertyOp42
 70
     1
102
RTVSPropertyOp43
 70
     1
102
RTVSPropertyOp44
 70
     1
102
RTVSPropertyOp45
 70
     1
102
RTVSPropertyOp46
 70
     1
102
RTVSPropertyOp47
 70
     1
102
RTVSPropertyOp48
 70
     1
102
RTVSPropertyOp49
 70
     1
102
RTVSPropertyOp50
 70
     1
102
RTVSPropertyOp51
 70
     0
102
RTVSPropertyOp52
 70
     0
102
RTVSPropertyOp53
 70
     1
102
RTVSPropertyOp54
 70
     1
102
RTVSPropertyOp55
 70
     1
102
RTVSPropertyOp56
 70
     1
102
RTVSPropertyOp57
 70
     1
102
RTVSPropertyOp58
 70
     1
102
RTVSPropertyOp59
 70
     1
102
RTVSPropertyOp60
 70
     1
102
RTVSPropertyOp61
 70
     1
102
RTVSPropertyOp62
 70
     1
  0
XRECORD
  5
2AD
102
{ACAD_REACTORS
330
2AC
102
}
330
2AC
100
AcDbXrecord
280
     1
102
RTVSPost2010Prop28
280
     0
102
RTVSPost2010PropOp28
 70
     1
102
RTVSPost2010Prop29
280
     1
102
RTVSPost2010PropOp29
 70
     1
102
RTVSPost2010Prop30
280
     1
102
RTVSPost2010PropOp30
 70
     1
102
RTVSPost2010Prop31
280
     0
102
RTVSPost2010PropOp31
 70
     1
102
RTVSPost2010Prop32
280
     0
102
RTVSPost2010PropOp32
 70
     1
102
RTVSPost2010Prop33
280
     0
102
RTVSPost2010PropOp33
 70
     1
102
RTVSPost2010Prop34
280
     0
102
RTVSPost2010PropOp34
 70
     1
102
RTVSPost2010Prop35
280
     0
102
RTVSPost2010PropOp35
 70
     1
102
RTVSPost2010Prop36
280
     0
102
RTVSPost2010PropOp36
 70
     1
102
RTVSPost2010Prop37
 90
       50
102
RTVSPost2010PropOp37
 70
     1
102
RTVSPost2010Prop38
140
0.0
102
RTVSPost2010PropOp38
 70
     1
102
RTVSPost2010Prop39
140
1.0
102
RTVSPost2010PropOp39
 70
     1
102
RTVSPost2010Prop40
 90
        0
102
RTVSPost2010PropOp40
 70
     1
102
RTVSPost2010Prop41ColorIndex
 90
       18
102
RTVSPost2010Prop41ColorRGB
 90
        0
102
RTVSPost2010PropOp41
 70
     1
102
RTVSPost2010Prop42
 90
       50
102
RTVSPost2010PropOp42
 70
     1
102
RTVSPost2010Prop43
 90
        3
102
RTVSPost2010PropOp43
 70
     1
102
RTVSPost2010Prop44ColorIndex
 90
        5
102
RTVSPost2010Prop44ColorRGB
 90
      255
102
RTVSPost2010PropOp44
 70
     1
102
RTVSPost2010Prop45
280
     0
102
RTVSPost2010PropOp45
 70
     1
102
RTVSPost2010Prop46
 90
       50
102
RTVSPost2010PropOp46
 70
     1
102
RTVSPost2010Prop47
 90
       50
102
RTVSPost2010PropOp47
 70
     1
102
RTVSPost2010Prop48
 90
       50
102
RTVSPost2010PropOp48
 70
     1
102
RTVSPost2010Prop49
280
     0
102
RTVSPost2010PropOp49
 70
     1
102
RTVSPost2010Prop50
 90
       50
102
RTVSPost2010PropOp50
 70
     1
102
RTVSPost2010Prop51ColorIndex
 90
      256
102
RTVSPost2010Prop51ColorRGB
 90
-16777216
102
RTVSPost2010PropOp51
 70
     0
102
RTVSPost2010Prop52
140
1.0
102
RTVSPost2010PropOp52
 70
     0
102
RTVSPost2010Prop53
 90
        2
102
RTVSPost2010PropOp53
 70
     1
102
RTVSPost2010Prop54
  1
strokes_ogs.tif
102
RTVSPost2010PropOp54
 70
     1
102
RTVSPost2010Prop55
280
     0
102
RTVSPost2010PropOp55
 70
     1
102
RTVSPost2010Prop56
140
1.0
102
RTVSPost2010PropOp56
 70
     1
102
RTVSPost2010Prop57
140
1.0
102
RTVSPost2010PropOp57
 70
     1
102
RTVSPropertyOp0
 70
     1
102
RTVSPropertyOp1
 70
     1
102
RTVSPropertyOp2
 70
     1
102
RTVSPropertyOp3
 70
     1
102
RTVSPropertyOp4
 70
     1
102
RTVSPropertyOp5
 70
     1
102
RTVSPropertyOp6
 70
     1
102
RTVSPropertyOp7
 70
     1
102
RTVSPropertyOp8
 70
     1
102
RTVSPropertyOp9
 70
     1
102
RTVSPropertyOp10
 70
     1
102
RTVSPropertyOp11
 70
     1
102
RTVSPropertyOp12
 70
     1
102
RTVSPropertyOp13
 70
     1
102
RTVSPropertyOp14
 70
     1
102
RTVSPropertyOp15
 70
     1
102
RTVSPropertyOp16
 70
     1
102
RTVSPropertyOp17
 70
     1
102
RTVSPropertyOp18
 70
     1
102
RTVSPropertyOp19
 70
     1
102
RTVSPropertyOp20
 70
     1
102
RTVSPropertyOp21
 70
     1
102
RTVSPropertyOp22
 70
     1
102
RTVSPropertyOp23
 70
     1
102
RTVSPropertyOp24
 70
     1
102
RTVSPropertyOp25
 70
     1
102
RTVSPropertyOp26
 70
     1
102
RTVSPropertyOp27
 70
     1
102
RTVSPropertyOp28
 70
     1
102
RTVSPropertyOp29
 70
     1
102
RTVSPropertyOp30
 70
     1
102
RTVSPropertyOp31
 70
     1
102
RTVSPropertyOp32
 70
     1
102
RTVSPropertyOp33
 70
     1
102
RTVSPropertyOp34
 70
     1
102
RTVSPropertyOp35
 70
     1
102
RTVSPropertyOp36
 70
     1
102
RTVSPropertyOp37
 70
     1
102
RTVSPropertyOp38
 70
     1
102
RTVSPropertyOp39
 70
     1
102
RTVSPropertyOp40
 70
     1
102
RTVSPropertyOp41
 70
     1
102
RTVSPropertyOp42
 70
     1
102
RTVSPropertyOp43
 70
     1
102
RTVSPropertyOp44
 70
     1
102
RTVSPropertyOp45
 70
     1
102
RTVSPropertyOp46
 70
     1
102
RTVSPropertyOp47
 70
     1
102
RTVSPropertyOp48
 70
     1
102
RTVSPropertyOp49
 70
     1
102
RTVSPropertyOp50
 70
     1
102
RTVSPropertyOp51
 70
     0
102
RTVSPropertyOp52
 70
     0
102
RTVSPropertyOp53
 70
     1
102
RTVSPropertyOp54
 70
     1
102
RTVSPropertyOp55
 70
     1
102
RTVSPropertyOp56
 70
     1
102
RTVSPropertyOp57
 70
     1
102
RTVSPropertyOp58
 70
     1
102
RTVSPropertyOp59
 70
     1
102
RTVSPropertyOp60
 70
     1
102
RTVSPropertyOp61
 70
     1
102
RTVSPropertyOp62
 70
     1
  0
XRECORD
  5
2AF
102
{ACAD_REACTORS
330
2AE
102
}
330
2AE
100
AcDbXrecord
280
     1
102
RTVSPost2010Prop28
280
     0
102
RTVSPost2010PropOp28
 70
     1
102
RTVSPost2010Prop29
280
     1
102
RTVSPost2010PropOp29
 70
     1
102
RTVSPost2010Prop30
280
     1
102
RTVSPost2010PropOp30
 70
     1
102
RTVSPost2010Prop31
280
     0
102
RTVSPost2010PropOp31
 70
     1
102
RTVSPost2010Prop32
280
     0
102
RTVSPost2010PropOp32
 70
     1
102
RTVSPost2010Prop33
280
     0
102
RTVSPost2010PropOp33
 70
     1
102
RTVSPost2010Prop34
280
     0
102
RTVSPost2010PropOp34
 70
     1
102
RTVSPost2010Prop35
280
     0
102
RTVSPost2010PropOp35
 70
     1
102
RTVSPost2010Prop36
280
     0
102
RTVSPost2010PropOp36
 70
     1
102
RTVSPost2010Prop37
 90
       50
102
RTVSPost2010PropOp37
 70
     1
102
RTVSPost2010Prop38
140
0.0
102
RTVSPost2010PropOp38
 70
     1
102
RTVSPost2010Prop39
140
1.0
102
RTVSPost2010PropOp39
 70
     1
102
RTVSPost2010Prop40
 90
        0
102
RTVSPost2010PropOp40
 70
     1
102
RTVSPost2010Prop41ColorIndex
 90
       18
102
RTVSPost2010Prop41ColorRGB
 90
        0
102
RTVSPost2010PropOp41
 70
     1
102
RTVSPost2010Prop42
 90
       50
102
RTVSPost2010PropOp42
 70
     1
102
RTVSPost2010Prop43
 90
        3
102
RTVSPost2010PropOp43
 70
     1
102
RTVSPost2010Prop44ColorIndex
 90
        5
102
RTVSPost2010Prop44ColorRGB
 90
      255
102
RTVSPost2010PropOp44
 70
     1
102
RTVSPost2010Prop45
280
     0
102
RTVSPost2010PropOp45
 70
     1
102
RTVSPost2010Prop46
 90
       50
102
RTVSPost2010PropOp46
 70
     1
102
RTVSPost2010Prop47
 90
       50
102
RTVSPost2010PropOp47
 70
     1
102
RTVSPost2010Prop48
 90
       50
102
RTVSPost2010PropOp48
 70
     1
102
RTVSPost2010Prop49
280
     0
102
RTVSPost2010PropOp49
 70
     1
102
RTVSPost2010Prop50
 90
       50
102
RTVSPost2010PropOp50
 70
     1
102
RTVSPost2010Prop51ColorIndex
 90
      256
102
RTVSPost2010Prop51ColorRGB
 90
-16777216
102
RTVSPost2010PropOp51
 70
     0
102
RTVSPost2010Prop52
140
1.0
102
RTVSPost2010PropOp52
 70
     0
102
RTVSPost2010Prop53
 90
        2
102
RTVSPost2010PropOp53
 70
     1
102
RTVSPost2010Prop54
  1
strokes_ogs.tif
102
RTVSPost2010PropOp54
 70
     1
102
RTVSPost2010Prop55
280
     0
102
RTVSPost2010PropOp55
 70
     1
102
RTVSPost2010Prop56
140
1.0
102
RTVSPost2010PropOp56
 70
     1
102
RTVSPost2010Prop57
140
1.0
102
RTVSPost2010PropOp57
 70
     1
102
RTVSPropertyOp0
 70
     1
102
RTVSPropertyOp1
 70
     1
102
RTVSPropertyOp2
 70
     1
102
RTVSPropertyOp3
 70
     1
102
RTVSPropertyOp4
 70
     1
102
RTVSPropertyOp5
 70
     1
102
RTVSPropertyOp6
 70
     1
102
RTVSPropertyOp7
 70
     1
102
RTVSPropertyOp8
 70
     1
102
RTVSPropertyOp9
 70
     1
102
RTVSPropertyOp10
 70
     1
102
RTVSPropertyOp11
 70
     1
102
RTVSPropertyOp12
 70
     1
102
RTVSPropertyOp13
 70
     1
102
RTVSPropertyOp14
 70
     1
102
RTVSPropertyOp15
 70
     1
102
RTVSPropertyOp16
 70
     1
102
RTVSPropertyOp17
 70
     1
102
RTVSPropertyOp18
 70
     1
102
RTVSPropertyOp19
 70
     1
102
RTVSPropertyOp20
 70
     1
102
RTVSPropertyOp21
 70
     1
102
RTVSPropertyOp22
 70
     1
102
RTVSPropertyOp23
 70
     1
102
RTVSPropertyOp24
 70
     1
102
RTVSPropertyOp25
 70
     1
102
RTVSPropertyOp26
 70
     1
102
RTVSPropertyOp27
 70
     1
102
RTVSPropertyOp28
 70
     1
102
RTVSPropertyOp29
 70
     1
102
RTVSPropertyOp30
 70
     1
102
RTVSPropertyOp31
 70
     1
102
RTVSPropertyOp32
 70
     1
102
RTVSPropertyOp33
 70
     1
102
RTVSPropertyOp34
 70
     1
102
RTVSPropertyOp35
 70
     1
102
RTVSPropertyOp36
 70
     1
102
RTVSPropertyOp37
 70
     1
102
RTVSPropertyOp38
 70
     1
102
RTVSPropertyOp39
 70
     1
102
RTVSPropertyOp40
 70
     1
102
RTVSPropertyOp41
 70
     1
102
RTVSPropertyOp42
 70
     1
102
RTVSPropertyOp43
 70
     1
102
RTVSPropertyOp44
 70
     1
102
RTVSPropertyOp45
 70
     1
102
RTVSPropertyOp46
 70
     1
102
RTVSPropertyOp47
 70
     1
102
RTVSPropertyOp48
 70
     1
102
RTVSPropertyOp49
 70
     1
102
RTVSPropertyOp50
 70
     1
102
RTVSPropertyOp51
 70
     0
102
RTVSPropertyOp52
 70
     0
102
RTVSPropertyOp53
 70
     1
102
RTVSPropertyOp54
 70
     1
102
RTVSPropertyOp55
 70
     1
102
RTVSPropertyOp56
 70
     1
102
RTVSPropertyOp57
 70
     1
102
RTVSPropertyOp58
 70
     1
102
RTVSPropertyOp59
 70
     1
102
RTVSPropertyOp60
 70
     1
102
RTVSPropertyOp61
 70
     1
102
RTVSPropertyOp62
 70
     1
  0
XRECORD
  5
29F
102
{ACAD_REACTORS
330
29E
102
}
330
29E
100
AcDbXrecord
280
     1
102
RTVSPost2010Prop28
280
     0
102
RTVSPost2010PropOp28
 70
     1
102
RTVSPost2010Prop29
280
     1
102
RTVSPost2010PropOp29
 70
     1
102
RTVSPost2010Prop30
280
     1
102
RTVSPost2010PropOp30
 70
     1
102
RTVSPost2010Prop31
280
     0
102
RTVSPost2010PropOp31
 70
     1
102
RTVSPost2010Prop32
280
     0
102
RTVSPost2010PropOp32
 70
     1
102
RTVSPost2010Prop33
280
     0
102
RTVSPost2010PropOp33
 70
     1
102
RTVSPost2010Prop34
280
     0
102
RTVSPost2010PropOp34
 70
     1
102
RTVSPost2010Prop35
280
     0
102
RTVSPost2010PropOp35
 70
     1
102
RTVSPost2010Prop36
280
     0
102
RTVSPost2010PropOp36
 70
     1
102
RTVSPost2010Prop37
 90
       50
102
RTVSPost2010PropOp37
 70
     1
102
RTVSPost2010Prop38
140
0.0
102
RTVSPost2010PropOp38
 70
     1
102
RTVSPost2010Prop39
140
1.0
102
RTVSPost2010PropOp39
 70
     1
102
RTVSPost2010Prop40
 90
        0
102
RTVSPost2010PropOp40
 70
     1
102
RTVSPost2010Prop41ColorIndex
 90
       18
102
RTVSPost2010Prop41ColorRGB
 90
        0
102
RTVSPost2010PropOp41
 70
     1
102
RTVSPost2010Prop42
 90
       50
102
RTVSPost2010PropOp42
 70
     1
102
RTVSPost2010Prop43
 90
        3
102
RTVSPost2010PropOp43
 70
     1
102
RTVSPost2010Prop44ColorIndex
 90
        5
102
RTVSPost2010Prop44ColorRGB
 90
      255
102
RTVSPost2010PropOp44
 70
     1
102
RTVSPost2010Prop45
280
     0
102
RTVSPost2010PropOp45
 70
     1
102
RTVSPost2010Prop46
 90
       50
102
RTVSPost2010PropOp46
 70
     1
102
RTVSPost2010Prop47
 90
       50
102
RTVSPost2010PropOp47
 70
     1
102
RTVSPost2010Prop48
 90
       50
102
RTVSPost2010PropOp48
 70
     1
102
RTVSPost2010Prop49
280
     0
102
RTVSPost2010PropOp49
 70
     1
102
RTVSPost2010Prop50
 90
       50
102
RTVSPost2010PropOp50
 70
     1
102
RTVSPost2010Prop51ColorIndex
 90
      256
102
RTVSPost2010Prop51ColorRGB
 90
-16777216
102
RTVSPost2010PropOp51
 70
     0
102
RTVSPost2010Prop52
140
1.0
102
RTVSPost2010PropOp52
 70
     0
102
RTVSPost2010Prop53
 90
        2
102
RTVSPost2010PropOp53
 70
     1
102
RTVSPost2010Prop54
  1
strokes_ogs.tif
102
RTVSPost2010PropOp54
 70
     1
102
RTVSPost2010Prop55
280
     0
102
RTVSPost2010PropOp55
 70
     1
102
RTVSPost2010Prop56
140
1.0
102
RTVSPost2010PropOp56
 70
     1
102
RTVSPost2010Prop57
140
1.0
102
RTVSPost2010PropOp57
 70
     1
102
RTVSPropertyOp0
 70
     1
102
RTVSPropertyOp1
 70
     1
102
RTVSPropertyOp2
 70
     1
102
RTVSPropertyOp3
 70
     1
102
RTVSPropertyOp4
 70
     1
102
RTVSPropertyOp5
 70
     1
102
RTVSPropertyOp6
 70
     1
102
RTVSPropertyOp7
 70
     1
102
RTVSPropertyOp8
 70
     1
102
RTVSPropertyOp9
 70
     1
102
RTVSPropertyOp10
 70
     1
102
RTVSPropertyOp11
 70
     1
102
RTVSPropertyOp12
 70
     1
102
RTVSPropertyOp13
 70
     1
102
RTVSPropertyOp14
 70
     1
102
RTVSPropertyOp15
 70
     1
102
RTVSPropertyOp16
 70
     1
102
RTVSPropertyOp17
 70
     1
102
RTVSPropertyOp18
 70
     1
102
RTVSPropertyOp19
 70
     1
102
RTVSPropertyOp20
 70
     1
102
RTVSPropertyOp21
 70
     1
102
RTVSPropertyOp22
 70
     1
102
RTVSPropertyOp23
 70
     1
102
RTVSPropertyOp24
 70
     1
102
RTVSPropertyOp25
 70
     1
102
RTVSPropertyOp26
 70
     1
102
RTVSPropertyOp27
 70
     1
102
RTVSPropertyOp28
 70
     1
102
RTVSPropertyOp29
 70
     1
102
RTVSPropertyOp30
 70
     1
102
RTVSPropertyOp31
 70
     1
102
RTVSPropertyOp32
 70
     1
102
RTVSPropertyOp33
 70
     1
102
RTVSPropertyOp34
 70
     1
102
RTVSPropertyOp35
 70
     1
102
RTVSPropertyOp36
 70
     1
102
RTVSPropertyOp37
 70
     1
102
RTVSPropertyOp38
 70
     1
102
RTVSPropertyOp39
 70
     1
102
RTVSPropertyOp40
 70
     1
102
RTVSPropertyOp41
 70
     1
102
RTVSPropertyOp42
 70
     1
102
RTVSPropertyOp43
 70
     1
102
RTVSPropertyOp44
 70
     1
102
RTVSPropertyOp45
 70
     1
102
RTVSPropertyOp46
 70
     1
102
RTVSPropertyOp47
 70
     1
102
RTVSPropertyOp48
 70
     1
102
RTVSPropertyOp49
 70
     1
102
RTVSPropertyOp50
 70
     1
102
RTVSPropertyOp51
 70
     0
102
RTVSPropertyOp52
 70
     0
102
RTVSPropertyOp53
 70
     1
102
RTVSPropertyOp54
 70
     1
102
RTVSPropertyOp55
 70
     1
102
RTVSPropertyOp56
 70
     1
102
RTVSPropertyOp57
 70
     1
102
RTVSPropertyOp58
 70
     1
102
RTVSPropertyOp59
 70
     1
102
RTVSPropertyOp60
 70
     1
102
RTVSPropertyOp61
 70
     1
102
RTVSPropertyOp62
 70
     1
  0
XRECORD
  5
293
102
{ACAD_REACTORS
330
292
102
}
330
292
100
AcDbXrecord
280
     1
102
RTVSPost2010Prop28
280
     0
102
RTVSPost2010PropOp28
 70
     1
102
RTVSPost2010Prop29
280
     1
102
RTVSPost2010PropOp29
 70
     1
102
RTVSPost2010Prop30
280
     1
102
RTVSPost2010PropOp30
 70
     1
102
RTVSPost2010Prop31
280
     0
102
RTVSPost2010PropOp31
 70
     1
102
RTVSPost2010Prop32
280
     0
102
RTVSPost2010PropOp32
 70
     1
102
RTVSPost2010Prop33
280
     0
102
RTVSPost2010PropOp33
 70
     1
102
RTVSPost2010Prop34
280
     0
102
RTVSPost2010PropOp34
 70
     1
102
RTVSPost2010Prop35
280
     0
102
RTVSPost2010PropOp35
 70
     1
102
RTVSPost2010Prop36
280
     0
102
RTVSPost2010PropOp36
 70
     1
102
RTVSPost2010Prop37
 90
       50
102
RTVSPost2010PropOp37
 70
     1
102
RTVSPost2010Prop38
140
0.0
102
RTVSPost2010PropOp38
 70
     1
102
RTVSPost2010Prop39
140
1.0
102
RTVSPost2010PropOp39
 70
     1
102
RTVSPost2010Prop40
 90
        0
102
RTVSPost2010PropOp40
 70
     1
102
RTVSPost2010Prop41ColorIndex
 90
       18
102
RTVSPost2010Prop41ColorRGB
 90
        0
102
RTVSPost2010PropOp41
 70
     1
102
RTVSPost2010Prop42
 90
       50
102
RTVSPost2010PropOp42
 70
     1
102
RTVSPost2010Prop43
 90
        3
102
RTVSPost2010PropOp43
 70
     1
102
RTVSPost2010Prop44ColorIndex
 90
        5
102
RTVSPost2010Prop44ColorRGB
 90
      255
102
RTVSPost2010PropOp44
 70
     1
102
RTVSPost2010Prop45
280
     0
102
RTVSPost2010PropOp45
 70
     1
102
RTVSPost2010Prop46
 90
       50
102
RTVSPost2010PropOp46
 70
     1
102
RTVSPost2010Prop47
 90
       50
102
RTVSPost2010PropOp47
 70
     1
102
RTVSPost2010Prop48
 90
       50
102
RTVSPost2010PropOp48
 70
     1
102
RTVSPost2010Prop49
280
     0
102
RTVSPost2010PropOp49
 70
     1
102
RTVSPost2010Prop50
 90
       50
102
RTVSPost2010PropOp50
 70
     1
102
RTVSPost2010Prop51ColorIndex
 90
      256
102
RTVSPost2010Prop51ColorRGB
 90
-16777216
102
RTVSPost2010PropOp51
 70
     0
102
RTVSPost2010Prop52
140
1.0
102
RTVSPost2010PropOp52
 70
     0
102
RTVSPost2010Prop53
 90
        2
102
RTVSPost2010PropOp53
 70
     1
102
RTVSPost2010Prop54
  1
strokes_ogs.tif
102
RTVSPost2010PropOp54
 70
     1
102
RTVSPost2010Prop55
280
     0
102
RTVSPost2010PropOp55
 70
     1
102
RTVSPost2010Prop56
140
1.0
102
RTVSPost2010PropOp56
 70
     1
102
RTVSPost2010Prop57
140
1.0
102
RTVSPost2010PropOp57
 70
     1
102
RTVSPropertyOp0
 70
     1
102
RTVSPropertyOp1
 70
     1
102
RTVSPropertyOp2
 70
     1
102
RTVSPropertyOp3
 70
     1
102
RTVSPropertyOp4
 70
     1
102
RTVSPropertyOp5
 70
     1
102
RTVSPropertyOp6
 70
     1
102
RTVSPropertyOp7
 70
     1
102
RTVSPropertyOp8
 70
     1
102
RTVSPropertyOp9
 70
     1
102
RTVSPropertyOp10
 70
     1
102
RTVSPropertyOp11
 70
     1
102
RTVSPropertyOp12
 70
     1
102
RTVSPropertyOp13
 70
     1
102
RTVSPropertyOp14
 70
     1
102
RTVSPropertyOp15
 70
     1
102
RTVSPropertyOp16
 70
     1
102
RTVSPropertyOp17
 70
     1
102
RTVSPropertyOp18
 70
     1
102
RTVSPropertyOp19
 70
     1
102
RTVSPropertyOp20
 70
     1
102
RTVSPropertyOp21
 70
     1
102
RTVSPropertyOp22
 70
     1
102
RTVSPropertyOp23
 70
     1
102
RTVSPropertyOp24
 70
     1
102
RTVSPropertyOp25
 70
     1
102
RTVSPropertyOp26
 70
     1
102
RTVSPropertyOp27
 70
     1
102
RTVSPropertyOp28
 70
     1
102
RTVSPropertyOp29
 70
     1
102
RTVSPropertyOp30
 70
     1
102
RTVSPropertyOp31
 70
     1
102
RTVSPropertyOp32
 70
     1
102
RTVSPropertyOp33
 70
     1
102
RTVSPropertyOp34
 70
     1
102
RTVSPropertyOp35
 70
     1
102
RTVSPropertyOp36
 70
     1
102
RTVSPropertyOp37
 70
     1
102
RTVSPropertyOp38
 70
     1
102
RTVSPropertyOp39
 70
     1
102
RTVSPropertyOp40
 70
     1
102
RTVSPropertyOp41
 70
     1
102
RTVSPropertyOp42
 70
     1
102
RTVSPropertyOp43
 70
     1
102
RTVSPropertyOp44
 70
     1
102
RTVSPropertyOp45
 70
     1
102
RTVSPropertyOp46
 70
     1
102
RTVSPropertyOp47
 70
     1
102
RTVSPropertyOp48
 70
     1
102
RTVSPropertyOp49
 70
     1
102
RTVSPropertyOp50
 70
     1
102
RTVSPropertyOp51
 70
     0
102
RTVSPropertyOp52
 70
     0
102
RTVSPropertyOp53
 70
     1
102
RTVSPropertyOp54
 70
     1
102
RTVSPropertyOp55
 70
     1
102
RTVSPropertyOp56
 70
     1
102
RTVSPropertyOp57
 70
     1
102
RTVSPropertyOp58
 70
     1
102
RTVSPropertyOp59
 70
     1
102
RTVSPropertyOp60
 70
     1
102
RTVSPropertyOp61
 70
     1
102
RTVSPropertyOp62
 70
     1
  0
XRECORD
  5
2B1
102
{ACAD_REACTORS
330
2B0
102
}
330
2B0
100
AcDbXrecord
280
     1
102
RTVSPost2010Prop28
280
     0
102
RTVSPost2010PropOp28
 70
     1
102
RTVSPost2010Prop29
280
     1
102
RTVSPost2010PropOp29
 70
     1
102
RTVSPost2010Prop30
280
     1
102
RTVSPost2010PropOp30
 70
     1
102
RTVSPost2010Prop31
280
     0
102
RTVSPost2010PropOp31
 70
     1
102
RTVSPost2010Prop32
280
     0
102
RTVSPost2010PropOp32
 70
     1
102
RTVSPost2010Prop33
280
     0
102
RTVSPost2010PropOp33
 70
     1
102
RTVSPost2010Prop34
280
     0
102
RTVSPost2010PropOp34
 70
     1
102
RTVSPost2010Prop35
280
     0
102
RTVSPost2010PropOp35
 70
     1
102
RTVSPost2010Prop36
280
     0
102
RTVSPost2010PropOp36
 70
     1
102
RTVSPost2010Prop37
 90
       50
102
RTVSPost2010PropOp37
 70
     1
102
RTVSPost2010Prop38
140
0.0
102
RTVSPost2010PropOp38
 70
     1
102
RTVSPost2010Prop39
140
1.0
102
RTVSPost2010PropOp39
 70
     1
102
RTVSPost2010Prop40
 90
        0
102
RTVSPost2010PropOp40
 70
     1
102
RTVSPost2010Prop41ColorIndex
 90
       18
102
RTVSPost2010Prop41ColorRGB
 90
        0
102
RTVSPost2010PropOp41
 70
     1
102
RTVSPost2010Prop42
 90
       50
102
RTVSPost2010PropOp42
 70
     1
102
RTVSPost2010Prop43
 90
        3
102
RTVSPost2010PropOp43
 70
     1
102
RTVSPost2010Prop44ColorIndex
 90
        5
102
RTVSPost2010Prop44ColorRGB
 90
      255
102
RTVSPost2010PropOp44
 70
     1
102
RTVSPost2010Prop45
280
     0
102
RTVSPost2010PropOp45
 70
     1
102
RTVSPost2010Prop46
 90
       50
102
RTVSPost2010PropOp46
 70
     1
102
RTVSPost2010Prop47
 90
       50
102
RTVSPost2010PropOp47
 70
     1
102
RTVSPost2010Prop48
 90
       50
102
RTVSPost2010PropOp48
 70
     1
102
RTVSPost2010Prop49
280
     0
102
RTVSPost2010PropOp49
 70
     1
102
RTVSPost2010Prop50
 90
       50
102
RTVSPost2010PropOp50
 70
     1
102
RTVSPost2010Prop51ColorIndex
 90
      256
102
RTVSPost2010Prop51ColorRGB
 90
-16777216
102
RTVSPost2010PropOp51
 70
     0
102
RTVSPost2010Prop52
140
1.0
102
RTVSPost2010PropOp52
 70
     0
102
RTVSPost2010Prop53
 90
        2
102
RTVSPost2010PropOp53
 70
     1
102
RTVSPost2010Prop54
  1
strokes_ogs.tif
102
RTVSPost2010PropOp54
 70
     1
102
RTVSPost2010Prop55
280
     0
102
RTVSPost2010PropOp55
 70
     1
102
RTVSPost2010Prop56
140
1.0
102
RTVSPost2010PropOp56
 70
     1
102
RTVSPost2010Prop57
140
1.0
102
RTVSPost2010PropOp57
 70
     1
102
RTVSPropertyOp0
 70
     1
102
RTVSPropertyOp1
 70
     1
102
RTVSPropertyOp2
 70
     1
102
RTVSPropertyOp3
 70
     1
102
RTVSPropertyOp4
 70
     1
102
RTVSPropertyOp5
 70
     1
102
RTVSPropertyOp6
 70
     1
102
RTVSPropertyOp7
 70
     1
102
RTVSPropertyOp8
 70
     1
102
RTVSPropertyOp9
 70
     1
102
RTVSPropertyOp10
 70
     1
102
RTVSPropertyOp11
 70
     1
102
RTVSPropertyOp12
 70
     1
102
RTVSPropertyOp13
 70
     1
102
RTVSPropertyOp14
 70
     1
102
RTVSPropertyOp15
 70
     1
102
RTVSPropertyOp16
 70
     1
102
RTVSPropertyOp17
 70
     1
102
RTVSPropertyOp18
 70
     1
102
RTVSPropertyOp19
 70
     1
102
RTVSPropertyOp20
 70
     1
102
RTVSPropertyOp21
 70
     1
102
RTVSPropertyOp22
 70
     1
102
RTVSPropertyOp23
 70
     1
102
RTVSPropertyOp24
 70
     1
102
RTVSPropertyOp25
 70
     1
102
RTVSPropertyOp26
 70
     1
102
RTVSPropertyOp27
 70
     1
102
RTVSPropertyOp28
 70
     1
102
RTVSPropertyOp29
 70
     1
102
RTVSPropertyOp30
 70
     1
102
RTVSPropertyOp31
 70
     1
102
RTVSPropertyOp32
 70
     1
102
RTVSPropertyOp33
 70
     1
102
RTVSPropertyOp34
 70
     1
102
RTVSPropertyOp35
 70
     1
102
RTVSPropertyOp36
 70
     1
102
RTVSPropertyOp37
 70
     1
102
RTVSPropertyOp38
 70
     1
102
RTVSPropertyOp39
 70
     1
102
RTVSPropertyOp40
 70
     1
102
RTVSPropertyOp41
 70
     1
102
RTVSPropertyOp42
 70
     1
102
RTVSPropertyOp43
 70
     1
102
RTVSPropertyOp44
 70
     1
102
RTVSPropertyOp45
 70
     1
102
RTVSPropertyOp46
 70
     1
102
RTVSPropertyOp47
 70
     1
102
RTVSPropertyOp48
 70
     1
102
RTVSPropertyOp49
 70
     1
102
RTVSPropertyOp50
 70
     1
102
RTVSPropertyOp51
 70
     0
102
RTVSPropertyOp52
 70
     0
102
RTVSPropertyOp53
 70
     1
102
RTVSPropertyOp54
 70
     1
102
RTVSPropertyOp55
 70
     1
102
RTVSPropertyOp56
 70
     1
102
RTVSPropertyOp57
 70
     1
102
RTVSPropertyOp58
 70
     1
102
RTVSPropertyOp59
 70
     1
102
RTVSPropertyOp60
 70
     1
102
RTVSPropertyOp61
 70
     1
102
RTVSPropertyOp62
 70
     1
  0
ENDSEC
  0
EOF